"","cohort","Ri","Rc","varRc","RcSS","cumden"
"1",0,1.4999999985,1.49999461509137,2.24973008678495,4.49971393208804,1.00000009108955
"2",0.00763118,1.4999999984828,1.49999462623335,2.24973072303373,4.49971460176266,1.00000009091358
"3",0.01526236,1.49999999846553,1.49999464405122,2.24973170343663,4.49971563561898,1.00000009062152
"4",0.02289354,1.49999999844819,1.49999466851556,2.24973302624966,4.49971703182476,1.00000009021384
"5",0.03052472,1.49999999843079,1.49999469958495,2.24973468910797,4.49971878789091,1.00000008969118
"6",0.0381559,1.49999999841333,1.49999473720864,2.24973668916902,4.49972090082262,1.00000008905434
"7",0.04578708,1.49999999839579,1.49999478132528,2.24973902304616,4.49972336704922,1.00000008830434
"8",0.05341826,1.49999999837819,1.4999948318651,2.24974168692182,4.49972618254382,1.00000008744232
"9",0.06104944,1.49999999836052,1.49999488874754,2.24974467642534,4.49972934269409,1.00000008646961
"10",0.06868062,1.49999999834278,1.49999495188354,2.24974798675111,4.49973284242721,1.00000008538769
"11",0.0763118,1.49999999832498,1.49999502117461,2.24975161261444,4.49973667616305,1.00000008419822
"12",0.08394298,1.49999999830711,1.49999509651399,2.24975554830597,4.49974083787199,1.00000008290298
"13",0.09157416,1.49999999828917,1.4999951777874,2.24975978773711,4.49974532112257,1.00000008150391
"14",0.09920534,1.49999999827116,1.49999526487279,2.24976432442396,4.49975011906475,1.00000008000306
"15",0.10683652,1.49999999825308,1.49999535763958,2.24976915144561,4.49975522438588,1.00000007840266
"16",0.1144677,1.49999999823493,1.49999545595173,2.24977426161346,4.4997606294893,1.00000007670501
"17",0.12209888,1.49999999821672,1.49999555966664,2.24977964740219,4.49976632642184,1.00000007491253
"18",0.12973006,1.49999999819843,1.49999566863531,2.24978530096338,4.49977230688807,1.00000007302777
"19",0.13736124,1.49999999818008,1.4999957827038,2.24979121420544,4.49977856233464,1.00000007105336
"20",0.14499242,1.49999999816165,1.49999590171338,2.24979737879551,4.49978508395244,1.00000006899201
"21",0.1526236,1.49999999814315,1.49999602550093,2.24980378618244,4.49979186270103,1.00000006684651
"22",0.16025478,1.49999999812459,1.49999615389973,2.24981042763851,4.49979888935248,1.00000006461972
"23",0.16788596,1.49999999810595,1.49999628673841,2.24981729420156,4.49980615443058,1.00000006231457
"24",0.17551714,1.49999999808724,1.49999642384458,2.24982437687034,4.49981364841687,1.00000005993404
"25",0.18314832,1.49999999806846,1.49999656504247,2.24983166647335,4.49982136161256,1.00000005748115
"26",0.1907795,1.49999999804961,1.49999671015437,2.2498391537485,4.49982928422244,1.00000005495894
"27",0.19841068,1.49999999803068,1.49999685900183,2.2498468294047,4.49983740642004,1.0000000523705
"28",0.20604186,1.49999999801168,1.49999701140547,2.24985468411343,4.49984571833878,1.00000004971892
"29",0.21367304,1.49999999799261,1.4999971671842,2.24986270846039,4.49985421002102,1.00000004700733
"30",0.22130422,1.49999999797347,1.4999973261586,2.24987089313121,4.49986287161415,1.00000004423882
"31",0.2289354,1.49999999795426,1.49999748814895,2.2498792288028,4.49987169325595,1.00000004141649
"32",0.23656658,1.49999999793497,1.4999976529761,2.24988770618838,4.49988066512219,1.00000003854346
"33",0.24419776,1.4999999979156,1.49999782046211,2.2498963160707,4.49988977746177,1.00000003562279
"34",0.25182894,1.49999999789617,1.49999799043077,2.24990504933184,4.49989902062819,1.00000003265754
"35",0.25946012,1.49999999787666,1.49999816270849,2.24991389699463,4.49990838512348,1.00000002965072
"36",0.2670913,1.49999999785707,1.49999833712253,2.24992285013252,4.49991786150286,1.00000002660533
"37",0.27472248,1.49999999783741,1.49999851350326,2.24993189998813,4.49992744050012,1.0000000235243
"38",0.28235366,1.49999999781767,1.4999986916842,2.24994103797188,4.49993711302618,1.00000002041054
"39",0.28998484,1.49999999779786,1.49999887150135,2.24995025562741,4.49994687013272,1.00000001726689
"40",0.29761602,1.49999999777797,1.49999905279438,2.24995954469694,4.49995670308097,1.00000001409614
"41",0.3052472,1.49999999775801,1.4999992354059,2.24996889707725,4.49996660329553,1.00000001090102
"42",0.31287838,1.49999999773797,1.49999941918298,2.2499783049025,4.49997656245176,1.00000000768422
"43",0.32050956,1.49999999771786,1.49999960397566,2.24998776046405,4.49998657239119,1.00000000444832
"44",0.32814074,1.49999999769766,1.49999978963881,2.24999725630849,4.49999662522496,1.00000000119588
"45",0.33577192,1.49999999767739,1.49999997603049,2.25000678515094,4.5000067132424,0.999999997929362
"46",0.3434031,1.49999999765704,1.50000016301398,2.2500163399816,4.50001682902358,0.999999994651157
"47",0.35103428,1.49999999763662,1.5000003504562,2.25002591398029,4.50002696534902,0.99999999136359
"48",0.35866546,1.49999999761612,1.50000053822857,2.25003550056331,4.50003711524931,0.99999998806891
"49",0.36629664,1.49999999759553,1.50000072620708,2.25004509338957,4.50004727201135,0.999999984769289
"50",0.37392782,1.49999999757487,1.50000091427152,2.25005468631204,4.50005742912745,0.999999981466831
"51",0.381559,1.49999999755413,1.50000110230753,2.25006427349295,4.50006758041676,0.999999978163541
"52",0.38919018,1.49999999753331,1.50000129020371,2.25007384924584,4.50007771985863,0.999999974861373
"53",0.39682136,1.49999999751242,1.50000147785427,2.25008340818152,4.50008784174652,0.999999971562186
"54",0.40445254,1.49999999749144,1.50000166515707,2.25009294509597,4.50009794056996,0.999999968267773
"55",0.41208372,1.49999999747038,1.50000185201542,2.25010245507186,4.50010801112155,0.999999964979835
"56",0.4197149,1.49999999744924,1.50000203833559,2.25011193334484,4.50011804835575,0.999999961700022
"57",0.42734608,1.49999999742802,1.50000222402984,2.25012137546193,4.50012804755639,0.999999958429881
"58",0.43497726,1.49999999740672,1.50000240901365,2.25013077713618,4.50013800418293,0.999999955170902
"59",0.44260844,1.49999999738534,1.50000259320664,2.25014013429719,4.50014791392383,0.999999951924504
"60",0.45023962,1.49999999736387,1.50000277653329,2.25014944312489,4.50015777273246,0.999999948692022
"61",0.4578708,1.49999999734233,1.50000295892174,2.25015869998965,4.50016757676362,0.999999945474727
"62",0.46550198,1.4999999973207,1.50000314030416,2.25016790147146,4.50017732239381,0.999999942273822
"63",0.47313316,1.49999999729899,1.50000332061641,2.25017704433688,4.50018700619714,0.999999939090445
"64",0.48076434,1.49999999727719,1.50000349979894,2.25018612559434,4.5001966250034,0.999999935925653
"65",0.48839552,1.49999999725531,1.50000367779472,2.2501951423787,4.50020617577638,0.999999932780462
"66",0.4960267,1.49999999723335,1.50000385455101,2.25020409204951,4.50021565571741,0.999999929655811
"67",0.50365788,1.49999999721131,1.50000403001874,2.25021297215359,4.50022506222605,0.999999926552575
"68",0.51128906,1.49999999718918,1.50000420415191,2.25022178039508,4.50023439286849,0.999999923471579
"69",0.51892024,1.49999999716696,1.50000437690745,2.25023051463049,4.50024364537199,0.999999920413593
"70",0.52655142,1.49999999714467,1.50000454824632,2.25023917292402,4.50025281768368,0.99999991737932
"71",0.5341826,1.49999999712228,1.50000471813183,2.25024775345847,4.50026190787621,0.999999914369419
"72",0.54181378,1.49999999709981,1.50000488653055,2.25025625458594,4.50027091420148,0.999999911384495
"73",0.54944496,1.49999999707726,1.50000505341241,2.25026467483193,4.50027983509471,0.999999908425092
"74",0.55707614,1.49999999705461,1.50000521874854,2.25027301277859,4.50028866905145,0.999999905491736
"75",0.56470732,1.49999999703189,1.50000538251409,2.25028126721905,4.50029741479028,0.999999902584879
"76",0.5723385,1.49999999700907,1.50000554468636,2.25028943705698,4.50030607114679,0.999999899704939
"77",0.57996968,1.49999999698617,1.50000570524494,2.25029752131058,4.50031463707796,0.99999989685229
"78",0.58760086,1.49999999696318,1.50000586417215,2.2503055191357,4.50032311168655,0.999999894027262
"79",0.59523204,1.4999999969401,1.50000602145172,2.25031342976551,4.50033149415692,0.999999891230159
"80",0.60286322,1.49999999691693,1.5000061770699,2.25032125255783,4.5003397838057,0.99999988846124
"81",0.6104944,1.49999999689368,1.5000063310152,2.25032898698807,4.50034798007375,0.999999885720726
"82",0.61812558,1.49999999687033,1.50000648327814,2.25033663263358,4.50035608251004,0.999999883008799
"83",0.62575676,1.4999999968469,1.5000066338504,2.25034418912896,4.50036409072417,0.999999880325626
"84",0.63338794,1.49999999682338,1.50000678272597,2.25035165622871,4.50037200445263,0.999999877671329
"85",0.64101912,1.49999999679977,1.50000692990004,2.25035903374753,4.50037982349568,0.999999875046011
"86",0.6486503,1.49999999677606,1.50000707536977,2.25036632159827,4.50038754775765,0.99999987244974
"87",0.65628148,1.49999999675227,1.50000721913366,2.25037351976476,4.50039517721786,0.999999869882559
"88",0.66391266,1.49999999672839,1.5000073611916,2.25038062830038,4.50040271192938,0.999999867344489
"89",0.67154384,1.49999999670441,1.50000750154506,2.25038764733752,4.50041015202897,0.999999864835522
"90",0.67917502,1.49999999668034,1.50000764019572,2.25039457701913,4.50041749766466,0.999999862355644
"91",0.6868062,1.49999999665618,1.50000777714798,2.25040141762656,4.50042474913098,0.999999859904796
"92",0.69443738,1.49999999663193,1.50000791240636,2.25040816944658,4.50043190672825,0.999999857482917
"93",0.70206856,1.49999999660759,1.50000804597627,2.25041483281129,4.50043897080484,0.999999855089926
"94",0.70969974,1.49999999658315,1.50000817786522,2.25042140815829,4.50044594182084,0.99999985272571
"95",0.71733092,1.49999999655862,1.50000830807974,2.25042789587376,4.50045282018199,0.99999985039017
"96",0.7249621,1.499999996534,1.50000843662946,2.25043429650308,4.50045960646264,0.999999848083153
"97",0.73259328,1.49999999650928,1.50000856352294,2.25044061053584,4.50046630117798,0.999999845804525
"98",0.74022446,1.49999999648446,1.50000868877084,2.25044683856684,4.50047290495485,0.999999843554115
"99",0.74785564,1.49999999645956,1.50000881238315,2.25045298115685,4.50047941838396,0.999999841331761
"100",0.75548682,1.49999999643455,1.50000893437172,2.25045903895975,4.50048584215474,0.999999839137273
"101",0.763118,1.49999999640945,1.50000905474773,2.25046501259609,4.50049217692127,0.999999836970468
"102",0.77074918,1.49999999638426,1.5000091735252,2.25047090282917,4.50049842348892,0.999999834831115
"103",0.77838036,1.49999999635897,1.50000929071577,2.25047671029923,4.50050458253286,0.999999832719024
"104",0.78601154,1.49999999633358,1.50000940633316,2.25048243575473,4.5005106548427,0.999999830633968
"105",0.79364272,1.49999999630809,1.50000952039153,2.25048807996213,4.50051664122734,0.999999828575714
"106",0.8012739,1.49999999628251,1.50000963290494,2.25049364368437,4.50052254249198,0.999999826544027
"107",0.80890508,1.49999999625683,1.50000974388782,2.25049912770199,4.5005283594604,0.999999824538667
"108",0.81653626,1.49999999623105,1.5000098533554,2.25050453283334,4.50053409299663,0.999999822559382
"109",0.82416744,1.49999999620518,1.50000996132254,2.2505098598814,4.50053974394823,0.999999820605922
"110",0.83179862,1.4999999961792,1.50001006780505,2.25051510969268,4.5005453132092,0.999999818678023
"111",0.8394298,1.49999999615313,1.50001017281798,2.25052028307609,4.50055080163353,0.999999816775433
"112",0.84706098,1.49999999612695,1.50001027637805,2.25052538092322,4.50055621016298,0.99999981489787
"113",0.85469216,1.49999999610068,1.50001037850009,2.25053040403116,4.50056153963913,0.999999813045087
"114",0.86232334,1.4999999960743,1.50001047920121,2.25053535331042,4.50056679102386,0.999999811216795
"115",0.86995452,1.49999999604782,1.50001057849724,2.25054022960533,4.50057196520895,0.999999809412726
"116",0.8775857,1.49999999602125,1.50001067640479,2.25054503380046,4.5005770631288,0.999999807632601
"117",0.88521688,1.49999999599457,1.50001077293985,2.25054976674563,4.50058208568122,0.99999980587615
"118",0.89284806,1.49999999596779,1.50001086811926,2.25055442933729,4.50058703381318,0.999999804143088
"119",0.90047924,1.4999999959409,1.50001096195954,2.25055902245043,4.50059190844922,0.999999802433135
"120",0.90811042,1.49999999591392,1.50001105447703,2.25056354695339,4.50059671050669,0.999999800746015
"121",0.9157416,1.49999999588683,1.50001114568831,2.25056800372258,4.50060144091174,0.999999799081446
"122",0.92337278,1.49999999585964,1.50001123561012,2.25057239364647,4.50060610060308,0.999999797439145
"123",0.93100396,1.49999999583234,1.50001132425888,2.2505767175899,4.50061069049478,0.999999795818833
"124",0.93863514,1.49999999580494,1.50001141165095,2.25058097642197,4.50061521150505,0.999999794220232
"125",0.94626632,1.49999999577743,1.50001149780303,2.25058517102275,4.50061966456403,0.999999792643058
"126",0.9538975,1.49999999574982,1.50001158273097,2.25058930222876,4.50062405055583,0.999999791087041
"127",0.96152868,1.4999999957221,1.50001166645183,2.25059337094033,4.50062837043191,0.999999789551891
"128",0.96915986,1.49999999569428,1.50001174898109,2.25059737797308,4.50063262505439,0.999999788037344
"129",0.97679104,1.49999999566635,1.50001183033516,2.250601324192,4.50063681533742,0.999999786543121
"130",0.98442222,1.49999999563832,1.50001191053011,2.25060521044322,4.50064094217541,0.999999785068948
"131",0.9920534,1.49999999561017,1.50001198958213,2.25060903757858,4.50064500646873,0.999999783614548
"132",0.99968458,1.49999999558192,1.50001206750669,2.25061280641128,4.50064900907697,0.999999782179657
"133",1.00731576,1.49999999555357,1.50001214431953,2.25061651776945,4.50065295087552,0.999999780764007
"134",1.01494694,1.4999999955251,1.50001222003578,2.25062017244748,4.50065683270415,0.999999779367339
"135",1.02257812,1.49999999549652,1.50001229467172,2.25062377130117,4.50066065546749,0.999999777989375
"136",1.0302093,1.49999999546784,1.50001236824233,2.2506273151167,4.50066441999668,0.999999776629858
"137",1.03784048,1.49999999543904,1.50001244076262,2.25063080468073,4.50066812712336,0.999999775288533
"138",1.04547166,1.49999999541014,1.50001251224755,2.25063424077937,4.50067177767858,0.999999773965142
"139",1.05310284,1.49999999538112,1.50001258271184,2.25063762418279,4.50067537247664,0.999999772659434
"140",1.06073402,1.499999995352,1.50001265217102,2.25064095570609,4.50067891237922,0.999999771371143
"141",1.0683652,1.49999999532276,1.50001272063874,2.25064423606303,4.50068239814107,0.999999770100035
"142",1.07599638,1.49999999529341,1.50001278812981,2.25064746603067,4.50068583058363,0.999999768845856
"143",1.08362756,1.49999999526395,1.50001285465822,2.25065064634044,4.50068921048034,0.999999767608367
"144",1.09125874,1.49999999523438,1.5000129202382,2.25065377773802,4.50069253861955,0.999999766387323
"145",1.09888992,1.49999999520469,1.50001298488349,2.25065686094019,4.50069581575926,0.999999765182489
"146",1.1065211,1.49999999517489,1.50001304860808,2.25065989667986,4.50069904267437,0.999999763993624
"147",1.11415228,1.49999999514497,1.50001311142544,2.25066288566161,4.50070222010984,0.999999762820497
"148",1.12178346,1.49999999511495,1.50001317334894,2.25066582858261,4.50070534880297,0.999999761662879
"149",1.12941464,1.4999999950848,1.50001323439184,2.25066872613599,4.50070842948665,0.999999760520542
"150",1.13704582,1.49999999505454,1.50001329456693,2.25067157899044,4.50071146286796,0.999999759393266
"151",1.144677,1.49999999502417,1.50001335388745,2.25067438783739,4.50071444967808,0.999999758280824
"152",1.15230818,1.49999999499368,1.50001341236621,2.25067715334393,4.50071739062245,0.999999757182995
"153",1.15993936,1.49999999496307,1.50001347001546,2.2506798761504,4.50072028637822,0.999999756099569
"154",1.16757054,1.49999999493235,1.50001352684776,2.25068255691134,4.50072313763759,0.99999975503033
"155",1.17520172,1.4999999949015,1.50001358287501,2.2506851962479,4.50072594505743,0.999999753975072
"156",1.1828329,1.49999999487055,1.50001363810983,2.25068779481787,4.50072870933335,0.99999975293358
"157",1.19046408,1.49999999483947,1.50001369256388,2.25069035322917,4.50073143110831,0.999999751905651
"158",1.19809526,1.49999999480827,1.50001374624838,2.25069287206559,4.50073411099968,0.999999750891093
"159",1.20572644,1.49999999477695,1.50001379917536,2.25069535195537,4.50073674967186,0.9999997498897
"160",1.21335762,1.49999999474552,1.50001385135614,2.25069779348705,4.50073934774734,0.999999748901274
"161",1.2209888,1.49999999471396,1.50001390280162,2.25070019722708,4.50074190582523,0.999999747925631
"162",1.22861998,1.49999999468229,1.50001395352351,2.25070256378688,4.50074442455211,0.999999746962566
"163",1.23625116,1.49999999465049,1.50001400353209,2.25070489370078,4.50074690449314,0.999999746011903
"164",1.24388234,1.49999999461857,1.50001405283837,2.25070718754189,4.50074934625449,0.999999745073452
"165",1.25151352,1.49999999458653,1.50001410145298,2.25070944586318,4.50075175042098,0.99999974414703
"166",1.2591447,1.49999999455436,1.50001414938593,2.2507116691841,4.50075411754208,0.999999743232465
"167",1.26677588,1.49999999452208,1.50001419664764,2.2507138580483,4.50075644819276,0.999999742329576
"168",1.27440706,1.49999999448967,1.50001424324872,2.25071601300607,4.50075874295511,0.99999974143818
"169",1.28203824,1.49999999445713,1.50001428919863,2.25071813454949,4.50076100234956,0.999999740558114
"170",1.28966942,1.49999999442448,1.50001433450694,2.25072022317648,4.50076322690279,0.999999739689214
"171",1.2973006,1.49999999439169,1.50001437918397,2.25072227942266,4.50076541718135,0.9999997388313
"172",1.30493178,1.49999999435878,1.50001442323851,2.25072430374373,4.50076757366728,0.999999737984221
"173",1.31256296,1.49999999432575,1.50001446668011,2.2507262966371,4.50076969688671,0.999999737147813
"174",1.32019414,1.49999999429259,1.50001450951851,2.25072825860771,4.50077178737376,0.999999736321905
"175",1.32782532,1.4999999942593,1.50001455176201,2.25073019008628,4.50077384558407,0.999999735506357
"176",1.3354565,1.49999999422589,1.5000145934199,2.25073209155594,4.5007758720286,0.999999734701007
"177",1.34308768,1.49999999419234,1.5000146345008,2.25073396346348,4.50077786718003,0.999999733905705
"178",1.35071886,1.49999999415867,1.50001467501334,2.25073580625738,4.50077983151277,0.999999733120303
"179",1.35835004,1.49999999412487,1.50001471496645,2.25073762039856,4.50078176551444,0.999999732344647
"180",1.36598122,1.49999999409095,1.50001475436817,2.25073940630628,4.50078366962847,0.999999731578596
"181",1.3736124,1.49999999405689,1.50001479322653,2.25074116439601,4.50078554429443,0.999999730822014
"182",1.38124358,1.4999999940227,1.50001483154979,2.25074289509657,4.50078738996591,0.999999730074756
"183",1.38887476,1.49999999398838,1.50001486934622,2.25074459883644,4.50078920709619,0.999999729336679
"184",1.39650594,1.49999999395393,1.50001490662318,2.25074627599662,4.50079099608835,0.999999728607657
"185",1.40413712,1.49999999391935,1.5000149433885,2.25074792698351,4.50079275737232,0.999999727887554
"186",1.4117683,1.49999999388463,1.5000149796502,2.25074955221298,4.50079449138797,0.999999727176229
"187",1.41939948,1.49999999384979,1.50001501541509,2.25075115203623,4.50079619850696,0.999999726473568
"188",1.42703066,1.49999999381481,1.50001505069112,2.25075272686605,4.50079787916594,0.999999725779431
"189",1.43466184,1.49999999377969,1.50001508548528,2.25075427706579,4.50079953374919,0.999999725093696
"190",1.44229302,1.49999999374444,1.50001511980479,2.25075580300673,4.5008011626497,0.99999972441624
"191",1.4499242,1.49999999370906,1.50001515365636,2.2507573050376,4.5008027662363,0.999999723746946
"192",1.45755538,1.49999999367354,1.50001518704688,2.25075878351514,4.50080434488644,0.999999723085695
"193",1.46518656,1.49999999363789,1.50001521998373,2.2507602388206,4.50080589900344,0.999999722432359
"194",1.47281774,1.4999999936021,1.5000152524728,2.25076167125983,4.50080742891087,0.999999721786835
"195",1.48044892,1.49999999356617,1.50001528452112,2.25076308119562,4.50080893499259,0.999999721149002
"196",1.4880801,1.49999999353011,1.50001531613514,2.25076446896206,4.50081041760205,0.999999720518749
"197",1.49571128,1.49999999349391,1.50001534732092,2.25076583487248,4.50081187707078,0.999999719895969
"198",1.50334246,1.49999999345757,1.50001537808497,2.25076717926409,4.50081331375548,0.999999719280551
"199",1.51097364,1.49999999342109,1.50001540843323,2.25076850244308,4.50081472798019,0.999999718672391
"200",1.51860482,1.49999999338447,1.50001543837189,2.25076980472995,4.50081612008396,0.999999718071382
"201",1.526236,1.49999999334771,1.50001546790691,2.25077108643288,4.50081749039288,0.99999971747742
"202",1.53386718,1.49999999331081,1.50001549704441,2.25077234786763,4.50081883924101,0.999999716890399
"203",1.54149836,1.49999999327377,1.50001552578935,2.25077358929301,4.50082016690212,0.999999716310234
"204",1.54912954,1.49999999323659,1.50001555414803,2.25077481103038,4.5008214737164,0.999999715736815
"205",1.55676072,1.49999999319926,1.50001558212619,2.25077601337949,4.50082276000086,0.999999715170041
"206",1.5643919,1.49999999316179,1.50001560972873,2.25077719659262,4.50082402602248,0.999999714609829
"207",1.57202308,1.49999999312418,1.50001563696119,2.25077836095582,4.50082527208391,0.999999714056083
"208",1.57965426,1.49999999308643,1.50001566382902,2.25077950675073,4.50082649848316,0.999999713508706
"209",1.58728544,1.49999999304853,1.50001569033735,2.25078063424146,4.5008277054997,0.999999712967612
"210",1.59491662,1.49999999301049,1.50001571649143,2.25078174369989,4.50082889342118,0.999999712432707
"211",1.6025478,1.4999999929723,1.50001574229634,2.25078283538866,4.50083006252551,0.999999711903905
"212",1.61017898,1.49999999293396,1.50001576775722,2.25078390957131,4.50083121309159,0.999999711381115
"213",1.61781016,1.49999999289548,1.50001579287817,2.25078496646199,4.50083234534591,0.999999710864267
"214",1.62544134,1.49999999285686,1.50001581766463,2.25078600634026,4.50083345958435,0.999999710353265
"215",1.63307252,1.49999999281808,1.50001584212117,2.25078702944139,4.50083455605586,0.999999709848032
"216",1.6407037,1.49999999277915,1.50001586625263,2.25078803601502,4.50083563502464,0.999999709348482
"217",1.64833488,1.49999999274008,1.50001589006351,2.25078902629416,4.50083669673718,0.999999708854537
"218",1.65596606,1.49999999270086,1.50001591355803,2.25079000049596,4.50083774142329,0.999999708366124
"219",1.66359724,1.49999999266149,1.50001593674104,2.25079095887102,4.50083876934812,0.999999707883159
"220",1.67122842,1.49999999262196,1.5000159596167,2.25079190163346,4.50083978073827,0.999999707405568
"221",1.6788596,1.49999999258229,1.5000159821892,2.25079282899942,4.50084077582244,0.999999706933281
"222",1.68649078,1.49999999254246,1.50001600446292,2.2507937411949,4.50084175483979,0.99999970646622
"223",1.69412196,1.49999999250249,1.50001602644188,2.25079463842688,4.50084271800936,0.999999706004315
"224",1.70175314,1.49999999246236,1.50001604813049,2.25079552092248,4.50084366557148,0.99999970554749
"225",1.70938432,1.49999999242207,1.50001606953241,2.2507963888713,4.50084459772675,0.99999970509568
"226",1.7170155,1.49999999238163,1.50001609065151,2.25079724247231,4.50084551468576,0.99999970464882
"227",1.72464668,1.49999999234104,1.50001611149216,2.25079808194957,4.50084641668563,0.999999704206832
"228",1.73227786,1.49999999230029,1.50001613205787,2.25079890748527,4.50084730391913,0.999999703769656
"229",1.73990904,1.49999999225939,1.50001615235245,2.25079971927495,4.50084817659319,0.999999703337225
"230",1.74754022,1.49999999221833,1.50001617237985,2.25080051752266,4.50084903492375,0.99999970290947
"231",1.7551714,1.49999999217711,1.50001619214319,2.25080130238938,4.50084987908114,0.999999702486337
"232",1.76280258,1.49999999213574,1.50001621164623,2.25080207406785,4.50085070926934,0.999999702067762
"233",1.77043376,1.4999999920942,1.50001623089312,2.25080283277159,4.5008515257144,0.99999970165367
"234",1.77806494,1.49999999205251,1.50001624988652,2.25080357863814,4.50085232856175,0.999999701244018
"235",1.78569612,1.49999999201066,1.50001626863048,2.25080431187631,4.50085311803241,0.999999700838732
"236",1.7933273,1.49999999196865,1.50001628712798,2.25080503263905,4.50085389428825,0.999999700437763
"237",1.80095848,1.49999999192648,1.50001630538267,2.25080574111428,4.50085465752817,0.999999700041045
"238",1.80858966,1.49999999188415,1.50001632339762,2.25080643745984,4.50085540791916,0.999999699648526
"239",1.81622084,1.49999999184165,1.50001634117577,2.25080712182798,4.50085614562233,0.999999699260155
"240",1.82385202,1.499999991799,1.50001635872081,2.2508077944065,4.50085687083653,0.999999698875866
"241",1.8314832,1.49999999175618,1.5000163760352,2.25080845532498,4.50085758369876,0.999999698495619
"242",1.83911438,1.49999999171319,1.50001639312287,2.25080910478286,4.5008582844202,0.999999698119342
"243",1.84674556,1.49999999167004,1.50001640998619,2.25080974290281,4.50085897313068,0.999999697746997
"244",1.85437674,1.49999999162673,1.50001642662832,2.25081036984848,4.50085965000328,0.999999697378527
"245",1.86200792,1.49999999158325,1.50001644305219,2.25081098576906,4.500860315196,0.999999697013881
"246",1.8696391,1.49999999153961,1.5000164592608,2.25081159082,4.50086096887329,0.999999696653007
"247",1.87727028,1.4999999914958,1.50001647525683,2.25081218513837,4.50086161118029,0.999999696295858
"248",1.88490146,1.49999999145182,1.50001649104298,2.25081276886345,4.50086224226435,0.999999695942388
"249",1.89253264,1.49999999140767,1.50001650662232,2.25081334215268,4.50086286229212,0.999999695592543
"250",1.90016382,1.49999999136335,1.50001652199717,2.25081390512609,4.50086347139057,0.999999695246281
"251",1.907795,1.49999999131887,1.50001653717073,2.25081445794647,4.50086406973213,0.999999694903548
"252",1.91542618,1.49999999127421,1.5000165521452,2.25081500072914,4.50086465743873,0.999999694564305
"253",1.92305736,1.49999999122939,1.50001656692273,2.25081553358371,4.50086523462637,0.999999694228515
"254",1.93068854,1.49999999118439,1.50001658150689,2.2508160566922,4.50086580148781,0.999999693896114
"255",1.93831972,1.49999999113922,1.50001659589947,2.25081657014811,4.50086635812195,0.999999693567073
"256",1.9459509,1.49999999109388,1.50001661010327,2.25081707409467,4.50086690468037,0.999999693241342
"257",1.95358208,1.49999999104836,1.50001662412072,2.25081756865779,4.5008674412963,0.999999692918878
"258",1.96121326,1.49999999100267,1.5000166379534,2.2508180539177,4.50086796805472,0.999999692599656
"259",1.96884444,1.49999999095681,1.50001665160523,2.25081853007545,4.50086848516843,0.999999692283603
"260",1.97647562,1.49999999091077,1.5000166650772,2.25081899718253,4.50086899269185,0.999999691970706
"261",1.9841068,1.49999999086455,1.50001667837205,2.25081945537947,4.5008694907738,0.999999691660916
"262",1.99173798,1.49999999081816,1.50001669149207,2.25081990478369,4.50086997953851,0.999999691354191
"263",1.99936916,1.49999999077159,1.50001670443956,2.25082034551349,4.5008704591112,0.999999691050493
"264",2.00700034,1.49999999072484,1.50001671721653,2.25082077767136,4.50087092960041,0.999999690749787
"265",2.01463152,1.49999999067792,1.50001672982484,2.25082120135429,4.5008713911087,0.99999969045204
"266",2.0222627,1.49999999063081,1.50001674226736,2.25082161670812,4.50087184379049,0.999999690157201
"267",2.02989388,1.49999999058352,1.50001675454568,2.25082202381536,4.5008722877331,0.999999689865242
"268",2.03752506,1.49999999053606,1.50001676666179,2.25082242277754,4.50087272304402,0.999999689576131
"269",2.04515624,1.49999999048841,1.50001677861797,2.25082281371248,4.5008731498479,0.999999689289825
"270",2.05278742,1.49999999044058,1.50001679041582,2.25082319670226,4.50087356823163,0.999999689006298
"271",2.0604186,1.49999999039256,1.50001680205768,2.25082357186575,4.50087397832109,0.999999688725508
"272",2.06804978,1.49999999034437,1.5000168135458,2.25082393931825,4.50087438023834,0.999999688447416
"273",2.07568096,1.49999999029599,1.50001682488152,2.25082429913026,4.50087477405788,0.999999688171998
"274",2.08331214,1.49999999024742,1.50001683606681,2.25082465140152,4.50087515988541,0.999999687899221
"275",2.09094332,1.49999999019867,1.50001684710349,2.25082499622584,4.50087553782012,0.999999687629053
"276",2.0985745,1.49999999014973,1.50001685799357,2.25082533370627,4.50087590797116,0.999999687361458
"277",2.10620568,1.49999999010061,1.50001686873847,2.25082566391651,4.50087627041649,0.999999687096411
"278",2.11383686,1.49999999005129,1.5000168793405,2.2508259869732,4.50087662527961,0.999999686833872
"279",2.12146804,1.49999999000179,1.50001688980135,2.25082630296371,4.50087697265303,0.999999686573811
"280",2.12909922,1.4999999899521,1.50001690012241,2.25082661195984,4.50087731261269,0.999999686316205
"281",2.1367304,1.49999998990222,1.50001691030505,2.25082691403214,4.50087764523325,0.999999686061029
"282",2.14436158,1.49999998985215,1.500016920352,2.2508272093187,4.500877970661,0.999999685808235
"283",2.15199276,1.49999998980189,1.50001693026382,2.25082749785064,4.50087828892874,0.999999685557814
"284",2.15962394,1.49999998975143,1.50001694004292,2.25082777974947,4.5008786001652,0.999999685309723
"285",2.16725512,1.49999998970078,1.50001694969058,2.25082805508125,4.50087890444028,0.999999685063941
"286",2.1748863,1.49999998964994,1.50001695920794,2.25082832390626,4.5008792018177,0.999999684820446
"287",2.18251748,1.49999998959891,1.50001696859753,2.25082858635174,4.50087949243225,0.999999684579195
"288",2.19014866,1.49999998954768,1.50001697786051,2.25082884247745,4.50087977634724,0.999999684340168
"289",2.19777984,1.49999998949625,1.50001698699788,2.25082909233546,4.50088005361766,0.999999684103346
"290",2.20541102,1.49999998944463,1.5000169960113,2.25082933601143,4.50088032433418,0.999999683868702
"291",2.2130422,1.49999998939281,1.50001700490248,2.25082957359198,4.50088058858859,0.999999683636205
"292",2.22067338,1.49999998934079,1.50001701367295,2.25082980515462,4.50088084646294,0.999999683405827
"293",2.22830456,1.49999998928857,1.50001702232391,2.25083003076263,4.50088109802411,0.999999683177549
"294",2.23593574,1.49999998923615,1.50001703085683,2.25083025049025,4.50088134335079,0.999999682951344
"295",2.24356692,1.49999998918354,1.50001703927309,2.25083046440918,4.5008815825188,0.999999682727188
"296",2.2511981,1.49999998913072,1.50001704757409,2.25083067258883,4.50088181560172,0.999999682505057
"297",2.25882928,1.4999999890777,1.50001705576113,2.25083087509781,4.5008820426721,0.999999682284928
"298",2.26646046,1.49999998902447,1.50001706383537,2.25083107199572,4.50088226379301,0.999999682066781
"299",2.27409164,1.49999998897105,1.50001707179857,2.2508312633715,4.50088247905865,0.999999681850584
"300",2.28172282,1.49999998891742,1.50001707965145,2.2508314492631,4.50088268850917,0.999999681636325
"301",2.289354,1.49999998886358,1.5000170873957,2.25083162975447,4.50088289223354,0.999999681423976
"302",2.29698518,1.49999998880954,1.50001709503239,2.25083180490388,4.5008830902933,0.999999681213515
"303",2.30461636,1.49999998875529,1.500017102563,2.25083197478481,4.50088328276632,0.999999681004918
"304",2.31224754,1.49999998870083,1.5000171099884,2.25083213944253,4.50088346970048,0.99999968079817
"305",2.31987872,1.49999998864617,1.50001711730995,2.25083229894689,4.50088365116974,0.999999680593247
"306",2.3275099,1.4999999885913,1.50001712452887,2.25083245336033,4.50088382724019,0.999999680390127
"307",2.33514108,1.49999998853621,1.50001713164633,2.25083260274177,4.50088399797426,0.999999680188789
"308",2.34277226,1.49999998848092,1.50001713866329,2.2508327471412,4.50088416342481,0.999999679989218
"309",2.35040344,1.49999998842542,1.50001714558115,2.25083288663029,4.50088432366772,0.999999679791388
"310",2.35803462,1.4999999883697,1.50001715240087,2.25083302125764,4.50088447875445,0.999999679595282
"311",2.3656658,1.49999998831377,1.50001715912367,2.25083315108532,4.50088462875076,0.99999967940088
"312",2.37329698,1.49999998825763,1.50001716575047,2.25083327616213,4.5008847737082,0.999999679208165
"313",2.38092816,1.49999998820127,1.50001717228259,2.25083339655383,4.50088491369649,0.999999679017113
"314",2.38855934,1.49999998814469,1.50001717872068,2.25083351229472,4.50088504875188,0.999999678827714
"315",2.39619052,1.4999999880879,1.50001718506633,2.25083362346602,4.50088517896034,0.999999678639939
"316",2.4038217,1.4999999880309,1.5000171913203,2.25083373010501,4.50088530436145,0.999999678453775
"317",2.41145288,1.49999998797367,1.50001719748349,2.25083383226013,4.50088542500637,0.999999678269207
"318",2.41908406,1.49999998791623,1.50001720355709,2.25083392999082,4.50088554095806,0.999999678086213
"319",2.42671524,1.49999998785856,1.50001720954189,2.25083402333749,4.50088565225933,0.99999967790478
"320",2.43434642,1.49999998780068,1.50001721543926,2.25083411237067,4.50088575898483,0.999999677724883
"321",2.4419776,1.49999998774258,1.50001722124972,2.25083419711615,4.50088586116187,0.999999677546514
"322",2.44960878,1.49999998768425,1.50001722697448,2.25083427763713,4.50088595885733,0.99999967736965
"323",2.45723996,1.4999999876257,1.50001723261449,2.25083435398117,4.5008860521216,0.999999677194276
"324",2.46487114,1.49999998756692,1.50001723817047,2.25083442618556,4.50088614099412,0.999999677020379
"325",2.47250232,1.49999998750793,1.50001724364337,2.25083449429875,4.50088622552621,0.999999676847942
"326",2.4801335,1.4999999874487,1.50001724903422,2.25083455837338,4.50088630577357,0.999999676676947
"327",2.48776468,1.49999998738925,1.50001725434414,2.25083461846594,4.50088638179607,0.999999676507374
"328",2.49539586,1.49999998732957,1.50001725957342,2.25083467459163,4.50088645360979,0.999999676339219
"329",2.50302704,1.49999998726967,1.50001726472346,2.25083472682389,4.50088652129236,0.999999676172456
"330",2.51065822,1.49999998720953,1.5000172697946,2.25083477517682,4.50088658485886,0.99999967600708
"331",2.5182894,1.49999998714917,1.50001727478825,2.25083481972559,4.50088664438876,0.999999675843065
"332",2.52592058,1.49999998708857,1.50001727970502,2.25083486049839,4.50088669991205,0.999999675680402
"333",2.53355176,1.49999998702774,1.50001728454556,2.25083489753089,4.50088675146634,0.999999675519078
"334",2.54118294,1.49999998696668,1.50001728931066,2.25083493086304,4.50088679909393,0.999999675359081
"335",2.54881412,1.49999998690539,1.50001729400146,2.25083496055131,4.50088684285476,0.999999675200388
"336",2.5564453,1.49999998684386,1.50001729861852,2.25083498662652,4.50088688278131,0.999999675042992
"337",2.56407648,1.4999999867821,1.50001730316272,2.25083500913251,4.50088691892006,0.999999674886876
"338",2.57170766,1.4999999867201,1.5000173076346,2.25083502809725,4.50088695130059,0.999999674732031
"339",2.57933884,1.49999998665786,1.50001731203502,2.25083504356449,4.50088697996926,0.999999674578442
"340",2.58697002,1.49999998659539,1.50001731636496,2.25083505558489,4.50088700497963,0.999999674426091
"341",2.5946012,1.49999998653268,1.50001732062504,2.25083506418752,4.50088702636263,0.999999674274968
"342",2.60223238,1.49999998646972,1.50001732481609,2.25083506941721,4.50088704416564,0.999999674125058
"343",2.60986356,1.49999998640653,1.50001732893856,2.25083507129676,4.50088705841274,0.999999673976352
"344",2.61749474,1.4999999863431,1.50001733299307,2.25083506985861,4.50088706913825,0.999999673828841
"345",2.62512592,1.49999998627942,1.50001733698072,2.25083506515779,4.50088707640052,0.999999673682505
"346",2.6327571,1.4999999862155,1.50001734090204,2.25083505722001,4.50088708022684,0.999999673537334
"347",2.64038828,1.49999998615133,1.50001734475775,2.25083504608439,4.50088708065847,0.999999673393316
"348",2.64801946,1.49999998608692,1.50001734854849,2.25083503178256,4.50088707772899,0.999999673250439
"349",2.65565064,1.49999998602227,1.50001735227455,2.25083501433044,4.5008870714552,0.9999996731087
"350",2.66328182,1.49999998595736,1.50001735593762,2.25083499381134,4.50088706192542,0.999999672968066
"351",2.670913,1.49999998589221,1.50001735953732,2.25083497020927,4.50088704912257,0.999999672828545
"352",2.67854418,1.49999998582681,1.50001736307471,2.25083494357666,4.50088703310227,0.999999672690119
"353",2.68617536,1.49999998576116,1.5000173665502,2.25083491393482,4.50088701388701,0.999999672552781
"354",2.69380654,1.49999998569526,1.5000173699646,2.25083488132663,4.50088699152216,0.999999672416516
"355",2.70143772,1.4999999856291,1.50001737331905,2.25083484580591,4.50088696606489,0.999999672281303
"356",2.7090689,1.4999999855627,1.50001737661325,2.25083480736136,4.50088693750307,0.999999672147149
"357",2.71670008,1.49999998549603,1.50001737984803,2.25083476603493,4.50088690588108,0.999999672014039
"358",2.72433126,1.49999998542912,1.50001738302419,2.25083472186559,4.50088687124032,0.999999671881958
"359",2.73196244,1.49999998536195,1.50001738614256,2.25083467489658,4.50088683362654,0.999999671750892
"360",2.73959362,1.49999998529452,1.50001738920301,2.25083462512268,4.50088679303409,0.999999671620844
"361",2.7472248,1.49999998522683,1.50001739220687,2.25083457260923,4.50088674953233,0.999999671491789
"362",2.75485598,1.49999998515889,1.50001739515424,2.25083451736379,4.50088670312909,0.999999671363726
"363",2.76248716,1.49999998509068,1.50001739804592,2.25083445942498,4.50088665386543,0.99999967123664
"364",2.77011834,1.49999998502222,1.50001740088214,2.25083439880703,4.50088660175625,0.999999671110529
"365",2.77774952,1.49999998495349,1.50001740366406,2.25083433556574,4.50088654686079,0.999999670985371
"366",2.7853807,1.4999999848845,1.50001740639156,2.250834269698,4.50088648917564,0.999999670861168
"367",2.79301188,1.49999998481525,1.50001740906539,2.25083420124208,4.50088642874134,0.999999670737908
"368",2.80064306,1.49999998474573,1.50001741168628,2.25083413023306,4.50088636559508,0.999999670615576
"369",2.80827424,1.49999998467595,1.50001741425456,2.25083405668795,4.50088629975488,0.999999670494169
"370",2.81590542,1.4999999846059,1.50001741677061,2.25083398062895,4.50088623124412,0.999999670373678
"371",2.8235366,1.49999998453558,1.50001741923524,2.25083390209486,4.500886160104,0.99999967025409
"372",2.83116778,1.49999998446499,1.50001742164892,2.2508338211099,4.50088608636018,0.999999670135395
"373",2.83879896,1.49999998439413,1.50001742401169,2.25083373767785,4.50088601001652,0.999999670017595
"374",2.84643014,1.49999998432301,1.50001742632499,2.25083365186939,4.50088593114803,0.999999669900661
"375",2.85406132,1.49999998425161,1.50001742858815,2.25083356365317,4.50088584972138,0.999999669784609
"376",2.8616925,1.49999998417993,1.50001743080256,2.25083347309806,4.50088576580957,0.999999669669411
"377",2.86932368,1.49999998410799,1.50001743296813,2.25083338020068,4.500885679409,0.99999966955507
"378",2.87695486,1.49999998403576,1.5000174350856,2.25083328499756,4.50088559055835,0.999999669441573
"379",2.88458604,1.49999998396327,1.5000174371553,2.25083318750689,4.50088549927683,0.999999669328914
"380",2.89221722,1.49999998389049,1.50001743917789,2.25083308776233,4.50088540560014,0.99999966921708
"381",2.8998484,1.49999998381744,1.50001744115357,2.25083298577208,4.50088530953699,0.99999966910607
"382",2.90747958,1.49999998374411,1.50001744308301,2.25083288157257,4.50088521112585,0.999999668995871
"383",2.91511076,1.49999998367049,1.50001744496647,2.25083277517587,4.50088511037961,0.999999668886478
"384",2.92274194,1.4999999835966,1.50001744680429,2.25083266660083,4.50088500731809,0.999999668777885
"385",2.93037312,1.49999998352242,1.50001744859722,2.25083255588303,4.50088490197915,0.999999668670079
"386",2.9380043,1.49999998344796,1.50001745034566,2.25083244304542,4.50088479438693,0.999999668563053
"387",2.94563548,1.49999998337322,1.50001745204967,2.25083232808929,4.50088468454288,0.999999668456806
"388",2.95326666,1.49999998329819,1.50001745370999,2.25083221105369,4.50088457248828,0.999999668351324
"389",2.96089784,1.49999998322287,1.50001745532669,2.250832091942,4.50088445822676,0.999999668246608
"390",2.96852902,1.49999998314726,1.50001745690064,2.2508319707977,4.50088434180435,0.99999966814264
"391",2.9761602,1.49999998307137,1.50001745843211,2.25083184763589,4.50088422323702,0.999999668039416
"392",2.98379138,1.49999998299518,1.50001745992123,2.25083172246194,4.50088410253046,0.999999667936935
"393",2.99142256,1.49999998291871,1.50001746136864,2.25083159530875,4.50088397971956,0.999999667835184
"394",2.99905374,1.49999998284194,1.50001746277445,2.25083146618312,4.50088385481141,0.999999667734161
"395",3.00668492,1.49999998276488,1.50001746413929,2.2508313351156,4.50088372783845,0.999999667633857
"396",3.0143161,1.49999998268752,1.50001746546349,2.25083120212428,4.50088359881978,0.999999667534264
"397",3.02194728,1.49999998260987,1.50001746674743,2.25083106722739,4.50088346777475,0.999999667435376
"398",3.02957846,1.49999998253192,1.5000174679914,2.25083093044143,4.50088333472077,0.999999667337188
"399",3.03720964,1.49999998245367,1.50001746919608,2.25083079179785,4.50088319969125,0.999999667239687
"400",3.04484082,1.49999998237513,1.5000174703613,2.25083065129191,4.50088306268101,0.999999667142878
"401",3.052472,1.49999998229628,1.50001747148788,2.25083050896315,4.50088292373204,0.999999667046744
"402",3.06010318,1.49999998221713,1.50001747257591,2.25083036481639,4.5008827828494,0.999999666951285
"403",3.06773436,1.49999998213768,1.50001747362567,2.25083021886614,4.50088264004846,0.999999666856496
"404",3.07536554,1.49999998205793,1.50001747463788,2.25083007114915,4.50088249536814,0.999999666762364
"405",3.08299672,1.49999998197787,1.50001747561216,2.25082992164804,4.50088234878993,0.999999666668895
"406",3.0906279,1.4999999818975,1.50001747654984,2.25082977042646,4.5008822003814,0.999999666576066
"407",3.09825908,1.49999998181683,1.50001747745063,2.25082961747231,4.50088205012966,0.999999666483882
"408",3.10589026,1.49999998173585,1.50001747831493,2.2508294628058,4.50088189805608,0.999999666392337
"409",3.11352144,1.49999998165456,1.5000174791429,2.25082930643463,4.50088174416886,0.999999666301427
"410",3.12115262,1.49999998157296,1.50001747993527,2.2508291483967,4.50088158850805,0.999999666211139
"411",3.1287838,1.49999998149105,1.50001748069224,2.25082898870101,4.5008814310833,0.999999666121469
"412",3.13641498,1.49999998140882,1.50001748141369,2.25082882734369,4.50088127189036,0.999999666032421
"413",3.14404616,1.49999998132628,1.5000174821005,2.25082866436709,4.50088111097422,0.999999665943977
"414",3.15167734,1.49999998124342,1.50001748275271,2.25082849977447,4.50088094833826,0.999999665856138
"415",3.15930852,1.49999998116025,1.5000174833709,2.25082833359465,4.50088078401301,0.999999665768893
"416",3.1669397,1.49999998107676,1.50001748395508,2.2508281658294,4.50088061800032,0.999999665682242
"417",3.17457088,1.49999998099295,1.50001748450546,2.25082799648873,4.50088045031081,0.999999665596181
"418",3.18220206,1.49999998090882,1.5000174850223,2.25082782558654,4.50088028095918,0.999999665510706
"419",3.18983324,1.49999998082437,1.50001748550639,2.25082765316177,4.50088010998668,0.999999665425802
"420",3.19746442,1.49999998073959,1.50001748595759,2.25082747920835,4.50087993738688,0.999999665341473
"421",3.2050956,1.49999998065449,1.50001748637597,2.25082730373137,4.50087976316506,0.999999665257716
"422",3.21272678,1.49999998056907,1.50001748676268,2.25082712678463,4.50087958737845,0.999999665174511
"423",3.22035796,1.49999998048332,1.50001748711708,2.250826948341,4.50087940999805,0.99999966509187
"424",3.22798914,1.49999998039724,1.50001748743973,2.25082676842656,4.50087923105156,0.999999665009783
"425",3.23562032,1.49999998031083,1.50001748773117,2.25082658706766,4.50087905056699,0.999999664928241
"426",3.2432515,1.4999999802241,1.50001748799177,2.25082640428451,4.50087886856565,0.999999664847235
"427",3.25088268,1.49999998013703,1.50001748822088,2.25082622004557,4.50087868501404,0.999999664766779
"428",3.25851386,1.49999998004962,1.50001748841995,2.25082603442232,4.50087849998803,0.999999664686845
"429",3.26614504,1.49999997996189,1.5000174885884,2.25082584738643,4.50087831345749,0.999999664607445
"430",3.27377622,1.49999997987381,1.50001748872688,2.25082565897037,4.50087812545688,0.999999664528567
"431",3.2814074,1.49999997978541,1.50001748883545,2.25082546917704,4.50087793598924,0.999999664450211
"432",3.28903858,1.49999997969666,1.50001748891433,2.2508252780198,4.50087774506865,0.999999664372371
"433",3.29666976,1.49999997960757,1.50001748896385,2.25082508551347,4.50087755271089,0.999999664295043
"434",3.30430094,1.49999997951815,1.50001748898456,2.25082489168495,4.50087735894449,0.999999664218216
"435",3.31193212,1.49999997942838,1.50001748897648,2.25082469653881,4.50087716377413,0.999999664141889
"436",3.3195633,1.49999997933827,1.50001748893949,2.2508245000662,4.50087696719054,0.999999664066066
"437",3.32719448,1.49999997924781,1.5000174888741,2.25082430229445,4.5008767692226,0.999999663990737
"438",3.33482566,1.49999997915701,1.50001748878092,2.25082410325372,4.50087656990233,0.99999966391589
"439",3.34245684,1.49999997906586,1.50001748865967,2.25082390293052,4.50087636921537,0.999999663841532
"440",3.35008802,1.49999997897436,1.50001748851063,2.25082370134013,4.50087616717786,0.999999663767657
"441",3.3577192,1.49999997888252,1.50001748833438,2.25082349850916,4.50087596381813,0.999999663694254
"442",3.36535038,1.49999997879032,1.50001748813082,2.25082329443501,4.50087575913331,0.999999663621326
"443",3.37298156,1.49999997869777,1.50001748790007,2.25082308912366,4.50087555312971,0.999999663548871
"444",3.38061274,1.49999997860486,1.500017487643,2.25082288261827,4.50087534585309,0.999999663476871
"445",3.38824392,1.4999999785116,1.50001748735907,2.25082267489303,4.50087513727606,0.999999663405339
"446",3.3958751,1.49999997841799,1.500017487049,2.25082246598239,4.50087492743519,0.99999966333426
"447",3.40350628,1.49999997832401,1.50001748671262,2.25082225587975,4.5008747163234,0.999999663263638
"448",3.41113746,1.49999997822968,1.50001748635026,2.25082204460124,4.50087450395779,0.999999663193466
"449",3.41876864,1.49999997813499,1.50001748596243,2.25082183217331,4.50087429036635,0.999999663123736
"450",3.42639982,1.49999997803993,1.50001748554908,2.2508216185916,4.50087407554458,0.999999663054448
"451",3.434031,1.49999997794451,1.50001748511049,2.25082140387376,4.50087385951097,0.999999662985597
"452",3.44166218,1.49999997784873,1.50001748464672,2.25082118801958,4.50087364226547,0.999999662917184
"453",3.44929336,1.49999997775258,1.50001748415811,2.25082097104872,4.50087342382876,0.9999996628492
"454",3.45692454,1.49999997765606,1.50001748364482,2.25082075296748,4.50087320420761,0.999999662781643
"455",3.46455572,1.49999997755917,1.50001748310692,2.25082053378202,4.50087298340845,0.999999662714513
"456",3.4721869,1.49999997746191,1.50001748254483,2.25082031351162,4.50087276145176,0.999999662647801
"457",3.47981808,1.49999997736429,1.50001748195886,2.25082009217145,4.50087253835364,0.999999662581503
"458",3.48744926,1.49999997726628,1.50001748134846,2.25081986973704,4.50087231408803,0.999999662515627
"459",3.49508044,1.49999997716791,1.5000174807149,2.25081964626894,4.50087208871923,0.999999662450151
"460",3.50271162,1.49999997706915,1.50001748005766,2.25081942174319,4.50087186222172,0.999999662385085
"461",3.5103428,1.49999997697002,1.50001747937721,2.250819196183,4.50087163462016,0.999999662320419
"462",3.51797398,1.49999997687051,1.50001747867322,2.25081896957335,4.50087140589852,0.999999662256161
"463",3.52560516,1.49999997677062,1.50001747794627,2.25081874194146,4.50087117608574,0.999999662192299
"464",3.53323634,1.49999997667035,1.50001747719694,2.25081851331784,4.50087094521413,0.999999662128823
"465",3.54086752,1.4999999765697,1.50001747642448,2.25081828366494,4.50087071324381,0.999999662065747
"466",3.5484987,1.49999997646866,1.50001747562966,2.25081805302111,4.50087048021547,0.999999662003056
"467",3.55612988,1.49999997636723,1.50001747481282,2.25081782140313,4.50087024614697,0.999999661940745
"468",3.56376106,1.49999997626542,1.50001747397384,2.25081758880681,4.50087001103368,0.999999661878816
"469",3.57139224,1.49999997616321,1.50001747311271,2.25081735523098,4.50086977487442,0.999999661817268
"470",3.57902342,1.49999997606062,1.50001747223003,2.25081712070537,4.50086953770073,0.999999661756092
"471",3.5866546,1.49999997595763,1.50001747132579,2.25081688523057,4.5008692995132,0.999999661695286
"472",3.59428578,1.49999997585426,1.50001747039976,2.25081664879476,4.50086906029926,0.999999661634857
"473",3.60191696,1.49999997575048,1.50001746945272,2.25081641143723,4.50086882010056,0.999999661574789
"474",3.60954814,1.49999997564631,1.50001746848478,2.25081617316315,4.50086857892264,0.99999966151508
"475",3.61717932,1.49999997554174,1.50001746749576,2.25081593396493,4.50086833675733,0.999999661455733
"476",3.6248105,1.49999997543677,1.50001746648557,2.25081569383842,4.50086809360021,0.999999661396751
"477",3.63244168,1.4999999753314,1.50001746545507,2.25081545282481,4.50086784949506,0.999999661338118
"478",3.64007286,1.49999997522562,1.50001746440408,2.2508152109175,4.50086760443475,0.999999661279836
"479",3.64770404,1.49999997511945,1.50001746333268,2.25081496811842,4.50086735842143,0.999999661221906
"480",3.65533522,1.49999997501286,1.50001746224124,2.25081472444902,4.50086711147766,0.999999661164318
"481",3.6629664,1.49999997490587,1.50001746112957,2.25081447989909,4.5008668635927,0.999999661107078
"482",3.67059758,1.49999997479847,1.50001745999848,2.25081423450607,4.50086661480636,0.999999661050171
"483",3.67822876,1.49999997469066,1.50001745884735,2.2508139882435,4.50086636509036,0.999999660993608
"484",3.68585994,1.49999997458244,1.50001745767638,2.25081374112158,4.5008661144555,0.999999660937385
"485",3.69349112,1.4999999744738,1.50001745648605,2.25081349316194,4.50086586292482,0.999999660881493
"486",3.7011223,1.49999997436475,1.50001745527681,2.25081324438674,4.50086561052184,0.999999660825925
"487",3.70875348,1.49999997425528,1.50001745404827,2.25081299477967,4.50086535722912,0.999999660770687
"488",3.71638466,1.49999997414539,1.50001745280056,2.2508127443465,4.50086510305277,0.999999660715777
"489",3.72401584,1.49999997403508,1.50001745153421,2.25081249311204,4.50086484801921,0.999999660661186
"490",3.73164702,1.49999997392435,1.50001745024874,2.25081224105558,4.50086459210631,0.999999660606922
"491",3.7392782,1.4999999738132,1.50001744894508,2.25081198822062,4.50086433536031,0.999999660552968
"492",3.74690938,1.49999997370162,1.50001744762284,2.25081173459052,4.50086407776347,0.999999660499331
"493",3.75454056,1.49999997358962,1.50001744628249,2.25081148018605,4.50086381933789,0.999999660446004
"494",3.76217174,1.49999997347719,1.50001744492364,2.25081122499081,4.50086356006606,0.999999660392992
"495",3.76980292,1.49999997336432,1.50001744354672,2.25081096902544,4.50086329996987,0.999999660340289
"496",3.7774341,1.49999997325103,1.50001744215196,2.25081071230162,4.50086303906173,0.999999660287889
"497",3.78506528,1.4999999731373,1.50001744073942,2.25081045482202,4.50086277734445,0.999999660235792
"498",3.79269646,1.49999997302314,1.50001743930896,2.25081019658178,4.5008625148128,0.999999660184001
"499",3.80032764,1.49999997290855,1.50001743786113,2.2508099376061,4.50086225149358,0.999999660132505
"500",3.80795882,1.49999997279351,1.50001743639589,2.25080967789378,4.50086198738548,0.999999660081305
"501",3.81559,1.49999997267803,1.50001743491356,2.25080941746039,4.50086172250504,0.999999660030395
"502",3.82322118,1.49999997256212,1.50001743341378,2.25080915629109,4.50086145683636,0.999999659979782
"503",3.83085236,1.49999997244576,1.50001743189678,2.25080889439516,4.50086119038936,0.999999659929463
"504",3.83848354,1.49999997232895,1.50001743036317,2.25080863180358,4.50086092319691,0.999999659879424
"505",3.84611472,1.4999999722117,1.50001742881243,2.250808368492,4.50086065523305,0.999999659829676
"506",3.8537459,1.499999972094,1.50001742724504,2.25080810448191,4.50086038652075,0.999999659780211
"507",3.86137708,1.49999997197585,1.50001742566144,2.25080783979661,4.50086011708457,0.999999659731019
"508",3.86900826,1.49999997185725,1.5000174240609,2.25080757440128,4.50085984688757,0.999999659682116
"509",3.87663944,1.49999997173819,1.50001742244425,2.25080730833601,4.50085957597231,0.999999659633485
"510",3.88427062,1.49999997161868,1.50001742081141,2.25080704159743,4.50085930433513,0.999999659585127
"511",3.8919018,1.49999997149872,1.50001741916227,2.25080677418042,4.50085903197065,0.999999659537045
"512",3.89953298,1.49999997137829,1.50001741749705,2.25080650609616,4.50085875889068,0.999999659489236
"513",3.90716416,1.4999999712574,1.50001741581603,2.250806237358,4.5008584851094,0.999999659441693
"514",3.91479534,1.49999997113606,1.50001741411932,2.25080596797203,4.50085821063323,0.999999659394414
"515",3.92242652,1.49999997101424,1.50001741240665,2.25080569792689,4.50085793545004,0.999999659347405
"516",3.9300577,1.49999997089197,1.50001741067843,2.25080542724017,4.50085765957859,0.999999659300659
"517",3.93768888,1.49999997076922,1.50001740893501,2.25080515593178,4.50085738303989,0.999999659254167
"518",3.94532006,1.49999997064601,1.50001740717582,2.25080488397235,4.50085710580281,0.999999659207943
"519",3.95295124,1.49999997052232,1.50001740540152,2.25080461139552,4.50085682790303,0.999999659161972
"520",3.96058242,1.49999997039816,1.50001740361171,2.25080433818232,4.50085654932034,0.999999659116263
"521",3.9682136,1.49999997027353,1.50001740180761,2.25080406439018,4.50085627011582,0.999999659070792
"522",3.97584478,1.49999997014842,1.50001739998792,2.25080378995965,4.50085599022617,0.999999659025585
"523",3.98347596,1.49999997002283,1.5000173981535,2.25080351492984,4.50085570969305,0.999999658980624
"524",3.99110714,1.49999996989677,1.50001739630458,2.25080323931423,4.5008554285306,0.999999658935906
"525",3.99873832,1.49999996977022,1.50001739444048,2.25080296307902,4.50085514670302,0.999999658891444
"526",4.0063695,1.49999996964318,1.50001739256205,2.25080268626716,4.50085486425582,0.999999658847221
"527",4.01400068,1.49999996951566,1.5000173906691,2.25080240886773,4.50085458117745,0.999999658803241
"528",4.02163186,1.49999996938766,1.50001738876204,2.25080213090272,4.50085429749122,0.999999658759496
"529",4.02926304,1.49999996925916,1.50001738684033,2.25080185234545,4.50085401316874,0.999999658715998
"530",4.03689422,1.49999996913017,1.50001738490472,2.25080157323228,4.50085372824867,0.999999658672731
"531",4.0445254,1.49999996900069,1.50001738295464,2.25080129353739,4.50085344270348,0.999999658629706
"532",4.05215658,1.49999996887072,1.50001738099063,2.25080101328556,4.50085315655955,0.999999658586914
"533",4.05978776,1.49999996874025,1.50001737901278,2.25080073248269,4.50085286982307,0.999999658544352
"534",4.06741894,1.49999996860928,1.50001737702094,2.25080045112117,4.50085258248596,0.999999658502024
"535",4.07505012,1.4999999684778,1.50001737501565,2.25080016922687,4.5008522945757,0.999999658459918
"536",4.0826813,1.49999996834583,1.50001737299658,2.25079988678545,4.50085200607702,0.999999658418043
"537",4.09031248,1.49999996821335,1.50001737096358,2.25079960379024,4.50085171698274,0.9999996583764
"538",4.09794366,1.49999996808037,1.50001736891767,2.25079932028869,4.50085142734338,0.999999658334969
"539",4.10557484,1.49999996794687,1.50001736685809,2.25079903624705,4.50085113712292,0.999999658293767
"540",4.11320602,1.49999996781287,1.50001736478503,2.25079875167412,4.50085084633076,0.999999658252788
"541",4.1208372,1.49999996767835,1.5000173626988,2.25079846658354,4.5008505549814,0.999999658212028
"542",4.12846838,1.49999996754332,1.50001736059951,2.25079818098261,4.50085026308254,0.999999658171483
"543",4.13609956,1.49999996740778,1.50001735848716,2.25079789487075,4.50084997063353,0.999999658131155
"544",4.14373074,1.49999996727171,1.50001735636178,2.25079760825098,4.50084967763756,0.999999658091042
"545",4.15136192,1.49999996713513,1.50001735422367,2.25079732113723,4.5008493841094,0.999999658051138
"546",4.1589931,1.49999996699802,1.50001735207251,2.25079703351419,4.50084909003281,0.999999658011451
"547",4.16662428,1.49999996686039,1.50001734990876,2.25079674540509,4.50084879543239,0.999999657971971
"548",4.17425546,1.49999996672223,1.50001734773192,2.25079645678597,4.50084850028268,0.999999657932709
"549",4.18188664,1.49999996658355,1.50001734554304,2.25079616770703,4.50084820463702,0.999999657893642
"550",4.18951782,1.49999996644433,1.5000173433414,2.25079587813395,4.50084790845893,0.999999657854787
"551",4.197149,1.49999996630458,1.5000173411273,2.2507955880822,4.50084761176482,0.999999657816136
"552",4.20478018,1.4999999661643,1.50001733890098,2.25079529756412,4.50084731456769,0.999999657777685
"553",4.21241136,1.49999996602348,1.50001733666211,2.25079500656361,4.5008470168505,0.999999657739442
"554",4.22004254,1.49999996588212,1.50001733441134,2.25079471511145,4.50084671864594,0.999999657701392
"555",4.22767372,1.49999996574023,1.50001733214832,2.2507944231921,4.50084641993745,0.999999657663544
"556",4.2353049,1.49999996559779,1.5000173298732,2.25079413081342,4.50084612073335,0.999999657625893
"557",4.24293608,1.4999999654548,1.50001732758595,2.2507938379732,4.50084582103128,0.999999657588442
"558",4.25056726,1.49999996531127,1.50001732528697,2.25079354469199,4.50084552085308,0.999999657551181
"559",4.25819844,1.49999996516719,1.50001732297606,2.2507932509599,4.50084522018817,0.999999657514115
"560",4.26582962,1.49999996502256,1.50001732065347,2.2507929567885,4.5008449190489,0.99999965747724
"561",4.2734608,1.49999996487738,1.50001731831896,2.25079266216954,4.50084461742635,0.999999657440559
"562",4.28109198,1.49999996473164,1.5000173159731,2.25079236712779,4.50084431534694,0.999999657404062
"563",4.28872316,1.49999996458535,1.50001731361529,2.25079207163587,4.5008440127815,0.999999657367761
"564",4.29635434,1.49999996443849,1.50001731124626,2.25079177572904,4.5008437097675,0.999999657331641
"565",4.30398552,1.49999996429108,1.50001730886579,2.25079147939661,4.50084340629359,0.999999657295707
"566",4.3116167,1.4999999641431,1.50001730647392,2.25079118264156,4.50084310236283,0.999999657259958
"567",4.31924788,1.49999996399455,1.50001730407049,2.25079088545655,4.50084279796745,0.999999657224396
"568",4.32687906,1.49999996384544,1.50001730165624,2.25079058787643,4.50084249314448,0.999999657189009
"569",4.33451024,1.49999996369576,1.50001729923049,2.2507902898704,4.50084218786114,0.999999657153808
"570",4.34214142,1.4999999635455,1.50001729679379,2.25078999146382,4.50084188214437,0.999999657118784
"571",4.3497726,1.49999996339467,1.50001729434605,2.25078969265347,4.50084157599071,0.999999657083937
"572",4.35740378,1.49999996324326,1.50001729188724,2.25078939343841,4.50084126939914,0.99999965704927
"573",4.36503496,1.49999996309128,1.50001728941758,2.25078909382841,4.50084096238008,0.999999657014777
"574",4.37266614,1.49999996293871,1.50001728693694,2.25078879381894,4.50084065492859,0.99999965698046
"575",4.38029732,1.49999996278556,1.50001728444562,2.25078849342412,4.50084034705974,0.999999656946315
"576",4.3879285,1.49999996263183,1.50001728194353,2.25078819263966,4.5008400387689,0.999999656912343
"577",4.39555968,1.49999996247751,1.50001727943069,2.25078789146765,4.50083973005831,0.999999656878543
"578",4.40319086,1.49999996232259,1.50001727690744,2.2507875899234,4.50083942094421,0.99999965684491
"579",4.41082204,1.49999996216709,1.50001727437328,2.2507872879851,4.50083911140334,0.999999656811452
"580",4.41845322,1.49999996201099,1.50001727182885,2.25078698568212,4.50083880146698,0.999999656778157
"581",4.4260844,1.49999996185429,1.50001726927383,2.25078668300012,4.50083849111985,0.999999656745032
"582",4.43371558,1.499999961697,1.50001726670862,2.25078637995809,4.50083818038209,0.999999656712068
"583",4.44134676,1.4999999615391,1.50001726413301,2.25078607654685,4.50083786924393,0.99999965667927
"584",4.44897794,1.4999999613806,1.50001726154705,2.25078577276975,4.50083755770887,0.999999656646637
"585",4.45660912,1.4999999612215,1.50001725895089,2.25078546863235,4.50083724578289,0.999999656614167
"586",4.4642403,1.49999996106178,1.50001725634442,2.25078516413221,4.50083693346327,0.99999965658186
"587",4.47187148,1.49999996090146,1.50001725372834,2.25078485930026,4.50083662078297,0.999999656549704
"588",4.47950266,1.49999996074052,1.50001725110172,2.25078455409521,4.50083630769796,0.999999656517716
"589",4.48713384,1.49999996057897,1.50001724846522,2.25078424854797,4.50083599424114,0.999999656485884
"590",4.49476502,1.4999999604168,1.50001724581882,2.25078394265651,4.5008356804104,0.999999656454208
"591",4.5023962,1.49999996025401,1.50001724316264,2.25078363642823,4.50083536621347,0.999999656422686
"592",4.51002738,1.49999996009059,1.50001724049623,2.25078332984227,4.5008350516282,0.999999656391327
"593",4.51765856,1.49999995992656,1.50001723782015,2.25078302292561,4.50083473668322,0.999999656360119
"594",4.52528974,1.49999995976189,1.50001723513475,2.25078271569279,4.50083442139408,0.999999656329056
"595",4.53292092,1.4999999595966,1.50001723243924,2.25078240811019,4.50083410572489,0.999999656298153
"596",4.5405521,1.49999995943067,1.50001722973416,2.25078210020189,4.50083378970123,0.9999996562674
"597",4.54818328,1.49999995926411,1.50001722701967,2.25078179197585,4.50083347333163,0.999999656236794
"598",4.55581446,1.49999995909691,1.50001722429534,2.25078148341269,4.50083315659539,0.999999656206342
"599",4.56344564,1.49999995892908,1.50001722156181,2.25078117454207,4.50083283952407,0.999999656176033
"600",4.57107682,1.4999999587606,1.50001721881875,2.25078086534912,4.50083252210186,0.999999656145874
"601",4.578708,1.49999995859148,1.50001721606622,2.25078055583796,4.50083220433301,0.999999656115861
"602",4.58633918,1.49999995842171,1.50001721330436,2.25078024601496,4.50083188622433,0.999999656085994
"603",4.59397036,1.49999995825129,1.50001721053321,2.25077993588218,4.50083156777801,0.999999656056271
"604",4.60160154,1.49999995808022,1.50001720775281,2.25077962544159,4.50083124899613,0.999999656026691
"605",4.60923272,1.4999999579085,1.50001720496336,2.2507793147029,4.500830929889,0.999999655997251
"606",4.6168639,1.49999995773612,1.50001720216459,2.25077900365458,4.50083061044426,0.999999655967955
"607",4.62449508,1.49999995756308,1.50001719935663,2.25077869230272,4.50083029066844,0.999999655938802
"608",4.63212626,1.49999995738938,1.50001719653966,2.250778380656,4.50082997057071,0.999999655909787
"609",4.63975744,1.49999995721502,1.50001719371362,2.25077806871151,4.50082965014799,0.999999655880913
"610",4.64738862,1.49999995703999,1.50001719087888,2.25077775648857,4.50082932942075,0.99999965585217
"611",4.6550198,1.49999995686429,1.50001718803482,2.25077744395615,4.50082900835603,0.999999655823573
"612",4.66265098,1.49999995668792,1.50001718518204,2.25077713114487,4.50082868698632,0.999999655795109
"613",4.67028216,1.49999995651087,1.50001718232064,2.25077681805823,4.50082836531537,0.999999655766775
"614",4.67791334,1.49999995633315,1.50001717945015,2.25077650467519,4.50082804332076,0.999999655738582
"615",4.68554452,1.49999995615475,1.50001717657081,2.25077619100837,4.50082772101583,0.999999655710524
"616",4.6931757,1.49999995597567,1.50001717368298,2.2507758770731,4.50082739841696,0.999999655682594
"617",4.70080688,1.4999999557959,1.50001717078635,2.25077556285714,4.50082707551104,0.999999655654798
"618",4.70843806,1.49999995561544,1.50001716788095,2.2507752483601,4.50082675229768,0.999999655627137
"619",4.71606924,1.4999999554343,1.50001716496722,2.25077493360436,4.50082642880066,0.999999655599601
"620",4.72370042,1.49999995525246,1.50001716204475,2.25077461857092,4.5008261049997,0.999999655572198
"621",4.7313316,1.49999995506993,1.5000171591138,2.25077430327213,4.50082578090797,0.999999655544923
"622",4.73896278,1.49999995488669,1.5000171561744,2.2507739877102,4.50082545652775,0.999999655517775
"623",4.74659396,1.49999995470276,1.50001715322664,2.25077367188901,4.50082513186316,0.999999655490753
"624",4.75422514,1.49999995451813,1.50001715027033,2.25077335580016,4.50082480690529,0.99999965546386
"625",4.76185632,1.49999995433279,1.50001714730553,2.25077303944738,4.500824481658,0.999999655437096
"626",4.7694875,1.49999995414674,1.50001714433262,2.25077272284819,4.50082415613997,0.999999655410452
"627",4.77711868,1.49999995395998,1.50001714135139,2.2507724059928,4.5008238303408,0.999999655383933
"628",4.78474986,1.49999995377251,1.50001713836196,2.25077208888813,4.50082350426772,0.999999655357536
"629",4.79238104,1.49999995358431,1.50001713536419,2.25077177152828,4.50082317791448,0.999999655331264
"630",4.80001222,1.4999999533954,1.50001713235821,2.25077145391838,4.50082285128652,0.999999655305115
"631",4.8076434,1.49999995320577,1.50001712934441,2.25077113607716,4.5008225244038,0.99999965527908
"632",4.81527458,1.49999995301541,1.50001712632199,2.25077081796908,4.50082219722837,0.999999655253176
"633",4.82290576,1.49999995282433,1.50001712329167,2.2507704996269,4.50082186979513,0.999999655227388
"634",4.83053694,1.49999995263251,1.50001712025348,2.25077018105137,4.5008215421049,0.999999655201716
"635",4.83816812,1.49999995243997,1.50001711720712,2.25076986223174,4.50082121414609,0.999999655176166
"636",4.8457993,1.49999995224668,1.50001711415293,2.25076954318186,4.50082088593354,0.99999965515073
"637",4.85343048,1.49999995205266,1.50001711109089,2.25076922390113,4.50082055746659,0.999999655125409
"638",4.86106166,1.49999995185789,1.5000171080209,2.25076890438707,4.50082022874245,0.999999655100205
"639",4.86869284,1.49999995166238,1.50001710494282,2.25076858463276,4.50081989975381,0.999999655075121
"640",4.87632402,1.49999995146612,1.50001710185703,2.25076826465461,4.50081957051817,0.99999965505015
"641",4.8839552,1.49999995126912,1.50001709876362,2.25076794445926,4.50081924104248,0.999999655025289
"642",4.89158638,1.49999995107136,1.50001709566237,2.25076762403589,4.50081891131526,0.999999655000542
"643",4.89921756,1.49999995087284,1.50001709255317,2.25076730338009,4.50081858133176,0.999999654975913
"644",4.90684874,1.49999995067356,1.50001708943658,2.25076698251806,4.50081825111986,0.999999654951389
"645",4.91447992,1.49999995047352,1.50001708631219,2.2507666614307,4.50081792065922,0.999999654926979
"646",4.9221111,1.49999995027272,1.50001708318018,2.25076634012733,4.5008175899597,0.99999965490268
"647",4.92974228,1.49999995007115,1.50001708004054,2.25076601860812,4.50081725902146,0.99999965487849
"648",4.93737346,1.49999994986881,1.50001707689326,2.25076569687205,4.50081692784344,0.999999654854412
"649",4.94500464,1.4999999496657,1.50001707373846,2.25076537492615,4.50081659643303,0.999999654830441
"650",4.95263582,1.49999994946181,1.50001707057606,2.25076505276609,4.50081626478566,0.99999965480658
"651",4.960267,1.49999994925714,1.50001706740645,2.25076473041065,4.5008159329213,0.99999965478282
"652",4.96789818,1.49999994905168,1.50001706422917,2.25076440783949,4.5008156008182,0.999999654759172
"653",4.97552936,1.49999994884545,1.50001706104446,2.25076408506302,4.50081526848748,0.99999965473563
"654",4.98316054,1.49999994863842,1.50001705785242,2.25076376208645,4.50081493593469,0.999999654712192
"655",4.99079172,1.4999999484306,1.50001705465293,2.250763438905,4.50081460315466,0.999999654688861
"656",4.9984229,1.49999994822199,1.50001705144619,2.25076311552831,4.50081427015764,0.999999654665631
"657",5.00605408,1.49999994801258,1.50001704823221,2.25076279195743,4.5008139369447,0.999999654642504
"658",5.01368526,1.49999994780237,1.50001704501089,2.25076246818753,4.50081360351074,0.999999654619481
"659",5.02131644,1.49999994759136,1.5000170417822,2.25076214421816,4.50081326985518,0.999999654596563
"660",5.02894762,1.49999994737954,1.50001703854663,2.25076182007089,4.50081293600109,0.999999654573739
"661",5.0365788,1.49999994716691,1.50001703530345,2.25076149571481,4.50081260191537,0.999999654551025
"662",5.04420998,1.49999994695346,1.50001703205329,2.25076117117753,4.50081226762748,0.999999654528407
"663",5.05184116,1.4999999467392,1.50001702879582,2.25076084644479,4.50081193312224,0.999999654505893
"664",5.05947234,1.49999994652413,1.50001702553147,2.25076052153561,4.50081159841988,0.999999654483473
"665",5.06710352,1.49999994630823,1.50001702226,2.25076019644178,4.50081126351154,0.999999654461152
"666",5.0747347,1.4999999460915,1.50001701898129,2.25075987115626,4.50081092838978,0.999999654438934
"667",5.08236588,1.49999994587395,1.50001701569552,2.25075954568794,4.50081059306403,0.999999654416813
"668",5.08999706,1.49999994565556,1.50001701240308,2.25075922005636,4.50081025755502,0.999999654394782
"669",5.09762824,1.49999994543634,1.50001700910314,2.25075889422199,4.50080992182071,0.999999654372858
"670",5.10525942,1.49999994521628,1.50001700579662,2.25075856822858,4.50080958590764,0.999999654351022
"671",5.1128906,1.49999994499538,1.50001700248302,2.25075824205281,4.50080924979097,0.999999654329284
"672",5.12052178,1.49999994477364,1.50001699916267,2.25075791571025,4.50080891348722,0.999999654307638
"673",5.12815296,1.49999994455104,1.5000169958351,2.25075758918153,4.5008085769757,0.999999654286092
"674",5.13578414,1.4999999443276,1.50001699250111,2.2507572625011,4.50080824029317,0.999999654264632
"675",5.14341532,1.4999999441033,1.50001698915995,2.2507569356368,4.50080790340528,0.999999654243271
"676",5.1510465,1.49999994387815,1.50001698581178,2.2507566085954,4.50080756631925,0.999999654222006
"677",5.15867768,1.49999994365213,1.5000169824572,2.25075628140464,4.50080722906464,0.999999654200826
"678",5.16630886,1.49999994342525,1.50001697909573,2.25075595404415,4.50080689161965,0.999999654179739
"679",5.17394004,1.4999999431975,1.50001697572744,2.25075562651562,4.50080655398613,0.999999654158745
"680",5.18157122,1.49999994296889,1.50001697235243,2.25075529882601,4.50080621617135,0.999999654137842
"681",5.1892024,1.4999999427394,1.50001696897089,2.25075497098322,4.50080587818385,0.999999654117024
"682",5.19683358,1.49999994250903,1.50001696558234,2.25075464296517,4.50080554000002,0.999999654096303
"683",5.20446476,1.49999994227778,1.50001696218739,2.25075431480183,4.5008052016517,0.999999654075665
"684",5.21209594,1.49999994204564,1.5000169587855,2.25075398646763,4.50080486311172,0.999999654055122
"685",5.21972712,1.49999994181262,1.50001695537728,2.25075365799113,4.50080452441044,0.999999654034661
"686",5.2273583,1.49999994157871,1.50001695196222,2.25075332934932,4.50080418552334,0.999999654014293
"687",5.23498948,1.4999999413439,1.50001694854082,2.25075300056537,4.50080384647507,0.999999653994006
"688",5.24262066,1.4999999411082,1.50001694511283,2.25075267162841,4.50080350725403,0.999999653973807
"689",5.25025184,1.4999999408716,1.50001694167823,2.25075234253862,4.50080316786032,0.999999653953695
"690",5.25788302,1.49999994063409,1.50001693823699,2.25075201329436,4.50080282829224,0.99999965393367
"691",5.2655142,1.49999994039567,1.50001693478959,2.25075168391664,4.5008024885722,0.999999653913725
"692",5.27314538,1.49999994015634,1.50001693133558,2.25075135438733,4.50080214868074,0.999999653893866
"693",5.28077656,1.4999999399161,1.5000169278748,2.25075102469853,4.5008018086095,0.999999653874098
"694",5.28840774,1.49999993967493,1.50001692440783,2.2507506948772,4.50080146838713,0.999999653854408
"695",5.29603892,1.49999993943285,1.50001692093453,2.25075036491703,4.50080112800692,0.9999996538348
"696",5.3036701,1.49999993918984,1.50001691745471,2.25075003481088,4.50080078746121,0.999999653815276
"697",5.31130128,1.4999999389459,1.50001691396836,2.25074970455783,4.50080044674899,0.999999653795838
"698",5.31893246,1.49999993870103,1.50001691047595,2.25074937417958,4.50080010589341,0.999999653776475
"699",5.32656364,1.49999993845522,1.50001690697696,2.25074904365317,4.5007997648699,0.999999653757199
"700",5.33419482,1.49999993820848,1.50001690347176,2.25074871299463,4.50079942369564,0.999999653738001
"701",5.341826,1.49999993796079,1.5000168999602,2.2507483821995,4.50079908236571,0.999999653718884
"702",5.34945718,1.49999993771215,1.50001689644222,2.25074805126406,4.5007987408762,0.99999965369985
"703",5.35708836,1.49999993746256,1.50001689291822,2.25074772020801,4.50079839924803,0.99999965368089
"704",5.36471954,1.49999993721202,1.50001688938764,2.25074738900542,4.50079805745359,0.999999653662016
"705",5.37235072,1.49999993696052,1.5000168858512,2.25074705768915,4.50079771552788,0.999999653643213
"706",5.3799819,1.49999993670806,1.50001688230834,2.2507467262352,4.50079737344523,0.999999653624492
"707",5.38761308,1.49999993645464,1.50001687875928,2.25074639465327,4.50079703121601,0.999999653605848
"708",5.39524426,1.49999993620024,1.50001687520395,2.2507460629409,4.50079668883751,0.999999653587283
"709",5.40287544,1.49999993594487,1.50001687164237,2.25074573109865,4.50079634631042,0.999999653568797
"710",5.41050662,1.49999993568853,1.50001686807505,2.25074539915039,4.50079600366007,0.999999653550379
"711",5.4181378,1.49999993543121,1.50001686450116,2.2507450670596,4.5007956608475,0.999999653532046
"712",5.42576898,1.4999999351729,1.50001686092143,2.25074473485846,4.50079531790705,0.999999653513782
"713",5.43340016,1.4999999349136,1.50001685733525,2.25074440252072,4.50079497481064,0.999999653495601
"714",5.44103134,1.49999993465332,1.50001685374317,2.25074407007211,4.50079463158568,0.99999965347749
"715",5.44866252,1.49999993439204,1.50001685014529,2.25074373751588,4.50079428823567,0.999999653459448
"716",5.4562937,1.49999993412976,1.50001684654087,2.25074340482084,4.50079394472726,0.99999965344149
"717",5.46392488,1.49999993386647,1.50001684293072,2.2507430720224,4.50079360109823,0.999999653423599
"718",5.47155606,1.49999993360219,1.50001683931423,2.25074273909464,4.50079325732088,0.999999653405787
"719",5.47918724,1.49999993333689,1.50001683569187,2.25074240605888,4.50079291341794,0.999999653388045
"720",5.48681842,1.49999993307057,1.50001683206362,2.25074207291393,4.5007925693881,0.999999653370373
"721",5.4944496,1.49999993280324,1.50001682842928,2.2507417396516,4.50079222522264,0.999999653352775
"722",5.50208078,1.49999993253489,1.500016824789,2.25074140627876,4.50079188092883,0.999999653335248
"723",5.50971196,1.49999993226551,1.50001682114276,2.25074107279615,4.50079153650739,0.999999653317791
"724",5.51734314,1.4999999319951,1.50001681749027,2.25074073918944,4.50079119194306,0.999999653300412
"725",5.52497432,1.49999993172365,1.50001681383219,2.25074040549039,4.50079084726966,0.999999653283096
"726",5.5326055,1.49999993145117,1.50001681016814,2.25074007168041,4.5007905024674,0.999999653265851
"727",5.54023668,1.49999993117765,1.50001680649823,2.25073973776658,4.50079015754372,0.999999653248675
"728",5.54786786,1.49999993090308,1.50001680282215,2.25073940373512,4.50078981248391,0.999999653231574
"729",5.55549904,1.49999993062747,1.50001679914011,2.25073906959425,4.50078946729679,0.999999653214543
"730",5.56313022,1.49999993035079,1.50001679545253,2.25073873536503,4.50078912200471,0.999999653197574
"731",5.5707614,1.49999993007307,1.50001679175922,2.25073840103889,4.50078877659853,0.99999965318067
"732",5.57839258,1.49999992979427,1.50001678805971,2.25073806659489,4.50078843105586,0.999999653163842
"733",5.58602376,1.49999992951442,1.50001678435446,2.25073773205355,4.50078808539865,0.999999653147079
"734",5.59365494,1.49999992923349,1.50001678064328,2.25073739740801,4.50078773961943,0.999999653130385
"735",5.60128612,1.49999992895149,1.50001677692632,2.25073706266514,4.50078739372557,0.999999653113757
"736",5.6089173,1.49999992866841,1.50001677320371,2.25073672783008,4.50078704772255,0.999999653097193
"737",5.61654848,1.49999992838425,1.50001676947535,2.25073639289963,4.50078670160689,0.999999653080694
"738",5.62417966,1.49999992809901,1.50001676574089,2.25073605785861,4.50078635536237,0.999999653064267
"739",5.63181084,1.49999992781267,1.50001676200084,2.25073572272977,4.50078600901325,0.999999653047902
"740",5.63944202,1.49999992752524,1.50001675825518,2.25073538751285,4.50078566255922,0.999999653031599
"741",5.6470732,1.49999992723671,1.50001675450366,2.25073505219789,4.50078531598958,0.999999653015363
"742",5.65470438,1.49999992694707,1.50001675074644,2.25073471679119,4.50078496931109,0.99999965299919
"743",5.66233556,1.49999992665633,1.50001674698324,2.25073438128103,4.50078462251122,0.999999652983087
"744",5.66996674,1.49999992636448,1.50001674321448,2.25073404568734,4.50078427561111,0.999999652967044
"745",5.67759792,1.49999992607151,1.5000167394401,2.25073371000673,4.50078392860723,0.999999652951063
"746",5.6852291,1.49999992577742,1.50001673565991,2.250733374232,4.50078358149182,0.999999652935147
"747",5.69286028,1.49999992548221,1.50001673187428,2.25073303837971,4.50078323428251,0.999999652919288
"748",5.70049146,1.49999992518587,1.50001672808253,2.25073270241998,4.5007828869474,0.999999652903502
"749",5.70812264,1.49999992488839,1.50001672428542,2.25073236638745,4.50078253952343,0.99999965288777
"750",5.71575382,1.49999992458978,1.5000167204827,2.2507320302705,4.50078219199819,0.9999996528721
"751",5.723385,1.49999992429003,1.50001671667413,2.250731694059,4.50078184436082,0.999999652856496
"752",5.73101618,1.49999992398913,1.50001671285992,2.25073135776396,4.50078149662304,0.999999652840952
"753",5.73864736,1.49999992368708,1.50001670904024,2.25073102139295,4.50078114879285,0.999999652825465
"754",5.74627854,1.49999992338388,1.50001670521478,2.25073068493186,4.50078080085527,0.999999652810042
"755",5.75390972,1.49999992307952,1.50001670138381,2.25073034839342,4.50078045282378,0.999999652794678
"756",5.7615409,1.49999992277399,1.50001669754722,2.25073001177316,4.50078010469364,0.999999652779373
"757",5.76917208,1.4999999224673,1.5000166937048,2.25072967506237,4.50077975645545,0.999999652764133
"758",5.77680326,1.49999992215943,1.50001668985718,2.25072933828914,4.50077940813922,0.999999652748944
"759",5.78443444,1.49999992185038,1.50001668600384,2.25072900143173,4.50077905972169,0.999999652733816
"760",5.79206562,1.49999992154016,1.50001668214488,2.25072866449453,4.50077871120746,0.999999652718748
"761",5.7996968,1.49999992122875,1.50001667828015,2.25072832746958,4.50077836258818,0.999999652703744
"762",5.80732798,1.49999992091615,1.50001667441035,2.25072799039053,4.5007780138996,0.999999652688786
"763",5.81495916,1.49999992060235,1.50001667053455,2.25072765321645,4.500777665098,0.999999652673896
"764",5.82259034,1.49999992028735,1.50001666665339,2.25072731597543,4.50077731621336,0.999999652659059
"765",5.83022152,1.49999991997115,1.50001666276658,2.2507269786552,4.50077696723259,0.999999652644282
"766",5.8378527,1.49999991965375,1.50001665887442,2.25072664127021,4.500776618171,0.999999652629557
"767",5.84548388,1.49999991933512,1.50001665497672,2.25072630381095,4.5007762690185,0.99999965261489
"768",5.85311506,1.49999991901528,1.50001665107328,2.25072596626999,4.5007759197671,0.999999652600284
"769",5.86074624,1.49999991869422,1.50001664716457,2.25072562866896,4.50077557043979,0.999999652585728
"770",5.86837742,1.49999991837193,1.50001664325027,2.25072529099344,4.50077522102126,0.99999965257123
"771",5.8760086,1.4999999180484,1.50001663933037,2.25072495324302,4.50077487151101,0.99999965255679
"772",5.88363978,1.49999991772365,1.50001663540507,2.25072461542787,4.50077452191981,0.999999652542402
"773",5.89127096,1.49999991739764,1.50001663147412,2.25072427753793,4.50077417223691,0.999999652528073
"774",5.89890214,1.4999999170704,1.50001662753804,2.25072393959528,4.50077382248588,0.999999652513791
"775",5.90653332,1.4999999167419,1.50001662359622,2.2507236015739,4.5007734726389,0.99999965249957
"776",5.9141645,1.49999991641214,1.5000166196489,2.25072326348434,4.50077312270726,0.999999652485403
"777",5.92179568,1.49999991608113,1.50001661569655,2.25072292534866,4.50077277271438,0.99999965247128
"778",5.92942686,1.49999991574885,1.50001661173837,2.2507225871316,4.50077242262265,0.999999652457219
"779",5.93705804,1.4999999154153,1.50001660777455,2.25072224884261,4.50077207244209,0.999999652443215
"780",5.94468922,1.49999991508047,1.50001660380567,2.25072191050669,4.50077172219939,0.999999652429256
"781",5.9523204,1.49999991474437,1.50001659983115,2.250721572099,4.500771371868,0.999999652415354
"782",5.95995158,1.49999991440698,1.50001659585124,2.25072123363195,4.50077102146109,0.999999652401502
"783",5.96758276,1.4999999140683,1.50001659186603,2.25072089510835,4.50077067098174,0.999999652387701
"784",5.97521394,1.49999991372832,1.5000165878751,2.25072055651133,4.50077032041178,0.999999652373958
"785",5.98284512,1.49999991338705,1.50001658387878,2.25072021785625,4.50076996976761,0.999999652360265
"786",5.9904763,1.49999991304447,1.50001657987711,2.25071987914353,4.50076961904974,0.999999652346622
"787",5.99810748,1.49999991270058,1.5000165758702,2.25071954037982,4.50076926826517,0.999999652333027
"788",6.00573866,1.49999991235537,1.50001657185777,2.25071920155374,4.50076891740167,0.999999652319485
"789",6.01336984,1.49999991200885,1.50001656784004,2.25071886267411,4.50076856646873,0.999999652305991
"790",6.02100102,1.499999911661,1.50001656381665,2.25071852372606,4.50076821545037,0.999999652292553
"791",6.0286322,1.49999991131183,1.50001655978816,2.25071818473506,4.50076786437375,0.999999652279159
"792",6.03626338,1.49999991096131,1.50001655575383,2.25071784566851,4.5007675132041,0.999999652265825
"793",6.04389456,1.49999991060946,1.50001655171459,2.25071750656839,4.50076716198611,0.999999652252529
"794",6.05152574,1.49999991025626,1.50001654766969,2.25071716740096,4.50076681068385,0.999999652239289
"795",6.05915692,1.49999990990171,1.50001654361959,2.2507168281889,4.50076645932136,0.999999652226093
"796",6.0667881,1.49999990954581,1.50001653956379,2.25071648890816,4.50076610787307,0.999999652212954
"797",6.07441928,1.49999990918855,1.50001653550288,2.25071614958803,4.5007657563701,0.999999652199857
"798",6.08205046,1.49999990882992,1.50001653143647,2.25071581020928,4.50076540479199,0.999999652186812
"799",6.08968164,1.49999990846992,1.50001652736474,2.25071547078122,4.50076505314858,0.999999652173813
"800",6.09731282,1.49999990810854,1.50001652328766,2.25071513130324,4.50076470143924,0.999999652160863
"801",6.104944,1.49999990774578,1.50001651920506,2.25071479176818,4.50076434965623,0.999999652147962
"802",6.11257518,1.49999990738164,1.50001651511734,2.25071445219475,4.50076399781952,0.999999652135104
"803",6.12020636,1.4999999070161,1.50001651102422,2.25071411256939,4.50076364591466,0.999999652122295
"804",6.12783754,1.49999990664916,1.5000165069255,2.25071377288612,4.50076329393509,0.999999652109537
"805",6.13546872,1.49999990628083,1.50001650282163,2.25071343316296,4.50076294190018,0.999999652096821
"806",6.1430999,1.49999990591108,1.50001649871229,2.25071309338745,4.50076258979652,0.999999652084155
"807",6.15073108,1.49999990553992,1.50001649459759,2.25071275356516,4.50076223763001,0.999999652071534
"808",6.15836226,1.49999990516734,1.50001649047752,2.25071241369556,4.50076188540007,0.99999965205896
"809",6.16599344,1.49999990479334,1.50001648635235,2.25071207379128,4.50076153312014,0.999999652046427
"810",6.17362462,1.49999990441791,1.5000164822217,2.25071173383538,4.50076118077215,0.999999652033942
"811",6.1812558,1.49999990404104,1.50001647808555,2.25071139382785,4.50076082835602,0.999999652021506
"812",6.18888698,1.49999990366273,1.50001647394401,2.25071105377548,4.5007604758789,0.999999652009116
"813",6.19651816,1.49999990328298,1.50001646979724,2.25071071368455,4.50076012334754,0.999999651996768
"814",6.20414934,1.49999990290177,1.50001646564526,2.25071037355466,4.50075977076155,0.999999651984462
"815",6.21178052,1.49999990251911,1.50001646148785,2.25071003337992,4.50075941811445,0.999999651972202
"816",6.2194117,1.49999990213498,1.50001645732502,2.25070969315892,4.50075906540482,0.999999651959989
"817",6.22704288,1.49999990174939,1.50001645315686,2.25070935289724,4.50075871263853,0.999999651947819
"818",6.23467406,1.49999990136232,1.50001644898332,2.25070901259238,4.50075835981292,0.999999651935694
"819",6.24230524,1.49999990097377,1.50001644480444,2.25070867224728,4.50075800693104,0.999999651923612
"820",6.24993642,1.49999990058374,1.50001644062021,2.25070833186152,4.50075765399245,0.999999651911574
"821",6.2575676,1.49999990019221,1.50001643643094,2.2507079914496,4.50075730101258,0.999999651899573
"822",6.26519878,1.49999989979919,1.50001643223589,2.25070765097901,4.5007569479567,0.999999651887625
"823",6.27282996,1.49999989940467,1.50001642803563,2.25070731047642,4.50075659485321,0.999999651875716
"824",6.28046114,1.49999989900863,1.50001642382999,2.25070696993318,4.50075624169289,0.999999651863851
"825",6.28809232,1.49999989861109,1.50001641961908,2.25070662935592,4.50075588848276,0.999999651852026
"826",6.2957235,1.49999989821202,1.50001641540293,2.25070628874566,4.5007555352239,0.999999651840242
"827",6.30335468,1.49999989781143,1.50001641118151,2.2507059481022,4.50075518191605,0.999999651828498
"828",6.31098586,1.49999989740931,1.5000164069546,2.25070560741642,4.50075482854942,0.999999651816799
"829",6.31861704,1.49999989700565,1.50001640272223,2.25070526668947,4.50075447512521,0.999999651805144
"830",6.32624822,1.49999989660044,1.50001639848454,2.25070492592816,4.50075412165069,0.99999965179353
"831",6.3338794,1.49999989619369,1.50001639424142,2.25070458512858,4.50075376812161,0.999999651781959
"832",6.34151058,1.49999989578538,1.50001638999315,2.25070424430331,4.50075341455139,0.999999651770425
"833",6.34914176,1.49999989537552,1.50001638573956,2.25070390344601,4.50075306093319,0.999999651758931
"834",6.35677294,1.49999989496408,1.50001638148029,2.25070356253995,4.50075270724918,0.999999651747485
"835",6.36440412,1.49999989455107,1.50001637721612,2.25070322162082,4.50075235353739,0.99999965173607
"836",6.3720353,1.49999989413649,1.50001637294631,2.25070288065673,4.50075199976372,0.999999651724701
"837",6.37966648,1.49999989372031,1.50001636867125,2.25070253966522,4.50075164594692,0.99999965171337
"838",6.38729766,1.49999989330255,1.5000163643908,2.25070219863993,4.50075129208011,0.99999965170208
"839",6.39492884,1.49999989288319,1.50001636010514,2.25070185759097,4.50075093817405,0.999999651690825
"840",6.40256002,1.49999989246223,1.50001635581367,2.25070151649056,4.5007505841991,0.999999651679621
"841",6.4101912,1.49999989203965,1.50001635151705,2.25070117536906,4.50075023018756,0.999999651668451
"842",6.41782238,1.49999989161547,1.50001634721527,2.25070083422677,4.5007498761398,0.999999651657316
"843",6.42545356,1.49999989118966,1.5000163429079,2.25070049304579,4.50074952203657,0.999999651646225
"844",6.43308474,1.49999989076222,1.50001633859522,2.25070015183758,4.50074916789021,0.999999651635171
"845",6.44071592,1.49999989033315,1.50001633427725,2.25069981060537,4.50074881370392,0.999999651624153
"846",6.4483471,1.49999988990244,1.50001632995386,2.25069946934179,4.50074845947004,0.999999651613176
"847",6.45597828,1.49999988947008,1.50001632562519,2.25069912805448,4.50074810519658,0.999999651602235
"848",6.46360946,1.49999988903607,1.50001632129091,2.25069878672945,4.50074775086855,0.999999651591337
"849",6.47124064,1.4999998886004,1.50001631695138,2.25069844538368,4.50074739650406,0.999999651580473
"850",6.47887182,1.49999988816306,1.50001631260658,2.25069810401688,4.50074704210273,0.999999651569645
"851",6.486503,1.49999988772405,1.50001630825614,2.250697762612,4.50074668764639,0.99999965155886
"852",6.49413418,1.49999988728337,1.50001630390041,2.25069742118521,4.50074633315225,0.999999651548111
"853",6.50176536,1.499999886841,1.50001629953916,2.25069707972859,4.50074597861174,0.9999996515374
"854",6.50939654,1.49999988639694,1.50001629517251,2.25069673824677,4.50074562402984,0.999999651526727
"855",6.51702772,1.49999988595118,1.50001629080081,2.25069639675539,4.50074526942322,0.999999651516084
"856",6.5246589,1.49999988550371,1.50001628642352,2.25069605523139,4.5007449147672,0.999999651505481
"857",6.53229008,1.49999988505454,1.50001628204068,2.25069571367701,4.50074456006416,0.999999651494918
"858",6.53992126,1.49999988460365,1.50001627765252,2.25069537210388,4.50074420532639,0.999999651484389
"859",6.54755244,1.49999988415103,1.50001627325867,2.2506950304956,4.50074385053643,0.999999651473902
"860",6.55518362,1.49999988369669,1.50001626885978,2.25069468888011,4.50074349572412,0.999999651463443
"861",6.5628148,1.49999988324061,1.50001626445543,2.250694347242,4.50074314087284,0.99999965145302
"862",6.57044598,1.49999988278278,1.50001626004564,2.25069400558063,4.50074278598193,0.999999651442634
"863",6.57807716,1.49999988232321,1.50001625563021,2.25069366388871,4.50074243104358,0.999999651432287
"864",6.58570834,1.49999988186187,1.50001625120953,2.25069332218326,4.50074207607597,0.999999651421972
"865",6.59333952,1.49999988139878,1.50001624678316,2.25069298044723,4.50074172106067,0.999999651411697
"866",6.6009707,1.49999988093391,1.50001624235163,2.25069263870147,4.50074136602018,0.999999651401452
"867",6.60860188,1.49999988046727,1.50001623791461,2.25069229693507,4.50074101094258,0.999999651391241
"868",6.61623306,1.49999987999884,1.50001623347199,2.25069195514168,4.50074065582117,0.999999651381069
"869",6.62386424,1.49999987952862,1.5000162290239,2.25069161332898,4.50074030066406,0.999999651370931
"870",6.63149542,1.4999998790566,1.50001622457023,2.25069127149178,4.50073994546571,0.999999651360831
"871",6.6391266,1.49999987858278,1.5000162201116,2.25069092965757,4.50073959025547,0.999999651350754
"872",6.64675778,1.49999987810715,1.50001621564717,2.25069058779077,4.50073923499522,0.999999651340717
"873",6.65438896,1.4999998776297,1.50001621117735,2.25069024591037,4.50073887970521,0.999999651330713
"874",6.66202014,1.49999987715043,1.50001620670182,2.25068990400196,4.50073852437008,0.999999651320747
"875",6.66965132,1.49999987666932,1.50001620222069,2.2506895620717,4.50073816899627,0.999999651310817
"876",6.6772825,1.49999987618637,1.50001619773435,2.25068922013658,4.50073781360199,0.999999651300915
"877",6.68491368,1.49999987570158,1.5000161932425,2.25068887818444,4.50073745817417,0.999999651291045
"878",6.69254486,1.49999987521493,1.50001618874494,2.25068853620689,4.50073710270379,0.999999651281214
"879",6.70017604,1.49999987472643,1.50001618424213,2.25068819422397,4.50073674721228,0.99999965127141
"880",6.70780722,1.49999987423605,1.50001617973369,2.25068785222099,4.50073639168383,0.999999651261641
"881",6.7154384,1.4999998737438,1.50001617521958,2.25068751019669,4.50073603611708,0.999999651251907
"882",6.72306958,1.49999987324967,1.50001617070014,2.25068716816501,4.50073568052692,0.999999651242202
"883",6.73070076,1.49999987275365,1.50001616617512,2.25068682611736,4.50073532490406,0.99999965123253
"884",6.73833194,1.49999987225574,1.50001616164445,2.25068648405083,4.50073496924538,0.999999651222893
"885",6.74596312,1.49999987175592,1.50001615710821,2.25068614196825,4.50073461355394,0.999999651213288
"886",6.7535943,1.49999987125419,1.50001615256643,2.25068579987328,4.50073425783346,0.999999651203715
"887",6.76122548,1.49999987075054,1.50001614801927,2.25068545777163,4.5007339020902,0.99999965119417
"888",6.76885666,1.49999987024497,1.50001614346648,2.25068511565494,4.50073354631499,0.999999651184657
"889",6.77648784,1.49999986973746,1.50001613890767,2.25068477350545,4.50073319048891,0.999999651175186
"890",6.78411902,1.49999986922801,1.50001613434374,2.25068443136394,4.50073283465548,0.999999651165736
"891",6.7917502,1.49999986871662,1.50001612977401,2.25068408920035,4.50073247878256,0.999999651156322
"892",6.79938138,1.49999986820327,1.50001612519885,2.25068374703274,4.50073212288932,0.999999651146935
"893",6.80701256,1.49999986768796,1.5000161206178,2.25068340483976,4.50073176695303,0.999999651137585
"894",6.81464374,1.49999986717068,1.50001611603128,2.25068306264212,4.50073141099567,0.999999651128263
"895",6.82227492,1.49999986665142,1.50001611143919,2.2506827204354,4.50073105501255,0.999999651118971
"896",6.8299061,1.49999986613017,1.50001610684128,2.25068237820907,4.50073069899235,0.999999651109713
"897",6.83753728,1.49999986560694,1.50001610223788,2.25068203597758,4.50073034295049,0.999999651100483
"898",6.84516846,1.4999998650817,1.5000160976287,2.25068169373078,4.50072998687601,0.999999651091285
"899",6.85279964,1.49999986455446,1.50001609301427,2.250681351491,4.5007296307928,0.999999651082109
"900",6.86043082,1.4999998640252,1.50001608839376,2.25068100922279,4.5007292746629,0.999999651072973
"901",6.868062,1.49999986349391,1.50001608376776,2.25068066695249,4.50072891851446,0.999999651063862
"902",6.87569318,1.4999998629606,1.50001607913605,2.25068032467139,4.50072856233808,0.999999651054782
"903",6.88332436,1.49999986242524,1.50001607449846,2.25067998237302,4.50072820612679,0.999999651045735
"904",6.89095554,1.49999986188784,1.50001606985513,2.25067964006325,4.50072784988688,0.999999651036719
"905",6.89858672,1.49999986134839,1.50001606520645,2.25067929775955,4.50072749363698,0.999999651027725
"906",6.9062179,1.49999986080687,1.50001606055196,2.25067895544362,4.50072713735743,0.999999651018762
"907",6.91384908,1.49999986026328,1.50001605589171,2.25067861311778,4.5007267810507,0.999999651009829
"908",6.92148026,1.49999985971762,1.50001605122567,2.25067827078185,4.50072642471649,0.999999651000927
"909",6.92911144,1.49999985916987,1.50001604655388,2.25067792843753,4.50072606835667,0.999999650992053
"910",6.93674262,1.49999985862002,1.50001604187613,2.2506775860757,4.50072571196143,0.999999650983213
"911",6.9443738,1.49999985806808,1.50001603719275,2.25067724371268,4.50072535554813,0.999999650974399
"912",6.95200498,1.49999985751402,1.50001603250378,2.25067690135009,4.50072499911846,0.99999965096561
"913",6.95963616,1.49999985695784,1.50001602780899,2.25067655897846,4.50072464266233,0.99999965095685
"914",6.96726734,1.49999985639954,1.50001602310851,2.25067621660468,4.50072428618695,0.999999650948116
"915",6.97489852,1.49999985583911,1.50001601840197,2.2506758742128,4.50072392967528,0.999999650939416
"916",6.9825297,1.49999985527653,1.50001601368964,2.25067553181598,4.50072357314133,0.999999650930743
"917",6.99016088,1.4999998547118,1.50001600897166,2.25067518942027,4.50072321659152,0.999999650922095
"918",6.99779206,1.49999985414491,1.50001600424778,2.25067484701502,4.50072286001448,0.999999650913477
"919",7.00542324,1.49999985357586,1.50001599951806,2.25067450460482,4.50072250341499,0.999999650904886
"920",7.01305442,1.49999985300463,1.50001599478245,2.25067416218657,4.50072214678975,0.999999650896324
"921",7.0206856,1.49999985243121,1.50001599004078,2.25067381975499,4.50072179013302,0.999999650887794
"922",7.02831678,1.49999985185561,1.50001598529351,2.25067347732971,4.50072143346578,0.999999650879285
"923",7.03594796,1.4999998512778,1.50001598054044,2.25067313490361,4.50072107678032,0.999999650870802
"924",7.04357914,1.49999985069779,1.50001597578143,2.25067279247002,4.50072072006954,0.999999650862347
"925",7.05121032,1.49999985011555,1.50001597101638,2.25067245002627,4.50072036333047,0.999999650853923
"926",7.0588415,1.49999984953109,1.50001596624544,2.25067210757941,4.50072000657064,0.999999650845525
"927",7.06647268,1.4999998489444,1.50001596146867,2.25067176513285,4.50071964979363,0.999999650837151
"928",7.07410386,1.49999984835547,1.50001595668588,2.25067142267856,4.50071929299083,0.999999650828806
"929",7.08173504,1.49999984776428,1.50001595189709,2.25067108021839,4.50071893616412,0.999999650820489
"930",7.08936622,1.49999984717083,1.50001594710246,2.25067073775906,4.50071857932074,0.999999650812197
"931",7.0969974,1.49999984657512,1.50001594230185,2.2506703952965,4.5007182224562,0.999999650803931
"932",7.10462858,1.49999984597712,1.5000159374954,2.25067005283715,4.50071786557736,0.999999650795688
"933",7.11225976,1.49999984537684,1.50001593268282,2.25066971036879,4.5007175086711,0.999999650787474
"934",7.11989094,1.49999984477427,1.50001592786404,2.25066936788923,4.50071715173504,0.999999650779291
"935",7.12752212,1.49999984416939,1.50001592303956,2.2506690254205,4.50071679479271,0.999999650771127
"936",7.1351533,1.4999998435622,1.50001591820895,2.25066868294528,4.50071643782553,0.999999650762991
"937",7.14278448,1.49999984295269,1.50001591337221,2.2506683404637,4.50071608083356,0.999999650754883
"938",7.15041566,1.49999984234085,1.50001590852956,2.25066799798605,4.5007157238278,0.999999650746798
"939",7.15804684,1.49999984172667,1.50001590368078,2.2506676555037,4.50071536679896,0.999999650738739
"940",7.16567802,1.49999984111014,1.50001589882595,2.25066731302143,4.50071500975204,0.999999650730706
"941",7.1733092,1.49999984049126,1.50001589396481,2.2506669705276,4.50071465267465,0.999999650722703
"942",7.18094038,1.49999983987,1.50001588909812,2.25066662805586,4.50071429560269,0.999999650714713
"943",7.18857156,1.49999983924638,1.50001588422511,2.2506662855736,4.50071393850123,0.999999650706753
"944",7.19620274,1.49999983862037,1.50001587934565,2.25066594307746,4.50071358136657,0.999999650698825
"945",7.20383392,1.49999983799196,1.50001587446036,2.25066560059307,4.50071322422616,0.999999650690916
"946",7.2114651,1.49999983736116,1.50001586956903,2.25066525811322,4.50071286707217,0.999999650683029
"947",7.21909628,1.49999983672794,1.50001586467112,2.25066491561473,4.50071250987979,0.999999650675176
"948",7.22672746,1.4999998360923,1.50001585976762,2.25066457314014,4.50071215269452,0.999999650667335
"949",7.23435864,1.49999983545424,1.50001585485752,2.25066423064922,4.50071179547315,0.999999650659527
"950",7.24198982,1.49999983481373,1.5000158499414,2.25066388816519,4.50071143824062,0.99999965065174
"951",7.249621,1.49999983417077,1.50001584501906,2.25066354568111,4.50071108098935,0.999999650643978
"952",7.25725218,1.49999983352536,1.50001584009018,2.25066320318439,4.50071072370585,0.999999650636246
"953",7.26488336,1.49999983287748,1.50001583515529,2.25066286069805,4.50071036641469,0.999999650628534
"954",7.27251454,1.49999983222712,1.50001583021427,2.25066251821766,4.50071000911108,0.999999650620843
"955",7.28014572,1.49999983157428,1.50001582526661,2.25066217572138,4.50070965177165,0.999999650613184
"956",7.2877769,1.49999983091894,1.50001582031313,2.25066183324634,4.50070929443601,0.999999650605539
"957",7.29540808,1.49999983026109,1.50001581535328,2.25066149076889,4.50070893707886,0.99999965059792
"958",7.30303926,1.49999982960073,1.5000158103869,2.25066114828348,4.50070857969414,0.999999650590329
"959",7.31067044,1.49999982893785,1.50001580541454,2.25066080581414,4.50070822230758,0.999999650582754
"960",7.31830162,1.49999982827243,1.5000158004355,2.25066046333132,4.50070786488748,0.99999965057521
"961",7.3259328,1.49999982760447,1.50001579545021,2.25066012085475,4.50070750745488,0.999999650567688
"962",7.33356398,1.49999982693395,1.50001579045857,2.25065977838086,4.5007071500059,0.999999650560188
"963",7.34119516,1.49999982626087,1.50001578546046,2.25065943590537,4.50070679253594,0.999999650552713
"964",7.34882634,1.49999982558522,1.50001578045632,2.25065909344626,4.50070643506425,0.999999650545254
"965",7.35645752,1.49999982490699,1.50001577544555,2.25065875098002,4.50070607756554,0.999999650537823
"966",7.3640887,1.49999982422616,1.50001577042825,2.25065840851231,4.50070572004577,0.999999650530417
"967",7.37171988,1.49999982354273,1.50001576540468,2.25065806605327,4.50070536251586,0.99999965052303
"968",7.37935106,1.49999982285669,1.50001576037476,2.25065772360255,4.50070500497521,0.999999650515663
"969",7.38698224,1.49999982216802,1.50001575533808,2.25065738114109,4.50070464740357,0.999999650508326
"970",7.39461342,1.49999982147672,1.50001575029519,2.25065703869409,4.50070428982774,0.999999650501005
"971",7.4022446,1.49999982078278,1.50001574524588,2.25065669625398,4.50070393223954,0.999999650493705
"972",7.40987578,1.49999982008619,1.50001574018958,2.25065635379637,4.50070357461286,0.999999650486438
"973",7.41750696,1.49999981938693,1.50001573512711,2.25065601135739,4.50070321698632,0.999999650479185
"974",7.42513814,1.499999818685,1.500015730058,2.25065566891764,4.50070285933908,0.999999650471957
"975",7.43276932,1.49999981798039,1.50001572498253,2.25065532648844,4.50070250168329,0.999999650464747
"976",7.4404005,1.49999981727308,1.5000157199004,2.25065498406066,4.50070214400897,0.99999965045756
"977",7.44803168,1.49999981656307,1.50001571481154,2.25065464163062,4.50070178631219,0.999999650450398
"978",7.45566286,1.49999981585034,1.50001570971616,2.25065429920767,4.50070142860295,0.999999650443256
"979",7.46329404,1.49999981513489,1.50001570461425,2.25065395679237,4.50070107088176,0.999999650436134
"980",7.47092522,1.49999981441671,1.50001569950562,2.25065361437785,4.50070071314119,0.999999650429036
"981",7.4785564,1.49999981369577,1.50001569439058,2.25065327197774,4.5007003553958,0.999999650421953
"982",7.48618758,1.49999981297209,1.50001568926846,2.2506529295641,4.50069999761564,0.999999650414902
"983",7.49381876,1.49999981224563,1.50001568413983,2.25065258716289,4.50069963982838,0.999999650407867
"984",7.50144994,1.4999998115164,1.50001567900445,2.2506522447641,4.50069928202329,0.999999650400855
"985",7.50908112,1.49999981078439,1.50001567386249,2.25065190237553,4.50069892420866,0.999999650393862
"986",7.5167123,1.49999981004957,1.50001566871386,2.25065155999465,4.50069856638175,0.999999650386887
"987",7.52434348,1.49999980931194,1.50001566355829,2.25065121761009,4.50069820853033,0.999999650379939
"988",7.53197466,1.4999998085715,1.50001565839597,2.25065087523169,4.50069785066479,0.99999965037301
"989",7.53960584,1.49999980782822,1.50001565322688,2.25065053285914,4.5006974927848,0.999999650366102
"990",7.54723702,1.4999998070821,1.50001564805086,2.25065019048588,4.50069713488333,0.999999650359218
"991",7.5548682,1.49999980633313,1.5000156428683,2.2506498481291,4.5006967769787,0.999999650352349
"992",7.56249938,1.4999998055813,1.50001563767893,2.25064950578005,4.50069641906139,0.999999650345499
"993",7.57013056,1.49999980482659,1.50001563248268,2.25064916343406,4.50069606112648,0.999999650338671
"994",7.57776174,1.499999804069,1.50001562727916,2.25064882107767,4.50069570315937,0.999999650331871
"995",7.58539292,1.49999980330851,1.50001562206919,2.25064847874466,4.50069534519629,0.999999650325083
"996",7.5930241,1.49999980254511,1.50001561685222,2.25064813641311,4.50069498721365,0.999999650318317
"997",7.60065528,1.4999998017788,1.50001561162833,2.25064779408832,4.50069462921703,0.99999965031157
"998",7.60828646,1.49999980100956,1.5000156063974,2.25064745176444,4.50069427120019,0.999999650304847
"999",7.61591764,1.49999980023737,1.50001560115956,2.25064710944922,4.50069391317129,0.999999650298142
"1000",7.62354882,1.49999979946223,1.50001559591489,2.25064676714673,4.50069355513464,0.999999650291453
"1001",7.63118,1.49999979868413,1.50001559066304,2.25064642484098,4.50069319707316,0.999999650284789
"1002",7.63881118,1.49999979790306,1.50001558540412,2.25064608253978,4.50069283899505,0.999999650278146
"1003",7.64644236,1.499999797119,1.50001558013824,2.25064574024821,4.50069248090567,0.99999965027152
"1004",7.65407354,1.49999979633194,1.5000155748654,2.2506453979659,4.50069212280469,0.999999650264913
"1005",7.66170472,1.49999979554187,1.50001556958548,2.25064505568962,4.50069176468847,0.999999650258325
"1006",7.6693359,1.49999979474879,1.50001556429851,2.25064471342215,4.50069140655994,0.999999650251756
"1007",7.67696708,1.49999979395267,1.50001555900435,2.250644371158,4.50069104841314,0.999999650245208
"1008",7.68459826,1.49999979315351,1.50001555370312,2.25064402890138,4.50069069025266,0.999999650238678
"1009",7.69222944,1.49999979235129,1.50001554839469,2.25064368665009,4.50069033207592,0.999999650232169
"1010",7.69986062,1.499999791546,1.50001554307919,2.25064334440879,4.50068997388795,0.999999650225676
"1011",7.7074918,1.49999979073764,1.50001553775629,2.25064300216591,4.50068961567621,0.999999650219208
"1012",7.71512298,1.49999978992619,1.50001553242634,2.25064265993575,4.50068925745603,0.999999650212755
"1013",7.72275416,1.49999978911163,1.5000155270892,2.25064231771321,4.5006888992219,0.999999650206321
"1014",7.73038534,1.49999978829396,1.50001552174492,2.25064197550339,4.50068854097907,0.999999650199902
"1015",7.73801652,1.49999978747317,1.50001551639312,2.25064163328925,4.50068818270938,0.999999650193508
"1016",7.7456477,1.49999978664924,1.50001551103438,2.25064129109533,4.50068782443905,0.999999650187126
"1017",7.75327888,1.49999978582215,1.50001550566804,2.25064094889767,4.50068746614221,0.999999650180769
"1018",7.76091006,1.49999978499191,1.50001550029424,2.25064060669983,4.5006871078228,0.999999650174434
"1019",7.76854124,1.49999978415849,1.50001549491348,2.25064026452643,4.50068674950698,0.999999650168108
"1020",7.77617242,1.49999978332189,1.50001548952524,2.25063992235453,4.50068639117017,0.999999650161803
"1021",7.7838036,1.49999978248209,1.50001548412949,2.25063958018524,4.50068603281348,0.99999965015552
"1022",7.79143478,1.49999978163907,1.50001547872641,2.25063923802548,4.50068567444429,0.999999650149253
"1023",7.79906596,1.49999978079284,1.50001547331573,2.25063889586615,4.50068531605276,0.999999650143009
"1024",7.80669714,1.49999977994337,1.50001546789785,2.25063855372479,4.5006849576576,0.999999650136777
"1025",7.81432832,1.49999977909065,1.5000154624726,2.25063821159436,4.50068459925124,0.999999650130561
"1026",7.8219595,1.49999977823467,1.5000154570397,2.25063786946511,4.50068424082314,0.999999650124366
"1027",7.82959068,1.49999977737542,1.50001545159951,2.25063752735177,4.50068388238904,0.999999650118185
"1028",7.83722186,1.49999977651288,1.50001544615127,2.25063718522521,4.50068352391759,0.999999650112033
"1029",7.84485304,1.49999977564705,1.50001544069595,2.25063684312554,4.50068316545182,0.999999650105888
"1030",7.85248422,1.49999977477791,1.50001543523288,2.25063650102552,4.50068280696242,0.999999650099766
"1031",7.8601154,1.49999977390544,1.50001542976222,2.25063615893393,4.50068244845868,0.99999965009366
"1032",7.86774658,1.49999977302964,1.50001542428398,2.25063581685067,4.50068208994052,0.999999650087572
"1033",7.87537776,1.49999977215049,1.50001541879809,2.25063547477508,4.5006817314071,0.999999650081501
"1034",7.88300894,1.49999977126799,1.50001541330461,2.25063513271003,4.50068137286143,0.999999650075447
"1035",7.89064012,1.4999997703821,1.50001540780329,2.25063479064572,4.500681014293,0.999999650069413
"1036",7.8982713,1.49999976949283,1.50001540229444,2.25063444859693,4.50068065571749,0.999999650063392
"1037",7.90590248,1.49999976860016,1.50001539677773,2.25063410654965,4.50068029711989,0.999999650057393
"1038",7.91353366,1.49999976770408,1.50001539125339,2.25063376451585,4.50067993851291,0.999999650051407
"1039",7.92116484,1.49999976680457,1.50001538572138,2.2506334224939,4.50067957989477,0.999999650045436
"1040",7.92879602,1.49999976590163,1.50001538018123,2.25063308046473,4.50067922124496,0.99999965003949
"1041",7.9364272,1.49999976499523,1.50001537463359,2.25063273845778,4.50067886259493,0.999999650033554
"1042",7.94405838,1.49999976408537,1.50001536907784,2.25063239644665,4.50067850391638,0.999999650027641
"1043",7.95168956,1.49999976317203,1.50001536351425,2.2506320544444,4.50067814522317,0.999999650021744
"1044",7.95932074,1.49999976225519,1.50001535794314,2.25063171246581,4.50067778653108,0.999999650015856
"1045",7.96695192,1.49999976133485,1.50001535236378,2.25063137048092,4.50067742780796,0.999999650009992
"1046",7.9745831,1.499999760411,1.50001534677653,2.25063102850472,4.50067706906983,0.999999650004144
"1047",7.98221428,1.49999975948361,1.5000153411813,2.25063068653597,4.50067671031523,0.999999649998313
"1048",7.98984546,1.49999975855268,1.50001533557837,2.25063034458642,4.50067635155672,0.999999649992493
"1049",7.99747664,1.49999975761818,1.50001532996709,2.25063000263075,4.50067599276703,0.999999649986696
"1050",8.00510782,1.49999975668012,1.50001532434799,2.25062966069102,4.50067563396983,0.999999649980912
"1051",8.012739,1.49999975573847,1.50001531872067,2.25062931875305,4.50067527514973,0.999999649975147
"1052",8.02037018,1.49999975479322,1.5000153130856,2.25062897683562,4.50067491632692,0.999999649969392
"1053",8.02800136,1.49999975384436,1.50001530744206,2.25062863491002,4.5006745574705,0.999999649963662
"1054",8.03563254,1.49999975289186,1.50001530179083,2.25062829301153,4.50067419861817,0.999999649957937
"1055",8.04326372,1.49999975193573,1.500015296131,2.25062795110153,4.50067383972849,0.999999649952239
"1056",8.0508949,1.49999975097594,1.50001529046323,2.25062760920938,4.50067348083287,0.999999649946552
"1057",8.05852608,1.49999975001249,1.5000152847873,2.2506272673265,4.50067312192202,0.99999964994088
"1058",8.06615726,1.49999974904535,1.50001527910314,2.25062692545075,4.50067276299361,0.999999649935224
"1059",8.07378844,1.49999974807451,1.50001527341054,2.25062658357489,4.50067240403979,0.999999649929589
"1060",8.08141962,1.49999974709996,1.50001526770993,2.25062624171837,4.50067204508127,0.999999649923963
"1061",8.0890508,1.49999974612168,1.50001526200089,2.25062589986324,4.50067168609883,0.999999649918356
"1062",8.09668198,1.49999974513967,1.50001525628345,2.25062555801341,4.50067132709652,0.999999649912767
"1063",8.10431316,1.4999997441539,1.50001525055783,2.25062521617753,4.50067096808362,0.99999964990719
"1064",8.11194434,1.49999974316437,1.50001524482357,2.25062487433916,4.50067060904229,0.999999649901634
"1065",8.11957552,1.49999974217105,1.50001523908136,2.25062453252607,4.50067025000237,0.999999649896083
"1066",8.1272067,1.49999974117393,1.5000152333304,2.25062419070734,4.50066989093058,0.999999649890556
"1067",8.13483788,1.499999740173,1.500015227571,2.25062384889778,4.50066953184266,0.999999649885043
"1068",8.14246906,1.49999973916824,1.50001522180306,2.25062350709212,4.50066917273301,0.999999649879548
"1069",8.15010024,1.49999973815965,1.50001521602679,2.25062316530148,4.50066881361337,0.999999649874064
"1070",8.15773142,1.4999997371472,1.50001521024195,2.2506228235169,4.50066845447409,0.999999649868596
"1071",8.1653626,1.49999973613087,1.50001520444845,2.25062248173592,4.50066809531244,0.999999649863145
"1072",8.17299378,1.49999973511067,1.50001519864665,2.25062213997352,4.50066773614446,0.999999649857704
"1073",8.18062496,1.49999973408656,1.5000151928361,2.25062179821324,4.50066737695237,0.999999649852281
"1074",8.18825614,1.49999973305853,1.50001518701679,2.25062145645542,4.50066701773645,0.999999649846875
"1075",8.19588732,1.49999973202658,1.50001518118885,2.25062111470539,4.50066665850239,0.999999649841484
"1076",8.2035185,1.49999973099068,1.50001517535239,2.25062077297081,4.50066629925826,0.999999649836104
"1077",8.21114968,1.49999972995082,1.50001516950706,2.25062043123721,4.50066593998851,0.999999649830742
"1078",8.21878086,1.49999972890699,1.50001516365307,2.25062008951365,4.5006655807028,0.999999649825393
"1079",8.22641204,1.49999972785917,1.50001515779025,2.25061974779539,4.50066522139591,0.999999649820061
"1080",8.23404322,1.49999972680734,1.50001515191849,2.2506194060788,4.50066486206387,0.999999649814746
"1081",8.2416744,1.49999972575149,1.50001514603819,2.25061906438103,4.500664502725,0.999999649809439
"1082",8.24930558,1.4999997246916,1.5000151401492,2.25061872269711,4.50066414337393,0.999999649804143
"1083",8.25693676,1.49999972362766,1.50001513425098,2.25061838100587,4.50066378398786,0.99999964979887
"1084",8.26456794,1.49999972255966,1.50001512834369,2.25061803931555,4.5006634245755,0.999999649793615
"1085",8.27219912,1.49999972148757,1.50001512242779,2.25061769764571,4.50066306515777,0.999999649788366
"1086",8.2798303,1.49999972041138,1.50001511650296,2.25061735598392,4.50066270572129,0.999999649783132
"1087",8.28746148,1.49999971933108,1.50001511056894,2.25061701432121,4.50066234625636,0.999999649777916
"1088",8.29509266,1.49999971824665,1.50001510462587,2.25061667266413,4.50066198676988,0.999999649772715
"1089",8.30272384,1.49999971715807,1.50001509867391,2.25061633102133,4.50066162727102,0.999999649767524
"1090",8.31035502,1.49999971606533,1.50001509271281,2.25061598938262,4.50066126774884,0.999999649762349
"1091",8.3179862,1.49999971496841,1.50001508674268,2.25061564775404,4.50066090820969,0.999999649757186
"1092",8.32561738,1.4999997138673,1.50001508076342,2.25061530613167,4.50066054864936,0.999999649752038
"1093",8.33324856,1.49999971276199,1.50001507477484,2.25061496451114,4.50066018906292,0.999999649746906
"1094",8.34087974,1.49999971165244,1.50001506877692,2.25061462289066,4.5006598294485,0.999999649741792
"1095",8.34851092,1.49999971053866,1.50001506277026,2.25061428129654,4.50065946983421,0.99999964973668
"1096",8.3561421,1.49999970942061,1.50001505675393,2.25061393969158,4.50065911018007,0.999999649731592
"1097",8.36377328,1.49999970829829,1.50001505072844,2.25061359809839,4.50065875051023,0.999999649726515
"1098",8.37140446,1.49999970717169,1.50001504469366,2.25061325651315,4.50065839082049,0.999999649721451
"1099",8.37903564,1.49999970604077,1.5000150386494,2.25061291492856,4.50065803110291,0.999999649716404
"1100",8.38666682,1.49999970490553,1.50001503259606,2.25061257336211,4.50065767137627,0.999999649711364
"1101",8.394298,1.49999970376595,1.50001502653294,2.25061223178647,4.50065731161109,0.999999649706345
"1102",8.40192918,1.49999970262202,1.5000150204607,2.25061189023066,4.50065695183838,0.999999649701333
"1103",8.40956036,1.49999970147371,1.50001501437893,2.25061154867696,4.50065659203917,0.999999649696336
"1104",8.41719154,1.49999970032101,1.50001500828763,2.25061120712872,4.50065623221685,0.999999649691354
"1105",8.42482272,1.49999969916391,1.50001500218681,2.25061086558685,4.50065587237235,0.999999649686384
"1106",8.4324539,1.49999969800238,1.50001499607643,2.25061052405068,4.50065551250484,0.999999649681427
"1107",8.44008508,1.49999969683641,1.5000149899563,2.25061018251394,4.50065515260753,0.999999649676488
"1108",8.44771626,1.49999969566599,1.5000149838268,2.25060984099304,4.50065479269797,0.999999649671556
"1109",8.45534744,1.49999969449109,1.50001497768755,2.25060949947384,4.50065443276082,0.999999649666639
"1110",8.46297862,1.49999969331169,1.50001497153852,2.25060915795588,4.50065407279558,0.999999649661738
"1111",8.4706098,1.49999969212779,1.50001496537996,2.25060881645156,4.50065371281542,0.999999649656846
"1112",8.47824098,1.49999969093937,1.50001495921133,2.25060847493971,4.50065335279747,0.999999649651973
"1113",8.48587216,1.4999996897464,1.50001495303316,2.25060813344242,4.50065299276549,0.999999649647109
"1114",8.49350334,1.49999968854887,1.5000149468451,2.25060779194736,4.50065263270607,0.999999649642259
"1115",8.50113452,1.49999968734676,1.50001494064716,2.25060745045589,4.5006522726206,0.999999649637423
"1116",8.5087657,1.49999968614006,1.50001493443944,2.25060710897407,4.50065191251544,0.999999649632597
"1117",8.51639688,1.49999968492874,1.500014928222,2.2506067675042,4.50065155239306,0.99999964962778
"1118",8.52402806,1.49999968371279,1.50001492199443,2.25060642603159,4.50065119223756,0.99999964962298
"1119",8.53165924,1.4999996824922,1.50001491575653,2.25060608454936,4.50065083204143,0.999999649618201
"1120",8.53929042,1.49999968126693,1.50001490950878,2.25060574307853,4.50065047182715,0.99999964961343
"1121",8.5469216,1.49999968003699,1.50001490325112,2.25060540161787,4.50065011159334,0.999999649608669
"1122",8.55455278,1.49999967880234,1.50001489698341,2.25060506016249,4.50064975133464,0.999999649603921
"1123",8.56218396,1.49999967756297,1.50001489070576,2.25060471871757,4.50064939105657,0.999999649599181
"1124",8.56981514,1.49999967631887,1.50001488441776,2.25060437726958,4.5006490307444,0.999999649594458
"1125",8.57744632,1.49999967507001,1.5000148781198,2.25060403583443,4.50064867041519,0.999999649589742
"1126",8.5850775,1.49999967381637,1.5000148718114,2.25060369439296,4.50064831004832,0.999999649585045
"1127",8.59270868,1.49999967255794,1.50001486549264,2.25060335295215,4.50064794965107,0.999999649580362
"1128",8.60033986,1.4999996712947,1.50001485916381,2.25060301152304,4.50064758923527,0.999999649575687
"1129",8.60797104,1.49999967002663,1.50001485282449,2.25060267009024,4.50064722878431,0.999999649571028
"1130",8.61560222,1.49999966875372,1.50001484647497,2.25060232866834,4.50064686831367,0.999999649566378
"1131",8.6232334,1.49999966747594,1.50001484011499,2.25060198724554,4.50064650781076,0.999999649561742
"1132",8.63086458,1.49999966619327,1.50001483374468,2.25060164582991,4.50064614728398,0.999999649557116
"1133",8.63849576,1.4999996649057,1.50001482736392,2.25060130441843,4.50064578673005,0.999999649552502
"1134",8.64612694,1.4999996636132,1.50001482097269,2.25060096301037,4.50064542614812,0.9999996495479
"1135",8.65375812,1.49999966231577,1.50001481457072,2.25060062159703,4.50064506552868,0.999999649543314
"1136",8.6613893,1.49999966101338,1.50001480815837,2.2506002801929,4.5006447048873,0.999999649538737
"1137",8.66902048,1.499999659706,1.5000148017352,2.25059993878275,4.50064434420743,0.999999649534177
"1138",8.67665166,1.49999965839363,1.50001479530177,2.25059959739083,4.50064398351503,0.99999964952962
"1139",8.68428284,1.49999965707625,1.50001478885736,2.25059925598843,4.50064362277922,0.999999649525082
"1140",8.69191402,1.49999965575382,1.50001478240232,2.25059891459165,4.50064326201713,0.999999649520555
"1141",8.6995452,1.49999965442634,1.50001477593699,2.2505985732154,4.5006429012447,0.999999649516028
"1142",8.70717638,1.49999965309379,1.50001476946027,2.25059823181622,4.50064254041517,0.999999649511528
"1143",8.71480756,1.49999965175614,1.50001476297302,2.25059789043089,4.50064217956788,0.999999649507033
"1144",8.72243874,1.49999965041338,1.50001475647484,2.25059754904406,4.50064181868632,0.999999649502551
"1145",8.73006992,1.49999964906548,1.5000147499657,2.25059720765613,4.50064145777078,0.999999649498083
"1146",8.7377011,1.49999964771243,1.50001474344567,2.2505968662709,4.50064109682529,0.999999649493625
"1147",8.74533228,1.49999964635421,1.50001473691491,2.25059652489734,4.50064073585924,0.999999649489174
"1148",8.75296346,1.4999996449908,1.50001473037273,2.2505961835078,4.50064037484299,0.999999649484744
"1149",8.76059464,1.49999964362218,1.50001472381967,2.25059584212546,4.50064001380127,0.999999649480322
"1150",8.76822582,1.49999964224832,1.5000147172558,2.25059550075507,4.50063965273907,0.999999649475905
"1151",8.775857,1.49999964086921,1.50001471068081,2.25059515938572,4.50063929164456,0.999999649471499
"1152",8.78348818,1.49999963948483,1.50001470409434,2.25059481800348,4.50063893050273,0.999999649467113
"1153",8.79111936,1.49999963809515,1.50001469749691,2.25059447663058,4.50063856933731,0.999999649462733
"1154",8.79875054,1.49999963670017,1.50001469088812,2.25059413525363,4.5006382081338,0.999999649458367
"1155",8.80638172,1.49999963529985,1.50001468426815,2.25059379388048,4.50063784690056,0.999999649454011
"1156",8.8140129,1.49999963389418,1.50001467763697,2.25059345251147,4.50063748563782,0.999999649449663
"1157",8.82164408,1.49999963248313,1.50001467099434,2.25059311113818,4.50063712433643,0.999999649445329
"1158",8.82927526,1.49999963106669,1.50001466434004,2.25059276975356,4.50063676298872,0.999999649441013
"1159",8.83690644,1.49999962964484,1.50001465767483,2.2505924283886,4.50063640162794,0.999999649436697
"1160",8.84453762,1.49999962821754,1.50001465099783,2.25059208701016,4.5006360402183,0.999999649432399
"1161",8.8521688,1.4999996267848,1.50001464430951,2.25059174563895,4.50063567878194,0.999999649428107
"1162",8.85979998,1.49999962534657,1.50001463760979,2.25059140427178,4.50063531731541,0.999999649423824
"1163",8.86743116,1.49999962390285,1.50001463089804,2.25059106288681,4.50063495579499,0.999999649419562
"1164",8.87506234,1.49999962245361,1.50001462417515,2.25059072151963,4.50063459425894,0.9999996494153
"1165",8.88269352,1.49999962099883,1.50001461744012,2.25059038013248,4.50063423266651,0.999999649411059
"1166",8.8903247,1.49999961953848,1.50001461069375,2.2505900387578,4.50063387105252,0.999999649406822
"1167",8.89795588,1.49999961807256,1.50001460393544,2.25058969737439,4.50063350939398,0.9999996494026
"1168",8.90558706,1.49999961660103,1.50001459716538,2.25058935599038,4.5006331476996,0.999999649398387
"1169",8.91321824,1.49999961512387,1.50001459038389,2.25058901462061,4.50063278598515,0.999999649394177
"1170",8.92084942,1.49999961364107,1.50001458359005,2.25058867322918,4.500632424212,0.999999649389988
"1171",8.9284806,1.4999996121526,1.50001457678456,2.25058833184553,4.5006320624117,0.999999649385804
"1172",8.93611178,1.49999961065844,1.50001456996692,2.25058799045165,4.5006317005647,0.999999649381636
"1173",8.94374296,1.49999960915856,1.50001456313735,2.25058764905815,4.50063133868229,0.999999649377477
"1174",8.95137414,1.49999960765296,1.50001455629607,2.25058730767442,4.50063097677452,0.999999649373321
"1175",8.95900532,1.49999960614159,1.50001454944216,2.25058696626539,4.50063061480356,0.999999649369188
"1176",8.9666365,1.49999960462445,1.50001454257658,2.25058662487138,4.50063025281261,0.999999649365056
"1177",8.97426768,1.49999960310151,1.50001453569863,2.25058628346608,4.50062989077326,0.999999649360939
"1178",8.98189886,1.49999960157275,1.50001452880866,2.2505859420642,4.50062952870126,0.999999649356828
"1179",8.98953004,1.49999960003814,1.50001452190646,2.25058560065938,4.50062916658966,0.999999649352728
"1180",8.99716122,1.49999959849767,1.50001451499161,2.25058525923657,4.50062880442207,0.999999649348646
"1181",9.0047924,1.49999959695131,1.50001450806468,2.25058491781949,4.50062844222401,0.999999649344569
"1182",9.01242358,1.49999959539903,1.50001450112534,2.25058457639706,4.50062807998336,0.999999649340503
"1183",9.02005476,1.49999959384082,1.50001449417391,2.25058423498341,4.50062771771521,0.99999964933644
"1184",9.02768594,1.49999959227666,1.50001448720946,2.25058389354279,4.50062735538105,0.9999996493324
"1185",9.03531712,1.49999959070651,1.50001448023284,2.25058355211046,4.50062699301865,0.999999649328363
"1186",9.0429483,1.49999958913037,1.50001447324376,2.25058321067746,4.50062663061822,0.999999649324334
"1187",9.05057948,1.49999958754819,1.500014466242,2.25058286923582,4.5006262681711,0.999999649320317
"1188",9.05821066,1.49999958595997,1.50001445922771,2.25058252779238,4.5006259056846,0.999999649316308
"1189",9.06584184,1.49999958436568,1.50001445220049,2.25058218633432,4.50062554314465,0.999999649312315
"1190",9.07347302,1.49999958276529,1.50001444516064,2.25058184487352,4.50062518056408,0.99999964930833
"1191",9.0811042,1.49999958115879,1.500014438108,2.2505815034067,4.50062481793916,0.999999649304355
"1192",9.08873538,1.49999957954614,1.5000144310426,2.25058116193619,4.50062445527224,0.999999649300389
"1193",9.09636656,1.49999957792733,1.50001442396458,2.25058082046896,4.50062409257075,0.999999649296427
"1194",9.10399774,1.49999957630233,1.50001441687338,2.25058047898472,4.50062372981272,0.999999649292482
"1195",9.11162892,1.49999957467112,1.5000144097694,2.25058013750006,4.50062336701589,0.999999649288543
"1196",9.1192601,1.49999957303367,1.50001440265211,2.25057979599702,4.50062300416079,0.99999964928462
"1197",9.12689128,1.49999957138996,1.50001439552218,2.25057945450213,4.5006226412759,0.999999649280699
"1198",9.13452246,1.49999956973997,1.50001438837901,2.25057911299399,4.50062227833804,0.999999649276791
"1199",9.14215364,1.49999956808367,1.50001438122253,2.25057877147168,4.50062191534609,0.999999649272897
"1200",9.14978482,1.49999956642104,1.50001437405312,2.25057842995197,4.50062155231795,0.999999649269006
"1201",9.157416,1.49999956475205,1.50001436687046,2.25057808842308,4.50062118924085,0.999999649265126
"1202",9.16504718,1.49999956307668,1.50001435967427,2.25057774687687,4.50062082610587,0.999999649261261
"1203",9.17267836,1.49999956139491,1.50001435246507,2.25057740533442,4.50062046293561,0.999999649257399
"1204",9.18030954,1.49999955970671,1.50001434524247,2.25057706378218,4.50062009971536,0.999999649253547
"1205",9.18794072,1.49999955801205,1.50001433800636,2.25057672221771,4.50061973644237,0.999999649249707
"1206",9.1955719,1.49999955631092,1.50001433075687,2.25057638064724,4.50061937312321,0.999999649245875
"1207",9.20320308,1.49999955460328,1.50001432349376,2.25057603906391,4.50061900975035,0.999999649242055
"1208",9.21083426,1.49999955288912,1.50001431621717,2.25057569747465,4.50061864633113,0.999999649238242
"1209",9.21846544,1.4999995511684,1.50001430892692,2.2505753558729,4.50061828285839,0.99999964923444
"1210",9.22609662,1.4999995494411,1.50001430162302,2.25057501426202,4.50061791933561,0.999999649230648
"1211",9.2337278,1.4999995477072,1.50001429430529,2.25057467263733,4.50061755575753,0.999999649226867
"1212",9.24135898,1.49999954596667,1.50001428697413,2.25057433101434,4.50061719214084,0.999999649223088
"1213",9.24899016,1.49999954421949,1.50001427962897,2.25057398937365,4.50061682846447,0.999999649219324
"1214",9.25662134,1.49999954246563,1.50001427227011,2.25057364772743,4.50061646474146,0.999999649215565
"1215",9.26425252,1.49999954070507,1.50001426489707,2.25057330605987,4.50061610095457,0.999999649211822
"1216",9.2718837,1.49999953893777,1.50001425751049,2.25057296439784,4.50061573713257,0.999999649208079
"1217",9.27951488,1.49999953716372,1.50001425010958,2.25057262271111,4.50061537324292,0.999999649204352
"1218",9.28714606,1.49999953538288,1.50001424269472,2.25057228101668,4.50061500930369,0.999999649200633
"1219",9.29477724,1.49999953359524,1.50001423526593,2.25057193931794,4.50061464531839,0.999999649196918
"1220",9.30240842,1.49999953180076,1.50001422782292,2.2505715976039,4.5006142812751,0.999999649193214
"1221",9.3100396,1.49999952999943,1.5000142203656,2.25057125587325,4.50061391717227,0.999999649189522
"1222",9.31767078,1.4999995281912,1.50001421289411,2.25057091413358,4.50061355301793,0.999999649185837
"1223",9.32530196,1.49999952637607,1.50001420540805,2.2505705723709,4.50061318879683,0.999999649182168
"1224",9.33293314,1.49999952455399,1.50001419790803,2.2505702306104,4.50061282453606,0.999999649178498
"1225",9.34056432,1.49999952272495,1.50001419039341,2.25056988882943,4.50061246021103,0.999999649174842
"1226",9.3481955,1.49999952088892,1.50001418286441,2.25056954703844,4.50061209583283,0.999999649171192
"1227",9.35582668,1.49999951904587,1.50001417532062,2.25056920522235,4.50061173138515,0.999999649167558
"1228",9.36345786,1.49999951719577,1.50001416776236,2.25056886339602,4.50061136688383,0.999999649163931
"1229",9.37108904,1.49999951533861,1.50001416018995,2.25056852157389,4.50061100234426,0.999999649160302
"1230",9.37872022,1.49999951347434,1.50001415260252,2.25056817972342,4.50061063773127,0.99999964915669
"1231",9.3863514,1.49999951160294,1.5000141450003,2.25056783785523,4.50061027305622,0.999999649153089
"1232",9.39398258,1.49999950972439,1.50001413738359,2.25056749598323,4.50060990833386,0.999999649149489
"1233",9.40161376,1.49999950783866,1.5000141297519,2.25056715409059,4.50060954354594,0.999999649145902
"1234",9.40924494,1.49999950594572,1.50001412210538,2.25056681218363,4.50060917869919,0.999999649142323
"1235",9.41687612,1.49999950404554,1.50001411444393,2.25056647026141,4.50060881379242,0.999999649138752
"1236",9.4245073,1.4999995021381,1.50001410676747,2.25056612832259,4.50060844882402,0.99999964913519
"1237",9.43213848,1.49999950022337,1.50001409907582,2.25056578636149,4.50060808378773,0.999999649131641
"1238",9.43976966,1.49999949830131,1.50001409136939,2.2505654443962,4.50060771870292,0.999999649128093
"1239",9.44740084,1.49999949637191,1.50001408364756,2.25056510240437,4.5006073535454,0.999999649124559
"1240",9.45503202,1.49999949443514,1.50001407591051,2.25056476039511,4.50060698832477,0.999999649121034
"1241",9.4626632,1.49999949249096,1.50001406815846,2.25056441837857,4.50060662305187,0.999999649117512
"1242",9.47029438,1.49999949053934,1.5000140603909,2.25056407633668,4.50060625770706,0.999999649114002
"1243",9.47792556,1.49999948858027,1.50001405260797,2.2505637342772,4.50060589229858,0.999999649110502
"1244",9.48555674,1.49999948661371,1.50001404480967,2.25056339220161,4.50060552682789,0.999999649107008
"1245",9.49318792,1.49999948463963,1.5000140369961,2.25056305011561,4.50060516130095,0.999999649103518
"1246",9.5008191,1.499999482658,1.50001402916669,2.25056270799986,4.50060479569675,0.999999649100043
"1247",9.50845028,1.4999994806688,1.50001402132183,2.25056236587017,4.50060443003224,0.999999649096573
"1248",9.51608146,1.49999947867199,1.50001401346133,2.25056202372215,4.50060406430253,0.999999649093112
"1249",9.52371264,1.49999947666755,1.50001400558504,2.25056168155072,4.50060369850199,0.999999649089661
"1250",9.53134382,1.49999947465545,1.50001399769295,2.2505613393589,4.50060333263368,0.999999649086218
"1251",9.538975,1.49999947263565,1.50001398978526,2.25056099715556,4.50060296670707,0.999999649082779
"1252",9.54660618,1.49999947060813,1.50001398186156,2.25056065492586,4.50060260070602,0.999999649079351
"1253",9.55423736,1.49999946857286,1.50001397392205,2.25056031268106,4.50060223464247,0.999999649075929
"1254",9.56186854,1.49999946652982,1.50001396596642,2.25055997041082,4.50060186850514,0.999999649072517
"1255",9.56949972,1.49999946447896,1.50001395799441,2.25055962810628,4.50060150228433,0.999999649069122
"1256",9.5771309,1.49999946242026,1.50001395000699,2.25055928580709,4.50060113602265,0.999999649065718
"1257",9.58476208,1.49999946035369,1.50001394200303,2.25055894347197,4.50060076967545,0.999999649062331
"1258",9.59239326,1.49999945827922,1.50001393398298,2.25055860112015,4.50060040326326,0.999999649058949
"1259",9.60002444,1.49999945619682,1.5000139259463,2.25055825873244,4.50060003676527,0.999999649055583
"1260",9.60765562,1.49999945410646,1.5000139178936,2.25055791633409,4.5005996702086,0.999999649052218
"1261",9.6152868,1.49999945200811,1.50001390982453,2.25055757391573,4.5005993035828,0.999999649048859
"1262",9.62291798,1.49999944990173,1.5000139017387,2.25055723146202,4.50059893687138,0.999999649045516
"1263",9.63054916,1.49999944778731,1.50001389363663,2.25055688899522,4.50059857009814,0.999999649042173
"1264",9.63818034,1.4999994456648,1.50001388551801,2.25055654650587,4.50059820325269,0.999999649038838
"1265",9.64581152,1.49999944353417,1.50001387738257,2.25055620398613,4.50059783632642,0.999999649035515
"1266",9.6534427,1.49999944139541,1.5000138692303,2.25055586143674,4.50059746931998,0.999999649032203
"1267",9.66107388,1.49999943924846,1.5000138610616,2.25055551887599,4.50059710225293,0.99999964902889
"1268",9.66870506,1.49999943709331,1.50001385287609,2.25055517629066,4.50059673511083,0.999999649025585
"1269",9.67633624,1.49999943492992,1.50001384467339,2.25055483366778,4.50059636787964,0.999999649022295
"1270",9.68396742,1.49999943275826,1.50001383645368,2.25055449101763,4.50059600057013,0.999999649019014
"1271",9.6915986,1.49999943057829,1.50001382821741,2.25055414835821,4.50059563320167,0.999999649015731
"1272",9.69922978,1.49999942839,1.50001381996375,2.25055380566086,4.50059526574311,0.999999649012462
"1273",9.70686096,1.49999942619333,1.50001381169305,2.25055346294024,4.50059489821015,0.999999649009198
"1274",9.71449214,1.49999942398827,1.50001380340518,2.25055312019425,4.50059453060034,0.999999649005942
"1275",9.72212332,1.49999942177478,1.50001379509983,2.25055277741237,4.50059416290217,0.999999649002698
"1276",9.7297545,1.49999941955283,1.50001378677723,2.2505524346055,4.50059379512728,0.999999648999461
"1277",9.73738568,1.49999941732239,1.50001377843749,2.25055209178059,4.50059342728289,0.999999648996224
"1278",9.74501686,1.49999941508341,1.50001377008013,2.25055174892021,4.5005930593502,0.999999648993
"1279",9.75264804,1.49999941283588,1.50001376170541,2.25055140603782,4.50059269134344,0.999999648989779
"1280",9.76027922,1.49999941057976,1.50001375331294,2.25055106311982,4.50059232324779,0.99999964898657
"1281",9.7679104,1.49999940831501,1.50001374490294,2.25055072017699,4.50059195507472,0.999999648983366
"1282",9.77554158,1.4999994060416,1.50001373647503,2.25055037719759,4.50059158681139,0.999999648980173
"1283",9.78317276,1.4999994037595,1.50001372802957,2.25055003419558,4.50059121847276,0.999999648976983
"1284",9.79080394,1.49999940146868,1.50001371956603,2.25054969115519,4.5005908500415,0.999999648973806
"1285",9.79843512,1.4999993991691,1.5000137110849,2.25054934809554,4.50059048153823,0.999999648970629
"1286",9.8060663,1.49999939686073,1.50001370258544,2.25054900499124,4.50059011293532,0.999999648967468
"1287",9.81369748,1.49999939454354,1.50001369406816,2.25054866186415,4.50058974425615,0.999999648964309
"1288",9.82132866,1.49999939221748,1.5000136855328,2.2505483187064,4.50058937549208,0.999999648961157
"1289",9.82895984,1.49999938988254,1.50001367697931,2.25054797551822,4.50058900664322,0.999999648958011
"1290",9.83659102,1.49999938753867,1.50001366840748,2.25054763229339,4.50058863770264,0.999999648954875
"1291",9.8442222,1.49999938518584,1.50001365981726,2.25054728903331,4.5005882686717,0.999999648951747
"1292",9.85185338,1.49999938282401,1.50001365120889,2.25054694574769,4.50058789956072,0.999999648948623
"1293",9.85948456,1.49999938045315,1.50001364258214,2.25054660243058,4.50058753036311,0.999999648945504
"1294",9.86711574,1.49999937807323,1.50001363393664,2.25054625907127,4.50058716106709,0.999999648942398
"1295",9.87474692,1.49999937568422,1.50001362527279,2.25054591568634,4.50058679169036,0.999999648939293
"1296",9.8823781,1.49999937328607,1.50001361659016,2.25054557226132,4.5005864222172,0.9999996489362
"1297",9.89000928,1.49999937087875,1.50001360788889,2.25054522880427,4.50058605265612,0.999999648933111
"1298",9.89764046,1.49999936846223,1.50001359916872,2.25054488530769,4.50058568299877,0.999999648930033
"1299",9.90527164,1.49999936603647,1.50001359042971,2.25054454177523,4.50058531324907,0.999999648926961
"1300",9.91290282,1.49999936360144,1.50001358167191,2.25054419821197,4.50058494341216,0.999999648923894
"1301",9.920534,1.4999993611571,1.50001357289495,2.25054385460589,4.50058457347497,0.999999648920837
"1302",9.92816518,1.49999935870341,1.50001356409918,2.25054351097309,4.50058420345462,0.999999648917782
"1303",9.93579636,1.49999935624034,1.50001355528413,2.25054316729708,4.50058383333321,0.999999648914737
"1304",9.94342754,1.49999935376786,1.50001354644963,2.25054282357381,4.50058346310621,0.999999648911705
"1305",9.95105872,1.49999935128593,1.50001353759632,2.25054247983063,4.50058309280285,0.999999648908669
"1306",9.9586899,1.49999934879451,1.50001352872349,2.25054213604234,4.50058272239583,0.999999648905645
"1307",9.96632108,1.49999934629356,1.50001351983119,2.25054179221341,4.50058235188976,0.999999648902628
"1308",9.97395226,1.49999934378306,1.50001351091954,2.25054144835042,4.50058198129157,0.999999648899616
"1309",9.98158344,1.49999934126295,1.50001350198819,2.25054110444329,4.50058161059018,0.999999648896613
"1310",9.98921462,1.49999933873321,1.50001349303736,2.25054076050166,4.50058123979582,0.999999648893613
"1311",9.9968458,1.4999993361938,1.50001348406683,2.25054041651974,4.50058086890206,0.999999648890621
"1312",10.00447698,1.49999933364469,1.5000134750764,2.25054007249232,4.50058049790309,0.999999648887639
"1313",10.01210816,1.49999933108583,1.50001346606619,2.25053972842698,4.5005801268069,0.999999648884661
"1314",10.01973934,1.49999932851718,1.50001345703609,2.25053938432102,4.50057975561038,0.99999964888169
"1315",10.02737052,1.49999932593872,1.50001344798588,2.25053904017024,4.50057938430874,0.999999648878728
"1316",10.0350017,1.4999993233504,1.50001343891562,2.25053869597629,4.50057901290376,0.999999648875773
"1317",10.04263288,1.49999932075218,1.50001342982521,2.25053835174049,4.50057864139648,0.999999648872824
"1318",10.05026406,1.49999931814403,1.50001342071471,2.2505380074663,4.50057826979053,0.999999648869879
"1319",10.05789524,1.49999931552591,1.50001341158375,2.25053766314244,4.50057789807356,0.999999648866945
"1320",10.06552642,1.49999931289779,1.50001340243248,2.25053731877742,4.5005775262545,0.999999648864015
"1321",10.0731576,1.49999931025961,1.50001339326108,2.25053697438044,4.50057715434307,0.999999648861085
"1322",10.08078878,1.49999930761135,1.50001338406884,2.25053662992591,4.50057678231156,0.999999648858169
"1323",10.08841996,1.49999930495297,1.50001337485593,2.25053628542426,4.50057641017094,0.999999648855262
"1324",10.09605114,1.49999930228442,1.50001336562278,2.25053594089311,4.50057603794009,0.999999648852351
"1325",10.10368232,1.49999929960567,1.50001335636847,2.25053559630051,4.50057566558431,0.999999648849456
"1326",10.1113135,1.49999929691668,1.50001334709366,2.25053525167461,4.50057529313373,0.99999964884656
"1327",10.11894468,1.49999929421742,1.50001333779759,2.25053490698838,4.50057492055905,0.999999648843679
"1328",10.12657586,1.49999929150783,1.5000133284807,2.25053456226108,4.50057454788084,0.999999648840801
"1329",10.13420704,1.49999928878788,1.50001331914275,2.25053421748525,4.5005741750909,0.99999964883793
"1330",10.14183822,1.49999928605754,1.50001330978375,2.25053387266577,4.50057380219415,0.999999648835063
"1331",10.1494694,1.49999928331676,1.50001330040354,2.25053352779826,4.50057342918578,0.999999648832201
"1332",10.15710058,1.4999992805655,1.50001329100209,2.25053318288383,4.50057305606675,0.999999648829345
"1333",10.16473176,1.49999927780372,1.5000132815791,2.25053283791326,4.50057268282696,0.9999996488265
"1334",10.17236294,1.49999927503139,1.50001327213447,2.25053249288691,4.50057230946648,0.999999648823666
"1335",10.17999412,1.49999927224846,1.50001326266872,2.25053214782522,4.50057193600729,0.999999648820828
"1336",10.1876253,1.49999926945488,1.50001325318113,2.2505318027048,4.50057156242383,0.999999648818002
"1337",10.19525648,1.49999926665063,1.50001324367209,2.25053145754217,4.50057118873383,0.999999648815176
"1338",10.20288766,1.49999926383566,1.50001323414119,2.25053111232509,4.5005708149238,0.999999648812359
"1339",10.21051884,1.49999926100993,1.50001322458826,2.25053076704957,4.50057044098924,0.999999648809552
"1340",10.21815002,1.49999925817339,1.50001321501352,2.25053042172616,4.50057006694135,0.999999648806749
"1341",10.2257812,1.49999925532601,1.50001320541662,2.25053007634478,4.50056969276901,0.999999648803956
"1342",10.23341238,1.49999925246775,1.50001319579791,2.25052973092136,4.50056931848922,0.999999648801161
"1343",10.24104356,1.49999924959856,1.50001318615677,2.25052938543455,4.50056894407872,0.999999648798379
"1344",10.24867474,1.4999992467184,1.50001317649347,2.2505290398985,4.50056856955252,0.9999996487956
"1345",10.25630592,1.49999924382723,1.50001316680774,2.25052869430368,4.50056819490026,0.99999964879283
"1346",10.2639371,1.49999924092501,1.50001315709982,2.25052834866281,4.50056782013539,0.999999648790061
"1347",10.27156828,1.49999923801169,1.5000131473692,2.25052800296006,4.50056744524051,0.999999648787301
"1348",10.27919946,1.49999923508724,1.50001313761602,2.25052765720263,4.50056707022329,0.999999648784547
"1349",10.28683064,1.4999992321516,1.50001312784004,2.25052731138424,4.50056669507669,0.999999648781802
"1350",10.29446182,1.49999922920474,1.50001311804143,2.25052696551351,4.50056631980989,0.99999964877906
"1351",10.302093,1.49999922624662,1.50001310822019,2.25052661959496,4.50056594442736,0.999999648776319
"1352",10.30972418,1.49999922327719,1.50001309837573,2.25052627360693,4.5005655689057,0.99999964877359
"1353",10.31735536,1.49999922029641,1.50001308850847,2.25052592756925,4.50056519326597,0.999999648770862
"1354",10.32498654,1.49999921730423,1.50001307861784,2.2505255814626,4.50056481748717,0.999999648768147
"1355",10.33261772,1.49999921430061,1.50001306870426,2.25052523530632,4.5005644415899,0.999999648765432
"1356",10.3402489,1.49999921128552,1.5000130587672,2.25052488908266,4.5005640655548,0.999999648762728
"1357",10.34788008,1.49999920825889,1.5000130488069,2.2505245428035,4.50056368939448,0.999999648760026
"1358",10.35551126,1.49999920522069,1.50001303882299,2.25052419645733,4.5005633130963,0.999999648757335
"1359",10.36314244,1.49999920217088,1.50001302881583,2.25052385006177,4.50056293667901,0.999999648754641
"1360",10.37077362,1.49999919910942,1.50001301878484,2.25052350359649,4.50056256012049,0.999999648751959
"1361",10.3784048,1.49999919603624,1.50001300873022,2.25052315707211,4.50056218343198,0.999999648749281
"1362",10.38603598,1.49999919295132,1.50001299865175,2.25052281048412,4.50056180660834,0.99999964874661
"1363",10.39366716,1.49999918985461,1.50001298854922,2.25052246382671,4.50056142964308,0.999999648743948
"1364",10.40129834,1.49999918674605,1.5000129784231,2.25052211712049,4.50056105255823,0.999999648741283
"1365",10.40892952,1.49999918362562,1.50001296827245,2.25052177033232,4.50056067531784,0.999999648738635
"1366",10.4165607,1.49999918049325,1.50001295809819,2.25052142350047,4.50056029796294,0.999999648735979
"1367",10.42419188,1.49999917734891,1.50001294789956,2.25052107659959,4.50055992046591,0.999999648733332
"1368",10.43182306,1.49999917419255,1.50001293767614,2.25052072961602,4.50055954281184,0.999999648730701
"1369",10.43945424,1.49999917102412,1.50001292742884,2.25052038258707,4.5005591650407,0.999999648728063
"1370",10.44708542,1.49999916784359,1.50001291715663,2.25052003547753,4.50055878711427,0.999999648725439
"1371",10.4547166,1.49999916465089,1.50001290685977,2.25051968829919,4.5005584090451,0.999999648722823
"1372",10.46234778,1.49999916144598,1.50001289653844,2.25051934106218,4.50055803084382,0.999999648720206
"1373",10.46997896,1.49999915822883,1.50001288619209,2.25051899374928,4.50055765249161,0.999999648717599
"1374",10.47761014,1.49999915499937,1.500012875821,2.25051864637322,4.500557274002,0.999999648714995
"1375",10.48524132,1.49999915175758,1.50001286542492,2.25051829892772,4.500556895368,0.999999648712397
"1376",10.4928725,1.49999914850338,1.50001285500373,2.25051795141143,4.50055651658788,0.999999648709805
"1377",10.50050368,1.49999914523675,1.5000128445576,2.25051760383382,4.50055613767161,0.999999648707213
"1378",10.50813486,1.49999914195763,1.50001283408583,2.2505172561718,4.500555758594,0.999999648704635
"1379",10.51576604,1.49999913866597,1.5000128235889,2.25051690844581,4.50055537937697,0.999999648702058
"1380",10.52339722,1.49999913536173,1.50001281306629,2.25051656063979,4.50055500000285,0.999999648699492
"1381",10.5310284,1.49999913204486,1.50001280251848,2.25051621277386,4.5005546204932,0.999999648696923
"1382",10.53865958,1.49999912871531,1.50001279194484,2.25051586482929,4.50055424082744,0.999999648694363
"1383",10.54629076,1.49999912537303,1.50001278134542,2.25051551681006,4.50055386100968,0.99999964869181
"1384",10.55392194,1.49999912201797,1.50001277072024,2.25051516871951,4.50055348104332,0.999999648689261
"1385",10.56155312,1.49999911865009,1.50001276006918,2.25051482055624,4.50055310092659,0.999999648686715
"1386",10.5691843,1.49999911526933,1.50001274939203,2.25051447231611,4.50055272065474,0.999999648684177
"1387",10.57681548,1.49999911187565,1.50001273868855,2.25051412399334,4.50055234022126,0.999999648681648
"1388",10.58444666,1.49999910846899,1.50001272795891,2.25051377559719,4.50055195963592,0.999999648679123
"1389",10.59207784,1.49999910504931,1.5000127172029,2.25051342712235,4.50055157889278,0.999999648676605
"1390",10.59970902,1.49999910161656,1.50001270642071,2.25051307857942,4.500551198003,0.999999648674086
"1391",10.6073402,1.49999909817068,1.50001269561206,2.25051272996167,4.50055081695903,0.99999964867157
"1392",10.61497138,1.49999909471163,1.50001268477672,2.25051238126286,4.50055043575392,0.999999648669061
"1393",10.62260256,1.49999909123936,1.50001267391442,2.25051203247629,4.50055005438018,0.999999648666564
"1394",10.63023374,1.49999908775382,1.50001266302536,2.25051168361228,4.5005496728487,0.99999964866407
"1395",10.63786492,1.49999908425494,1.50001265210949,2.25051133467327,4.50054929116181,0.999999648661579
"1396",10.6454961,1.4999990807427,1.50001264116657,2.25051098565262,4.50054890931212,0.999999648659093
"1397",10.65312728,1.49999907721702,1.50001263019655,2.25051063655211,4.50054852730128,0.999999648656612
"1398",10.66075846,1.49999907367787,1.50001261919924,2.25051028736685,4.5005481451238,0.999999648654137
"1399",10.66838964,1.49999907012519,1.50001260817448,2.25050993809624,4.50054776277866,0.99999964865167
"1400",10.67602082,1.49999906655893,1.50001259712235,2.25050958874387,4.5005473802696,0.999999648649208
"1401",10.683652,1.49999906297903,1.50001258604297,2.25050923931843,4.50054699760574,0.999999648646743
"1402",10.69128318,1.49999905938545,1.50001257493548,2.25050888979235,4.50054661475691,0.999999648644295
"1403",10.69891436,1.49999905577813,1.50001256380043,2.25050854018814,4.50054623174727,0.999999648641847
"1404",10.70654554,1.49999905215702,1.50001255263779,2.25050819050838,4.50054584857932,0.999999648639398
"1405",10.71417672,1.49999904852207,1.5000125414468,2.25050784072837,4.50054546522606,0.999999648636964
"1406",10.7218079,1.49999904487322,1.5000125302281,2.25050749087436,4.50054508171567,0.999999648634526
"1407",10.72943908,1.49999904121042,1.50001251898101,2.25050714092567,4.50054469802544,0.999999648632099
"1408",10.73707026,1.49999903753362,1.50001250770567,2.25050679088896,4.50054431416242,0.999999648629677
"1409",10.74470144,1.49999903384277,1.50001249640197,2.25050644076507,4.50054393012715,0.999999648627259
"1410",10.75233262,1.4999990301378,1.50001248507003,2.25050609056114,4.5005435459271,0.99999964862484
"1411",10.7599638,1.49999902641867,1.50001247370925,2.25050574025888,4.50054316154221,0.999999648622432
"1412",10.76759498,1.49999902268533,1.50001246231966,2.25050538986204,4.50054277697632,0.999999648620032
"1413",10.77522616,1.49999901893771,1.50001245090144,2.25050503938117,4.50054239224052,0.999999648617633
"1414",10.78285734,1.49999901517576,1.50001243945423,2.25050468880577,4.50054200732319,0.99999964861524
"1415",10.79048852,1.49999901139943,1.50001242797794,2.25050433813718,4.50054162222546,0.999999648612854
"1416",10.7981197,1.49999900760867,1.50001241647265,2.25050398737993,4.50054123695204,0.99999964861047
"1417",10.80575088,1.49999900380341,1.50001240493823,2.25050363653427,4.50054085150283,0.999999648608087
"1418",10.81338206,1.49999899998361,1.50001239337409,2.25050328558148,4.50054046585734,0.999999648605718
"1419",10.82101324,1.49999899614921,1.50001238178088,2.25050293454721,4.50054008004315,0.999999648603346
"1420",10.82864442,1.49999899230014,1.50001237015792,2.25050258341275,4.50053969403954,0.999999648600981
"1421",10.8362756,1.49999898843637,1.50001235850522,2.25050223218021,4.50053930784859,0.999999648598623
"1422",10.84390678,1.49999898455782,1.50001234682271,2.25050188085082,4.50053892147138,0.999999648596271
"1423",10.85153796,1.49999898066444,1.50001233511026,2.2505015294227,4.50053853490564,0.999999648593924
"1424",10.85916914,1.49999897675618,1.50001232336807,2.2505011779075,4.50053814816357,0.999999648591575
"1425",10.86680032,1.49999897283298,1.50001231159538,2.25050082628057,4.50053776121828,0.999999648589239
"1426",10.8744315,1.49999896889478,1.50001229979283,2.25050047456945,4.50053737409923,0.999999648586899
"1427",10.88206268,1.49999896494153,1.50001228795962,2.25050012274666,4.5005369867765,0.999999648584571
"1428",10.88969386,1.49999896097317,1.50001227609592,2.25049977082386,4.50053659926232,0.999999648582248
"1429",10.89732504,1.49999895698963,1.50001226420186,2.25049941880868,4.50053621156466,0.999999648579924
"1430",10.90495622,1.49999895299086,1.50001225227706,2.25049906669035,4.50053582367164,0.999999648577606
"1431",10.9125874,1.49999894897681,1.50001224032126,2.25049871446386,4.50053543557748,0.999999648575296
"1432",10.92021858,1.49999894494741,1.50001222833463,2.25049836213723,4.50053504729064,0.999999648572989
"1433",10.92784976,1.49999894090261,1.5000122163168,2.25049800970247,4.50053465880212,0.99999964857069
"1434",10.93548094,1.49999893684235,1.50001220426816,2.25049765717687,4.5005342701303,0.999999648568387
"1435",10.94311212,1.49999893276656,1.50001219218785,2.25049730453159,4.5005338812438,0.999999648566098
"1436",10.9507433,1.4999989286752,1.5000121800763,2.25049695178678,4.50053349216403,0.999999648563809
"1437",10.95837448,1.49999892456819,1.50001216793324,2.25049659893722,4.50053310288501,0.999999648561524
"1438",10.96600566,1.49999892044548,1.50001215575845,2.25049624597713,4.50053271340026,0.999999648559247
"1439",10.97363684,1.49999891630701,1.50001214355197,2.25049589291121,4.50053232371457,0.999999648556972
"1440",10.98126802,1.49999891215272,1.50001213131376,2.250495539744,4.50053193383245,0.999999648554697
"1441",10.9888992,1.49999890798255,1.5000121190432,2.25049518645367,4.50053154373014,0.999999648552437
"1442",10.99653038,1.49999890379644,1.50001210674076,2.25049483306348,4.50053115343234,0.999999648550174
"1443",11.00416156,1.49999889959433,1.50001209440609,2.2504944795631,4.50053076292764,0.999999648547916
"1444",11.01179274,1.49999889537615,1.50001208203867,2.25049412593774,4.50053037219973,0.999999648545671
"1445",11.01942392,1.49999889114184,1.50001206963918,2.2504937722152,4.5005299812784,0.999999648543421
"1446",11.0270551,1.49999888689135,1.50001205720687,2.250493418373,4.50052959013899,0.999999648541181
"1447",11.03468628,1.49999888262461,1.50001204474195,2.25049306442256,4.50052919879348,0.999999648538941
"1448",11.04231746,1.49999887834155,1.50001203224409,2.25049271035478,4.50052880723183,0.999999648536709
"1449",11.04994864,1.49999887404213,1.50001201971325,2.25049235617168,4.50052841545591,0.999999648534481
"1450",11.05757982,1.49999886972626,1.50001200714943,2.25049200187868,4.50052802347114,0.999999648532254
"1451",11.065211,1.4999988653939,1.50001199455234,2.25049164746785,4.50052763126874,0.999999648530032
"1452",11.07284218,1.49999886104498,1.50001198192184,2.25049129293842,4.5005272388475,0.999999648527816
"1453",11.08047336,1.49999885667943,1.5000119692577,2.25049093828591,4.50052684620228,0.999999648525608
"1454",11.08810454,1.49999885229719,1.50001195656019,2.25049058352307,4.50052645334661,0.999999648523399
"1455",11.09573572,1.4999988478982,1.50001194382869,2.25049022863207,4.50052606026078,0.999999648521201
"1456",11.1033669,1.4999988434824,1.50001193106355,2.25048987362977,4.50052566696276,0.999999648519001
"1457",11.11099808,1.49999883904971,1.50001191826457,2.25048951851282,4.50052527344857,0.999999648516801
"1458",11.11862926,1.49999883460007,1.50001190543127,2.25048916326649,4.50052487970204,0.999999648514612
"1459",11.12626044,1.49999883013343,1.50001189256359,2.25048880789418,4.50052448572638,0.999999648512429
"1460",11.13389162,1.49999882564971,1.5000118796616,2.25048845240147,4.5005240915274,0.99999964851025
"1461",11.1415228,1.49999882114885,1.50001186672516,2.25048809678623,4.50052369710251,0.999999648508073
"1462",11.14915398,1.49999881663078,1.50001185375407,2.25048774104737,4.5005233024501,0.999999648505901
"1463",11.15678516,1.49999881209545,1.50001184074808,2.25048738517925,4.50052290756371,0.999999648503736
"1464",11.16441634,1.49999880754277,1.50001182770757,2.2504870291984,4.50052251246099,0.999999648501566
"1465",11.17204752,1.49999880297269,1.50001181463177,2.25048667308199,4.5005221171169,0.999999648499406
"1466",11.1796787,1.49999879838514,1.50001180152079,2.25048631683694,4.50052172153858,0.999999648497252
"1467",11.18730988,1.49999879378005,1.50001178837449,2.25048596046417,4.50052132572661,0.999999648495101
"1468",11.19494106,1.49999878915735,1.50001177519284,2.25048560396475,4.50052092968193,0.999999648492954
"1469",11.20257224,1.49999878451699,1.50001176197546,2.25048524732986,4.50052053339459,0.999999648490814
"1470",11.21020342,1.49999877985888,1.50001174872233,2.25048489056337,4.5005201368684,0.99999964848868
"1471",11.2178346,1.49999877518297,1.50001173543386,2.25048453368233,4.50051974012163,0.999999648486538
"1472",11.22546578,1.49999877048918,1.50001172210905,2.25048417665668,4.50051934312125,0.999999648484409
"1473",11.23309696,1.49999876577745,1.50001170874832,2.25048381950508,4.50051894588712,0.999999648482279
"1474",11.24072814,1.49999876104771,1.50001169535114,2.25048346221197,4.50051854840219,0.999999648480159
"1475",11.24835932,1.49999875629988,1.5000116819177,2.25048310478962,4.5005181506792,0.99999964847804
"1476",11.2559905,1.49999875153391,1.50001166844772,2.25048274723096,4.50051775271028,0.999999648475925
"1477",11.26362168,1.49999874674971,1.50001165494095,2.25048238953158,4.50051735449028,0.999999648473818
"1478",11.27125286,1.49999874194723,1.50001164139727,2.25048203169067,4.50051695601799,0.999999648471719
"1479",11.27888404,1.49999873712638,1.50001162781706,2.25048167372712,4.50051655731351,0.999999648469612
"1480",11.28651522,1.49999873228711,1.5000116141996,2.25048131561873,4.50051615835242,0.999999648467515
"1481",11.2941464,1.49999872742934,1.50001160054496,2.2504809573724,4.50051575914184,0.99999964846542
"1482",11.30177758,1.499998722553,1.50001158685288,2.25048059898307,4.50051535967597,0.999999648463332
"1483",11.30940876,1.49999871765801,1.5000115731232,2.2504802404489,4.50051495995243,0.999999648461251
"1484",11.31703994,1.49999871274431,1.5000115593563,2.25047988178866,4.50051455999116,0.999999648459162
"1485",11.32467112,1.49999870781183,1.50001154555108,2.25047952296618,4.50051415975273,0.999999648457091
"1486",11.3323023,1.49999870286049,1.50001153170822,2.25047916401068,4.50051375926833,0.999999648455018
"1487",11.33993348,1.49999869789022,1.50001151782728,2.25047880491026,4.50051335852476,0.999999648452948
"1488",11.34756466,1.49999869290096,1.50001150390807,2.25047844566263,4.50051295751918,0.999999648450884
"1489",11.35519584,1.49999868789262,1.50001148995053,2.25047808627015,4.50051255625376,0.999999648448823
"1490",11.36282702,1.49999868286513,1.50001147595465,2.25047772673673,4.50051215473238,0.999999648446763
"1491",11.3704582,1.49999867781842,1.50001146191982,2.2504773670446,4.50051175293544,0.999999648444714
"1492",11.37808938,1.49999867275242,1.50001144784652,2.25047700721621,4.50051135088682,0.99999964844266
"1493",11.38572056,1.49999866766706,1.50001143373408,2.25047664723126,4.50051094856422,0.999999648440615
"1494",11.39335174,1.49999866256225,1.50001141958261,2.25047628709837,4.5005105459766,0.999999648438573
"1495",11.40098292,1.49999865743793,1.50001140539182,2.25047592681113,4.50051014311667,0.999999648436537
"1496",11.4086141,1.49999865229402,1.50001139116164,2.25047556637187,4.50050973998655,0.999999648434504
"1497",11.41624528,1.49999864713044,1.50001137689206,2.25047520578399,4.5005093365896,0.999999648432473
"1498",11.42387646,1.49999864194713,1.50001136258272,2.25047484504091,4.50050893291817,0.999999648430447
"1499",11.43150764,1.499998636744,1.50001134823362,2.2504744841457,4.50050852897535,0.999999648428423
"1500",11.43913882,1.49999863152097,1.50001133384443,2.2504741230913,4.50050812475305,0.999999648426405
"1501",11.44677,1.49999862627799,1.5000113194151,2.25047376187956,4.50050772025299,0.999999648424392
"1502",11.45440118,1.49999862101495,1.5000113049457,2.25047340051943,4.50050731548433,0.999999648422377
"1503",11.46203236,1.4999986157318,1.50001129043548,2.25047303898778,4.50050691042169,0.999999648420374
"1504",11.46966354,1.49999861042845,1.50001127588492,2.25047267730581,4.50050650508771,0.99999964841837
"1505",11.47729472,1.49999860510483,1.50001126129347,2.2504723154594,4.50050609946663,0.999999648416373
"1506",11.4849259,1.49999859976086,1.5000112466613,2.25047195345797,4.50050569356835,0.999999648414375
"1507",11.49255708,1.49999859439646,1.50001123198807,2.2504715912952,4.50050528738556,0.99999964841238
"1508",11.50018826,1.49999858901155,1.50001121727349,2.2504712289652,4.50050488091151,0.999999648410393
"1509",11.50781944,1.49999858360605,1.50001120251752,2.250470866471,4.50050447414904,0.99999964840841
"1510",11.51545062,1.49999857817989,1.50001118772012,2.25047050381536,4.50050406710089,0.999999648406429
"1511",11.5230818,1.49999857273299,1.50001117288099,2.25047014099345,4.50050365976126,0.999999648404452
"1512",11.53071298,1.49999856726526,1.50001115800008,2.25046977800657,4.5005032521313,0.999999648402478
"1513",11.53834416,1.49999856177663,1.50001114307719,2.25046941485414,4.50050284420987,0.999999648400506
"1514",11.54597534,1.49999855626702,1.50001112811206,2.25046905153054,4.50050243599057,0.99999964839854
"1515",11.55360652,1.49999855073634,1.50001111310465,2.25046868803924,4.5005020274767,0.999999648396577
"1516",11.5612377,1.49999854518453,1.50001109805465,2.25046832437328,4.5005016186604,0.999999648394621
"1517",11.56886888,1.49999853961149,1.50001108296215,2.25046796054204,4.50050120955131,0.999999648392664
"1518",11.57650006,1.49999853401714,1.50001106782682,2.25046759653812,4.50050080014107,0.999999648390711
"1519",11.58413124,1.49999852840141,1.5000110526484,2.25046723235665,4.50050039042401,0.999999648388766
"1520",11.59176242,1.49999852276421,1.50001103742682,2.25046686800041,4.5004999804027,0.999999648386825
"1521",11.5993936,1.49999851710546,1.50001102216225,2.25046650348016,4.5004995700884,0.99999964838488
"1522",11.60702478,1.49999851142507,1.50001100685395,2.25046613877465,4.50049915945766,0.999999648382945
"1523",11.61465596,1.49999850572298,1.50001099150207,2.25046577389347,4.50049874852051,0.999999648381013
"1524",11.62228714,1.49999849999908,1.50001097610649,2.2504654088379,4.50049833727785,0.999999648379082
"1525",11.62991832,1.4999984942533,1.50001096066701,2.25046504360569,4.50049792572686,0.999999648377153
"1526",11.6375495,1.49999848848556,1.50001094518324,2.25046467818774,4.50049751385725,0.999999648375233
"1527",11.64518068,1.49999848269576,1.50001092965547,2.25046431259936,4.50049710168522,0.999999648373308
"1528",11.65281186,1.49999847688384,1.50001091408301,2.25046394682128,4.50049668918942,0.999999648371393
"1529",11.66044304,1.49999847104969,1.50001089846587,2.25046358085823,4.50049627637462,0.999999648369483
"1530",11.66807422,1.49999846519324,1.50001088280395,2.25046321471234,4.50049586324263,0.999999648367576
"1531",11.6757054,1.49999845931441,1.50001086709727,2.25046284838879,4.50049544979869,0.999999648365668
"1532",11.68333658,1.4999984534131,1.50001085134535,2.25046248187653,4.50049503603034,0.999999648363765
"1533",11.69096776,1.49999844748923,1.50001083554794,2.25046211517027,4.50049462193149,0.999999648361871
"1534",11.69859894,1.49999844154271,1.50001081970551,2.25046174829314,4.50049420752673,0.999999648359968
"1535",11.70623012,1.49999843557346,1.500010803817,2.25046138121244,4.50049379278018,0.99999964835808
"1536",11.7138613,1.49999842958139,1.50001078788266,2.25046101394192,4.50049337770628,0.999999648356196
"1537",11.72149248,1.49999842356642,1.50001077190269,2.25046064649282,4.50049296231692,0.999999648354306
"1538",11.72912366,1.49999841752845,1.50001075587625,2.25046027884188,4.50049254658632,0.999999648352426
"1539",11.73675484,1.49999841146739,1.50001073980365,2.25045991100517,4.50049213053146,0.999999648350546
"1540",11.74438602,1.49999840538317,1.5000107236843,2.25045954296666,4.50049171413455,0.999999648348674
"1541",11.7520172,1.49999839927569,1.50001070751841,2.25045917473838,4.50049129740825,0.999999648346802
"1542",11.75964838,1.49999839314486,1.50001069130579,2.25045880632012,4.5004908803518,0.99999964834493
"1543",11.76727956,1.49999838699059,1.5000106750456,2.25045843768647,4.50049046293722,0.999999648343074
"1544",11.77491074,1.4999983808128,1.50001065873856,2.25045806886879,4.50049004519808,0.999999648341211
"1545",11.78254192,1.49999837461138,1.50001064238416,2.25045769985398,4.50048962711973,0.999999648339351
"1546",11.7901731,1.49999836838626,1.50001062598207,2.25045733063502,4.50048920869413,0.999999648337496
"1547",11.79780428,1.49999836213735,1.50001060953229,2.25045696121891,4.50048878992834,0.999999648335642
"1548",11.80543546,1.49999835586454,1.50001059303467,2.2504565916039,4.50048837082012,0.99999964833379
"1549",11.81306664,1.49999834956776,1.50001057648848,2.25045622177151,4.50048795134881,0.99999964833195
"1550",11.82069782,1.4999983432469,1.50001055989415,2.25045585173982,4.50048753153377,0.999999648330111
"1551",11.828329,1.49999833690188,1.50001054325153,2.25045548151061,4.50048711137636,0.999999648328268
"1552",11.83596018,1.4999983305326,1.50001052655999,2.25045511106689,4.50048669085768,0.999999648326436
"1553",11.84359136,1.49999832413898,1.50001050981993,2.25045474042814,4.50048626999838,0.999999648324597
"1554",11.85122254,1.49999831772091,1.50001049303024,2.25045436956043,4.50048584876126,0.999999648322776
"1555",11.85885372,1.49999831127831,1.50001047619175,2.25045399849887,4.50048542718386,0.999999648320947
"1556",11.8664849,1.49999830481108,1.50001045930356,2.25045362721689,4.50048500523697,0.999999648319128
"1557",11.87411608,1.49999829831912,1.50001044236598,2.25045325573105,4.50048458293803,0.999999648317306
"1558",11.88174726,1.49999829180235,1.50001042537851,2.25045288402879,4.500484160273,0.99999964831549
"1559",11.88937844,1.49999828526066,1.50001040834091,2.25045251210801,4.50048373723907,0.99999964831368
"1560",11.89700962,1.49999827869397,1.50001039125332,2.25045213997935,4.50048331384728,0.999999648311868
"1561",11.9046408,1.49999827210217,1.50001037411522,2.25045176762906,4.50048289008235,0.999999648310063
"1562",11.91227198,1.49999826548517,1.50001035692666,2.25045139506551,4.50048246595275,0.999999648308258
"1563",11.91990316,1.49999825884288,1.50001033968723,2.25045102227911,4.50048204144772,0.999999648306459
"1564",11.92753434,1.49999825217519,1.50001032239694,2.25045064927591,4.50048161657327,0.999999648304661
"1565",11.93516552,1.49999824548202,1.50001030505544,2.25045027605024,4.50048119132276,0.999999648302868
"1566",11.9427967,1.49999823876326,1.50001028766246,2.25044990259774,4.50048076569097,0.999999648301081
"1567",11.95042788,1.49999823201881,1.50001027021814,2.25044952892787,4.50048033968778,0.999999648299292
"1568",11.95805906,1.49999822524858,1.50001025272209,2.2504491550342,4.50047991330559,0.999999648297507
"1569",11.96569024,1.49999821845247,1.50001023517416,2.25044878091715,4.5004794865444,0.999999648295722
"1570",11.97332142,1.49999821163038,1.50001021757371,2.25044840655884,4.50047905938438,0.999999648293952
"1571",11.9809526,1.4999982047822,1.50001019992143,2.25044803199003,4.50047863185836,0.999999648292172
"1572",11.98858378,1.49999819790785,1.50001018221648,2.25044765718769,4.50047820394081,0.999999648290398
"1573",11.99621496,1.49999819100722,1.50001016445887,2.25044728215717,4.50047777563711,0.999999648288625
"1574",12.00384614,1.49999818408021,1.50001014664811,2.25044690688683,4.50047734693411,0.999999648286862
"1575",12.01147732,1.49999817712672,1.5000101287843,2.25044653138707,4.50047691784256,0.9999996482851
"1576",12.0191085,1.49999817014664,1.50001011086713,2.25044615565207,4.5004764883557,0.999999648283341
"1577",12.02673968,1.49999816313988,1.50001009289668,2.25044577969055,4.50047605848245,0.999999648281579
"1578",12.03437086,1.49999815610634,1.50001007487224,2.2504454034843,4.50047562820251,0.999999648279827
"1579",12.04200204,1.4999981490459,1.50001005679388,2.25044502704069,4.50047519752346,0.999999648278077
"1580",12.04963322,1.49999814195848,1.50001003866155,2.25044465036529,4.5004747664507,0.999999648276325
"1581",12.0572644,1.49999813484396,1.50001002047469,2.25044427344352,4.50047433496802,0.999999648274581
"1582",12.06489558,1.49999812770225,1.50001000223324,2.250443896279,4.50047390307875,0.999999648272842
"1583",12.07252676,1.49999812053323,1.50000998393722,2.25044351887911,4.50047347079045,0.9999996482711
"1584",12.08015794,1.4999981133368,1.50000996558609,2.25044314123101,4.50047303808859,0.999999648269364
"1585",12.08778912,1.49999810611287,1.50000994717977,2.25044276333774,4.50047260497599,0.999999648267632
"1586",12.0954203,1.49999809886132,1.50000992871823,2.25044238520469,4.50047217145797,0.999999648265897
"1587",12.10305148,1.49999809158205,1.50000991020094,2.25044200681863,4.50047173751967,0.99999964826417
"1588",12.11068266,1.49999808427495,1.5000098916278,2.25044162818284,4.50047130316408,0.999999648262447
"1589",12.11831384,1.49999807693991,1.50000987299854,2.25044124929442,4.50047086838751,0.999999648260729
"1590",12.12594502,1.49999806957684,1.50000985431345,2.25044087016911,4.50047043320656,0.999999648259003
"1591",12.1335762,1.49999806218561,1.50000983557162,2.25044049078106,4.50046999759266,0.999999648257288
"1592",12.14120738,1.49999805476614,1.50000981677325,2.25044011114424,4.50046956156037,0.999999648255572
"1593",12.14883856,1.49999804731829,1.50000979791789,2.25043973124897,4.50046912509865,0.999999648253862
"1594",12.15646974,1.49999803984198,1.50000977900546,2.2504393510982,4.50046868821021,0.999999648252154
"1595",12.16410092,1.49999803233708,1.50000976003572,2.25043897069088,4.50046825089331,0.999999648250448
"1596",12.1717321,1.4999980248035,1.50000974100841,2.25043859002299,4.5004678131431,0.999999648248746
"1597",12.17936328,1.49999801724111,1.5000097219233,2.25043820909336,4.50046737495778,0.999999648247049
"1598",12.18699446,1.49999800964982,1.50000970278043,2.2504378279106,4.50046693634604,0.999999648245348
"1599",12.19462564,1.4999980020295,1.50000968357923,2.25043744645987,4.50046649729132,0.999999648243654
"1600",12.20225682,1.49999799438006,1.5000096643194,2.25043706473778,4.50046605778939,0.999999648241968
"1601",12.209888,1.49999798670137,1.50000964500125,2.25043668276183,4.50046561785862,0.999999648240276
"1602",12.21751918,1.49999797899332,1.50000962562421,2.25043630051781,4.50046517748309,0.999999648238589
"1603",12.22515036,1.49999797125581,1.50000960618798,2.2504359180033,4.50046473665953,0.999999648236906
"1604",12.23278154,1.49999796348872,1.50000958669241,2.25043553521726,4.50046429538639,0.999999648235227
"1605",12.24041272,1.49999795569194,1.50000956713735,2.25043515216265,4.50046385366623,0.99999964823355
"1606",12.2480439,1.49999794786535,1.50000954752265,2.25043476884063,4.50046341149973,0.999999648231872
"1607",12.25567508,1.49999794000884,1.50000952784793,2.2504343852442,4.50046296887878,0.999999648230198
"1608",12.26330626,1.4999979321223,1.50000950811285,2.25043400136803,4.50046252579698,0.99999964822853
"1609",12.27093744,1.4999979242056,1.50000948831733,2.25043361721639,4.5004620822584,0.999999648226865
"1610",12.27856862,1.49999791625865,1.50000946846125,2.25043323279114,4.50046163826455,0.999999648225199
"1611",12.2861998,1.49999790828131,1.50000944854413,2.25043284808282,4.50046119380447,0.99999964822354
"1612",12.29383098,1.49999790027348,1.50000942856605,2.2504324631009,4.50046074888794,0.999999648221878
"1613",12.30146216,1.49999789223503,1.5000094085265,2.2504320778342,4.50046030350222,0.999999648220222
"1614",12.30909334,1.49999788416586,1.50000938842539,2.25043169228623,4.50045985765055,0.999999648218566
"1615",12.31672452,1.49999787606583,1.50000936826247,2.25043130645515,4.50045941133033,0.999999648216913
"1616",12.3243557,1.49999786793485,1.50000934803733,2.25043092033298,4.50045896453234,0.999999648215267
"1617",12.33198688,1.49999785977277,1.50000932774981,2.25043053392162,4.50045851725806,0.999999648213624
"1618",12.33961806,1.4999978515795,1.50000930739994,2.25043014722905,4.50045806951548,0.999999648211979
"1619",12.34724924,1.4999978433549,1.50000928698734,2.25042976024853,4.5004576212968,0.999999648210335
"1620",12.35488042,1.49999783509887,1.50000926651165,2.25042937297478,4.50045717259559,0.999999648208695
"1621",12.3625116,1.49999782681127,1.50000924597258,2.25042898540444,4.50045672340767,0.999999648207061
"1622",12.37014278,1.49999781849199,1.50000922536996,2.25042859753776,4.50045627373273,0.999999648205431
"1623",12.37777396,1.4999978101409,1.50000920470369,2.25042820938009,4.50045582357588,0.9999996482038
"1624",12.38540514,1.49999780175789,1.5000091839735,2.25042782092723,4.50045537293207,0.99999964820217
"1625",12.39303632,1.49999779334284,1.50000916317915,2.25042743217867,4.50045492180007,0.999999648200541
"1626",12.4006675,1.49999778489561,1.50000914232015,2.25042704312481,4.50045447016885,0.999999648198918
"1627",12.40829868,1.49999777641609,1.5000091213962,2.25042665376196,4.50045401803376,0.999999648197304
"1628",12.41592986,1.49999776790416,1.50000910040775,2.25042626411201,4.50045356541809,0.99999964819568
"1629",12.42356104,1.49999775935968,1.50000907935387,2.25042587415071,4.50045311229474,0.999999648194065
"1630",12.43119222,1.49999775078254,1.50000905823456,2.25042548388532,4.50045265867105,0.99999964819245
"1631",12.4388234,1.49999774217261,1.50000903704943,2.25042509330907,4.50045220453903,0.999999648190841
"1632",12.44645458,1.49999773352977,1.50000901579845,2.250424702428,4.50045174990464,0.999999648189231
"1633",12.45408576,1.49999772485389,1.50000899448112,2.25042431123218,4.50045129475643,0.999999648187627
"1634",12.46171694,1.49999771614484,1.50000897309736,2.25042391972645,4.50045083909903,0.999999648186024
"1635",12.46934812,1.4999977074025,1.50000895164701,2.25042352791175,4.50045038293291,0.999999648184421
"1636",12.4769793,1.49999769862673,1.50000893012961,2.25042313578053,4.50044992624911,0.999999648182821
"1637",12.48461048,1.49999768981742,1.50000890854491,2.25042274333067,4.50044946904476,0.999999648181226
"1638",12.49224166,1.49999768097443,1.50000888689284,2.25042235056668,4.50044901132418,0.99999964817963
"1639",12.49987284,1.49999767209764,1.50000886517302,2.25042195748357,4.50044855308121,0.999999648178036
"1640",12.50750402,1.49999766318691,1.50000884338508,2.25042156407621,4.50044809430967,0.999999648176448
"1641",12.5151352,1.49999765424211,1.50000882152889,2.2504211703466,4.50044763501108,0.999999648174862
"1642",12.52276638,1.49999764526313,1.50000879960409,2.25042077629016,4.50044717517985,0.99999964817328
"1643",12.53039756,1.49999763624981,1.50000877761067,2.25042038191401,4.50044671482306,0.999999648171697
"1644",12.53802874,1.49999762720204,1.50000875554824,2.25041998721285,4.50044625393425,0.999999648170114
"1645",12.54565992,1.49999761811968,1.50000873341642,2.25041959217939,4.50044579250493,0.999999648168537
"1646",12.5532911,1.49999760900261,1.50000871121497,2.25041919681401,4.5004453305348,0.999999648166963
"1647",12.56092228,1.49999759985067,1.50000868894383,2.25041880112263,4.50044486802961,0.999999648165388
"1648",12.56855346,1.49999759066375,1.5000086666026,2.25041840509835,4.50044440498127,0.999999648163814
"1649",12.57618464,1.49999758144172,1.50000864419086,2.25041800873414,4.50044394138144,0.999999648162246
"1650",12.58381582,1.49999757218442,1.50000862170851,2.25041761203497,4.50044347723484,0.99999964816068
"1651",12.591447,1.49999756289174,1.50000859915531,2.25041721499957,4.50044301253945,0.999999648159115
"1652",12.59907818,1.49999755356353,1.50000857653078,2.25041681761952,4.5004425472854,0.999999648157555
"1653",12.60670936,1.49999754419966,1.50000855383497,2.2504164199043,4.50044208148239,0.999999648155994
"1654",12.61434054,1.4999975348,1.50000853106746,2.25041602184657,4.50044161512174,0.999999648154434
"1655",12.62197172,1.4999975253644,1.50000850822785,2.25041562344085,4.50044114819679,0.999999648152879
"1656",12.6296029,1.49999751589273,1.50000848531594,2.25041522468788,4.50044068070769,0.999999648151328
"1657",12.63723408,1.49999750638486,1.50000846233151,2.25041482558874,4.50044021265488,0.999999648149777
"1658",12.64486526,1.49999749684063,1.50000843927441,2.2504144261451,4.50043974403954,0.999999648148225
"1659",12.65249644,1.49999748725992,1.50000841614406,2.25041402634499,4.50043927484801,0.999999648146679
"1660",12.66012762,1.49999747764258,1.50000839294038,2.25041362619438,4.50043880508596,0.999999648145133
"1661",12.6677588,1.49999746798848,1.50000836966297,2.25041322568646,4.50043833474541,0.999999648143593
"1662",12.67538998,1.49999745829747,1.50000834631171,2.25041282482582,4.50043786383061,0.999999648142051
"1663",12.68302116,1.49999744856942,1.50000832288622,2.25041242360711,4.50043739233504,0.999999648140512
"1664",12.69065234,1.49999743880417,1.50000829938613,2.25041202202586,4.50043692025312,0.999999648138978
"1665",12.69828352,1.4999974290016,1.5000082758115,2.25041162009211,4.50043644759511,0.999999648137439
"1666",12.7059147,1.49999741916155,1.50000825216139,2.25041121778107,4.50043597433334,0.999999648135914
"1667",12.71354588,1.49999740928388,1.50000822843636,2.25041081512093,4.50043550049771,0.999999648134379
"1668",12.72117706,1.49999739936845,1.50000820463549,2.25041041208766,4.50043502606145,0.999999648132851
"1669",12.72880824,1.49999738941512,1.50000818075854,2.25041000868203,4.50043455102456,0.999999648131329
"1670",12.73643942,1.49999737942374,1.50000815680548,2.25040960491065,4.50043407539363,0.999999648129806
"1671",12.7440706,1.49999736939416,1.50000813277613,2.25040920077515,4.50043359916967,0.999999648128279
"1672",12.75170178,1.49999735932624,1.50000810866981,2.25040879626134,4.50043312233652,0.999999648126759
"1673",12.75933296,1.49999734921983,1.50000808448615,2.25040839136434,4.50043264488815,0.999999648125247
"1674",12.76696414,1.49999733907479,1.50000806022522,2.25040798609458,4.5004321668352,0.999999648123735
"1675",12.77459532,1.49999732889096,1.500008035887,2.2504075804606,4.50043168818616,0.999999648122213
"1676",12.7822265,1.4999973186682,1.50000801147031,2.25040717443006,4.50043120890518,0.999999648120706
"1677",12.78985768,1.49999730840636,1.50000798697552,2.25040676802324,4.50043072901358,0.999999648119197
"1678",12.79748886,1.4999972981053,1.50000796240223,2.2504063612356,4.50043024850568,0.999999648117687
"1679",12.80512004,1.49999728776485,1.50000793775001,2.25040595406139,4.50042976737444,0.999999648116181
"1680",12.81275122,1.49999727738487,1.50000791301869,2.25040554650223,4.50042928562091,0.999999648114675
"1681",12.8203824,1.49999726696522,1.50000788820758,2.25040513854371,4.50042880322867,0.999999648113179
"1682",12.82801358,1.49999725650572,1.500007863317,2.25040473020497,4.5004283202178,0.999999648111676
"1683",12.83564476,1.49999724600625,1.50000783834641,2.25040432147648,4.50042783657715,0.999999648110174
"1684",12.84327594,1.49999723546663,1.50000781329515,2.25040391234399,4.50042735229049,0.99999964810868
"1685",12.85090712,1.49999722488673,1.50000778816326,2.2504035028177,4.50042686736813,0.999999648107187
"1686",12.8585383,1.49999721426638,1.50000776295031,2.25040309289126,4.50042638180245,0.999999648105698
"1687",12.86616948,1.49999720360543,1.50000773765634,2.25040268257589,4.50042589560479,0.999999648104201
"1688",12.87380066,1.49999719290372,1.50000771228046,2.25040227184828,4.50042540874915,0.999999648102715
"1689",12.88143184,1.49999718216111,1.50000768682273,2.25040186072023,4.50042492124751,0.999999648101228
"1690",12.88906302,1.49999717137742,1.50000766128276,2.25040144918744,4.50042443309441,0.999999648099743
"1691",12.8966942,1.49999716055251,1.50000763566026,2.25040103724783,4.5004239442869,0.999999648098259
"1692",12.90432538,1.49999714968622,1.50000760995486,2.25040062489874,4.50042345482121,0.999999648096777
"1693",12.91195656,1.49999713877839,1.50000758416615,2.25040021213435,4.50042296469032,0.9999996480953
"1694",12.91958774,1.49999712782886,1.50000755829394,2.25039979895753,4.50042247389647,0.999999648093825
"1695",12.92721892,1.49999711683748,1.5000075323381,2.25039938537261,4.50042198244364,0.999999648092346
"1696",12.9348501,1.49999710580407,1.50000750629805,2.25039897136966,4.50042149032014,0.99999964809087
"1697",12.94248128,1.49999709472848,1.50000748017361,2.2503985569499,4.50042099752669,0.999999648089394
"1698",12.95011246,1.49999708361056,1.50000745396411,2.25039814210055,4.50042050404846,0.999999648087927
"1699",12.95774364,1.49999707245013,1.50000742766951,2.25039772682919,4.50042000989288,0.999999648086462
"1700",12.96537482,1.49999706124704,1.50000740128968,2.25039731114081,4.50041951506462,0.999999648084993
"1701",12.973006,1.49999705000112,1.50000737482407,2.2503968950255,4.50041901955209,0.999999648083525
"1702",12.98063718,1.4999970387122,1.50000734827221,2.2503964784768,4.50041852334743,0.999999648082064
"1703",12.98826836,1.49999702738014,1.50000732163407,2.25039606150239,4.50041802645821,0.9999996480806
"1704",12.99589954,1.49999701600475,1.50000729490921,2.25039564409633,4.50041752887718,0.999999648079138
"1705",13.00353072,1.49999700458587,1.50000726809706,2.25039522624943,4.50041703059344,0.999999648077683
"1706",13.0111619,1.49999699312335,1.50000724119768,2.25039480797227,4.50041653161774,0.999999648076224
"1707",13.01879308,1.499996981617,1.5000072142105,2.2503943892556,4.50041603193914,0.999999648074769
"1708",13.02642426,1.49999697006667,1.50000718713524,2.25039397009836,4.50041553155572,0.999999648073315
"1709",13.03405544,1.49999695847218,1.50000715997171,2.25039355050454,4.50041503047093,0.999999648071859
"1710",13.04168662,1.49999694683336,1.50000713271909,2.25039313045496,4.50041452866311,0.999999648070414
"1711",13.0493178,1.49999693515006,1.5000071053776,2.25039270996623,4.50041402614951,0.999999648068964
"1712",13.05694898,1.49999692342209,1.50000707794667,2.25039228902924,4.50041352291934,0.999999648067517
"1713",13.06458016,1.49999691164928,1.50000705042602,2.25039186764441,4.50041301897216,0.999999648066069
"1714",13.07221134,1.49999689983147,1.50000702281504,2.25039144579988,4.50041251429432,0.999999648064628
"1715",13.07984252,1.49999688796849,1.50000699511386,2.25039102350936,4.50041200889986,0.999999648063183
"1716",13.0874737,1.49999687606015,1.50000696732162,2.25039060075498,4.50041150276839,0.999999648061745
"1717",13.09510488,1.49999686410629,1.50000693943831,2.25039017754386,4.50041099590694,0.999999648060307
"1718",13.10273606,1.49999685210673,1.50000691146375,2.25038975388087,4.50041048831988,0.999999648058864
"1719",13.11036724,1.4999968400613,1.50000688339694,2.25038932974207,4.50040997998028,0.999999648057433
"1720",13.11799842,1.49999682796982,1.50000685523816,2.25038890514586,4.50040947090733,0.999999648055998
"1721",13.1256296,1.49999681583211,1.50000682698696,2.25038848008725,4.50040896109476,0.99999964805456
"1722",13.13326078,1.49999680364801,1.50000679864263,2.25038805455247,4.50040845052659,0.99999964805313
"1723",13.14089196,1.49999679141733,1.50000677020519,2.25038762855106,4.50040793921248,0.999999648051698
"1724",13.14852314,1.49999677913989,1.50000674167412,2.25038720207648,4.5004074271443,0.999999648050268
"1725",13.15615432,1.49999676681552,1.50000671304899,2.25038677512349,4.50040691431552,0.999999648048842
"1726",13.1637855,1.49999675444403,1.50000668432954,2.25038634769329,4.50040640072658,0.999999648047417
"1727",13.17141668,1.49999674202525,1.50000665551553,2.25038591978845,4.50040588637934,0.999999648045989
"1728",13.17904786,1.49999672955899,1.50000662660631,2.25038549139586,4.50040537125869,0.999999648044568
"1729",13.18667904,1.49999671704508,1.50000659760167,2.25038506251955,4.50040485536808,0.999999648043148
"1730",13.19431022,1.49999670448333,1.50000656850136,2.25038463316074,4.50040433870797,0.999999648041727
"1731",13.2019414,1.49999669187355,1.50000653930498,2.25038420331622,4.50040382127394,0.999999648040305
"1732",13.20957258,1.49999667921557,1.50000651001198,2.25038377297787,4.50040330305618,0.999999648038888
"1733",13.21720376,1.49999666650921,1.50000648062207,2.25038334214553,4.50040278405375,0.999999648037473
"1734",13.22483494,1.49999665375426,1.50000645113509,2.25038291082417,4.50040226427106,0.999999648036054
"1735",13.23246612,1.49999664095056,1.50000642155039,2.25038247900274,4.50040174369513,0.99999964803464
"1736",13.2400973,1.49999662809791,1.50000639186756,2.25038204667732,4.50040122232086,0.999999648033231
"1737",13.24772848,1.49999661519613,1.50000636208652,2.25038161385542,4.50040070015545,0.999999648031819
"1738",13.25535966,1.49999660224502,1.50000633220677,2.25038118053107,4.50040017719147,0.999999648030407
"1739",13.26299084,1.49999658924441,1.50000630222771,2.25038074669398,4.50039965341682,0.999999648029003
"1740",13.27062202,1.4999965761941,1.50000627214922,2.25038031235124,4.50039912883824,0.999999648027597
"1741",13.2782532,1.49999656309389,1.50000624197113,2.2503798775071,4.50039860345944,0.999999648026186
"1742",13.28588438,1.49999654994361,1.50000621169251,2.25037944214141,4.50039807725753,0.999999648024783
"1743",13.29351556,1.49999653674306,1.50000618131327,2.25037900626029,4.5003975502383,0.999999648023382
"1744",13.30114674,1.49999652349204,1.5000061508332,2.25037856986928,4.50039702240671,0.999999648021976
"1745",13.30877792,1.49999651019036,1.50000612025162,2.25037813295473,4.50039649374703,0.999999648020574
"1746",13.3164091,1.49999649683784,1.50000608956811,2.25037769551412,4.50039596425554,0.999999648019177
"1747",13.32404028,1.49999648343427,1.50000605878256,2.25037725755377,4.50039543393817,0.999999648017778
"1748",13.33167146,1.49999646997946,1.50000602789461,2.25037681907251,4.50039490279267,0.999999648016375
"1749",13.33930264,1.49999645647321,1.50000599690337,2.2503763800518,4.50039437079787,0.999999648014983
"1750",13.34693382,1.49999644291534,1.50000596580886,2.25037594050246,4.50039383796463,0.999999648013589
"1751",13.354565,1.49999642930563,1.50000593461071,2.25037550042356,4.50039330429092,0.999999648012193
"1752",13.36219618,1.4999964156439,1.50000590330831,2.25037505980507,4.50039276976485,0.999999648010802
"1753",13.36982736,1.49999640192993,1.50000587190124,2.25037461864447,4.50039223438266,0.999999648009415
"1754",13.37745854,1.49999638816355,1.50000584038941,2.25037417694875,4.50039169815109,0.999999648008024
"1755",13.38508972,1.49999637434453,1.5000058087724,2.25037373471584,4.50039116106677,0.999999648006629
"1756",13.3927209,1.49999636047269,1.50000577704944,2.25037329193033,4.50039062311203,0.999999648005242
"1757",13.40035208,1.49999634654782,1.50000574522031,2.25037284859651,4.50039008429045,0.999999648003856
"1758",13.40798326,1.49999633256971,1.50000571328475,2.25037240471646,4.50038954460334,0.999999648002468
"1759",13.41561444,1.49999631853817,1.50000568124215,2.25037196028106,4.50038900403979,0.999999648001083
"1760",13.42324562,1.49999630445299,1.50000564909225,2.25037151529273,4.50038846260138,0.999999647999698
"1761",13.4308768,1.49999629031397,1.50000561683443,2.25037106974233,4.50038792027718,0.999999647998317
"1762",13.43850798,1.49999627612089,1.50000558446846,2.25037062363271,4.50038737706928,0.999999647996937
"1763",13.44613916,1.49999626187355,1.50000555199405,2.25037017696632,4.5003868329793,0.999999647995553
"1764",13.45377034,1.49999624757175,1.50000551941049,2.25036972973063,4.50038628799257,0.999999647994173
"1765",13.46140152,1.49999623321528,1.50000548671751,2.25036928192823,4.50038574211087,0.999999647992794
"1766",13.4690327,1.49999621880392,1.50000545391472,2.2503688335568,4.50038519533072,0.999999647991415
"1767",13.47666388,1.49999620433747,1.50000542100176,2.25036838461561,4.50038464765026,0.999999647990035
"1768",13.48429506,1.49999618981572,1.50000538797795,2.25036793509546,4.50038409905834,0.99999964798866
"1769",13.49192624,1.49999617523845,1.500005354843,2.25036748499621,4.50038354955388,0.999999647987286
"1770",13.49955742,1.49999616060546,1.50000532159661,2.25036703432044,4.50038299913859,0.999999647985911
"1771",13.5071886,1.49999614591653,1.50000528823836,2.250366583065,4.50038244780805,0.999999647984534
"1772",13.51481978,1.49999613117144,1.50000525476747,2.25036613121653,4.50038189554654,0.999999647983165
"1773",13.52245096,1.49999611636999,1.50000522118398,2.25036567878794,4.50038134236713,0.99999964798179
"1774",13.53008214,1.49999610151195,1.50000518748707,2.25036522576317,4.50038078825129,0.999999647980422
"1775",13.53771332,1.49999608659711,1.50000515367662,2.25036477215042,4.50038023320684,0.99999964797905
"1776",13.5453445,1.49999607162526,1.50000511975184,2.25036431793554,4.50037967721727,0.999999647977684
"1777",13.55297568,1.49999605659617,1.50000508571282,2.25036386313217,4.50037912029649,0.999999647976312
"1778",13.56060686,1.49999604150963,1.50000505155872,2.25036340772551,4.50037856242717,0.999999647974943
"1779",13.56823804,1.49999602636541,1.50000501728903,2.25036295171051,4.50037800360276,0.999999647973578
"1780",13.57586922,1.4999960111633,1.50000498290362,2.25036249509432,4.50037744383,0.999999647972211
"1781",13.5835004,1.49999599590307,1.50000494840201,2.25036203787352,4.50037688310404,0.999999647970841
"1782",13.59113158,1.49999598058451,1.50000491378335,2.25036158003174,4.50037632140592,0.999999647969481
"1783",13.59876276,1.49999596520739,1.50000487904765,2.2503611215815,4.50037575874825,0.999999647968116
"1784",13.60639394,1.49999594977148,1.50000484419428,2.25036066251385,4.50037519512015,0.999999647966754
"1785",13.61402512,1.49999593427656,1.5000048092229,2.25036020283007,4.50037463052189,0.999999647965389
"1786",13.6216563,1.49999591872241,1.50000477413303,2.25035974252601,4.50037406494789,0.999999647964024
"1787",13.62928748,1.4999959031088,1.50000473892407,2.25035928159412,4.50037349838877,0.999999647962662
"1788",13.63691866,1.4999958874355,1.50000470359554,2.25035882003179,4.50037293084053,0.999999647961304
"1789",13.64454984,1.49999587170228,1.50000466814721,2.25035835784307,4.50037236230651,0.999999647959943
"1790",13.65218102,1.49999585590892,1.50000463257832,2.25035789501544,4.50037179277187,0.999999647958589
"1791",13.6598122,1.49999584005518,1.50000459688895,2.25035743156337,4.50037122225136,0.999999647957226
"1792",13.66744338,1.49999582414084,1.50000456107832,2.25035696747441,4.50037065073017,0.999999647955862
"1793",13.67507456,1.49999580816565,1.5000045251456,2.25035650273265,4.50037007818994,0.999999647954509
"1794",13.68270574,1.4999957921294,1.50000448909079,2.25035603735216,4.50036950464468,0.999999647953152
"1795",13.69033692,1.49999577603184,1.50000445291338,2.25035557132699,4.50036893008695,0.999999647951795
"1796",13.6979681,1.49999575987275,1.50000441661281,2.25035510465296,4.5003683545109,0.999999647950437
"1797",13.70559928,1.49999574365188,1.50000438018864,2.25035463732668,4.50036777791177,0.999999647949081
"1798",13.71323046,1.499995727369,1.5000043436402,2.25035416934072,4.50036720028018,0.999999647947729
"1799",13.72086164,1.49999571102388,1.5000043069676,2.25035370070944,4.50036662163078,0.999999647946366
"1800",13.72849282,1.49999569461627,1.50000427016953,2.25035323140395,4.50036604193076,0.999999647945017
"1801",13.736124,1.49999567814593,1.5000042332461,2.25035276143979,4.500365461196,0.999999647943663
"1802",13.74375518,1.49999566161264,1.50000419619662,2.25035229080787,4.50036487941535,0.999999647942311
"1803",13.75138636,1.49999564501614,1.50000415902091,2.25035181951542,4.50036429659545,0.999999647940953
"1804",13.75901754,1.49999562835619,1.50000412171812,2.25035134754617,4.50036371271751,0.999999647939599
"1805",13.76664872,1.49999561163256,1.50000408428775,2.25035087489822,4.50036312777814,0.999999647938248
"1806",13.7742799,1.49999559484499,1.50000404672946,2.2503504015724,4.50036254177716,0.999999647936898
"1807",13.78191108,1.49999557799325,1.50000400904264,2.25034992756307,4.50036195470707,0.999999647935551
"1808",13.78954226,1.49999556107708,1.50000397122736,2.25034945288391,4.50036136658176,0.999999647934192
"1809",13.79717344,1.49999554409625,1.50000393328243,2.25034897751036,4.50036077737311,0.999999647932841
"1810",13.80480462,1.49999552705051,1.50000389520731,2.2503485014376,4.50036018707471,0.999999647931498
"1811",13.8124358,1.4999955099396,1.50000385700228,2.25034802468843,4.50035959571014,0.999999647930142
"1812",13.82006698,1.49999549276328,1.50000381866613,2.2503475472358,4.50035900324877,0.999999647928792
"1813",13.82769816,1.49999547552129,1.50000378019868,2.25034706908766,4.50035840969798,0.999999647927441
"1814",13.83532934,1.4999954582134,1.50000374159902,2.25034659022824,4.5003578150393,0.999999647926098
"1815",13.84296052,1.49999544083933,1.50000370286736,2.25034611067685,4.50035721929264,0.999999647924745
"1816",13.8505917,1.49999542339885,1.50000366400261,2.2503456304118,4.50035662243305,0.999999647923397
"1817",13.85822288,1.4999954058917,1.50000362500461,2.25034514944161,4.50035602446857,0.999999647922045
"1818",13.86585406,1.49999538831762,1.50000358587258,2.25034466775391,4.50035542538452,0.999999647920697
"1819",13.87348524,1.49999537067636,1.50000354660617,2.25034418535113,4.5003548251822,0.999999647919348
"1820",13.88111642,1.49999535296766,1.50000350720464,2.25034370222338,4.50035422384962,0.999999647918003
"1821",13.8887476,1.49999533519126,1.50000346766776,2.25034321837623,4.50035362139154,0.999999647916656
"1822",13.89637878,1.49999531734691,1.500003427995,2.25034273380569,4.50035301780244,0.999999647915306
"1823",13.90400996,1.49999529943434,1.50000338818571,2.25034224850554,4.50035241307415,0.999999647913958
"1824",13.91164114,1.49999528145329,1.50000334823942,2.25034176247343,4.5003518072029,0.999999647912609
"1825",13.91927232,1.4999952634035,1.5000033081555,2.25034127570369,4.50035120018112,0.999999647911263
"1826",13.9269035,1.49999524528471,1.50000326793354,2.2503407881964,4.50035059200771,0.999999647909916
"1827",13.93453468,1.49999522709666,1.50000322757307,2.25034029994959,4.50034998267921,0.999999647908568
"1828",13.94216586,1.49999520883908,1.50000318707328,2.25033981095211,4.50034937218211,0.999999647907225
"1829",13.94979704,1.4999951905117,1.50000314643431,2.25033932122198,4.50034876053481,0.999999647905868
"1830",13.95742822,1.49999517211426,1.50000310565473,2.25033883072667,4.5003481477005,0.999999647904524
"1831",13.9650594,1.49999515364649,1.5000030647346,2.25033833948304,4.50034753369624,0.999999647903175
"1832",13.97269058,1.49999513510812,1.50000302367325,2.25033784748341,4.50034691851231,0.999999647901825
"1833",13.98032176,1.49999511649888,1.50000298246992,2.25033735471679,4.50034630213545,0.999999647900481
"1834",13.98795294,1.4999950978185,1.50000294112454,2.25033686119588,4.50034568457814,0.999999647899128
"1835",13.99558412,1.49999507906671,1.50000289963612,2.25033636690238,4.50034506581915,0.99999964789778
"1836",14.0032153,1.49999506024324,1.5000028580042,2.25033587183674,4.5003444458575,0.999999647896433
"1837",14.01084648,1.4999950413478,1.50000281622831,2.25033537599763,4.5003438246905,0.999999647895086
"1838",14.01847766,1.49999502238014,1.50000277430822,2.25033487939106,4.50034320232342,0.999999647893731
"1839",14.02610884,1.49999500333996,1.50000273224234,2.25033438198205,4.50034257871653,0.999999647892395
"1840",14.03374002,1.49999498422699,1.50000269003157,2.25033388381288,4.50034195391482,0.999999647891039
"1841",14.0413712,1.49999496504096,1.50000264767436,2.25033338484971,4.50034132787982,0.999999647889688
"1842",14.04900238,1.49999494578158,1.50000260517042,2.25033288509548,4.50034070061352,0.999999647888339
"1843",14.05663356,1.49999492644858,1.50000256251919,2.25033238454884,4.50034007211298,0.999999647886988
"1844",14.06426474,1.49999490704167,1.50000251971998,2.25033188320185,4.50033944236815,0.99999964788564
"1845",14.07189592,1.49999488756058,1.5000024767724,2.25033138105592,4.50033881137924,0.999999647884291
"1846",14.0795271,1.49999486800501,1.50000243367576,2.25033087810442,4.50033817913761,0.999999647882943
"1847",14.08715828,1.49999484837468,1.50000239042983,2.25033037435529,4.50033754565049,0.999999647881586
"1848",14.09478946,1.49999482866931,1.5000023470335,2.25032986978743,4.50033691089343,0.999999647880237
"1849",14.10242064,1.49999480888861,1.50000230348648,2.25032936440611,4.50033627487084,0.999999647878887
"1850",14.11005182,1.49999478903229,1.50000225978845,2.25032885821611,4.50033563758657,0.999999647877529
"1851",14.117683,1.49999476910006,1.50000221593822,2.2503283511952,4.50033499901478,0.99999964787618
"1852",14.12531418,1.49999474909164,1.50000217193557,2.25032784335025,4.50033435916168,0.99999964787483
"1853",14.13294536,1.49999472900672,1.50000212778014,2.25032733468587,4.50033371803082,0.999999647873473
"1854",14.14057654,1.49999470884503,1.50000208347078,2.25032682517988,4.50033307559656,0.999999647872124
"1855",14.14820772,1.49999468860626,1.50000203900763,2.25032631485182,4.50033243187886,0.999999647870764
"1856",14.1558389,1.49999466829012,1.50000199438951,2.25032580368067,4.50033178685317,0.999999647869408
"1857",14.16347008,1.49999464789632,1.50000194961598,2.25032529166604,4.50033114051778,0.999999647868053
"1858",14.17110126,1.49999462742455,1.5000019046866,2.25032477881032,4.50033049287376,0.999999647866693
"1859",14.17873244,1.49999460687453,1.5000018596005,2.25032426510039,4.50032984390535,0.999999647865338
"1860",14.18636362,1.49999458624595,1.50000181435723,2.25032375053856,4.50032919361355,0.999999647863983
"1861",14.1939948,1.4999945655385,1.5000017689561,2.25032323511706,4.50032854198849,0.999999647862629
"1862",14.20162598,1.4999945447519,1.50000172339683,2.25032271884321,4.50032788903669,0.999999647861269
"1863",14.20925716,1.49999452388583,1.50000167767862,2.25032220170697,4.50032723474563,0.999999647859908
"1864",14.21688834,1.49999450294,1.5000016318007,2.25032168370049,4.50032657910527,0.999999647858549
"1865",14.22451952,1.49999448191409,1.50000158576271,2.25032116482685,4.5003259221175,0.999999647857186
"1866",14.2321507,1.4999944608078,1.50000153956411,2.2503206450849,4.5003252637796,0.999999647855817
"1867",14.23978188,1.49999443962083,1.50000149320348,2.25032012444559,4.50032460405825,0.999999647854466
"1868",14.24741306,1.49999441835287,1.50000144668135,2.25031960294233,4.50032394298848,0.999999647853098
"1869",14.25504424,1.4999943970036,1.50000139999642,2.25031908054851,4.50032328053974,0.999999647851734
"1870",14.26267542,1.49999437557271,1.50000135314808,2.25031855726114,4.5003226167072,0.999999647850374
"1871",14.2703066,1.49999435405991,1.50000130613612,2.25031803309028,4.50032195150034,0.999999647849005
"1872",14.27793778,1.49999433246486,1.50000125895953,2.25031750801951,4.50032128489967,0.999999647847638
"1873",14.28556896,1.49999431078725,1.50000121161793,2.25031698205294,4.50032061690821,0.999999647846266
"1874",14.29320014,1.49999428902678,1.50000116411032,2.25031645517479,4.5003199475071,0.999999647844901
"1875",14.30083132,1.49999426718312,1.50000111643619,2.25031592738626,4.50031927669607,0.999999647843538
"1876",14.3084625,1.49999424525596,1.50000106859545,2.25031539869948,4.50031860448697,0.999999647842161
"1877",14.31609368,1.49999422324497,1.50000102058675,2.25031486908913,4.50031793085043,0.999999647840792
"1878",14.32372486,1.49999420114984,1.50000097240977,2.2503143385608,4.50031725579105,0.99999964783942
"1879",14.33135604,1.49999417897024,1.50000092406383,2.25031380711002,4.50031657930235,0.999999647838047
"1880",14.33898722,1.49999415670586,1.50000087554808,2.25031327472638,4.50031590137139,0.999999647836679
"1881",14.3466184,1.49999413435636,1.5000008268626,2.25031274142845,4.50031522201693,0.999999647835295
"1882",14.35424958,1.49999411192142,1.50000077800591,2.25031220718663,4.50031454120496,0.999999647833918
"1883",14.36188076,1.49999408940072,1.5000007289776,2.25031167200475,4.50031385893809,0.999999647832542
"1884",14.36951194,1.49999406679393,1.50000067977693,2.25031113587639,4.50031317520763,0.999999647831169
"1885",14.37714312,1.49999404410071,1.50000063040379,2.2503105988142,4.50031249002596,0.999999647829783
"1886",14.3847743,1.49999402132074,1.50000058085683,2.25031006079289,4.50031180336373,0.999999647828404
"1887",14.39240548,1.49999399845369,1.50000053113586,2.25030952182348,4.50031111523134,0.999999647827019
"1888",14.40003666,1.49999397549923,1.5000004812399,2.25030898189207,4.50031042561201,0.999999647825636
"1889",14.40766784,1.49999395245701,1.50000043116832,2.25030844099558,4.50030973450074,0.999999647824255
"1890",14.41529902,1.4999939293267,1.50000038092071,2.25030789913817,4.50030904190044,0.999999647822867
"1891",14.4229302,1.49999390610798,1.50000033049609,2.2503073563071,4.50030834779548,0.999999647821482
"1892",14.43056138,1.49999388280049,1.50000027989411,2.25030681250721,4.50030765218962,0.999999647820091
"1893",14.43819256,1.4999938594039,1.50000022911368,2.2503062677222,4.50030695506329,0.999999647818704
"1894",14.44582374,1.49999383591787,1.50000017815457,2.25030572196243,4.50030625642616,0.99999964781731
"1895",14.45345492,1.49999381234206,1.50000012701575,2.25030517521246,4.50030555625971,0.999999647815918
"1896",14.4610861,1.49999378867612,1.50000007569655,2.25030462746903,4.5003048545587,0.999999647814527
"1897",14.46871728,1.49999376491971,1.50000002419641,2.25030407873161,4.50030415132082,0.999999647813134
"1898",14.47634846,1.49999374107249,1.49999997251484,2.2503035290028,4.50030344654732,0.999999647811733
"1899",14.48397964,1.4999937171341,1.49999992065067,2.25030297826313,4.50030274021515,0.999999647810338
"1900",14.49161082,1.4999936931042,1.49999986860362,2.2503024265224,4.50030203233329,0.999999647808936
"1901",14.499242,1.49999366898244,1.49999981637293,2.25030187377323,4.50030132289205,0.99999964780753
"1902",14.50687318,1.49999364476846,1.4999997639576,2.25030132000285,4.50030061187571,0.999999647806128
"1903",14.51450436,1.49999362046192,1.49999971135713,2.25030076521322,4.5002998992847,0.999999647804724
"1904",14.52213554,1.49999359606246,1.49999965857082,2.25030020939991,4.50029918511248,0.999999647803319
"1905",14.52976672,1.49999357156973,1.49999960559801,2.25029965256188,4.50029846935608,0.999999647801908
"1906",14.5373979,1.49999354698336,1.4999995524379,2.25029909469043,4.50029775200434,0.999999647800498
"1907",14.54502908,1.49999352230301,1.49999949908977,2.25029853578187,4.50029703305143,0.999999647799086
"1908",14.55266026,1.4999934975283,1.49999944555291,2.25029797583201,4.50029631249107,0.999999647797673
"1909",14.56029144,1.49999347265889,1.49999939182671,2.25029741483974,4.50029559032025,0.999999647796255
"1910",14.56792262,1.49999344769441,1.49999933791019,2.25029685279371,4.50029486652472,0.99999964779484
"1911",14.5755538,1.49999342263449,1.49999928380304,2.25029628970103,4.50029414111067,0.999999647793416
"1912",14.58318498,1.49999339747877,1.49999922950405,2.25029572554326,4.50029341405601,0.999999647791997
"1913",14.59081616,1.49999337222689,1.4999991750128,2.25029516032605,4.50029268536511,0.999999647790574
"1914",14.59844734,1.49999334687847,1.49999912032836,2.25029459403848,4.50029195502433,0.999999647789152
"1915",14.60607852,1.49999332143315,1.49999906545017,2.25029402668154,4.50029122303292,0.999999647787726
"1916",14.6137097,1.49999329589056,1.49999901037746,2.25029345825009,4.50029048938346,0.999999647786296
"1917",14.62134088,1.49999327025033,1.49999895510943,2.25029288873829,4.50028975406767,0.999999647784866
"1918",14.62897206,1.49999324451207,1.49999889964546,2.25029231814467,4.50028901708225,0.99999964778343
"1919",14.63660324,1.49999321867543,1.49999884398459,2.25029174645901,4.50028827841411,0.999999647781995
"1920",14.64423442,1.49999319274002,1.49999878812621,2.25029117368076,4.50028753806085,0.999999647780558
"1921",14.6518656,1.49999316670546,1.49999873206953,2.25029059980482,4.50028679601501,0.999999647779117
"1922",14.65949678,1.49999314057137,1.4999986758137,2.25029002482343,4.50028605226628,0.999999647777678
"1923",14.66712796,1.49999311433738,1.49999861935808,2.25028944873563,4.50028530681178,0.999999647776235
"1924",14.67475914,1.4999930880031,1.499998562702,2.25028887153986,4.50028455964791,0.999999647774787
"1925",14.68239032,1.49999306156815,1.49999850584444,2.25028829322406,4.50028381075963,0.99999964777334
"1926",14.6900215,1.49999303503215,1.49999844878479,2.25028771378829,4.50028306014507,0.99999964777189
"1927",14.69765268,1.4999930083947,1.49999839152237,2.25028713323031,4.50028230780002,0.999999647770435
"1928",14.70528386,1.49999298165542,1.49999833405613,2.25028655153797,4.50028155370914,0.999999647768981
"1929",14.71291504,1.49999295481393,1.49999827638552,2.25028596871299,4.50028079787253,0.999999647767523
"1930",14.72054622,1.49999292786982,1.49999821850988,2.25028538475399,4.50028004028679,0.999999647766058
"1931",14.7281774,1.49999290082271,1.49999816042793,2.25028479964235,4.50027928092953,0.999999647764598
"1932",14.73580858,1.49999287367221,1.49999810213921,2.25028421338205,4.50027851980329,0.999999647763136
"1933",14.74343976,1.49999284641791,1.49999804364309,2.25028362597419,4.50027775690727,0.999999647761665
"1934",14.75107094,1.49999281905943,1.4999979849385,2.2502830374049,4.50027699222445,0.999999647760195
"1935",14.75870212,1.49999279159636,1.49999792602459,2.25028244766856,4.50027622574662,0.999999647758726
"1936",14.7663333,1.49999276402831,1.49999786690097,2.25028185677208,4.50027545747954,0.999999647757248
"1937",14.77396448,1.49999273635486,1.49999780756645,2.25028126469976,4.50027468740392,0.99999964775577
"1938",14.78159566,1.49999270857563,1.49999774802028,2.25028067144713,4.50027391551303,0.999999647754292
"1939",14.78922684,1.4999926806902,1.49999768826188,2.25028007701765,4.50027314180863,0.999999647752806
"1940",14.79685802,1.49999265269818,1.49999762829018,2.25027948139757,4.50027236627373,0.999999647751321
"1941",14.8044892,1.49999262459914,1.49999756810458,2.25027888458968,4.50027158890934,0.999999647749829
"1942",14.81212038,1.49999259639269,1.49999750770398,2.25027828657847,4.50027080969661,0.999999647748341
"1943",14.81975156,1.49999256807841,1.49999744708795,2.25027768737328,4.50027002864365,0.999999647746843
"1944",14.82738274,1.49999253965589,1.49999738625539,2.25027708696009,4.5002692457331,0.999999647745343
"1945",14.83501392,1.49999251112471,1.49999732520536,2.25027648532958,4.50026846095281,0.999999647743845
"1946",14.8426451,1.49999248248447,1.49999726393743,2.25027588248938,4.50026767430915,0.999999647742338
"1947",14.85027628,1.49999245373474,1.49999720245037,2.2502752784234,4.50026688578234,0.999999647740833
"1948",14.85790746,1.49999242487511,1.49999714074359,2.25027467313294,4.50026609537189,0.999999647739322
"1949",14.86553864,1.49999239590515,1.49999707881619,2.25027406661201,4.50026530306912,0.999999647737807
"1950",14.87316982,1.49999236682445,1.49999701666697,2.25027345884362,4.50026450885344,0.9999996477363
"1951",14.880801,1.49999233763257,1.49999695429589,2.25027284984779,4.50026371274473,0.999999647734776
"1952",14.88843218,1.4999923083291,1.49999689170148,2.25027223960139,4.5002629147155,0.999999647733253
"1953",14.89606336,1.49999227891361,1.49999682888308,2.25027162810422,4.50026211476353,0.999999647731725
"1954",14.90369454,1.49999224938567,1.49999676583978,2.25027101534949,4.5002613128793,0.999999647730195
"1955",14.91132572,1.49999221974485,1.49999670257062,2.25027040132934,4.50026050905206,0.999999647728665
"1956",14.9189569,1.49999218999072,1.49999663907488,2.25026978604295,4.50025970327888,0.999999647727131
"1957",14.92658808,1.49999216012285,1.49999657535185,2.25026916948964,4.5002588955569,0.999999647725588
"1958",14.93421926,1.4999921301408,1.49999651140031,2.25026855165423,4.50025808586733,0.999999647724046
"1959",14.94185044,1.49999210004413,1.49999644721956,2.25026793253558,4.50025727420689,0.999999647722502
"1960",14.94948162,1.49999206983241,1.4999963828088,2.25026731213187,4.50025646057136,0.999999647720951
"1961",14.9571128,1.49999203950519,1.49999631816708,2.25026669043472,4.50025564494951,0.999999647719397
"1962",14.96474398,1.49999200906204,1.49999625329344,2.25026606743772,4.50025482733209,0.99999964771784
"1963",14.97237516,1.49999197850252,1.49999618818706,2.25026544313634,4.50025400771205,0.999999647716281
"1964",14.98000634,1.49999194782616,1.49999612284698,2.25026481752349,4.50025318607945,0.99999964771472
"1965",14.98763752,1.49999191703254,1.49999605727267,2.25026419060503,4.50025236243858,0.999999647713148
"1966",14.9952687,1.49999188612121,1.49999599146282,2.25026356236316,4.50025153676769,0.999999647711575
"1967",15.00289988,1.4999918550917,1.49999592541658,2.2502629327939,4.50025070906025,0.99999964771
"1968",15.01053106,1.49999182394358,1.49999585913323,2.25026230189701,4.50024987931383,0.999999647708419
"1969",15.01816224,1.49999179267638,1.49999579261175,2.25026166966415,4.50024904751709,0.999999647706834
"1970",15.02579342,1.49999176128965,1.49999572585094,2.250261036081,4.50024821365208,0.999999647705254
"1971",15.0334246,1.49999172978294,1.49999565885057,2.25026040116233,4.5002473777329,0.999999647703659
"1972",15.04105578,1.49999169815579,1.49999559160915,2.25025976488593,4.50024653973283,0.999999647702066
"1973",15.04868696,1.49999166640773,1.49999552412588,2.25025912724979,4.50024569964747,0.99999964770047
"1974",15.05631814,1.4999916345383,1.49999545640017,2.25025848825803,4.50024485747919,0.999999647698863
"1975",15.06394932,1.49999160254705,1.49999538843077,2.25025784789538,4.50024401320895,0.999999647697254
"1976",15.0715805,1.4999915704335,1.49999532021664,2.25025720615384,4.50024316682566,0.999999647695645
"1977",15.07921168,1.49999153819718,1.49999525175708,2.25025656303387,4.50024231832767,0.99999964769403
"1978",15.08684286,1.49999150583763,1.49999518305101,2.25025591852587,4.5002414677021,0.999999647692414
"1979",15.09447404,1.49999147335438,1.49999511409781,2.25025527263452,4.50024061495181,0.999999647690786
"1980",15.10210522,1.49999144074696,1.49999504489621,2.25025462534397,4.50023976005715,0.999999647689155
"1981",15.1097364,1.49999140801488,1.49999497544533,2.25025397665044,4.50023890301166,0.999999647687521
"1982",15.11736758,1.49999137515767,1.49999490574412,2.25025332654513,4.50023804380345,0.999999647685886
"1983",15.12499876,1.49999134217486,1.49999483579183,2.2502526750291,4.50023718243126,0.999999647684243
"1984",15.13262994,1.49999130906596,1.49999476558747,2.25025202209541,4.50023631888522,0.999999647682594
"1985",15.14026112,1.49999127583049,1.49999469512979,2.25025136772982,4.50023545314735,0.999999647680947
"1986",15.1478923,1.49999124246797,1.4999946244182,2.25025071193734,4.50023458522082,0.999999647679291
"1987",15.15552348,1.49999120897791,1.49999455345161,2.25025005470942,4.50023371509392,0.999999647677629
"1988",15.16315466,1.49999117535983,1.49999448222901,2.2502493960383,4.50023284275578,0.999999647675962
"1989",15.17078584,1.49999114161323,1.49999441074942,2.25024873591894,4.50023196819843,0.999999647674291
"1990",15.17841702,1.49999110773762,1.49999433901176,2.250248074342,4.50023109140933,0.999999647672618
"1991",15.1860482,1.49999107373252,1.49999426701532,2.25024741131007,4.50023021238891,0.999999647670934
"1992",15.19367938,1.49999103959742,1.49999419475885,2.25024674680893,4.50022933111919,0.999999647669249
"1993",15.20131056,1.49999100533183,1.49999412224125,2.2502460808298,4.50022844758809,0.999999647667564
"1994",15.20894174,1.49999097093525,1.49999404946204,2.25024541338221,4.50022756180373,0.999999647665865
"1995",15.21657292,1.49999093640718,1.49999397641976,2.25024474444731,4.50022667374286,0.999999647664164
"1996",15.2242041,1.49999090174712,1.49999390311359,2.25024407402278,4.50022578340072,0.999999647662458
"1997",15.23183528,1.49999086695456,1.49999382954237,2.25024340209922,4.5002248907644,0.999999647660749
"1998",15.23946646,1.49999083202899,1.49999375570523,2.250242728675,4.50022399582969,0.999999647659034
"1999",15.24709764,1.49999079696991,1.49999368160121,2.250242053745,4.50022309858856,0.999999647657311
"2000",15.25472882,1.49999076177681,1.49999360722911,2.25024137729822,4.50022219902643,0.999999647655585
"2001",15.26236,1.49999072644917,1.49999353258805,2.25024069933307,4.50022129713904,0.999999647653851
"2002",15.26999118,1.49999069098648,1.49999345767686,2.2502400198385,4.50022039291189,0.999999647652115
"2003",15.27762236,1.49999065538823,1.4999933824946,2.2502393388109,4.50021948633848,0.999999647650374
"2004",15.28525354,1.49999061965389,1.49999330704033,2.25023865624883,4.50021857741462,0.999999647648623
"2005",15.29288472,1.49999058378295,1.4999932313129,2.25023797213994,4.50021766612444,0.999999647646868
"2006",15.3005159,1.49999054777488,1.4999931553111,2.25023728647519,4.50021675245534,0.999999647645112
"2007",15.30814708,1.49999051162916,1.49999307903421,2.25023659925728,4.50021583640782,0.999999647643346
"2008",15.31577826,1.49999047534526,1.49999300248101,2.25023591047488,4.50021491796688,0.999999647641574
"2009",15.32340944,1.49999043892266,1.49999292565058,2.25023522012605,4.50021399712784,0.999999647639794
"2010",15.33104062,1.49999040236082,1.4999928485415,2.25023452819378,4.50021307386942,0.999999647638014
"2011",15.3386718,1.49999036565921,1.49999277115292,2.25023383467705,4.50021214818806,0.99999964763623
"2012",15.34630298,1.4999903288173,1.499992693484,2.25023313957763,4.50021122008303,0.999999647634433
"2013",15.35393416,1.49999029183455,1.49999261553345,2.25023244288191,4.50021028953677,0.999999647632631
"2014",15.36156534,1.49999025471043,1.49999253730027,2.2502317445849,4.5002093565414,0.999999647630822
"2015",15.36919652,1.49999021744439,1.49999245878343,2.25023104468411,4.50020842109128,0.999999647629002
"2016",15.3768277,1.49999018003589,1.49999237998122,2.25023034315191,4.50020748315364,0.999999647627193
"2017",15.38445888,1.49999014248438,1.49999230089345,2.25022964000984,4.50020654274947,0.999999647625365
"2018",15.39209006,1.49999010478932,1.49999222151869,2.25022893524127,4.50020559985785,0.99999964762353
"2019",15.39972124,1.49999006695016,1.49999214185571,2.25022822883526,4.50020465446414,0.999999647621691
"2020",15.40735242,1.49999002896636,1.49999206190345,2.25022752078622,4.50020370655958,0.999999647619848
"2021",15.4149836,1.49998999083735,1.49999198166091,2.25022681109122,4.50020275613825,0.999999647617997
"2022",15.42261478,1.49998995256258,1.499991901127,2.25022609974386,4.50020180319044,0.999999647616137
"2023",15.43024596,1.49998991414149,1.49999182030041,2.25022538673206,4.50020084770021,0.999999647614274
"2024",15.43787714,1.49998987557353,1.49999173918029,2.25022467205632,4.50019988966542,0.9999996476124
"2025",15.44550832,1.49998983685813,1.49999165776531,2.25022395570554,4.50019892907106,0.99999964761052
"2026",15.4531395,1.49998979799473,1.49999157605435,2.25022323767053,4.50019796590454,0.999999647608637
"2027",15.46077068,1.49998975898277,1.49999149404647,2.25022251795239,4.50019700016415,0.999999647606742
"2028",15.46840186,1.49998971982167,1.49999141174039,2.25022179653924,4.50019603183418,0.999999647604841
"2029",15.47603304,1.49998968051087,1.4999913291348,2.25022107341848,4.50019506089807,0.999999647602938
"2030",15.48366422,1.49998964104979,1.49999124622893,2.25022034859557,4.500194087359,0.999999647601023
"2031",15.4912954,1.49998960143786,1.49999116302141,2.25021962205697,4.50019311119929,0.999999647599101
"2032",15.49892658,1.49998956167451,1.49999107951109,2.25021889379473,4.50019213240758,0.999999647597174
"2033",15.50655776,1.49998952175914,1.49999099569698,2.25021816380794,4.50019115097996,0.999999647595234
"2034",15.51418894,1.49998948169119,1.49999091157766,2.25021743208166,4.50019016689723,0.999999647593292
"2035",15.52182012,1.49998944147007,1.49999082715211,2.25021669861348,4.50018918015396,0.999999647591341
"2036",15.5294513,1.4999894010952,1.49999074241896,2.2502159633894,4.50018819073198,0.999999647589389
"2037",15.53708248,1.49998936056598,1.49999065737754,2.25021522641991,4.50018719863981,0.999999647587417
"2038",15.54471366,1.49998931988182,1.49999057202611,2.25021448767784,4.50018620384506,0.999999647585447
"2039",15.55234484,1.49998927904214,1.49999048636386,2.25021374716997,4.50018520635207,0.999999647583465
"2040",15.55997602,1.49998923804634,1.49999040038942,2.25021300488247,4.50018420614289,0.999999647581476
"2041",15.5676072,1.49998919689382,1.49999031410142,2.25021226080324,4.50018320320131,0.999999647579486
"2042",15.57523838,1.49998915558399,1.49999022749922,2.25021151494162,4.50018219753478,0.999999647577479
"2043",15.58286956,1.49998911411623,1.49999014058124,2.25021076728017,4.5001811891211,0.999999647575463
"2044",15.59050074,1.49998907248996,1.49999005334621,2.25021001780753,4.5001801779451,0.999999647573445
"2045",15.59813192,1.49998903070456,1.49998996579307,2.25020926652334,4.50017916400324,0.999999647571416
"2046",15.6057631,1.49998898875942,1.49998987792051,2.25020851341626,4.50017814728025,0.999999647569381
"2047",15.61339428,1.49998894665393,1.49998978972743,2.25020775848299,4.50017712776952,0.999999647567335
"2048",15.62102546,1.49998890438749,1.49998970121261,2.25020700171623,4.50017610546013,0.999999647565278
"2049",15.62865664,1.49998886195947,1.49998961237474,2.25020624310603,4.50017508033816,0.999999647563214
"2050",15.63628782,1.49998881936926,1.4999895232124,2.25020548263963,4.50017405238659,0.999999647561148
"2051",15.643919,1.49998877661624,1.49998943372474,2.25020472032138,4.50017302160723,0.999999647559066
"2052",15.65155018,1.49998873369978,1.49998934391019,2.25020395613415,4.50017198797827,0.99999964755698
"2053",15.65918136,1.49998869061926,1.49998925376765,2.25020319007431,4.50017095149273,0.999999647554885
"2054",15.66681254,1.49998864737406,1.49998916329598,2.25020242213884,4.50016991214421,0.999999647552777
"2055",15.67444372,1.49998860396354,1.49998907249357,2.25020165230881,4.50016886990894,0.999999647550667
"2056",15.6820749,1.49998856038707,1.49998898135971,2.25020088059325,4.5001678247938,0.999999647548538
"2057",15.68970608,1.49998851664402,1.49998888989269,2.25020010697179,4.50016677677329,0.999999647546404
"2058",15.69733726,1.49998847273375,1.49998879809129,2.25019933143788,4.50016572583724,0.999999647544263
"2059",15.70496844,1.49998842865562,1.49998870595431,2.25019855398663,4.5001646719771,0.999999647542111
"2060",15.71259962,1.49998838440899,1.49998861348034,2.25019777460705,4.50016361517772,0.999999647539954
"2061",15.7202308,1.49998833999322,1.49998852066837,2.25019699329829,4.50016255543519,0.999999647537782
"2062",15.72786198,1.49998829540766,1.49998842751692,2.25019621004804,4.50016149273272,0.999999647535602
"2063",15.73549316,1.49998825065165,1.49998833402473,2.25019542484966,4.50016042705995,0.999999647533412
"2064",15.74312434,1.49998820572456,1.49998824019051,2.25019463769561,4.50015935840543,0.999999647531211
"2065",15.75075552,1.49998816062572,1.49998814601261,2.25019384856743,4.50015828674577,0.999999647529011
"2066",15.7583867,1.49998811535447,1.49998805149046,2.25019305748034,4.5001572120945,0.999999647526787
"2067",15.76601788,1.49998806991017,1.49998795662206,2.2501922644048,4.50015613441601,0.999999647524563
"2068",15.77364906,1.49998802429215,1.49998786140646,2.25019146934482,4.50015505371154,0.999999647522325
"2069",15.78128024,1.49998797849973,1.49998776584207,2.25019067228474,4.50015396996061,0.999999647520081
"2070",15.78891142,1.49998793253227,1.49998766992813,2.25018987323326,4.50015288316968,0.999999647517814
"2071",15.7965426,1.49998788638908,1.49998757366256,2.25018907216047,4.50015179330257,0.999999647515547
"2072",15.80417378,1.4999878400695,1.49998747704429,2.25018826906691,4.50015070035659,0.999999647513271
"2073",15.81180496,1.49998779357285,1.49998738007213,2.25018746394837,4.50014960432401,0.999999647510982
"2074",15.81943614,1.49998774689845,1.49998728274467,2.2501866567953,4.50014850519105,0.999999647508681
"2075",15.82706732,1.49998770004563,1.49998718506039,2.25018584759468,4.50014740294008,0.999999647506373
"2076",15.8346985,1.4999876530137,1.49998708701813,2.25018503634517,4.50014629756631,0.999999647504051
"2077",15.84232968,1.49998760580199,1.49998698861646,2.25018422303583,4.50014518905452,0.999999647501718
"2078",15.84996086,1.49998755840979,1.49998688985401,2.25018340765848,4.50014407739239,0.999999647499374
"2079",15.85759204,1.49998751083642,1.49998679072933,2.25018259020391,4.50014296256639,0.999999647497019
"2080",15.86522322,1.4999874630812,1.49998669124103,2.25018177066293,4.50014184456315,0.999999647494655
"2081",15.8728544,1.49998741514341,1.49998659138786,2.25018094903093,4.50014072337431,0.999999647492278
"2082",15.88048558,1.49998736702237,1.49998649116826,2.25018012529537,4.50013959898265,0.999999647489891
"2083",15.88811676,1.49998731871738,1.4999863905808,2.25017929944659,4.50013847137422,0.999999647487497
"2084",15.89574794,1.49998727022773,1.49998628962444,2.25017847148712,4.50013734054842,0.999999647485084
"2085",15.90337912,1.49998722155272,1.49998618829739,2.25017764139782,4.50013620648076,0.999999647482662
"2086",15.9110103,1.49998717269163,1.49998608659842,2.25017680917519,4.50013506916404,0.999999647480227
"2087",15.91864148,1.49998712364376,1.49998598452585,2.25017597480313,4.50013392857712,0.999999647477786
"2088",15.92627266,1.4999870744084,1.49998588207869,2.25017513828563,4.50013278472101,0.999999647475326
"2089",15.93390384,1.49998702498481,1.49998577925507,2.25017429960222,4.50013163756966,0.999999647472861
"2090",15.94153502,1.4999869753723,1.49998567605386,2.25017345875203,4.50013048711879,0.99999964747038
"2091",15.9491662,1.49998692557013,1.49998557247369,2.2501726157302,4.50012933335943,0.999999647467881
"2092",15.95679738,1.49998687557757,1.49998546851273,2.25017177051566,4.50012817626502,0.999999647465376
"2093",15.96442856,1.49998682539391,1.49998536416967,2.25017092310435,4.50012701582758,0.999999647462861
"2094",15.97205974,1.49998677501841,1.49998525944321,2.25017007349211,4.50012585203902,0.99999964746033
"2095",15.97969092,1.49998672445034,1.49998515433169,2.25016922166448,4.50012468487993,0.99999964745779
"2096",15.9873221,1.49998667368896,1.49998504883377,2.25016836761724,4.50012351434209,0.999999647455236
"2097",15.99495328,1.49998662273353,1.4999849429481,2.25016751134371,4.50012234041473,0.999999647452664
"2098",16.00258446,1.49998657158331,1.49998483667284,2.25016665282623,4.50012116307469,0.999999647450085
"2099",16.01021564,1.49998652023756,1.49998473000681,2.25016579206379,4.50011998231739,0.999999647447489
"2100",16.01784682,1.49998646869552,1.49998462294829,2.25016492904143,4.50011879812275,0.999999647444884
"2101",16.025478,1.49998641695645,1.49998451549613,2.25016406376026,4.5001176104884,0.999999647442259
"2102",16.03310918,1.4999863650196,1.49998440764847,2.25016319620102,4.50011641938954,0.999999647439624
"2103",16.04074036,1.49998631288421,1.49998429940381,2.25016232635467,4.50011522481261,0.999999647436979
"2104",16.04837154,1.49998626054952,1.4999841907609,2.25016145422003,4.50011402675265,0.999999647434316
"2105",16.05600272,1.49998620801476,1.49998408171791,2.25016057977882,4.50011282518593,0.999999647431644
"2106",16.0636339,1.49998615527918,1.49998397227367,2.2501597030335,4.50011162011141,0.999999647428951
"2107",16.07126508,1.49998610234201,1.49998386242623,2.25015882396114,4.50011041150024,0.999999647426252
"2108",16.07889626,1.49998604920247,1.4999837521742,2.25015794255811,4.50010919934471,0.99999964742354
"2109",16.08652744,1.49998599585979,1.49998364151646,2.25015705882724,4.50010798364421,0.999999647420803
"2110",16.09415862,1.4999859423132,1.49998353045074,2.25015617273782,4.50010676436127,0.999999647418063
"2111",16.1017898,1.49998588856191,1.49998341897604,2.25015528429764,4.50010554150069,0.999999647415302
"2112",16.10942098,1.49998583460514,1.49998330709051,2.25015439348878,4.50010431503896,0.999999647412529
"2113",16.11705216,1.49998578044212,1.49998319479262,2.25015350030289,4.50010308496318,0.999999647409743
"2114",16.12468334,1.49998572607204,1.49998308208098,2.25015260473498,4.50010185126415,0.999999647406939
"2115",16.13231452,1.49998567149412,1.49998296895377,2.25015170677024,4.50010061392161,0.999999647404123
"2116",16.1399457,1.49998561670756,1.49998285540952,2.25015080640207,4.50009937292456,0.999999647401291
"2117",16.14757688,1.49998556171157,1.49998274144676,2.25014990362423,4.50009812826235,0.999999647398439
"2118",16.15520806,1.49998550650534,1.49998262706363,2.25014899841981,4.50009687991253,0.999999647395577
"2119",16.16283924,1.49998545108808,1.49998251225871,2.25014809078491,4.50009562786687,0.999999647392697
"2120",16.17047042,1.49998539545897,1.4999823970302,2.25014718070359,4.50009437210405,0.999999647389806
"2121",16.1781016,1.4999853396172,1.49998228137665,2.2501462681716,4.50009311261548,0.999999647386898
"2122",16.18573278,1.49998528356197,1.49998216529652,2.25014535318243,4.50009184939008,0.99999964738397
"2123",16.19336396,1.49998522729245,1.499982048788,2.25014443571987,4.50009058240613,0.999999647381028
"2124",16.20099514,1.49998517080783,1.49998193184966,2.25014351578084,4.50008931165629,0.999999647378065
"2125",16.20862632,1.49998511410729,1.4999818144794,2.25014259334196,4.50008803711088,0.999999647375096
"2126",16.2162575,1.49998505718999,1.49998169667609,2.25014166840865,4.50008675877193,0.999999647372104
"2127",16.22388868,1.49998500005512,1.49998157843776,2.25014074096184,4.50008547661448,0.999999647369098
"2128",16.23151986,1.49998494270183,1.49998145976288,2.25013981099545,4.50008419062783,0.999999647366076
"2129",16.23915104,1.4999848851293,1.49998134064958,2.25013887849376,4.50008290079066,0.999999647363042
"2130",16.24678222,1.49998482733668,1.49998122109651,2.25013794345581,4.50008160709798,0.999999647359986
"2131",16.2544134,1.49998476932314,1.49998110110188,2.25013700586858,4.50008030953137,0.999999647356913
"2132",16.26204458,1.49998471108783,1.49998098066372,2.25013606571392,4.50007900806682,0.99999964735383
"2133",16.26967576,1.4999846526299,1.4999808597811,2.25013512300375,4.50007770271339,0.999999647350714
"2134",16.27730694,1.49998459394851,1.49998073845146,2.25013417770291,4.50007639342828,0.999999647347591
"2135",16.28493812,1.49998453504279,1.49998061667322,2.25013322980548,4.50007508020084,0.999999647344457
"2136",16.2925693,1.49998447591189,1.49998049444541,2.25013227932262,4.50007376303932,0.999999647341288
"2137",16.30020048,1.49998441655495,1.49998037176539,2.25013132621618,4.50007244189761,0.999999647338115
"2138",16.30783166,1.4999843569711,1.49998024863196,2.25013037049249,4.50007111677848,0.99999964733492
"2139",16.31546284,1.49998429715949,1.49998012504324,2.25012941213642,4.50006978766115,0.999999647331706
"2140",16.32309402,1.49998423711923,1.49998000099757,2.25012845114002,4.50006845453268,0.999999647328473
"2141",16.3307252,1.49998417684945,1.49997987649327,2.25012748749438,4.50006711737915,0.999999647325217
"2142",16.33835638,1.49998411634928,1.49997975152819,2.25012652117774,4.5000657761723,0.999999647321951
"2143",16.34598756,1.49998405561783,1.49997962610073,2.25012555218471,4.50006443090199,0.99999964731867
"2144",16.35361874,1.49998399465423,1.4999795002094,2.25012458051275,4.50006308156119,0.999999647315364
"2145",16.36124992,1.49998393345757,1.49997937385255,2.25012360615395,4.50006172813705,0.99999964731203
"2146",16.3688811,1.49998387202698,1.49997924702766,2.2501226290759,4.50006037058958,0.999999647308692
"2147",16.37651228,1.49998381036156,1.49997911973354,2.25012164928683,4.50005900892342,0.99999964730533
"2148",16.38414346,1.49998374846041,1.49997899196835,2.25012066677387,4.50005764312026,0.999999647301945
"2149",16.39177464,1.49998368632263,1.49997886373009,2.25011968152089,4.5000562731579,0.999999647298544
"2150",16.39940582,1.49998362394732,1.49997873501713,2.25011869352185,4.50005489902545,0.99999964729512
"2151",16.407037,1.49998356133356,1.4999786058275,2.25011770276093,4.50005352070115,0.99999964729168
"2152",16.41466818,1.49998349848045,1.49997847615963,2.25011670923496,4.50005213817711,0.999999647288214
"2153",16.42229936,1.49998343538706,1.4999783460114,2.25011571292518,4.50005075142829,0.999999647284732
"2154",16.42993054,1.4999833720525,1.4999782153812,2.25011471382604,4.5000493604442,0.999999647281226
"2155",16.43756172,1.49998330847582,1.49997808426687,2.25011371191815,4.50004796519907,0.999999647277707
"2156",16.4451929,1.4999832446561,1.49997795266686,2.2501127071987,4.50004656568536,0.999999647274165
"2157",16.45282408,1.49998318059242,1.49997782057925,2.25011169965508,4.50004516188476,0.999999647270601
"2158",16.46045526,1.49998311628385,1.49997768800232,2.25011068928018,4.50004375378498,0.999999647267011
"2159",16.46808644,1.49998305172944,1.49997755493387,2.25010967605317,4.50004234135855,0.999999647263405
"2160",16.47571762,1.49998298692826,1.49997742137228,2.2501086599703,4.50004092459692,0.999999647259775
"2161",16.4833488,1.49998292187937,1.49997728731551,2.25010764101606,4.50003950347847,0.999999647256126
"2162",16.49097998,1.49998285658181,1.49997715276179,2.25010661918276,4.50003807799014,0.999999647252454
"2163",16.49861116,1.49998279103463,1.49997701770923,2.25010559445865,4.50003664811453,0.999999647248758
"2164",16.50624234,1.4999827252369,1.4999768821558,2.25010456682923,4.50003521383106,0.999999647245042
"2165",16.51387352,1.49998265918763,1.4999767460997,2.25010353628643,4.50003377512629,0.999999647241303
"2166",16.5215047,1.49998259288588,1.49997660953879,2.2501025028125,4.50003233197599,0.999999647237546
"2167",16.52913588,1.49998252633068,1.49997647247147,2.25010146640544,4.5000308843734,0.999999647233762
"2168",16.53676706,1.49998245952105,1.49997633489581,2.25010042705314,4.5000294323006,0.999999647229951
"2169",16.54439824,1.49998239245604,1.49997619680935,2.25009938472989,4.50002797572454,0.999999647226127
"2170",16.55202942,1.49998232513465,1.49997605821074,2.25009833944118,4.50002651464661,0.999999647222273
"2171",16.5596606,1.49998225755592,1.49997591909764,2.25009729116393,4.50002504903673,0.999999647218401
"2172",16.56729178,1.49998218971885,1.49997577946857,2.2500962399012,4.50002357889353,0.999999647214493
"2173",16.57492296,1.49998212162246,1.49997563932087,2.25009518562057,4.50002210417662,0.999999647210573
"2174",16.58255414,1.49998205326576,1.49997549865301,2.25009412832327,4.50002062488261,0.999999647206627
"2175",16.59018532,1.49998198464775,1.49997535746288,2.2500930679947,4.50001914099058,0.999999647202656
"2176",16.5978165,1.49998191576744,1.49997521574862,2.25009200462624,4.50001765248636,0.999999647198657
"2177",16.60544768,1.49998184662382,1.499975073508,2.25009093819937,4.50001615934471,0.999999647194638
"2178",16.61307886,1.49998177721588,1.49997493073905,2.25008986870278,4.50001466154841,0.999999647190597
"2179",16.62071004,1.49998170754262,1.49997478744021,2.25008879613911,4.50001315909541,0.999999647186518
"2180",16.62834122,1.49998163760302,1.49997464360856,2.25008772046943,4.50001165193807,0.99999964718243
"2181",16.6359724,1.49998156739606,1.4999744992429,2.25008664170583,4.50001014008482,0.999999647178307
"2182",16.64360358,1.49998149692072,1.49997435434088,2.25008555982722,4.50000862350757,0.999999647174157
"2183",16.65123476,1.49998142617598,1.49997420890017,2.25008447481249,4.50000710217818,0.999999647169992
"2184",16.65886594,1.4999813551608,1.49997406291893,2.25008338665755,4.50000557608707,0.999999647165801
"2185",16.66649712,1.49998128387416,1.49997391639538,2.25008229535677,4.50000404522326,0.999999647161577
"2186",16.6741283,1.499981212315,1.49997376932739,2.25008120089656,4.50000250956679,0.999999647157321
"2187",16.68175948,1.4999811404823,1.49997362171259,2.25008010325622,4.50000096908982,0.999999647153042
"2188",16.68939066,1.499981068375,1.49997347354883,2.250079002421,4.49999942377114,0.999999647148743
"2189",16.69702184,1.49998099599206,1.49997332483424,2.2500778983858,4.49999787360009,0.999999647144415
"2190",16.70465302,1.49998092333243,1.49997317556682,2.25007679114048,4.4999963185605,0.999999647140054
"2191",16.7122842,1.49998085039504,1.49997302574428,2.25007568066731,4.49999475862776,0.999999647135667
"2192",16.71991538,1.49998077717883,1.49997287536447,2.25007456695362,4.49999319378277,0.999999647131254
"2193",16.72754656,1.49998070368274,1.49997272442541,2.25007344998997,4.49999162401016,0.999999647126811
"2194",16.73517774,1.4999806299057,1.49997257292459,2.25007232975293,4.49999004927895,0.999999647122349
"2195",16.74280892,1.49998055584663,1.49997242086036,2.25007120624531,4.499988469587,0.99999964711785
"2196",16.7504401,1.49998048150446,1.49997226823032,2.25007007944494,4.49998688490495,0.999999647113326
"2197",16.75807128,1.4999804068781,1.49997211503239,2.25006894934318,4.49998529521791,0.99999964710877
"2198",16.76570246,1.49998033196647,1.49997196126429,2.25006781592281,4.49998370050184,0.999999647104188
"2199",16.77333364,1.49998025676847,1.49997180692377,2.25006667916996,4.49998210073611,0.999999647099581
"2200",16.78096482,1.49998018128302,1.4999716520091,2.25006553908216,4.49998049591305,0.999999647094936
"2201",16.788596,1.49998010550901,1.49997149651767,2.25006439563794,4.4999788860034,0.999999647090262
"2202",16.79622718,1.49998002944534,1.49997134044728,2.25006324882169,4.4999772709849,0.999999647085562
"2203",16.80385836,1.49997995309091,1.49997118379571,2.25006209862101,4.4999756508385,0.999999647080836
"2204",16.81148954,1.4999798764446,1.49997102656117,2.25006094503458,4.49997402555754,0.999999647076068
"2205",16.81912072,1.49997979950529,1.49997086874081,2.2500597880318,4.49997239510286,0.999999647071279
"2206",16.8267519,1.49997972227187,1.49997071033273,2.25005862760827,4.49997075946435,0.999999647066459
"2207",16.83438308,1.49997964474321,1.49997055133484,2.25005746375545,4.49996911862718,0.999999647061601
"2208",16.84201426,1.49997956691819,1.49997039174465,2.25005629645269,4.49996747256328,0.999999647056713
"2209",16.84964544,1.49997948879566,1.49997023155979,2.25005512568467,4.49996582125021,0.999999647051798
"2210",16.85727662,1.4999794103745,1.49997007077812,2.25005395144055,4.49996416467066,0.999999647046852
"2211",16.8649078,1.49997933165356,1.49996990939759,2.25005277371277,4.49996250281098,0.999999647041868
"2212",16.87253898,1.4999792526317,1.49996974741553,2.25005159247872,4.49996083564054,0.999999647036856
"2213",16.88017016,1.49997917330776,1.49996958482999,2.25005040773232,4.49995916314737,0.999999647031807
"2214",16.88780134,1.4999790936806,1.49996942163849,2.25004921945642,4.49995748530693,0.999999647026725
"2215",16.89543252,1.49997901374904,1.49996925783853,2.25004802763146,4.49995580209213,0.999999647021616
"2216",16.9030637,1.49997893351194,1.49996909342796,2.25004683224893,4.49995411348804,0.999999647016473
"2217",16.91069488,1.49997885296811,1.49996892840459,2.25004563329826,4.49995241947749,0.999999647011294
"2218",16.91832606,1.4999787721164,1.49996876276581,2.25004443075841,4.49995072003161,0.999999647006084
"2219",16.92595724,1.49997869095561,1.49996859650953,2.2500432246224,4.49994901513718,0.999999647000837
"2220",16.93358842,1.49997860948458,1.49996842963329,2.25004201487353,4.4999473047701,0.999999646995555
"2221",16.9412196,1.49997852770211,1.49996826213475,2.25004080149826,4.49994558890982,0.999999646990236
"2222",16.94885078,1.49997844560701,1.49996809401157,2.25003958448335,4.49994386753604,0.999999646984881
"2223",16.95648196,1.49997836319809,1.49996792526107,2.25003836380769,4.4999421406197,0.999999646979496
"2224",16.96411314,1.49997828047415,1.49996775588092,2.25003713945683,4.49994040813927,0.999999646974081
"2225",16.97174432,1.49997819743398,1.49996758586932,2.25003591143481,4.49993867009345,0.999999646968615
"2226",16.9793755,1.49997811407638,1.49996741522299,2.25003467970221,4.49993692643295,0.999999646963127
"2227",16.98700668,1.49997803040013,1.49996724394015,2.25003344426325,4.49993517715666,0.999999646957594
"2228",16.99463786,1.49997794640402,1.49996707201802,2.25003220509299,4.49993342223131,0.999999646952029
"2229",17.00226904,1.49997786208682,1.49996689945437,2.25003096218325,4.49993166164199,0.999999646946424
"2230",17.00990022,1.4999777774473,1.49996672624661,2.25002971551539,4.49992989536235,0.999999646940783
"2231",17.0175314,1.49997769248424,1.49996655239229,2.25002846507511,4.49992812337072,0.999999646935106
"2232",17.02516258,1.49997760719639,1.49996637788911,2.25002721085226,4.49992634565003,0.999999646929386
"2233",17.03279376,1.49997752158252,1.49996620273418,2.25002595282111,4.49992456216591,0.999999646923638
"2234",17.04042494,1.49997743564137,1.49996602692561,2.2500246909827,4.4999227729137,0.99999964691784
"2235",17.04805612,1.49997734937171,1.49996585046038,2.25002342530863,4.49992097785596,0.99999964691201
"2236",17.0556873,1.49997726277226,1.49996567333615,2.25002215578747,4.49991917697425,0.999999646906143
"2237",17.06331848,1.49997717584178,1.49996549555051,2.250020882408,4.49991737025009,0.999999646900234
"2238",17.07094966,1.49997708857899,1.49996531710096,2.25001960515581,4.49991555766159,0.999999646894282
"2239",17.07858084,1.49997700098262,1.49996513798478,2.25001832401051,4.49991373918022,0.999999646888293
"2240",17.08621202,1.49997691305141,1.49996495819961,2.25001703896238,4.49991191478915,0.999999646882261
"2241",17.0938432,1.49997682478406,1.49996477774273,2.25001574999086,4.49991008445967,0.99999964687619
"2242",17.10147438,1.49997673617931,1.49996459661159,2.25001445708199,4.49990824817016,0.99999964687008
"2243",17.10910556,1.49997664723584,1.49996441480376,2.25001316022397,4.49990640590156,0.999999646863926
"2244",17.11673674,1.49997655795238,1.49996423231635,2.25001185939289,4.49990455762127,0.999999646857738
"2245",17.12436792,1.49997646832762,1.49996404914721,2.25001055458613,4.49990270332022,0.999999646851499
"2246",17.1319991,1.49997637836026,1.49996386529358,2.25000924578399,4.49990084297044,0.999999646845216
"2247",17.13963028,1.49997628804898,1.49996368075253,2.25000793296119,4.49989897653785,0.999999646838898
"2248",17.14726146,1.49997619739248,1.49996349552183,2.25000661611334,4.49989710401141,0.999999646832533
"2249",17.15489264,1.49997610638943,1.49996330959846,2.25000529521497,4.49989522535655,0.999999646826132
"2250",17.16252382,1.49997601503851,1.49996312298036,2.25000397026555,4.49989334056655,0.999999646819676
"2251",17.170155,1.49997592333839,1.49996293566427,2.25000264123246,4.49989144959904,0.999999646813184
"2252",17.17778618,1.49997583128773,1.49996274764776,2.25000130810702,4.49988955243803,0.999999646806649
"2253",17.18541736,1.4999757388852,1.49996255892852,2.24999997088344,4.49988764907085,0.999999646800057
"2254",17.19304854,1.49997564612945,1.49996236950312,2.24999862952411,4.49988573944952,0.999999646793435
"2255",17.20067972,1.49997555301912,1.49996217936933,2.24999728402716,4.49988382356553,0.999999646786764
"2256",17.2083109,1.49997545955287,1.4999619885245,2.24999593437719,4.49988190139557,0.999999646780044
"2257",17.21594208,1.49997536572933,1.49996179696579,2.2499945805547,4.49987997291155,0.999999646773278
"2258",17.22357326,1.49997527154714,1.4999616046904,2.24999322254103,4.49987803808644,0.999999646766469
"2259",17.23120444,1.49997517700493,1.4999614116958,2.24999186032684,4.49987609690329,0.999999646759608
"2260",17.23883562,1.49997508210131,1.49996121797895,2.24999049388681,4.4998741493277,0.999999646752706
"2261",17.2464668,1.49997498683492,1.49996102353742,2.24998912321413,4.49987219534557,0.99999964674575
"2262",17.25409798,1.49997489120436,1.4999608283681,2.24998774828199,4.49987023492072,0.999999646738753
"2263",17.26172916,1.49997479520824,1.49996063246845,2.24998636908071,4.49986826803586,0.999999646731707
"2264",17.26936034,1.49997469884516,1.49996043583565,2.24998498559308,4.49986629466536,0.99999964672461
"2265",17.27699152,1.49997460211372,1.49996023846679,2.24998359779968,4.49986431478102,0.999999646717467
"2266",17.2846227,1.49997450501252,1.49996004035939,2.24998220569249,4.49986232836743,0.999999646710267
"2267",17.29225388,1.49997440754013,1.49995984151028,2.24998080924577,4.49986033538932,0.999999646703019
"2268",17.29988506,1.49997430969515,1.49995964191656,2.24997940843908,4.49985833581753,0.999999646695729
"2269",17.30751624,1.49997421147614,1.49995944157576,2.24997800326768,4.49985632963995,0.99999964668838
"2270",17.31514742,1.49997411288168,1.49995924048441,2.24997659369639,4.49985431681095,0.999999646680995
"2271",17.3227786,1.49997401391033,1.49995903864056,2.24997517973452,4.49985229733404,0.999999646673541
"2272",17.33040978,1.49997391456065,1.49995883604063,2.24997376134486,4.49985027116121,0.999999646666042
"2273",17.33804096,1.49997381483119,1.49995863268178,2.24997233851094,4.49984823826755,0.999999646658497
"2274",17.34567214,1.49997371472051,1.49995842856156,2.24997091122845,4.49984619864132,0.99999964665089
"2275",17.35330332,1.49997361422714,1.49995822367674,2.24996947947218,4.49984415224766,0.99999964664323
"2276",17.3609345,1.49997351334963,1.49995801802417,2.24996804321614,4.49984209905112,0.999999646635527
"2277",17.36856568,1.4999734120865,1.4999578116014,2.24996660245861,4.49984003904267,0.999999646627761
"2278",17.37619686,1.49997331043628,1.49995760440516,2.24996515717106,4.49983797218394,0.999999646619946
"2279",17.38382804,1.4999732083975,1.49995739643259,2.24996370733966,4.4998358984525,0.999999646612077
"2280",17.39145922,1.49997310596865,1.49995718768084,2.24996225294984,4.49983381782525,0.999999646604149
"2281",17.3990904,1.49997300314827,1.49995697814678,2.24996079397899,4.49983173027021,0.999999646596167
"2282",17.40672158,1.49997289993484,1.49995676782756,2.24995933041409,4.4998296357658,0.999999646588127
"2283",17.41435276,1.49997279632687,1.49995655672003,2.24995786223204,4.49982753427944,0.999999646580034
"2284",17.42198394,1.49997269232285,1.49995634482129,2.24995638941882,4.49982542578845,0.999999646571882
"2285",17.42961512,1.49997258792126,1.49995613212813,2.24995491195118,4.49982331025997,0.999999646563678
"2286",17.4372463,1.49997248312059,1.49995591863784,2.24995342981895,4.49982118767564,0.999999646555411
"2287",17.44487748,1.4999723779193,1.49995570434713,2.24995194299914,4.49981905800264,0.999999646547088
"2288",17.45250866,1.49997227231588,1.49995548925313,2.24995045147654,4.49981692121714,0.999999646538703
"2289",17.46013984,1.49997216630877,1.49995527335264,2.24994895523114,4.49981477728954,0.999999646530259
"2290",17.46777102,1.49997205989644,1.49995505664245,2.24994745423979,4.49981262618706,0.999999646521762
"2291",17.4754022,1.49997195307734,1.49995483911957,2.24994594848746,4.49981046788568,0.999999646513206
"2292",17.48303338,1.49997184584992,1.49995462078125,2.24994443796516,4.49980830236819,0.99999964650458
"2293",17.49066456,1.49997173821261,1.49995440162371,2.24994292263651,4.49980612958686,0.999999646495904
"2294",17.49829574,1.49997163016384,1.49995418164447,2.24994140250005,4.49980394953278,0.999999646487159
"2295",17.50592692,1.49997152170205,1.4999539608396,2.24993987751655,4.49980176215496,0.999999646478367
"2296",17.5135581,1.49997141282566,1.49995373920708,2.24993834769682,4.49979956745813,0.999999646469493
"2297",17.52118928,1.49997130353307,1.49995351674297,2.24993681300145,4.49979736539106,0.999999646460562
"2298",17.52882046,1.49997119382271,1.49995329344408,2.24993527341067,4.49979515592441,0.999999646451574
"2299",17.53645164,1.49997108369296,1.4999530693075,2.24993372891431,4.49979293903929,0.999999646442517
"2300",17.54408282,1.49997097314224,1.49995284432985,2.24993217948701,4.49979071470021,0.999999646433399
"2301",17.551714,1.49997086216893,1.49995261850807,2.24993062511487,4.49978848288409,0.999999646424214
"2302",17.55934518,1.49997075077141,1.49995239183895,2.2499290657785,4.4997862435619,0.99999964641496
"2303",17.56697636,1.49997063894807,1.49995216431878,2.24992750144627,4.49978399669086,0.999999646405654
"2304",17.57460754,1.49997052669728,1.49995193594509,2.24992593211911,4.49978174226454,0.999999646396268
"2305",17.58223872,1.49997041401739,1.49995170671421,2.24992435776719,4.49977948024206,0.999999646386816
"2306",17.5898699,1.49997030090678,1.49995147662254,2.24992277836182,4.49977721058395,0.999999646377309
"2307",17.59750108,1.4999701873638,1.49995124566743,2.24992119390118,4.49977493328045,0.999999646367724
"2308",17.60513226,1.49997007338679,1.49995101384517,2.24991960435481,4.49977264828995,0.999999646358074
"2309",17.61276344,1.49996995897409,1.49995078115254,2.24991800970452,4.49977035558464,0.999999646348357
"2310",17.62039462,1.49996984412405,1.49995054758628,2.24991640993259,4.49976805513698,0.999999646338569
"2311",17.6280258,1.49996972883498,1.49995031314312,2.24991480502103,4.49976574691918,0.999999646328708
"2312",17.63565698,1.49996961310521,1.49995007781946,2.24991319494304,4.49976343089365,0.999999646318783
"2313",17.64328816,1.49996949693305,1.49994984161235,2.24991157968982,4.49976110704273,0.999999646308777
"2314",17.65091934,1.49996938031682,1.49994960451804,2.24990995923172,4.49975877532553,0.999999646298704
"2315",17.65855052,1.49996926325482,1.49994936653297,2.24990833354312,4.49975643570578,0.999999646288568
"2316",17.6661817,1.49996914574534,1.49994912765445,2.24990670262318,4.49975408817453,0.999999646278346
"2317",17.67381288,1.49996902778667,1.49994888787831,2.2499050664316,4.49975173267897,0.999999646268062
"2318",17.68144406,1.4999689093771,1.49994864720164,2.24990342496174,4.49974936920376,0.999999646257698
"2319",17.68907524,1.4999687905149,1.49994840562085,2.24990177818841,4.49974699771293,0.999999646247259
"2320",17.69670642,1.49996867119834,1.49994816313219,2.24990012608457,4.49974461816822,0.999999646236754
"2321",17.7043376,1.49996855142569,1.49994791973294,2.2498984686479,4.49974223055907,0.999999646226158
"2322",17.71196878,1.4999684311952,1.49994767541882,2.24989680583776,4.49973983483208,0.999999646215497
"2323",17.71959996,1.49996831050512,1.49994743018669,2.2498951376416,4.49973743096525,0.999999646204759
"2324",17.72723114,1.49996818935369,1.49994718403311,2.24989346404121,4.49973501893006,0.99999964619394
"2325",17.73486232,1.49996806773916,1.49994693695439,2.24989178501085,4.49973259868971,0.999999646183046
"2326",17.7424935,1.49996794565975,1.49994668894702,2.24989010052978,4.49973017021292,0.999999646172076
"2327",17.75012468,1.49996782311369,1.49994644000764,2.24988841058196,4.49972773347354,0.999999646161023
"2328",17.75775586,1.49996770009919,1.49994619013268,2.24988671514673,4.49972528844027,0.999999646149887
"2329",17.76538704,1.49996757661446,1.49994593931811,2.2498850141895,4.49972283506639,0.999999646138682
"2330",17.77301822,1.4999674526577,1.49994568756086,2.24988330770371,4.49972037333614,0.99999964612739
"2331",17.7806494,1.49996732822711,1.49994543485724,2.2498815956649,4.49971790321397,0.999999646116014
"2332",17.78828058,1.49996720332088,1.49994518120361,2.24987987805146,4.49971542466739,0.999999646104554
"2333",17.79591176,1.4999670779372,1.49994492659624,2.24987815483836,4.49971293766015,0.999999646093014
"2334",17.80354294,1.49996695207422,1.49994467103142,2.24987642600269,4.49971044215826,0.999999646081394
"2335",17.81117412,1.49996682573013,1.49994441450566,2.24987469152705,4.49970793813377,0.999999646069688
"2336",17.8188053,1.49996669890309,1.49994415701518,2.24987295138679,4.49970542555076,0.9999996460579
"2337",17.82643648,1.49996657159124,1.49994389855633,2.24987120556067,4.49970290437703,0.999999646046027
"2338",17.83406766,1.49996644379274,1.49994363912562,2.24986945403218,4.49970037458559,0.999999646034063
"2339",17.84169884,1.49996631550573,1.49994337871917,2.24986769677554,4.49969783613901,0.999999646022012
"2340",17.84933002,1.49996618672833,1.49994311733305,2.24986593376205,4.49969528899684,0.999999646009881
"2341",17.8569612,1.49996605745868,1.49994285496397,2.24986416498208,4.49969273313953,0.999999645997653
"2342",17.86459238,1.49996592769489,1.49994259160774,2.2498623904017,4.49969016852064,0.999999645985342
"2343",17.87222356,1.49996579743507,1.49994232726075,2.24986061000253,4.49968759511093,0.999999645972944
"2344",17.87985474,1.49996566667734,1.49994206191936,2.24985882376624,4.49968501288113,0.999999645960452
"2345",17.88748592,1.49996553541977,1.49994179557997,2.2498570316751,4.49968242180278,0.999999645947858
"2346",17.8951171,1.49996540366048,1.49994152823793,2.2498552336846,4.49967982181734,0.999999645935191
"2347",17.90274828,1.49996527139753,1.49994125989025,2.24985342979397,4.49967721291514,0.999999645922422
"2348",17.91037946,1.499965138629,1.49994099053272,2.24985161997027,4.49967459505054,0.999999645909562
"2349",17.91801064,1.49996500535296,1.49994072016137,2.24984980418837,4.4996719681866,0.999999645896615
"2350",17.92564182,1.49996487156746,1.49994044877263,2.24984798243256,4.4996693322968,0.999999645883569
"2351",17.933273,1.49996473727058,1.4999401763625,2.24984615467743,4.49966668734379,0.999999645870428
"2352",17.94090418,1.49996460246034,1.49993990292711,2.24984432089984,4.49966403329282,0.99999964585719
"2353",17.94853536,1.49996446713478,1.49993962846248,2.24984248107497,4.49966137010713,0.999999645843857
"2354",17.95616654,1.49996433129194,1.49993935296479,2.24984063518244,4.49965869775486,0.999999645830424
"2355",17.96379772,1.49996419492984,1.49993907642984,2.24983878319253,4.49965601619374,0.999999645816899
"2356",17.9714289,1.49996405804649,1.49993879885415,2.24983692509388,4.4996533254019,0.999999645803266
"2357",17.97906008,1.49996392063991,1.49993852023299,2.24983506084313,4.49965062532185,0.999999645789548
"2358",17.98669126,1.49996378270809,1.49993824056325,2.24983319043954,4.49964791594352,0.999999645775716
"2359",17.99432244,1.49996364424902,1.49993795984054,2.24983131384936,4.49964519721997,0.999999645761782
"2360",18.00195362,1.49996350526069,1.49993767806054,2.24982943104085,4.4996424691065,0.999999645747755
"2361",18.0095848,1.49996336574108,1.49993739521963,2.24982754200118,4.49963973157943,0.99999964573362
"2362",18.01721598,1.49996322568815,1.49993711131334,2.24982564669502,4.49963698459002,0.999999645719391
"2363",18.02484716,1.49996308509987,1.49993682633838,2.24982374511878,4.49963422812482,0.999999645705041
"2364",18.03247834,1.49996294397419,1.49993654028969,2.24982183722216,4.49963146211836,0.999999645690602
"2365",18.04010952,1.49996280230906,1.49993625316384,2.24981992299868,4.49962868655387,0.999999645676051
"2366",18.0477407,1.49996266010241,1.49993596495664,2.24981800242186,4.49962590139227,0.999999645661389
"2367",18.05537188,1.49996251735218,1.4999356756637,2.24981607546007,4.49962310658881,0.999999645646625
"2368",18.06300306,1.49996237405629,1.49993538528089,2.24981414208965,4.49962030210739,0.999999645631756
"2369",18.07063424,1.49996223021265,1.49993509380441,2.24981220229515,4.49961748792119,0.999999645616771
"2370",18.07826542,1.49996208581917,1.49993480122995,2.24981025604796,4.49961466398868,0.999999645601673
"2371",18.0858966,1.49996194087374,1.49993450755283,2.24980830331109,4.49961183025886,0.999999645586477
"2372",18.09352778,1.49996179537426,1.49993421276954,2.24980634407701,4.49960898671359,0.99999964557116
"2373",18.10115896,1.49996164931862,1.49993391687521,2.24980437830437,4.49960613329699,0.999999645555742
"2374",18.10879014,1.49996150270467,1.49993361986628,2.24980240598497,4.49960326999013,0.9999996455402
"2375",18.11642132,1.4999613555303,1.49993332173829,2.24980042708905,4.49960039674992,0.999999645524539
"2376",18.1240525,1.49996120779336,1.49993302248643,2.24979844157682,4.49959751352209,0.999999645508776
"2377",18.13168368,1.49996105949169,1.49993272210717,2.24979644944363,4.49959462029147,0.999999645492885
"2378",18.13931486,1.49996091062314,1.49993242059569,2.24979445064889,4.49959171700294,0.999999645476884
"2379",18.14694604,1.49996076118555,1.49993211794785,2.24979244517185,4.49958880362337,0.999999645460764
"2380",18.15457722,1.49996061117673,1.4999318141593,2.24979043298825,4.49958588011547,0.999999645444525
"2381",18.1622084,1.49996046059451,1.49993150922573,2.24978841407188,4.49958294644006,0.999999645428165
"2382",18.16983958,1.49996030943669,1.49993120314269,2.24978638839463,4.49958000255571,0.999999645411686
"2383",18.17747076,1.49996015770108,1.49993089590589,2.24978435593368,4.49957704842674,0.999999645395083
"2384",18.18510194,1.49996000538546,1.49993058751079,2.24978231665936,4.49957408400982,0.99999964537836
"2385",18.19273312,1.49995985248762,1.49993027795298,2.24978027054584,4.49957110926595,0.999999645361515
"2386",18.2003643,1.49995969900533,1.49992996722798,2.2497782175647,4.49956812415323,0.999999645344551
"2387",18.20799548,1.49995954493636,1.49992965533149,2.24977615769444,4.49956512863728,0.999999645327459
"2388",18.21562666,1.49995939027847,1.49992934225931,2.24977409091582,4.49956212268628,0.99999964531023
"2389",18.22325784,1.4999592350294,1.49992902800646,2.24977201718846,4.49955910624487,0.99999964529288
"2390",18.23088902,1.4999590791869,1.49992871256836,2.24976993648439,4.49955607927136,0.999999645275409
"2391",18.2385202,1.4999589227487,1.49992839594092,2.24976784878852,4.49955304173842,0.999999645257803
"2392",18.24615138,1.49995876571252,1.49992807811946,2.24976575406946,4.49954999360059,0.999999645240065
"2393",18.25378256,1.49995860807607,1.49992775909948,2.24976365230166,4.49954693481885,0.999999645222193
"2394",18.26141374,1.49995844983707,1.49992743887606,2.24976154344948,4.49954386534279,0.999999645204197
"2395",18.26904492,1.49995829099321,1.49992711744502,2.2497594274962,4.49954078514313,0.999999645186062
"2396",18.2766761,1.49995813154217,1.49992679480137,2.24975730440476,4.49953769416787,0.999999645167799
"2397",18.28430728,1.49995797148164,1.4999264709408,2.24975517415546,4.49953459238438,0.999999645149398
"2398",18.29193846,1.49995781080928,1.49992614585867,2.24975303672164,4.49953147975207,0.999999645130856
"2399",18.29956964,1.49995764952276,1.49992581955005,2.24975089206846,4.49952835622135,0.999999645112183
"2400",18.30720082,1.49995748761974,1.49992549201038,2.24974874017127,4.49952522175384,0.999999645093372
"2401",18.314832,1.49995732509785,1.49992516323524,2.24974658100944,4.4995220763157,0.999999645074412
"2402",18.32246318,1.49995716195473,1.49992483321948,2.24974441454338,4.49951891985186,0.99999964505532
"2403",18.33009436,1.499956998188,1.49992450195846,2.24974224074794,4.49951575232329,0.999999645036089
"2404",18.33772554,1.49995683379528,1.49992416944775,2.24974005960337,4.4995125736969,0.999999645016707
"2405",18.34535672,1.49995666877419,1.49992383568214,2.2497378710695,4.49950938391691,0.99999964499719
"2406",18.3529879,1.49995650312231,1.49992350065722,2.24973567512831,4.49950618295212,0.999999644977521
"2407",18.36061908,1.49995633683724,1.49992316436777,2.24973347174029,4.49950297074731,0.999999644957715
"2408",18.36825026,1.49995616991655,1.49992282680947,2.24973126089032,4.49949974727442,0.999999644937753
"2409",18.37588144,1.49995600235782,1.49992248797708,2.24972904253896,4.49949651247831,0.999999644917647
"2410",18.38351262,1.49995583415861,1.49992214786603,2.24972681666509,4.49949326632414,0.999999644897387
"2411",18.3911438,1.49995566531648,1.4999218064712,2.24972458323334,4.49949000876117,0.99999964487698
"2412",18.39877498,1.49995549582895,1.49992146378773,2.24972234221618,4.49948673974731,0.999999644856423
"2413",18.40640616,1.49995532569357,1.49992111981077,2.24972009358617,4.49948345924056,0.999999644835711
"2414",18.41403734,1.49995515490786,1.49992077453546,2.24971783731572,4.49948016719877,0.999999644814843
"2415",18.42166852,1.49995498346934,1.49992042795662,2.24971557337037,4.49947686357194,0.999999644793824
"2416",18.4292997,1.49995481137551,1.49992008006946,2.24971330172404,4.4994735483196,0.999999644772647
"2417",18.43693088,1.49995463862386,1.49991973086898,2.2497110223484,4.49947022139848,0.999999644751309
"2418",18.44456206,1.49995446521189,1.49991938035015,2.24970873521219,4.49946688276216,0.999999644729814
"2419",18.45219324,1.49995429113706,1.49991902850767,2.24970644027958,4.49946353235898,0.999999644708165
"2420",18.45982442,1.49995411639684,1.49991867533705,2.24970413753468,4.49946017015954,0.999999644686345
"2421",18.4674556,1.4999539409887,1.49991832083265,2.24970182693279,4.49945679610223,0.999999644664371
"2422",18.47508678,1.49995376491008,1.4999179649897,2.24969950845185,4.49945341015069,0.999999644642231
"2423",18.48271796,1.49995358815841,1.49991760780299,2.24969718205891,4.49945001225635,0.999999644619927
"2424",18.49034914,1.49995341073113,1.49991724926759,2.2496948477297,4.49944660238016,0.99999964459745
"2425",18.49798032,1.49995323262564,1.499916889378,2.24969250542312,4.4994431804645,0.999999644574813
"2426",18.5056115,1.49995305383937,1.49991652812922,2.24969015511401,4.49943974646924,0.999999644552008
"2427",18.51324268,1.4999528743697,1.4999161655164,2.24968779677978,4.49943630035721,0.999999644529022
"2428",18.52087386,1.49995269421403,1.49991580153363,2.24968543037182,4.49943284206209,0.999999644505877
"2429",18.52850504,1.49995251336974,1.49991543617636,2.24968305587611,4.49942937155623,0.999999644482551
"2430",18.53613622,1.49995233183418,1.49991506943892,2.24968067325128,4.49942588878125,0.999999644459054
"2431",18.5437674,1.49995214960473,1.49991470131609,2.24967828246708,4.49942239369121,0.999999644435385
"2432",18.55139858,1.49995196667872,1.49991433180293,2.24967588350041,4.49941888624824,0.999999644411532
"2433",18.55902976,1.4999517830535,1.49991396089365,2.24967347630865,4.49941536639233,0.999999644387507
"2434",18.56666094,1.49995159872639,1.4999135885832,2.24967106086714,4.49941183408367,0.999999644363301
"2435",18.57429212,1.49995141369472,1.49991321486618,2.24966863714149,4.49940828927168,0.999999644338916
"2436",18.5819233,1.49995122795578,1.49991283973734,2.24966620510473,4.49940473191365,0.999999644314344
"2437",18.58955448,1.49995104150688,1.49991246319099,2.24966376471641,4.49940116195207,0.999999644289595
"2438",18.59718566,1.4999508543453,1.49991208522208,2.24966131595359,4.49939757934882,0.999999644264654
"2439",18.60481684,1.49995066646831,1.49991170582494,2.2496588587781,4.49939398404878,0.99999964423953
"2440",18.61244802,1.49995047787319,1.49991132499415,2.24965639315838,4.49939037600409,0.99999964421422
"2441",18.6200792,1.49995028855719,1.49991094272449,2.2496539190684,4.49938675517305,0.999999644188714
"2442",18.62771038,1.49995009851756,1.49991055901005,2.24965143646552,4.49938312149535,0.999999644163023
"2443",18.63534156,1.49994990775152,1.49991017384577,2.24964894532807,4.49937947493411,0.999999644137132
"2444",18.64297274,1.4999497162563,1.49990978722571,2.24964644561285,4.49937581542833,0.999999644111054
"2445",18.65060392,1.49994952402912,1.49990939914434,2.24964393728781,4.49937214292935,0.999999644084786
"2446",18.6582351,1.49994933106718,1.49990900959647,2.24964142032982,4.49936845739847,0.999999644058312
"2447",18.66586628,1.49994913736767,1.49990861857619,2.24963889469819,4.49936475877734,0.999999644031642
"2448",18.67349746,1.49994894292777,1.49990822607779,2.24963636035649,4.49936104701231,0.999999644004779
"2449",18.68112864,1.49994874774465,1.4999078320961,2.24963381728341,4.49935732206665,0.999999643977704
"2450",18.68875982,1.49994855181547,1.49990743662495,2.24963126543302,4.49935358387584,0.999999643950434
"2451",18.696391,1.49994835513738,1.49990703965883,2.24962870477675,4.49934983239488,0.999999643922958
"2452",18.70402218,1.49994815770751,1.4999066411923,2.24962613528528,4.49934606757806,0.999999643895271
"2453",18.71165336,1.499947959523,1.49990624121925,2.24962355691696,4.49934228936543,0.999999643867381
"2454",18.71928454,1.49994776058097,1.49990583973409,2.24962096964105,4.49933849770947,0.999999643839282
"2455",18.72691572,1.4999475608785,1.49990543673103,2.24961837342314,4.49933469255843,0.999999643810973
"2456",18.7345469,1.49994736041271,1.49990503220441,2.24961576823196,4.49933087386407,0.999999643782447
"2457",18.74217808,1.49994715918066,1.49990462614813,2.24961315402582,4.49932704156637,0.999999643753715
"2458",18.74980926,1.49994695717944,1.49990421855672,2.24961053078058,4.49932319562483,0.999999643724758
"2459",18.75744044,1.4999467544061,1.49990380942402,2.24960789845213,4.49931933597681,0.99999964369559
"2460",18.76507162,1.4999465508577,1.49990339874432,2.2496052570119,4.49931546257667,0.999999643666199
"2461",18.7727028,1.49994634653126,1.49990298651171,2.24960260642293,4.49931157536968,0.999999643636587
"2462",18.78033398,1.49994614142383,1.4999025727201,2.24959994664731,4.49930767429967,0.999999643606757
"2463",18.78796516,1.4999459355324,1.49990215736378,2.24959727765544,4.49930375931997,0.999999643576698
"2464",18.79559634,1.49994572885399,1.49990174043642,2.24959459940285,4.49929983036704,0.999999643546422
"2465",18.80322752,1.49994552138559,1.49990132193237,2.249591911863,4.49929588739746,0.999999643515915
"2466",18.8108587,1.49994531312417,1.49990090184565,2.24958921500119,4.49929193035859,0.999999643485173
"2467",18.81848988,1.49994510406672,1.4999004801699,2.24958650877317,4.49928795918708,0.999999643454207
"2468",18.82612106,1.49994489421018,1.49990005689931,2.24958379315019,4.49928397383675,0.999999643423006
"2469",18.83375224,1.4999446835515,1.49989963202793,2.24958106809897,4.4992799742565,0.999999643391563
"2470",18.84138342,1.49994447208762,1.49989920554928,2.24957833357409,4.49927596038144,0.99999964335989
"2471",18.8490146,1.49994425981546,1.49989877745727,2.24957558954084,4.49927193215865,0.999999643327983
"2472",18.85664578,1.49994404673193,1.4998983477462,2.24957283597412,4.4992678895459,0.999999643295824
"2473",18.86427696,1.49994383283393,1.49989791640922,2.24957007282013,4.49926383246886,0.999999643263437
"2474",18.87190814,1.49994361811834,1.49989748344059,2.24956730005412,4.49925976088554,0.999999643230801
"2475",18.87953932,1.49994340258205,1.499897048834,2.24956451763719,4.49925567473815,0.999999643197919
"2476",18.8871705,1.49994318622191,1.49989661258311,2.24956172552983,4.49925157396812,0.999999643164791
"2477",18.89480168,1.49994296903478,1.49989617468176,2.2495589236981,4.49924745852307,0.999999643131413
"2478",18.90243286,1.49994275101749,1.49989573512362,2.24955611210403,4.49924332834606,0.999999643097781
"2479",18.91006404,1.49994253216688,1.49989529390231,2.24955329070826,4.49923918337854,0.9999996430639
"2480",18.91769522,1.49994231247976,1.49989485101158,2.24955045947617,4.49923502356723,0.999999643029761
"2481",18.9253264,1.49994209195293,1.49989440644513,2.2495476183718,4.4992308488572,0.99999964299536
"2482",18.93295758,1.49994187058319,1.49989396019618,2.24954476734698,4.49922665917997,0.99999964296071
"2483",18.94058876,1.4999416483673,1.49989351225881,2.24954190637717,4.49922245449323,0.999999642925791
"2484",18.94821994,1.49994142530205,1.49989306262629,2.24953903541655,4.49921823473102,0.999999642890611
"2485",18.95585112,1.49994120138417,1.49989261129215,2.24953615442741,4.4992139998362,0.999999642855168
"2486",18.9634823,1.49994097661042,1.49989215824991,2.24953326337046,4.49920974975003,0.99999964281946
"2487",18.97111348,1.49994075097752,1.49989170349327,2.24953036221402,4.49920548442196,0.999999642783476
"2488",18.97874466,1.4999405244822,1.49989124701536,2.2495274509105,4.49920120378378,0.999999642747229
"2489",18.98637584,1.49994029712114,1.4998907888099,2.24952452942832,4.49919690778512,0.999999642710703
"2490",18.99400702,1.49994006889105,1.49989032887009,2.2495215977229,4.49919259636093,0.999999642673906
"2491",19.0016382,1.49993983978861,1.49988986718958,2.24951865576318,4.49918826946116,0.999999642636823
"2492",19.00926938,1.49993960981047,1.4998894037614,2.24951570349945,4.49918392701518,0.999999642599469
"2493",19.01690056,1.4999393789533,1.49988893857909,2.24951274089919,4.49917956897109,0.99999964256183
"2494",19.02453174,1.49993914721373,1.49988847163581,2.24950976791888,4.4991751952649,0.999999642523911
"2495",19.03216292,1.49993891458839,1.49988800292507,2.24950678452423,4.49917080584278,0.999999642485702
"2496",19.0397941,1.4999386810739,1.49988753244006,2.24950379067411,4.49916640064323,0.999999642447201
"2497",19.04742528,1.49993844666686,1.49988706017388,2.24950078632526,4.49916197960231,0.999999642408412
"2498",19.05505646,1.49993821136385,1.49988658611995,2.24949777144208,4.49915754266465,0.999999642369327
"2499",19.06268764,1.49993797516146,1.499886110271,2.24949474597352,4.4991530897574,0.999999642329959
"2500",19.07031882,1.49993773805625,1.49988563262071,2.24949170989256,4.49914862083458,0.999999642290285
"2501",19.07795,1.49993750004476,1.49988515316202,2.24948866315372,4.49914413582956,0.99999964225031
"2502",19.08558118,1.49993726112354,1.49988467188796,2.24948560571512,4.49913963467958,0.999999642210034
"2503",19.09321236,1.4999370212891,1.49988418879155,2.24948253753251,4.49913511731939,0.999999642169461
"2504",19.10084354,1.49993678053796,1.49988370386601,2.24947945857138,4.49913058369418,0.999999642128578
"2505",19.10847472,1.49993653886661,1.49988321710433,2.2494763687888,4.49912603374002,0.999999642087383
"2506",19.1161059,1.49993629627153,1.49988272849947,2.24947326814228,4.49912146739328,0.999999642045879
"2507",19.12373708,1.49993605274921,1.4998822380444,2.24947015659049,4.49911688459157,0.999999642004061
"2508",19.13136826,1.49993580829608,1.49988174573211,2.24946703409308,4.49911228527347,0.999999641961926
"2509",19.13899944,1.49993556290861,1.49988125155553,2.24946390060884,4.49910766937663,0.99999964191947
"2510",19.14663062,1.4999353165832,1.49988075550738,2.24946075609058,4.49910303683198,0.999999641876698
"2511",19.1542618,1.49993506931629,1.49988025758071,2.24945760050175,4.49909838758211,0.9999996418336
"2512",19.16189298,1.49993482110427,1.4998797577682,2.24945443379628,4.49909372155908,0.999999641790178
"2513",19.16952416,1.49993457194353,1.49987925606288,2.24945125593687,4.49908903870461,0.999999641746424
"2514",19.17715534,1.49993432183045,1.49987875245714,2.24944806687066,4.49908433894304,0.999999641702349
"2515",19.18478652,1.49993407076138,1.49987824694429,2.24944486656971,4.49907962222638,0.999999641657929
"2516",19.1924177,1.49993381873268,1.49987773951662,2.2494416549798,4.49907488847728,0.999999641613178
"2517",19.20004888,1.49993356574067,1.49987723016685,2.24943843205897,4.49907013763197,0.999999641568093
"2518",19.20768006,1.49993331178167,1.49987671888796,2.24943519777076,4.49906536963288,0.999999641522659
"2519",19.21531124,1.49993305685199,1.49987620567249,2.24943195206966,4.49906058441215,0.999999641476877
"2520",19.22294242,1.49993280094792,1.4998756905126,2.24942869490057,4.49905578189121,0.999999641430765
"2521",19.2305736,1.49993254406574,1.49987517340139,2.2494254262338,4.49905096201965,0.999999641384295
"2522",19.23820478,1.4999322862017,1.4998746543313,2.24942214602068,4.49904612472613,0.999999641337473
"2523",19.24583596,1.49993202735206,1.49987413329478,2.24941885421598,4.49904126994276,0.999999641290299
"2524",19.25346714,1.49993176751305,1.49987361028447,2.24941555077911,4.49903639760688,0.999999641242764
"2525",19.26109832,1.49993150668089,1.49987308529262,2.24941223566011,4.4990315076453,0.999999641194874
"2526",19.2687295,1.49993124485178,1.49987255831194,2.24940890882104,4.49902659999825,0.999999641146615
"2527",19.27636068,1.49993098202191,1.49987202933468,2.24940557021244,4.49902167459298,0.999999641097994
"2528",19.28399186,1.49993071818746,1.49987149835321,2.2494022197895,4.4990167313618,0.999999641049005
"2529",19.29162304,1.49993045334459,1.49987096535984,2.2493988575064,4.49901177023586,0.999999640999648
"2530",19.29925422,1.49993018748945,1.49987043034709,2.24939548332169,4.49900679115125,0.999999640949916
"2531",19.3068854,1.49992992061817,1.49986989330722,2.24939209719016,4.49900179403956,0.999999640899802
"2532",19.31451658,1.49992965272685,1.49986935423236,2.24938869906172,4.49899677882713,0.999999640849313
"2533",19.32214776,1.49992938381162,1.49986881311488,2.24938528889414,4.49899174544879,0.99999964079844
"2534",19.32977894,1.49992911386855,1.49986826994684,2.2493818666378,4.49898669383112,0.999999640747185
"2535",19.33741012,1.49992884289371,1.49986772472063,2.24937843225283,4.49898162391148,0.999999640695536
"2536",19.3450413,1.49992857088317,1.49986717742802,2.24937498568154,4.49897653560743,0.999999640643509
"2537",19.35267248,1.49992829783297,1.49986662806166,2.24937152689153,4.49897142886457,0.999999640591077
"2538",19.36030366,1.49992802373912,1.49986607661349,2.24936805583322,4.49896630360916,0.999999640538242
"2539",19.36793484,1.49992774859765,1.49986552307534,2.24936457245281,4.49896115976287,0.999999640485014
"2540",19.37556602,1.49992747240455,1.4998649674393,2.24936107670552,4.4989559972572,0.999999640431385
"2541",19.3831972,1.4999271951558,1.49986440969761,2.24935756855034,4.49895081602789,0.99999964037734
"2542",19.39082838,1.49992691684737,1.49986384984191,2.24935404793092,4.49894561599351,0.999999640322896
"2543",19.39845956,1.49992663747521,1.49986328786448,2.24935051480879,4.49894039709244,0.999999640268029
"2544",19.40609074,1.49992635703525,1.49986272375684,2.24934696912631,4.49893515924159,0.999999640212757
"2545",19.41372192,1.49992607552342,1.49986215751133,2.24934341084747,4.49892990238202,0.999999640157054
"2546",19.4213531,1.49992579293561,1.49986158911926,2.24933983991027,4.49892462642561,0.999999640100942
"2547",19.42898428,1.49992550926771,1.49986101857311,2.24933625628386,4.49891933131904,0.999999640044388
"2548",19.43661546,1.49992522451561,1.49986044586396,2.24933265990175,4.49891401696899,0.999999639987419
"2549",19.44424664,1.49992493867515,1.4998598709841,2.24932905072822,4.49890868331666,0.999999639930011
"2550",19.45187782,1.49992465174217,1.4998592939249,2.2493254287067,4.49890333027959,0.999999639872172
"2551",19.459509,1.49992436371251,1.4998587146784,2.24932179379689,4.49889795779364,0.999999639813885
"2552",19.46714018,1.49992407458197,1.49985813323587,2.24931814593861,4.4988925657724,0.999999639755167
"2553",19.47477136,1.49992378434634,1.49985754958913,2.24931448508936,4.49888715414888,0.999999639696002
"2554",19.48240254,1.4999234930014,1.49985696372992,2.24931081120119,4.49888172285032,0.999999639636383
"2555",19.49003372,1.49992320054291,1.49985637564958,2.24930712422011,4.4988762717968,0.999999639576314
"2556",19.4976649,1.49992290696661,1.49985578534001,2.24930342410583,4.49887080092373,0.999999639515776
"2557",19.50529608,1.49992261226824,1.49985519279212,2.24929971079208,4.49886531013758,0.999999639454793
"2558",19.51292726,1.49992231644351,1.49985459799741,2.24929598423056,4.49885979936453,0.999999639393359
"2559",19.52055844,1.49992201948811,1.49985400094809,2.24929224438915,4.49885426854914,0.999999639331438
"2560",19.52818962,1.49992172139773,1.49985340163491,2.24928849120199,4.49884871759779,0.999999639269053
"2561",19.5358208,1.49992142216802,1.49985280004932,2.24928472462029,4.49884314643609,0.999999639206197
"2562",19.54345198,1.49992112179463,1.49985219618281,2.24928094459603,4.49883755499042,0.999999639142861
"2563",19.55108316,1.49992082027319,1.49985159002638,2.24927715107146,4.49883194317613,0.999999639079052
"2564",19.55871434,1.49992051759931,1.49985098157191,2.24927334400911,4.49882631093134,0.999999639014744
"2565",19.56634552,1.4999202137686,1.49985037081011,2.24926952334525,4.49882065816447,0.999999638949953
"2566",19.5739767,1.49991990877662,1.49984975773229,2.24926568903051,4.49881498480013,0.999999638884672
"2567",19.58160788,1.49991960261895,1.49984914232976,2.24926184101671,4.49880929076403,0.999999638818889
"2568",19.58923906,1.49991929529112,1.49984852459328,2.24925797924069,4.49880357596532,0.999999638752622
"2569",19.59687024,1.49991898678867,1.49984790451465,2.2492541036692,4.49879784034618,0.999999638685833
"2570",19.60450142,1.49991867710711,1.49984728208427,2.24925021423319,4.49879208380877,0.999999638618544
"2571",19.6121326,1.49991836624193,1.49984665729313,2.24924631087693,4.49878630627029,0.99999963855076
"2572",19.61976378,1.49991805418861,1.49984603013305,2.24924239356938,4.49878050767524,0.999999638482438
"2573",19.62739496,1.49991774094261,1.49984540059432,2.24923846224008,4.49877468792403,0.999999638413604
"2574",19.63502614,1.49991742649937,1.49984476866806,2.24923451684035,4.49876884694131,0.999999638344246
"2575",19.64265732,1.49991711085432,1.49984413434511,2.24923055731521,4.49876298464464,0.999999638274362
"2576",19.6502885,1.49991679400286,1.49984349761627,2.24922658360877,4.49875710095057,0.999999638203952
"2577",19.65791968,1.49991647594039,1.49984285847252,2.24922259567207,4.4987511957831,0.999999638133003
"2578",19.66555086,1.49991615666227,1.49984221690455,2.24921859344701,4.49874526905617,0.999999638061518
"2579",19.67318204,1.49991583616387,1.49984157290347,2.24921457688843,4.49873932069798,0.999999637989478
"2580",19.68081322,1.49991551444052,1.49984092645949,2.24921054592936,4.49873335061221,0.999999637916899
"2581",19.6884444,1.49991519148753,1.49984027756351,2.24920650052018,4.49872735872196,0.999999637843769
"2582",19.69607558,1.49991486730021,1.49983962620629,2.24920244060835,4.49872134494697,0.999999637770078
"2583",19.70370676,1.49991454187385,1.49983897237824,2.24919836613359,4.49871530919819,0.999999637695832
"2584",19.71133794,1.4999142152037,1.4998383160701,2.2491942770443,4.49870925139629,0.99999963762102
"2585",19.71896912,1.49991388728502,1.49983765727246,2.24919017328652,4.49870317145907,0.999999637545634
"2586",19.7266003,1.49991355811304,1.49983699597566,2.24918605479916,4.49869706929646,0.999999637469681
"2587",19.73423148,1.49991322768296,1.49983633217035,2.249181921531,4.4986909448292,0.999999637393146
"2588",19.74186266,1.49991289598998,1.49983566584671,2.24917777342029,4.49868479796612,0.999999637316035
"2589",19.74949384,1.49991256302928,1.49983499699544,2.24917361041702,4.49867862862933,0.999999637238333
"2590",19.75712502,1.499912228796,1.49983432560669,2.24916943246012,4.49867243672819,0.99999963716004
"2591",19.7647562,1.49991189328529,1.49983365167095,2.24916523949485,4.49866622217948,0.999999637081155
"2592",19.77238738,1.49991155649226,1.49983297517849,2.24916103146537,4.49865998489812,0.999999637001664
"2593",19.78001856,1.49991121841202,1.49983229611938,2.24915680830975,4.49865372479249,0.999999636921575
"2594",19.78764974,1.49991087903965,1.49983161448411,2.24915256997628,4.49864744178228,0.999999636840871
"2595",19.79528092,1.4999105383702,1.4998309302626,2.24914831640142,4.4986411357738,0.999999636759558
"2596",19.8029121,1.49991019639873,1.49983024344512,2.24914404753008,4.49863480668271,0.999999636677626
"2597",19.81054328,1.49990985312026,1.49982955402192,2.2491397633085,4.4986284544261,0.999999636595064
"2598",19.81817446,1.49990950852979,1.49982886198284,2.24913546367138,4.49862207890811,0.999999636511879
"2599",19.82580564,1.49990916262232,1.49982816731807,2.24913114856448,4.49861568004517,0.99999963642806
"2600",19.83343682,1.4999088153928,1.49982747001744,2.24912681792585,4.49860925774478,0.999999636343603
"2601",19.841068,1.49990846683619,1.4998267700711,2.24912247169984,4.49860281192175,0.999999636258503
"2602",19.84869918,1.49990811694741,1.49982606746881,2.24911810982434,4.49859634248329,0.999999636172756
"2603",19.85633036,1.49990776572138,1.49982536220065,2.24911373224453,4.49858984934484,0.999999636086351
"2604",19.86396154,1.49990741315299,1.49982465425602,2.24910933889045,4.49858333240465,0.9999996359993
"2605",19.87159272,1.4999070592371,1.4998239436253,2.24910492971588,4.49857679158763,0.999999635911575
"2606",19.8792239,1.49990670396858,1.49982323029787,2.24910050465138,4.49857022679252,0.999999635823187
"2607",19.88685508,1.49990634734224,1.49982251426346,2.24909606363695,4.49856363792852,0.999999635734129
"2608",19.89448626,1.4999059893529,1.49982179551195,2.24909160661652,4.49855702490919,0.999999635644388
"2609",19.90211744,1.49990562999536,1.49982107403303,2.24908713352981,4.4985503876434,0.999999635553963
"2610",19.90974862,1.49990526926439,1.49982034981605,2.24908264431104,4.49854372603336,0.999999635462849
"2611",19.9173798,1.49990490715473,1.49981962285064,2.24907813889874,4.49853703998656,0.999999635371048
"2612",19.92501098,1.49990454366112,1.49981889312641,2.24907361723507,4.49853032941402,0.999999635278545
"2613",19.93264216,1.49990417877828,1.49981816063288,2.24906907925814,4.49852359422233,0.999999635185335
"2614",19.94027334,1.49990381250089,1.49981742535946,2.24906452490548,4.49851683431735,0.999999635091414
"2615",19.94790452,1.49990344482363,1.49981668729531,2.24905995410826,4.49851004959773,0.999999634996788
"2616",19.9555357,1.49990307574114,1.49981594643029,2.24905536681698,4.49850323998358,0.99999963490143
"2617",19.96316688,1.49990270524806,1.49981520275345,2.2490507629617,4.49849640537209,0.999999634805346
"2618",19.97079806,1.499902333339,1.49981445625403,2.24904614247856,4.49848954566713,0.999999634708533
"2619",19.97842924,1.49990196000855,1.49981370692137,2.2490415053065,4.49848266077572,0.999999634610982
"2620",19.98606042,1.49990158525127,1.49981295474454,2.24903685137958,4.49847575059913,0.999999634512691
"2621",19.9936916,1.49990120906172,1.49981219971295,2.24903218063906,4.49846881504685,0.999999634413646
"2622",20.00132278,1.49990083143442,1.49981144181533,2.24902749301316,4.49846185401334,0.999999634313856
"2623",20.00895396,1.49990045236388,1.49981068104136,2.24902278845061,4.49845486741635,0.999999634213292
"2624",20.01658514,1.49990007184459,1.49980991737942,2.24901806687271,4.49844785514237,0.999999634111974
"2625",20.02421632,1.499899689871,1.49980915081894,2.24901332822486,4.4984408171051,0.999999634009877
"2626",20.0318475,1.49989930643757,1.49980838134891,2.24900857244104,4.49843375320546,0.999999633907002
"2627",20.03947868,1.49989892153871,1.49980760895796,2.24900379945239,4.49842666334057,0.999999633803345
"2628",20.04710986,1.49989853516883,1.49980683363503,2.2489990091944,4.49841954741274,0.999999633698901
"2629",20.05474104,1.4998981473223,1.49980605536906,2.24899420160306,4.49841240532477,0.99999963359366
"2630",20.06237222,1.49989775799349,1.49980527414888,2.24898937661485,4.49840523697965,0.999999633487613
"2631",20.0700034,1.49989736717673,1.49980448996302,2.24898453415832,4.49839804227157,0.999999633380762
"2632",20.07763458,1.49989697486633,1.49980370280036,2.24897967417101,4.49839082110467,0.999999633273096
"2633",20.08526576,1.49989658105659,1.4998029126497,2.24897479659071,4.49838357338323,0.999999633164602
"2634",20.09289694,1.49989618574177,1.49980211949916,2.24896990133804,4.49837629899223,0.999999633055293
"2635",20.10052812,1.49989578891614,1.49980132333779,2.24896498835765,4.49836899784342,0.999999632945144
"2636",20.1081593,1.49989539057391,1.49980052415395,2.2489600575779,4.49836166983036,0.999999632834156
"2637",20.11579048,1.4998949907093,1.49979972193612,2.2489551089319,4.49835431485157,0.999999632722322
"2638",20.12342166,1.49989458931648,1.4997989166727,2.24895014234992,4.49834693280251,0.999999632609639
"2639",20.13105284,1.49989418638961,1.49979810835221,2.24894515776782,4.49833952358468,0.999999632496093
"2640",20.13868402,1.49989378192284,1.49979729696293,2.24894015511499,4.4983320870923,0.999999632381682
"2641",20.1463152,1.49989337591028,1.4997964824931,2.24893513432181,4.49832462322049,0.999999632266401
"2642",20.15394638,1.49989296834603,1.49979566493119,2.24893009532344,4.49831713186984,0.999999632150238
"2643",20.16157756,1.49989255922415,1.49979484426526,2.24892503804795,4.49830961293262,0.999999632033189
"2644",20.16920874,1.4998921485387,1.49979402048366,2.24891996242971,4.49830206630827,0.999999631915243
"2645",20.17683992,1.4998917362837,1.49979319357411,2.24891486838928,4.49829449188051,0.999999631796409
"2646",20.1844711,1.49989132245316,1.49979236352528,2.24890975587128,4.49828688956005,0.999999631676656
"2647",20.19210228,1.49989090704105,1.49979153032452,2.24890462478873,4.4982792592219,0.999999631556006
"2648",20.19973346,1.49989049004134,1.49979069396049,2.24889947508743,4.49827160077793,0.999999631434424
"2649",20.20736464,1.49989007144795,1.49978985442087,2.24889430668991,4.49826391411369,0.999999631311915
"2650",20.21499582,1.4998896512548,1.49978901169356,2.24888911952584,4.49825619912257,0.999999631188472
"2651",20.222627,1.49988922945578,1.49978816576615,2.24888391351706,4.49824845568924,0.999999631064098
"2652",20.23025818,1.49988880604474,1.49978731662702,2.24887868860627,4.49824068372155,0.999999630938763
"2653",20.23788936,1.49988838101554,1.49978646426356,2.24887344471286,4.49823288310105,0.999999630812476
"2654",20.24552054,1.49988795436199,1.49978560866336,2.2488681817613,4.49822505371503,0.999999630685234
"2655",20.25315172,1.49988752607788,1.49978474981475,2.24886289969567,4.49821719547257,0.999999630557002
"2656",20.2607829,1.49988709615699,1.49978388770454,2.24885759842362,4.49820930824175,0.999999630427808
"2657",20.26841408,1.49988666459305,1.49978302232084,2.24885227788478,4.49820139192662,0.999999630297623
"2658",20.27604526,1.4998862313798,1.49978215365106,2.24884693800448,4.4981934464147,0.999999630166442
"2659",20.28367644,1.49988579651093,1.49978128168259,2.24884157870634,4.4981854715918,0.999999630034263
"2660",20.29130762,1.49988535998012,1.49978040640288,2.24883619991669,4.49817746734668,0.999999629901078
"2661",20.2989388,1.49988492178101,1.49977952779938,2.24883080156389,4.49816943357003,0.999999629766876
"2662",20.30656998,1.49988448190724,1.49977864585942,2.24882538357367,4.49816137014958,0.99999962963165
"2663",20.31420116,1.4998840403524,1.49977776057029,2.24881994587075,4.49815327697198,0.999999629495394
"2664",20.32183234,1.49988359711008,1.49977687191926,2.24881448838251,4.49814515392644,0.999999629358095
"2665",20.32946352,1.49988315217382,1.4997759798936,2.24880901103384,4.49813700089964,0.999999629219747
"2666",20.3370947,1.49988270553715,1.49977508448029,2.24880351374731,4.49812881777518,0.999999629080346
"2667",20.34472588,1.49988225719358,1.49977418566646,2.2487979964472,4.49812060443869,0.999999628939883
"2668",20.35235706,1.49988180713659,1.49977328343924,2.24879245906026,4.49811236077838,0.999999628798346
"2669",20.35998824,1.49988135535963,1.49977237778563,2.24878690150931,4.49810408667807,0.99999962865573
"2670",20.36761942,1.49988090185612,1.49977146869235,2.24878132371365,4.49809578201726,0.999999628512033
"2671",20.3752506,1.49988044661948,1.49977055614676,2.24877572560706,4.49808744669184,0.999999628367229
"2672",20.38288178,1.49987998964308,1.49976964013551,2.24877010710815,4.49807908058036,0.999999628221318
"2673",20.39051296,1.49987953092027,1.49976872064521,2.24876446813475,4.49807068356053,0.9999996280743
"2674",20.39814414,1.49987907044439,1.49976779766301,2.24875880861842,4.49806225552538,0.99999962792615
"2675",20.40577532,1.49987860820874,1.4997668711751,2.24875312846992,4.49805379634427,0.99999962777688
"2676",20.4134065,1.49987814420658,1.49976594116847,2.24874742761937,4.49804530590831,0.999999627626468
"2677",20.42103768,1.49987767843118,1.49976500762963,2.24874170598607,4.49803678409637,0.999999627474908
"2678",20.42866886,1.49987721087576,1.49976407054518,2.24873596349225,4.49802823079049,0.999999627322191
"2679",20.43630004,1.49987674153351,1.49976312990163,2.24873020005935,4.4980196458717,0.999999627168307
"2680",20.44393122,1.49987627039762,1.49976218568538,2.24872441560746,4.49801102921926,0.999999627013248
"2681",20.4515624,1.49987579746123,1.49976123788279,2.24871861005519,4.4980023807109,0.999999626857009
"2682",20.45919358,1.49987532271746,1.4997602864802,2.24871278332382,4.49799370022699,0.999999626699578
"2683",20.46682476,1.49987484615941,1.49975933146416,2.24870693533854,4.49798498765238,0.999999626540938
"2684",20.47445594,1.49987436778014,1.49975837282066,2.24870106601302,4.49797624285868,0.99999962638109
"2685",20.48208712,1.49987388757271,1.49975741053585,2.248695175266,4.4979674657232,0.999999626220025
"2686",20.4897183,1.49987340553011,1.49975644459594,2.24868926301774,4.4979586561248,0.999999626057732
"2687",20.49734948,1.49987292164535,1.49975547498715,2.24868332919077,4.49794981394469,0.999999625894194
"2688",20.50498066,1.49987243591138,1.49975450169538,2.24867737369954,4.4979409390551,0.99999962572941
"2689",20.51261184,1.49987194832115,1.4997535247068,2.24867139646737,4.49793203133784,0.99999962556336
"2690",20.52024302,1.49987145886755,1.49975254400686,2.24866539740076,4.49792309065581,0.999999625396055
"2691",20.5278742,1.49987096754347,1.49975155958195,2.24865937642898,4.49791411689748,0.999999625227465
"2692",20.53550538,1.49987047434177,1.49975057141761,2.24865333346249,4.49790510992995,0.99999962505759
"2693",20.54313656,1.49986997925527,1.49974957949967,2.2486472684205,4.49789606962995,0.999999624886419
"2694",20.55076774,1.49986948227678,1.49974858381399,2.24864118122221,4.49788699587427,0.999999624713935
"2695",20.55839892,1.49986898339906,1.49974758434586,2.24863507177615,4.4978778885274,0.999999624540143
"2696",20.5660301,1.49986848261485,1.49974658108129,2.24862894000749,4.49786874747251,0.999999624365016
"2697",20.57366128,1.49986797991688,1.49974557400558,2.2486227858251,4.49785957257443,0.999999624188557
"2698",20.58129246,1.49986747529784,1.4997445631045,2.24861660915211,4.49785036371363,0.99999962401074
"2699",20.58892364,1.49986696875038,1.49974354836303,2.24861040989239,4.49784112074893,0.999999623831576
"2700",20.59655482,1.49986646026714,1.49974252976691,2.24860418796865,4.4978318435603,0.99999962365104
"2701",20.604186,1.49986594984073,1.49974150730128,2.24859794329108,4.4978225320134,0.999999623469128
"2702",20.61181718,1.49986543746371,1.49974048095154,2.24859167577705,4.49781318598182,0.999999623285825
"2703",20.61944836,1.49986492312865,1.49973945070292,2.2485853853399,4.49780380533461,0.999999623101121
"2704",20.62707954,1.49986440682805,1.49973841654041,2.24857907188956,4.49779438993669,0.999999622915011
"2705",20.63471072,1.49986388855441,1.49973737844934,2.24857273534416,4.49778493966225,0.999999622727474
"2706",20.6423419,1.4998633683002,1.49973633641463,2.24856637561428,4.49777545437667,0.999999622538505
"2707",20.64997308,1.49986284605784,1.49973529042131,2.24855999261211,4.4977659339472,0.999999622348093
"2708",20.65760426,1.49986232181975,1.49973424045429,2.24855358624969,4.49775637824069,0.999999622156227
"2709",20.66523544,1.4998617955783,1.49973318649844,2.24854715643915,4.49774678712393,0.999999621962895
"2710",20.67286662,1.49986126732583,1.49973212853852,2.24854070308979,4.49773716046046,0.999999621768091
"2711",20.6804978,1.49986073705466,1.49973106655952,2.24853422611886,4.49772749812261,0.99999962157179
"2712",20.68812898,1.49986020475709,1.49973000054574,2.24852772542694,4.49771779996385,0.999999621374002
"2713",20.69576016,1.49985967042537,1.49972893048241,2.24852120093863,4.49770806586455,0.999999621174688
"2714",20.70339134,1.49985913405172,1.4997278563535,2.24851465254941,4.49769829567208,0.999999620973864
"2715",20.71102252,1.49985859562836,1.49972677814401,2.24850808018032,4.49768848926255,0.999999620771497
"2716",20.7186537,1.49985805514745,1.49972569583826,2.24850148373694,4.4976786464945,0.999999620567584
"2717",20.72628488,1.49985751260113,1.49972460942051,2.2484948631253,4.49766876722681,0.999999620362118
"2718",20.73391606,1.49985696798151,1.49972351887518,2.24848821825569,4.49765885132305,0.999999620155083
"2719",20.74154724,1.49985642128067,1.49972242418674,2.24848154904035,4.4976488986489,0.999999619946463
"2720",20.74917842,1.49985587249066,1.49972132533936,2.24847485538615,4.49763890906379,0.999999619736246
"2721",20.7568096,1.49985532160351,1.49972022231698,2.24846813719518,4.49762888242167,0.99999961952443
"2722",20.76444078,1.49985476861119,1.49971911510396,2.24846139438162,4.49761881858982,0.999999619310992
"2723",20.77207196,1.49985421350567,1.49971800368433,2.24845462685021,4.49760871742511,0.999999619095923
"2724",20.77970314,1.49985365627887,1.49971688804196,2.24844783450657,4.49759857878484,0.999999618879213
"2725",20.78733432,1.4998530969227,1.49971576816086,2.24844101725775,4.49758840252807,0.999999618660848
"2726",20.7949655,1.49985253542901,1.49971464402494,2.24843417501105,4.4975781885139,0.999999618440813
"2727",20.80259668,1.49985197178965,1.49971351561803,2.24842730767308,4.49756793660047,0.999999618219094
"2728",20.81022786,1.49985140599642,1.49971238292366,2.24842041514367,4.49755764663824,0.999999617995688
"2729",20.81785904,1.49985083804109,1.49971124592601,2.24841349733879,4.49754731849574,0.999999617770562
"2730",20.82549022,1.49985026791539,1.49971010460819,2.2484065541517,4.49753695201561,0.999999617543723
"2731",20.8331214,1.49984969561105,1.499708958954,2.2483995854922,4.49752654705909,0.999999617315149
"2732",20.84075258,1.49984912111974,1.4997078089469,2.24839259126293,4.49751610347923,0.999999617084829
"2733",20.84838376,1.4998485444331,1.4997066545702,2.2483855713649,4.49750562112705,0.999999616852754
"2734",20.85601494,1.49984796554275,1.49970549580763,2.24837852570916,4.49749509986478,0.999999616618897
"2735",20.86364612,1.49984738444027,1.4997043326422,2.24837145419164,4.49748453953743,0.999999616383256
"2736",20.8712773,1.49984680111721,1.49970316505716,2.24836435671521,4.49747393999768,0.999999616145817
"2737",20.87890848,1.4998462155651,1.49970199303585,2.24835723318469,4.49746330110038,0.999999615906561
"2738",20.88653966,1.4998456277754,1.49970081656124,2.24835008349952,4.49745262269397,0.99999961566548
"2739",20.89417084,1.49984503773959,1.49969963561657,2.24834290756419,4.49744190463265,0.999999615422553
"2740",20.90180202,1.49984444544907,1.49969845018481,2.24833570527979,4.49743114676649,0.999999615177766
"2741",20.9094332,1.49984385089524,1.4996972602487,2.24832847654256,4.49742034894002,0.999999614931114
"2742",20.91706438,1.49984325406946,1.49969606579127,2.24832122125671,4.49740951100653,0.999999614682574
"2743",20.92469556,1.49984265496303,1.49969486679545,2.24831393932454,4.49739863281717,0.999999614432129
"2744",20.93232674,1.49984205356726,1.49969366324367,2.24830663063917,4.49738771421239,0.999999614179774
"2745",20.93995792,1.49984144987339,1.4996924551186,2.2482992950998,4.49737675503947,0.999999613925497
"2746",20.9475891,1.49984084387265,1.4996912424032,2.24829193261326,4.49736575515413,0.999999613669268
"2747",20.95522028,1.49984023555623,1.49969002507984,2.24828454307379,4.49735471439777,0.999999613411078
"2748",20.96285146,1.49983962491529,1.49968880313073,2.24827712637447,4.49734363261016,0.999999613150924
"2749",20.97048264,1.49983901194093,1.49968757653862,2.24826968241965,4.49733250964394,0.999999612888776
"2750",20.97811382,1.49983839662426,1.49968634528564,2.24826221110264,4.49732134533883,0.999999612624628
"2751",20.985745,1.49983777895633,1.49968510935434,2.24825471232643,4.49731013954557,0.999999612358453
"2752",20.99337618,1.49983715892814,1.49968386872664,2.24824718598095,4.49729889209985,0.999999612090248
"2753",21.00100736,1.4998365365307,1.49968262338483,2.24823963196618,4.49728760284857,0.999999611819991
"2754",21.00863854,1.49983591175494,1.49968137331075,2.24823205017261,4.49727627162784,0.999999611547675
"2755",21.01626972,1.49983528459179,1.49968011848669,2.24822444050231,4.49726489828658,0.999999611273272
"2756",21.0239009,1.49983465503213,1.4996788588945,2.24821680284759,4.49725348266269,0.999999610996772
"2757",21.03153208,1.4998340230668,1.499677594516,2.24820913710326,4.49724202459657,0.999999610718158
"2758",21.03916326,1.49983338868661,1.49967632533318,2.24820144316676,4.4972305239316,0.999999610437408
"2759",21.04679444,1.49983275188235,1.49967505132747,2.24819372092562,4.49721898049968,0.999999610154518
"2760",21.05442562,1.49983211264475,1.49967377248067,2.24818597027691,4.49720739414332,0.999999609869464
"2761",21.0620568,1.49983147096451,1.49967248877446,2.24817819111499,4.49719576470198,0.999999609582228
"2762",21.06968798,1.49983082683232,1.49967120019012,2.24817038332789,4.49718409200757,0.999999609292802
"2763",21.07731916,1.4998301802388,1.49966990670938,2.24816254681304,4.49717237590274,0.999999609001158
"2764",21.08495034,1.49982953117455,1.49966860831352,2.24815468146143,4.49716061622243,0.999999608707283
"2765",21.09258152,1.49982887963014,1.49966730498368,2.24814678716011,4.49714881279711,0.999999608411167
"2766",21.1002127,1.49982822559609,1.49966599670129,2.24813886380404,4.4971369654661,0.999999608112785
"2767",21.10784388,1.49982756906289,1.49966468344756,2.24813091128549,4.49712507406535,0.999999607812119
"2768",21.11547506,1.49982691002101,1.4996633652035,2.24812292949231,4.4971131384258,0.999999607509153
"2769",21.12310624,1.49982624846085,1.49966204195002,2.24811491831239,4.4971011583781,0.999999607203876
"2770",21.13073742,1.49982558437281,1.49966071366827,2.24810687763908,4.4970891337591,0.999999606896261
"2771",21.1383686,1.49982491774721,1.49965938033911,2.2480988073605,4.49707706439957,0.999999606586293
"2772",21.14599978,1.49982424857439,1.49965804194318,2.24809070736277,4.49706495012764,0.999999606273959
"2773",21.15363096,1.49982357684459,1.49965669846147,2.24808257753874,4.4970527907791,0.999999605959231
"2774",21.16126214,1.49982290254807,1.49965534987448,2.24807441777275,4.49704058617989,0.999999605642098
"2775",21.16889332,1.49982222567501,1.49965399616254,2.24806622794687,4.49702833615315,0.999999605322552
"2776",21.1765245,1.49982154621558,1.49965263730685,2.24805800796249,4.49701604054387,0.999999605000546
"2777",21.18415568,1.49982086415989,1.49965127328741,2.2480497576974,4.49700369916995,0.99999960467608
"2778",21.19178686,1.49982017949804,1.49964990408444,2.24804147703359,4.49699131185406,0.999999604349141
"2779",21.19941804,1.49981949222006,1.49964852967869,2.2480331658669,4.49697887843437,0.999999604019692
"2780",21.20704922,1.49981880231597,1.49964715004998,2.24802482407423,4.49696639872727,0.99999960368773
"2781",21.2146804,1.49981810977574,1.49964576517854,2.24801645154221,4.49695387256014,0.999999603353231
"2782",21.22231158,1.4998174145893,1.49964437504467,2.24800804815995,4.49694129976306,0.999999603016169
"2783",21.22994276,1.49981671674654,1.49964297962805,2.24799961380499,4.49692868015269,0.999999602676535
"2784",21.23757394,1.49981601623732,1.49964157890891,2.24799114836792,4.49691601356034,0.999999602334296
"2785",21.24520512,1.49981531305145,1.49964017286681,2.24798265172486,4.49690329980086,0.999999601989447
"2786",21.2528363,1.49981460717871,1.49963876148175,2.24797412376458,4.49689053870309,0.999999601641956
"2787",21.26046748,1.49981389860885,1.4996373447332,2.24796556436433,4.49687773008278,0.999999601291812
"2788",21.26809866,1.49981318733156,1.499635922601,2.24795697340991,4.49686487376527,0.999999600938987
"2789",21.27572984,1.49981247333649,1.49963449506458,2.2479483507819,4.4968519695695,0.999999600583462
"2790",21.28336102,1.49981175661328,1.49963306210342,2.247939696361,4.49683901731469,0.999999600225219
"2791",21.2909922,1.4998110371515,1.49963162369693,2.24793101002859,4.49682601682048,0.999999599864233
"2792",21.29862338,1.4998103149407,1.4996301798243,2.24792229166222,4.49681296790208,0.99999959950049
"2793",21.30625456,1.49980958997036,1.49962873046494,2.24791354114558,4.49679987038146,0.99999959913396
"2794",21.31388574,1.49980886222997,1.49962727559763,2.24790475834989,4.49678672406625,0.999999598764638
"2795",21.32151692,1.49980813170893,1.49962581520198,2.24789594316607,4.49677352878629,0.999999598392478
"2796",21.3291481,1.49980739839663,1.49962434925645,2.24788709546084,4.49676028434367,0.999999598017482
"2797",21.33677928,1.49980666228241,1.49962287774025,2.24787821511814,4.49674699056008,0.999999597639616
"2798",21.34441046,1.49980592335557,1.4996214006324,2.24786930201961,4.49673364725429,0.99999959725885
"2799",21.35204164,1.49980518160536,1.49961991791111,2.24786035603102,4.49672025422675,0.999999596875185
"2800",21.35967282,1.49980443702101,1.49961842955565,2.24785137704188,4.49670681130484,0.999999596488571
"2801",21.367304,1.49980368959169,1.49961693554411,2.24784236491724,4.49669331828795,0.999999596099009
"2802",21.37493518,1.49980293930654,1.49961543585508,2.24783331953455,4.49667977498937,0.999999595706472
"2803",21.38256636,1.49980218615465,1.49961393046734,2.24782424077657,4.49666618122828,0.999999595310923
"2804",21.39019754,1.49980143012507,1.49961241935897,2.24781512851255,4.49665253680821,0.999999594912349
"2805",21.39782872,1.49980067120682,1.49961090250823,2.24780598261656,4.4966388415381,0.999999594510728
"2806",21.4054599,1.49979990938886,1.49960937989327,2.24779680296154,4.49662509522542,0.999999594106038
"2807",21.41309108,1.49979914466012,1.49960785149236,2.24778758942466,4.4966112976822,0.999999593698248
"2808",21.42072226,1.49979837700948,1.49960631728327,2.24777834187338,4.49659744870927,0.999999593287345
"2809",21.42835344,1.49979760642579,1.49960477724416,2.24776906018507,4.49658354811858,0.999999592873295
"2810",21.43598462,1.49979683289784,1.4996032313528,2.24775974423026,4.49656959571401,0.999999592456077
"2811",21.4436158,1.49979605641439,1.499601679587,2.24775039388047,4.49655559130062,0.999999592035666
"2812",21.45124698,1.49979527696416,1.49960012192443,2.24774100900753,4.49654153468329,0.999999591612038
"2813",21.45887816,1.49979449453582,1.49959855834253,2.24773158947754,4.49652742566053,0.999999591185174
"2814",21.46650934,1.49979370911799,1.49959698881906,2.24772213516628,4.49651326404145,0.999999590755041
"2815",21.47414052,1.49979292069925,1.49959541333125,2.24771264593946,4.49649904962358,0.999999590321619
"2816",21.4817717,1.49979212926816,1.49959383185662,2.24770312166944,4.49648478221185,0.999999589884877
"2817",21.48940288,1.4997913348132,1.4995922443722,2.24769356221996,4.4964704616012,0.999999589444801
"2818",21.49703406,1.49979053732283,1.49959065085532,2.24768396746288,4.49645608759557,0.999999589001356
"2819",21.50466524,1.49978973678546,1.49958905128315,2.24767433726732,4.49644165999562,0.999999588554514
"2820",21.51229642,1.49978893318945,1.49958744563242,2.24766467149458,4.49642717859293,0.99999958810426
"2821",21.5199276,1.49978812652312,1.49958583388029,2.24765497001682,4.49641264319127,0.999999587650558
"2822",21.52755878,1.49978731677475,1.49958421600354,2.24764523269925,4.49639805358619,0.999999587193383
"2823",21.53518996,1.49978650393256,1.49958259197884,2.24763545940636,4.49638340957233,0.999999586732711
"2824",21.54282114,1.49978568798476,1.49958096178277,2.24762565000149,4.49636871094283,0.999999586268518
"2825",21.55045232,1.49978486891947,1.49957932539205,2.24761580435291,4.49635395749619,0.999999585800771
"2826",21.5580835,1.49978404672479,1.49957768278297,2.24760592232074,4.49633914902148,0.99999958532945
"2827",21.56571468,1.49978322138877,1.49957603393202,2.24759600377075,4.49632428531403,0.999999584854524
"2828",21.57334586,1.49978239289943,1.49957437881574,2.24758604857203,4.49630936617265,0.999999584375954
"2829",21.58097704,1.49978156124471,1.49957271740989,2.24757605657674,4.49629439137681,0.999999583893732
"2830",21.58860822,1.49978072641253,1.49957104969089,2.24756602765468,4.49627936072571,0.999999583407815
"2831",21.5962394,1.49977988839076,1.49956937563464,2.24755596166461,4.49626427400586,0.999999582918182
"2832",21.60387058,1.49977904716721,1.49956769521725,2.24754585847066,4.49624913100982,0.999999582424797
"2833",21.61150176,1.49977820272967,1.4995660084143,2.2475357179289,4.49623393152051,0.999999581927641
"2834",21.61913294,1.49977735506587,1.49956431520162,2.24752553990053,4.49621867532665,0.999999581426684
"2835",21.62676412,1.49977650416347,1.49956261555489,2.24751532424548,4.49620336221531,0.999999580921894
"2836",21.6343953,1.49977565001012,1.4995609094497,2.24750507082333,4.49618799197294,0.999999580413243
"2837",21.64202648,1.4997747925934,1.49955919686168,2.24749477949667,4.49617256438913,0.999999579900692
"2838",21.64965766,1.49977393190085,1.49955747776592,2.2474844501167,4.49615707924039,0.999999579384226
"2839",21.65728884,1.49977306791997,1.49955575213794,2.24747408254552,4.49614153631549,0.999999578863805
"2840",21.66492002,1.49977220063819,1.49955401995281,2.24746367663832,4.49612593539496,0.999999578339402
"2841",21.6725512,1.49977133004292,1.49955228118559,2.24745323225005,4.49611027625896,0.999999577810991
"2842",21.68018238,1.4997704561215,1.49955053581135,2.24744274923827,4.49609455869039,0.999999577278538
"2843",21.68781356,1.49976957886124,1.49954878380532,2.24743222746477,4.49607878247679,0.999999576741998
"2844",21.69544474,1.49976869824938,1.49954702514181,2.24742166677393,4.49606294738557,0.999999576201362
"2845",21.70307592,1.49976781427313,1.49954525979575,2.24741106702448,4.49604705320039,0.99999957565659
"2846",21.7107071,1.49976692691964,1.49954348774181,2.24740042807101,4.49603109969987,0.999999575107648
"2847",21.71833828,1.49976603617602,1.49954170895455,2.24738974976696,4.49601508666129,0.999999574554505
"2848",21.72596946,1.49976514202933,1.49953992340823,2.24737903196214,4.49599901385729,0.999999573997134
"2849",21.73360064,1.49976424446656,1.49953813107746,2.24736827451385,4.49598288106914,0.999999573435492
"2850",21.74123182,1.49976334347468,1.49953633193642,2.24735747727232,4.49596668806964,0.99999957286955
"2851",21.748863,1.4997624390406,1.49953452595914,2.24734664008673,4.49595043463023,0.999999572299279
"2852",21.75649418,1.49976153115117,1.49953271311964,2.247335762807,4.49593412052295,0.999999571724647
"2853",21.76412536,1.4997606197932,1.49953089339201,2.24732484528563,4.49591774552269,0.999999571145616
"2854",21.77175654,1.49975970495345,1.49952906674997,2.24731388736935,4.49590130939739,0.999999570562158
"2855",21.77938772,1.49975878661862,1.49952723316747,2.24730288891149,4.49588481192238,0.999999569974229
"2856",21.7870189,1.49975786477537,1.499525392618,2.2472918497573,4.49586825286347,0.999999569381803
"2857",21.79465008,1.4997569394103,1.49952354507523,2.24728076975604,4.49585163199104,0.999999568784842
"2858",21.80228126,1.49975601050998,1.49952169051254,2.2472696487537,4.49583494907127,0.999999568183313
"2859",21.80991244,1.4997550780609,1.49951982890326,2.24725848659724,4.49581820387132,0.999999567577182
"2860",21.81754362,1.4997541420495,1.49951796022075,2.24724728313368,4.49580139615827,0.999999566966412
"2861",21.8251748,1.49975320246221,1.49951608443802,2.24723603820692,4.49578452569524,0.99999956635097
"2862",21.83280598,1.49975225928535,1.49951420152819,2.24722475166223,4.49576759224695,0.99999956573082
"2863",21.84043716,1.49975131250522,1.49951231146439,2.24721342334827,4.49575059558155,0.999999565105917
"2864",21.84806834,1.49975036210808,1.4995104142192,2.24720205310313,4.49573353545495,0.999999564476238
"2865",21.85569952,1.49974940808011,1.49950850976564,2.2471906407762,4.49571641163578,0.999999563841732
"2866",21.8633307,1.49974845040744,1.49950659807596,2.24717918620159,4.49569922387494,0.999999563202382
"2867",21.87096188,1.49974748907617,1.49950467912314,2.2471676892305,4.49568197194268,0.999999562558131
"2868",21.87859306,1.49974652407233,1.49950275287942,2.2471561497008,4.49566465559377,0.999999561908949
"2869",21.88622424,1.49974555538189,1.49950081931718,2.24714456745382,4.4956472745867,0.999999561254799
"2870",21.89385542,1.49974458299078,1.49949887840852,2.24713294232797,4.49562982867638,0.999999560595645
"2871",21.9014866,1.49974360688488,1.49949693012568,2.24712127416537,4.49561231762172,0.999999559931446
"2872",21.90911778,1.49974262705,1.49949497444077,2.24710956280645,4.49559474117957,0.99999955926216
"2873",21.91674896,1.4997416434719,1.4994930113254,2.24709780808431,4.49557709909803,0.999999558587761
"2874",21.92438014,1.4997406561363,1.49949104075167,2.24708600984284,4.49555939113737,0.999999557908196
"2875",21.93201132,1.49973966502885,1.4994890626913,2.24707416791971,4.49554161705054,0.999999557223425
"2876",21.9396425,1.49973867013516,1.49948707711569,2.24706228214758,4.49552377658453,0.999999556533419
"2877",21.94727368,1.49973767144076,1.49948508399639,2.24705035236456,4.49550586949222,0.999999555838132
"2878",21.95490486,1.49973666893115,1.49948308330488,2.24703837840861,4.49548789552613,0.99999955513752
"2879",21.96253604,1.49973566259176,1.4994810750124,2.24702636011308,4.49546985443343,0.999999554431547
"2880",21.97016722,1.49973465240797,1.49947905909008,2.24701429731232,4.49545174596198,0.99999955372017
"2881",21.9777984,1.49973363836512,1.49947703550903,2.24700218984137,4.49543356986032,0.999999553003347
"2882",21.98542958,1.49973262044846,1.4994750042401,2.2469900375309,4.49541532587173,0.999999552281041
"2883",21.99306076,1.4997315986432,1.49947296525432,2.24697784021859,4.49539701374716,0.999999551553199
"2884",22.00069194,1.49973057293452,1.49947091852195,2.24696559772607,4.49537863321913,0.999999550819802
"2885",22.00832312,1.49972954330749,1.49946886401428,2.24695330989887,4.49536018404715,0.999999550080777
"2886",22.0159543,1.49972850974717,1.49946680170143,2.24694097656008,4.49534166596481,0.999999549336098
"2887",22.02358548,1.49972747223854,1.49946473155377,2.24692859753868,4.49532307871229,0.999999548585724
"2888",22.03121666,1.49972643076652,1.49946265354161,2.24691617266578,4.49530442203183,0.999999547829608
"2889",22.03884784,1.499725385316,1.49946056763517,2.24690370176982,4.4952856956626,0.999999547067707
"2890",22.04647902,1.49972433587178,1.49945847380467,2.24689118468423,4.49526689934885,0.999999546299966
"2891",22.0541102,1.49972328241861,1.49945637202,2.24687862123433,4.4952480328257,0.999999545526346
"2892",22.06174138,1.4997222249412,1.49945426225072,2.24686601124247,4.49522909582433,0.999999544746812
"2893",22.06937256,1.49972116342418,1.4994521444668,2.24685335453945,4.49521008808553,0.99999954396131
"2894",22.07700374,1.49972009785213,1.49945001863759,2.24684065094577,4.49519100933805,0.999999543169804
"2895",22.08463492,1.49971902820958,1.49944788473318,2.24682790029923,4.49517185933004,0.999999542372223
"2896",22.0922661,1.49971795448098,1.49944574272244,2.24681510241419,4.49515263778265,0.999999541568541
"2897",22.09989728,1.49971687665074,1.49944359257466,2.24680225711473,4.49513334442794,0.999999540758712
"2898",22.10752846,1.49971579470321,1.49944143425904,2.24678936422554,4.49511397899835,0.999999539942685
"2899",22.11515964,1.49971470862266,1.49943926774469,2.24677642357065,4.4950945412254,0.999999539120411
"2900",22.12279082,1.49971361839332,1.49943709300039,2.24676343496924,4.49507503083471,0.999999538291847
"2901",22.130422,1.49971252399935,1.49943490999525,2.24675039824949,4.49505544756194,0.99999953745693
"2902",22.13805318,1.49971142542486,1.49943271869761,2.2467373132247,4.49503579112561,0.999999536615629
"2903",22.14568436,1.4997103226539,1.4994305190761,2.24672417971625,4.49501606125307,0.99999953576789
"2904",22.15331554,1.49970921567043,1.49942831109926,2.24671099754626,4.49499625767225,0.99999953491366
"2905",22.16094672,1.4997081044584,1.49942609473544,2.24669776653336,4.49497638010694,0.999999534052887
"2906",22.1685779,1.49970698900164,1.49942386995265,2.24668448649127,4.49495642827505,0.999999533185533
"2907",22.17620908,1.49970586928397,1.4994216367193,2.24667115724487,4.49493640190685,0.99999953231153
"2908",22.18384026,1.49970474528911,1.49941939500296,2.24665777860224,4.49491630071328,0.999999531430846
"2909",22.19147144,1.49970361700075,1.49941714477185,2.24664435038742,4.49489612442318,0.999999530543413
"2910",22.19910262,1.4997024844025,1.4994148859934,2.24663087240979,4.49487587274839,0.999999529649192
"2911",22.2067338,1.4997013474779,1.49941261863539,2.24661734448751,4.49485554541056,0.999999528748123
"2912",22.21436498,1.49970020621045,1.49941034266518,2.24660376643214,4.49483514212346,0.999999527840161
"2913",22.22199616,1.49969906058356,1.49940805805027,2.24659013805996,4.49481466260603,0.999999526925245
"2914",22.22962734,1.4996979105806,1.49940576475767,2.24657645917972,4.49479410656824,0.999999526003331
"2915",22.23725852,1.49969675618487,1.49940346275483,2.24656272960947,4.49477347373063,0.999999525074353
"2916",22.2448897,1.49969559737959,1.49940115200851,2.24654894915636,4.49475276380083,0.999999524138264
"2917",22.25252088,1.49969443414795,1.4993988324857,2.24653511763344,4.49473197649294,0.999999523195007
"2918",22.26015206,1.49969326647305,1.49939650415288,2.24652123484524,4.49471111151112,0.999999522244538
"2919",22.26778324,1.49969209433792,1.499394166977,2.24650730060841,4.49469016857307,0.999999521286785
"2920",22.27541442,1.49969091772555,1.4993918209244,2.24649331472764,4.49466914738264,0.999999520321701
"2921",22.2830456,1.49968973661885,1.49938946596139,2.24647927701075,4.49464804764675,0.99999951934923
"2922",22.29067678,1.49968855100066,1.49938710205427,2.24646518726555,4.49462686907226,0.999999518369315
"2923",22.29830796,1.49968736085377,1.49938472916908,2.24645104529707,4.49460561136252,0.999999517381901
"2924",22.30593914,1.4996861661609,1.49938234727189,2.24643685091313,4.49458427422368,0.999999516386927
"2925",22.31357032,1.49968496690468,1.49937995632854,2.24642260391857,4.49456285735833,0.999999515384335
"2926",22.3212015,1.49968376306772,1.49937755630461,2.24640830411492,4.4945413604649,0.999999514374074
"2927",22.32883268,1.49968255463252,1.49937514716599,2.24639395131149,4.49451978325054,0.999999513356071
"2928",22.33646386,1.49968134158153,1.49937272887796,2.24637954530725,4.4944981254102,0.999999512330277
"2929",22.34409504,1.49968012389715,1.49937030140588,2.24636508590526,4.49447638664322,0.99999951129663
"2930",22.35172622,1.49967890156169,1.49936786471503,2.24635057290828,4.49445456664838,0.999999510255068
"2931",22.3593574,1.49967767455739,1.4993654187703,2.24633600611379,4.49443266511802,0.999999509205536
"2932",22.36698858,1.49967644286645,1.49936296353674,2.24632138532329,4.49441068174897,0.999999508147971
"2933",22.37461976,1.49967520647097,1.49936049897919,2.24630671033724,4.49438861623637,0.999999507082309
"2934",22.38225094,1.499673965353,1.49935802506245,2.24629198095644,4.49436646827563,0.999999506008482
"2935",22.38988212,1.49967271949452,1.4993555417509,2.24627719697485,4.49434423755397,0.999999504926438
"2936",22.3975133,1.49967146887744,1.49935304900876,2.24626235818685,4.49432192375871,0.999999503836119
"2937",22.40514448,1.4996702134836,1.49935054680077,2.24624746439692,4.4942995265887,0.999999502737444
"2938",22.41277566,1.49966895329477,1.49934803509096,2.2462325153993,4.49427704573043,0.999999501630353
"2939",22.42040684,1.49966768829265,1.4993455138431,2.24621751098322,4.49425448086464,0.999999500514793
"2940",22.42803802,1.49966641845888,1.49934298302123,2.2462024509468,4.4942318316818,0.999999499390691
"2941",22.4356692,1.49966514377501,1.49934044258895,2.24618733508037,4.49420909786321,0.999999498257988
"2942",22.44330038,1.49966386422254,1.49933789251002,2.2461721631799,4.49418627909629,0.999999497116612
"2943",22.45093156,1.49966257978289,1.49933533274789,2.24615693503639,4.49416337506262,0.999999495966498
"2944",22.45856274,1.4996612904374,1.49933276326601,2.24614165044436,4.49414038544726,0.999999494807572
"2945",22.46619392,1.49965999616737,1.49933018402739,2.24612630918973,4.49411730992533,0.999999493639775
"2946",22.4738251,1.49965869695399,1.49932759499496,2.24611091106022,4.49409414817357,0.999999492463047
"2947",22.48145628,1.49965739277841,1.49932499613192,2.24609545585013,4.4940708998761,0.999999491277304
"2948",22.48908746,1.49965608362169,1.49932238740112,2.24607994334909,4.49404756471128,0.999999490082474
"2949",22.49671864,1.49965476946481,1.49931976876474,2.24606437333558,4.49402414234435,0.99999948887851
"2950",22.50434982,1.49965345028871,1.49931714018566,2.24604874560341,4.49400063245791,0.999999487665324
"2951",22.511981,1.49965212607423,1.4993145016262,2.24603305993781,4.49397703472443,0.999999486442847
"2952",22.51961218,1.49965079680214,1.49931185304841,2.24601731612123,4.49395334881268,0.999999485211014
"2953",22.52724336,1.49964946245314,1.49930919441464,2.24600151394245,4.49392957439872,0.999999483969742
"2954",22.53487454,1.49964812300787,1.49930652568638,2.24598565317686,4.49390571114261,0.999999482718979
"2955",22.54250572,1.49964677844688,1.49930384682575,2.24596973361339,4.49388175871987,0.999999481458637
"2956",22.5501369,1.49964542875064,1.49930115779453,2.24595375503737,4.4938577168014,0.999999480188635
"2957",22.55776808,1.49964407389957,1.49929845855379,2.24593771722073,4.49383358504249,0.999999478908921
"2958",22.56539926,1.49964271387399,1.49929574906501,2.24592161994653,4.49380936311093,0.999999477619414
"2959",22.57303044,1.49964134865416,1.49929302928978,2.24590546300188,4.49378505067881,0.999999476320021
"2960",22.58066162,1.49963997822026,1.49929029918885,2.2458892461593,4.49376064740109,0.999999475010681
"2961",22.5882928,1.49963860255239,1.49928755872304,2.24587296919488,4.49373615293659,0.999999473691322
"2962",22.59592398,1.4996372216306,1.49928480785338,2.24585663189055,4.49371156695051,0.999999472361857
"2963",22.60355516,1.49963583543482,1.4992820465403,2.24584023401896,4.49368688909702,0.999999471022217
"2964",22.61118634,1.49963444394494,1.49927927474428,2.24582377535589,4.49366211903362,0.999999469672323
"2965",22.61881752,1.49963304714076,1.49927649242581,2.24580725567911,4.49363725641974,0.99999946831209
"2966",22.6264487,1.499631645002,1.49927369954504,2.24579067476217,4.49361230090965,0.999999466941439
"2967",22.63407988,1.49963023750831,1.49927089606178,2.24577403237335,4.49358725215123,0.999999465560302
"2968",22.64171106,1.49962882463926,1.49926808193629,2.24575732829281,4.49356210980573,0.999999464168581
"2969",22.64934224,1.49962740637434,1.499265257128,2.24574056228644,4.49353687351753,0.999999462766206
"2970",22.65697342,1.49962598269295,1.49926242159644,2.24572373412286,4.49351154293407,0.999999461353102
"2971",22.6646046,1.49962455357445,1.49925957530133,2.24570684357867,4.4934861177114,0.99999945992917
"2972",22.67223578,1.49962311899808,1.49925671820165,2.24568989041681,4.49346059748959,0.999999458494342
"2973",22.67986696,1.49962167894302,1.49925385025678,2.2456728744099,4.49343498191968,0.999999457048523
"2974",22.68749814,1.49962023338837,1.49925097142559,2.24565579532373,4.4934092706443,0.999999455591633
"2975",22.69512932,1.49961878231314,1.4992480816667,2.24563865292098,4.49338346330226,0.999999454123597
"2976",22.7027605,1.49961732569629,1.49924518093898,2.24562144697136,4.4933575595401,0.999999452644318
"2977",22.71039168,1.49961586351665,1.49924226920103,2.24560417724187,4.49333155900092,0.999999451153706
"2978",22.71802286,1.49961439575301,1.49923934641102,2.24558684349212,4.49330546131906,0.999999449651685
"2979",22.72565404,1.49961292238408,1.49923641252728,2.24556944548824,4.49327926613591,0.999999448138159
"2980",22.73328522,1.49961144338846,1.49923346750773,2.24555198299043,4.49325297308567,0.999999446613046
"2981",22.7409164,1.49960995874468,1.49923051131022,2.24553445575902,4.49322658180253,0.999999445076258
"2982",22.74854758,1.49960846843121,1.49922754389241,2.24551686355358,4.49320009191925,0.99999944352771
"2983",22.75617876,1.49960697242641,1.49922456521218,2.24549920613968,4.49317350307532,0.999999441967297
"2984",22.76380994,1.49960547070857,1.49922157522667,2.24548148327122,4.49314681489636,0.999999440394939
"2985",22.77144112,1.49960396325589,1.49921857389327,2.24546369470915,4.49312002701572,0.999999438810537
"2986",22.7790723,1.49960245004651,1.4992155611689,2.24544584020652,4.49309313905749,0.99999943721401
"2987",22.78670348,1.49960093105845,1.49921253701063,2.24542791952344,4.4930661506533,0.999999435605255
"2988",22.79433466,1.49959940626968,1.49920950137507,2.24540993241118,4.49303906142446,0.999999433984188
"2989",22.80196584,1.49959787565806,1.49920645421914,2.24539187863118,4.49301187100352,0.999999432350697
"2990",22.80959702,1.49959633920138,1.49920339549892,2.24537375792938,4.49298457900487,0.999999430704706
"2991",22.8172282,1.49959479687736,1.49920032517086,2.24535557006228,4.4929571850547,0.99999942904611
"2992",22.82485938,1.49959324866359,1.49919724319102,2.24533731478038,4.49292968877193,0.999999427374815
"2993",22.83249056,1.49959169453763,1.49919414951546,2.2453189918365,4.49290208977787,0.999999425690719
"2994",22.84012174,1.49959013447691,1.49919104409964,2.24530060097502,4.4928743876836,0.999999423993738
"2995",22.84775292,1.4995885684588,1.49918792689954,2.24528214195177,4.4928465821131,0.999999422283756
"2996",22.8553841,1.49958699646058,1.49918479787045,2.24526361451172,4.49281867267759,0.999999420560682
"2997",22.86301528,1.49958541845942,1.49918165696761,2.24524501840132,4.49279065898948,0.999999418824417
"2998",22.87064646,1.49958383443244,1.49917850414626,2.24522635336923,4.49276254066346,0.999999417074855
"2999",22.87827764,1.49958224435665,1.49917533936128,2.24520761915991,4.49273431730892,0.999999415311897
"3000",22.88590882,1.49958064820898,1.49917216256754,2.24518881551951,4.49270598853696,0.999999413535434
"3001",22.89354,1.49957904596626,1.49916897371946,2.2451699421879,4.49267755395096,0.999999411745375
"3002",22.90117118,1.49957743760526,1.49916577277162,2.24515099891024,4.49264901316017,0.999999409941607
"3003",22.90880236,1.49957582310262,1.49916255967829,2.24513198542874,4.49262036576989,0.999999408124025
"3004",22.91643354,1.49957420243493,1.49915933439347,2.24511290148258,4.49259161138166,0.999999406292527
"3005",22.92406472,1.49957257557868,1.49915609687111,2.24509374681119,4.49256274959701,0.999999404447009
"3006",22.9316959,1.49957094251025,1.49915284706503,2.24507452115546,4.49253378001865,0.999999402587356
"3007",22.93932708,1.49956930320596,1.49914958492878,2.24505522425296,4.49250470224511,0.999999400713464
"3008",22.94695826,1.49956765764201,1.49914631041582,2.24503585584132,4.49247551587468,0.99999939882522
"3009",22.95458944,1.49956600579454,1.49914302347931,2.24501641565577,4.49244622050246,0.999999396922518
"3010",22.96222062,1.49956434763958,1.49913972407214,2.24499690342797,4.49241681571905,0.999999395005255
"3011",22.9698518,1.49956268315307,1.49913641214745,2.24497731889761,4.49238730112394,0.999999393073306
"3012",22.97748298,1.49956101231087,1.49913308765796,2.2449576617978,4.4923576763087,0.99999939112656
"3013",22.98511416,1.49955933508873,1.49912975055599,2.24493793185689,4.49232794085895,0.999999389164912
"3014",22.99274534,1.49955765146232,1.49912640079418,2.24491812881196,4.49229809437008,0.999999387188235
"3015",23.00037652,1.49955596140722,1.49912303832436,2.24489825238694,4.49226813642181,0.99999938519643
"3016",23.0080077,1.49955426489891,1.49911966309878,2.24487830231605,4.49223806660545,0.999999383189368
"3017",23.01563888,1.49955256191278,1.49911627506912,2.24485827832495,4.49220788450205,0.99999938116694
"3018",23.02327006,1.49955085242411,1.49911287418705,2.24483818014259,4.49217758969596,0.999999379129025
"3019",23.03090124,1.49954913640813,1.49910946040391,2.24481800749261,4.4921471817651,0.999999377075511
"3020",23.03853242,1.49954741383992,1.49910603367116,2.24479776010475,4.49211666029402,0.999999375006268
"3021",23.0461636,1.49954568469451,1.49910259394001,2.24477743770529,4.49208602486297,0.999999372921172
"3022",23.05379478,1.4995439489468,1.49909914116103,2.24475704001187,4.4920552750416,0.999999370820115
"3023",23.06142596,1.49954220657163,1.49909567528508,2.24473656674984,4.49202441040828,0.999999368702969
"3024",23.06905714,1.49954045754372,1.49909219626264,2.24471601763925,4.4919934305348,0.999999366569614
"3025",23.07668832,1.49953870183769,1.49908870404422,2.24469539240376,4.49196233499674,0.999999364419919
"3026",23.0843195,1.49953693942808,1.49908519857994,2.24467469076224,4.49193112336371,0.999999362253759
"3027",23.09195068,1.49953517028933,1.49908167981952,2.24465391242773,4.49189979519824,0.999999360071024
"3028",23.09958186,1.49953339439578,1.4990781477131,2.24463305712543,4.49186835007636,0.999999357871566
"3029",23.10721304,1.49953161172166,1.49907460221024,2.24461212457048,4.49183678756227,0.999999355655262
"3030",23.11484422,1.49952982224113,1.49907104326017,2.24459111447464,4.49180510721577,0.999999353421991
"3031",23.1224754,1.49952802592822,1.49906747081227,2.24457002655579,4.49177330860328,0.999999351171616
"3032",23.13010658,1.49952622275688,1.49906388481541,2.24454886052388,4.49174139128175,0.999999348904015
"3033",23.13773776,1.49952441270097,1.49906028521865,2.24452761609533,4.49170935481514,0.999999346619045
"3034",23.14536894,1.49952259573422,1.49905667197057,2.24450629298067,4.49167719876015,0.999999344316576
"3035",23.15300012,1.49952077183028,1.49905304501961,2.24448489088945,4.49164492267201,0.999999341996475
"3036",23.1606313,1.49951894096271,1.49904940431388,2.24446340952803,4.49161252610182,0.999999339658617
"3037",23.16826248,1.49951710310495,1.49904574980178,2.24444184861074,4.49158000860952,0.99999933730285
"3038",23.17589366,1.49951525823035,1.49904208143111,2.24442020784353,4.49154736974483,0.999999334929039
"3039",23.18352484,1.49951340631215,1.49903839914939,2.24439848692922,4.49151460905359,0.999999332537056
"3040",23.19115602,1.49951154732349,1.49903470290436,2.24437668557787,4.49148172608945,0.999999330126749
"3041",23.1987872,1.49950968123742,1.49903099264312,2.24435480348936,4.49144872039397,0.999999327697988
"3042",23.20641838,1.49950780802688,1.49902726831281,2.24433284036822,4.49141559151358,0.99999932525063
"3043",23.21404956,1.49950592766469,1.49902352986028,2.24431079591507,4.49138233898986,0.999999322784534
"3044",23.22168074,1.49950404012359,1.49901977723245,2.2442886698349,4.49134896236893,0.999999320299547
"3045",23.22931192,1.49950214537622,1.49901601037571,2.24426646182543,4.49131546118816,0.999999317795531
"3046",23.2369431,1.49950024339509,1.49901222923634,2.24424417158481,4.4912818349849,0.99999931527234
"3047",23.24457428,1.49949833415262,1.49900843376044,2.24422179881105,4.49124808329597,0.999999312729829
"3048",23.25220546,1.49949641762114,1.49900462389396,2.24419934320158,4.49121420565706,0.999999310167846
"3049",23.25983664,1.49949449377284,1.49900079958262,2.24417680445213,4.49118020160147,0.999999307586243
"3050",23.26746782,1.49949256257984,1.498996960772,2.24415418225858,4.49114607066227,0.999999304984866
"3051",23.275099,1.49949062401413,1.49899310740703,2.24413147630762,4.49111181236139,0.99999930236358
"3052",23.28273018,1.4994886780476,1.49898923943325,2.24410868630028,4.49107742623695,0.999999299722211
"3053",23.29036136,1.49948672465204,1.49898535679539,2.24408581192425,4.49104291181126,0.999999297060615
"3054",23.29799254,1.49948476379913,1.49898145943805,2.24406285286832,4.49100826860733,0.99999929437864
"3055",23.30562372,1.49948279546043,1.49897754730579,2.24403980882323,4.49097349615011,0.999999291676124
"3056",23.3132549,1.49948081960741,1.49897362034283,2.24401667947589,4.49093859395958,0.999999288952915
"3057",23.32088608,1.49947883621142,1.49896967849331,2.24399346451467,4.490903561557,0.99999928620885
"3058",23.32851726,1.49947684524371,1.49896572170094,2.24397016362234,4.49086839845674,0.999999283443775
"3059",23.33614844,1.4994748466754,1.49896174990951,2.24394677648628,4.49083310417807,0.999999280657524
"3060",23.34377962,1.49947284047753,1.49895776306243,2.24392330278941,4.49079767823451,0.999999277849935
"3061",23.3514108,1.49947082662101,1.49895376110303,2.24389974221666,4.49076212014158,0.999999275020839
"3062",23.35904198,1.49946880507664,1.49894974397406,2.24387609444385,4.49072642940376,0.999999272170085
"3063",23.36667316,1.49946677581513,1.4989457116185,2.24385235915412,4.49069060553361,0.999999269297498
"3064",23.37430434,1.49946473880704,1.49894166397901,2.24382853602868,4.49065464804085,0.999999266402906
"3065",23.38193552,1.49946269402285,1.49893760099773,2.24380462474043,4.49061855642527,0.999999263486153
"3066",23.3895667,1.49946064143292,1.49893352261695,2.24378062496828,4.49058233019314,0.999999260547064
"3067",23.39719788,1.4994585810075,1.49892942877862,2.24375653638858,4.49054596884719,0.999999257585465
"3068",23.40482906,1.49945651271671,1.49892531942429,2.24373235867202,4.49050947188324,0.999999254601194
"3069",23.41246024,1.49945443653058,1.49892119449586,2.24370809149873,4.49047283880763,0.999999251594058
"3070",23.42009142,1.49945235241901,1.49891705393426,2.24368373453476,4.49043606910971,0.999999248563899
"3071",23.4277226,1.49945026035179,1.49891289768072,2.24365928745378,4.49039916228738,0.999999245510533
"3072",23.43535378,1.4994481602986,1.49890872567609,2.24363474992531,4.49036211783323,0.999999242433782
"3073",23.44298496,1.49944605222899,1.49890453786101,2.24361012161792,4.49032493523824,0.999999239333467
"3074",23.45061614,1.49944393611242,1.49890033417574,2.24358540219667,4.4902876139888,0.999999236209415
"3075",23.45824732,1.49944181191821,1.49889611456059,2.24356059132938,4.49025015357422,0.999999233061438
"3076",23.4658785,1.49943967961557,1.49889187895562,2.24353568868284,4.49021255348194,0.999999229889349
"3077",23.47350968,1.49943753917359,1.49888762730044,2.243510693919,4.49017481319334,0.999999226692969
"3078",23.48114086,1.49943539056127,1.49888335953449,2.24348560669866,4.49013693218807,0.999999223472115
"3079",23.48877204,1.49943323374744,1.49887907559729,2.24346042668744,4.49009890995081,0.99999922022659
"3080",23.49640322,1.49943106870087,1.4988747754278,2.24343515354359,4.49006074595732,0.99999921695621
"3081",23.5040344,1.49942889539016,1.49887045896486,2.24340978692649,4.49002243968402,0.999999213660782
"3082",23.51166558,1.49942671378383,1.49886612614693,2.24338432649027,4.48998399060097,0.999999210340127
"3083",23.51929676,1.49942452385025,1.4988617769127,2.24335877189836,4.48994539818825,0.999999206994031
"3084",23.52692794,1.4994223255577,1.49885741120007,2.24333312280072,4.4899066619101,0.999999203622315
"3085",23.53455912,1.49942011887431,1.49885302894708,2.24330737885382,4.48986778123767,0.999999200224777
"3086",23.5421903,1.4994179037681,1.49884863009143,2.24328153971063,4.48982875563758,0.999999196801217
"3087",23.54982148,1.49941568020698,1.49884421457054,2.24325560502196,4.48978958457353,0.99999919335144
"3088",23.55745266,1.49941344815873,1.49883978232171,2.24322957443995,4.48975026751013,0.999999189875241
"3089",23.56508384,1.49941120759099,1.49883533328169,2.24320344760956,4.48971080390319,0.999999186372428
"3090",23.57271502,1.49940895847131,1.4988308673877,2.24317722418661,4.48967119322077,0.999999182842776
"3091",23.5803462,1.4994067007671,1.4988263845757,2.24315090380764,4.48963143490789,0.999999179286108
"3092",23.58797738,1.49940443444564,1.49882188478252,2.24312448612859,4.48959152843162,0.999999175702189
"3093",23.59560856,1.49940215947408,1.49881736794391,2.24309797078781,4.48955147323814,0.999999172090825
"3094",23.60323974,1.49939987581948,1.49881283399562,2.24307135742681,4.4895112687768,0.999999168451811
"3095",23.61087092,1.49939758344874,1.49880828287351,2.24304464569297,4.48947091450321,0.999999164784919
"3096",23.6185021,1.49939528232865,1.49880371451266,2.24301783522191,4.48943040985885,0.99999916108995
"3097",23.62613328,1.49939297242587,1.49879912884817,2.24299092565292,4.48938975428897,0.999999157366687
"3098",23.63376446,1.49939065370693,1.49879452581515,2.24296391662878,4.48934894724226,0.999999153614902
"3099",23.64139564,1.49938832613824,1.49878990534807,2.24293680778326,4.48930798815654,0.999999149834383
"3100",23.64902682,1.49938598968608,1.49878526738114,2.24290959874931,4.48926687646806,0.999999146024917
"3101",23.656658,1.49938364431659,1.49878061184864,2.24288228916308,4.48922561161647,0.999999142186276
"3102",23.66428918,1.4993812899958,1.49877593868438,2.24285487865665,4.48918419303589,0.99999913831824
"3103",23.67192036,1.49937892668961,1.49877124782215,2.24282736686421,4.48914262016258,0.999999134420575
"3104",23.67955154,1.49937655436378,1.49876653919536,2.24279975341639,4.48910089242804,0.999999130493053
"3105",23.68718272,1.49937417298394,1.49876181273671,2.24277203793379,4.48905900925163,0.999999126535469
"3106",23.6948139,1.49937178251559,1.49875706837958,2.24274422005298,4.48901697007073,0.999999122547567
"3107",23.70244508,1.4993693829241,1.49875230605647,2.242716299398,4.48897477430758,0.999999118529122
"3108",23.71007626,1.49936697417473,1.49874752569972,2.24268827559268,4.48893242138371,0.999999114479902
"3109",23.71770744,1.49936455623257,1.49874272724145,2.24266014825982,4.48888991071896,0.999999110399675
"3110",23.72533862,1.4993621290626,1.49873791061371,2.24263191702499,4.48884724173573,0.999999106288193
"3111",23.7329698,1.49935969262967,1.49873307574806,2.24260358150794,4.48880441384919,0.99999910214522
"3112",23.74060098,1.49935724689848,1.49872822257573,2.24257514132514,4.48876142647014,0.999999097970525
"3113",23.74823216,1.49935479183362,1.49872335102789,2.24254659609607,4.48871827901235,0.999999093763862
"3114",23.75586334,1.49935232739951,1.49871846103557,2.24251794544017,4.488674970889,0.999999089524977
"3115",23.76349452,1.49934985356048,1.49871355252945,2.24248918897462,4.48863150151008,0.99999908525362
"3116",23.7711257,1.49934737028068,1.49870862543952,2.2424603263065,4.48858787027333,0.999999080949563
"3117",23.77875688,1.49934487752416,1.49870367969612,2.24243135705351,4.48854407658821,0.999999076612541
"3118",23.78638806,1.49934237525481,1.49869871522915,2.24240228082816,4.48850011985768,0.999999072242299
"3119",23.79401924,1.4993398634364,1.49869373196812,2.24237309723913,4.48845599947966,0.999999067838588
"3120",23.80165042,1.49933734203254,1.49868872984232,2.24234380589507,4.48841171485147,0.99999906340115
"3121",23.8092816,1.49933481100672,1.49868370878083,2.24231440640337,4.48836726536844,0.999999058929729
"3122",23.81691278,1.49933227032229,1.4986786687124,2.24228489836973,4.48832265042331,0.999999054424064
"3123",23.82454396,1.49932971994246,1.4986736095657,2.2422552814012,4.48827786940989,0.999999049883886
"3124",23.83217514,1.4993271598303,1.49866853126882,2.24222555509802,4.48823292171347,0.99999904530894
"3125",23.83980632,1.49932458994873,1.49866343374979,2.24219571906228,4.48818780672099,0.999999040698959
"3126",23.8474375,1.49932201026054,1.4986583169364,2.24216577289604,4.48814252381868,0.99999903605367
"3127",23.85506868,1.49931942072838,1.49865318075613,2.2421357161987,4.48809707238916,0.999999031372802
"3128",23.86269986,1.49931682131475,1.49864802513609,2.24210554856589,4.48805145181019,0.999999026656087
"3129",23.87033104,1.49931421198201,1.49864285000336,2.24207526959691,4.48800566146311,0.999999021903244
"3130",23.87796222,1.49931159269239,1.49863765528444,2.24204487888413,4.48795970072059,0.999999017114001
"3131",23.8855934,1.49930896340795,1.49863244090575,2.24201437602146,4.48791356895659,0.999999012288079
"3132",23.89322458,1.49930632409064,1.49862720679335,2.24198376059986,4.4878672655411,0.9999990074252
"3133",23.90085576,1.49930367470223,1.49862195287318,2.24195303221216,4.48782078984559,0.999999002525075
"3134",23.90848694,1.49930101520438,1.49861667907077,2.24192219044701,4.4877741412361,0.999998997587419
"3135",23.91611812,1.49929834555857,1.49861138531137,2.2418912348913,4.48772731907616,0.999998992611947
"3136",23.9237493,1.49929566572615,1.49860607151996,2.2418601651306,4.48768032272709,0.999998987598372
"3137",23.93138048,1.49929297566834,1.49860073762131,2.24182898075054,4.48763315154968,0.999998982546399
"3138",23.93901166,1.49929027534619,1.49859538353978,2.24179768133349,4.48758580490024,0.999998977455737
"3139",23.94664284,1.49928756472061,1.49859000919984,2.24176626646554,4.48753828213912,0.999998972326078
"3140",23.95427402,1.49928484375236,1.49858461452514,2.24173473572373,4.48749058261518,0.999998967157132
"3141",23.9619052,1.49928211240205,1.4985791994392,2.24170308868529,4.48744270567713,0.999998961948604
"3142",23.96953638,1.49927937063014,1.49857376386548,2.24167132493006,4.48739465067601,0.999998956700184
"3143",23.97716756,1.49927661839695,1.49856830772691,2.24163944403232,4.48734641695583,0.99999895141157
"3144",23.98479874,1.49927385566264,1.4985628309465,2.2416074455703,4.4872980038647,0.999998946082446
"3145",23.99242992,1.49927108238722,1.49855733344636,2.24157532911166,4.48724941073754,0.999998940712515
"3146",24.0000611,1.49926829853054,1.49855181514909,2.24154309423442,4.48720063692104,0.999998935301446
"3147",24.00769228,1.49926550405233,1.49854627597627,2.241510740504,4.48715168174635,0.999998929848938
"3148",24.01532346,1.49926269891212,1.49854071584958,2.24147826748986,4.48710254454884,0.999998924354671
"3149",24.02295464,1.49925988306933,1.49853513469046,2.24144567476075,4.4870532246625,0.999998918818319
"3150",24.03058582,1.49925705648319,1.49852953241963,2.24141296187725,4.48700372141104,0.999998913239576
"3151",24.038217,1.49925421911281,1.49852390895809,2.24138012840846,4.4869540341275,0.9999989076181
"3152",24.04584818,1.49925137091711,1.49851826422617,2.24134717391417,4.48690416213358,0.999998901953573
"3153",24.05347936,1.49924851185488,1.49851259814416,2.24131409795864,4.48685410475539,0.999998896245656
"3154",24.06111054,1.49924564188475,1.49850691063185,2.24128090009953,4.48680386131094,0.999998890494021
"3155",24.06874172,1.49924276096518,1.49850120160857,2.24124757989132,4.48675343111364,0.999998884698343
"3156",24.0763729,1.49923986905448,1.49849547099381,2.24121413689451,4.48670281348346,0.999998878858273
"3157",24.08400408,1.4992369661108,1.49848971870646,2.24118057066254,4.48665200773151,0.999998872973474
"3158",24.09163526,1.49923405209215,1.4984839446653,2.24114688075086,4.48660101317054,0.999998867043599
"3159",24.09926644,1.49923112695635,1.49847814878855,2.24111306670843,4.48654982910519,0.999998861068308
"3160",24.10689762,1.49922819066108,1.49847233099401,2.24107912808141,4.48649845483603,0.999998855047266
"3161",24.1145288,1.49922524316386,1.49846649119986,2.24104506442593,4.48644688967474,0.999998848980101
"3162",24.12215998,1.49922228442203,1.49846062932364,2.24101087529014,4.48639513292316,0.999998842866456
"3163",24.12979116,1.49921931439279,1.49845474528204,2.24097656021171,4.48634318386998,0.999998836705997
"3164",24.13742234,1.49921633303317,1.49844883899209,2.24094211873789,4.48629104181463,0.999998830498356
"3165",24.14505352,1.49921334030003,1.49844291037027,2.24090755041009,4.48623870604901,0.999998824243173
"3166",24.1526847,1.49921033615008,1.49843695933292,2.24087285477115,4.48618617586603,0.999998817940079
"3167",24.16031588,1.49920732053985,1.49843098579598,2.24083803136067,4.48613345055419,0.999998811588704
"3168",24.16794706,1.49920429342573,1.49842498967485,2.24080307971222,4.4860805293943,0.999998805188691
"3169",24.17557824,1.49920125476391,1.49841897088493,2.24076799936379,4.48602741167165,0.999998798739659
"3170",24.18320942,1.49919820451045,1.49841292934133,2.24073278985175,4.485974096669,0.999998792241228
"3171",24.1908406,1.49919514262121,1.49840686495833,2.24069745070241,4.48592058365666,0.999998785693038
"3172",24.19847178,1.49919206905191,1.49840077765074,2.24066198145474,4.48586687191908,0.999998779094684
"3173",24.20610296,1.49918898375809,1.49839466733223,2.24062638163142,4.48581296072109,0.999998772445801
"3174",24.21373414,1.49918588669512,1.49838853391665,2.24059065076319,4.48575884933607,0.999998765745993
"3175",24.22136532,1.4991827778182,1.49838237731765,2.24055478837988,4.48570453703597,0.999998758994859
"3176",24.2289965,1.49917965708237,1.49837619744796,2.24051879400055,4.48565002307914,0.999998752192022
"3177",24.23662768,1.49917652444248,1.49836999422023,2.24048266714544,4.48559530672497,0.999998745337094
"3178",24.24425886,1.49917337985324,1.49836376754729,2.24044640734326,4.48554038724177,0.999998738429653
"3179",24.25189004,1.49917022326917,1.49835751734109,2.24041001411032,4.48548526388289,0.999998731469305
"3180",24.25952122,1.4991670546446,1.49835124351333,2.2403734869632,4.48542993590115,0.99999872445565
"3181",24.2671524,1.49916387393372,1.49834494597548,2.24033682541803,4.48537440254831,0.999998717388279
"3182",24.27478358,1.49916068109053,1.49833862463872,2.24030002898974,4.485318663074,0.999998710266779
"3183",24.28241476,1.49915747606885,1.49833227941384,2.24026309719142,4.4852627167249,0.999998703090734
"3184",24.29004594,1.49915425882234,1.49832591021122,2.24022602953229,4.48520656274258,0.999998695859733
"3185",24.29767712,1.49915102930448,1.49831951694142,2.24018882552869,4.48515020037628,0.999998688573333
"3186",24.3053083,1.49914778746856,1.49831309951378,2.24015148468007,4.48509362885465,0.999998681231135
"3187",24.31293948,1.49914453326771,1.49830665783783,2.2401140064936,4.48503684741477,0.999998673832708
"3188",24.32057066,1.49914126665487,1.49830019182297,2.24007639047747,4.48497985529423,0.999998666377609
"3189",24.32820184,1.49913798758282,1.49829370137783,2.2400386361311,4.48492265171957,0.999998658865414
"3190",24.33583302,1.49913469600414,1.49828718641092,2.24000074295642,4.48486523591958,0.999998651295682
"3191",24.3434642,1.49913139187124,1.49828064683049,2.23996271045354,4.48480760712033,0.999998643667969
"3192",24.35109538,1.49912807513635,1.49827408254431,2.23992453811959,4.48474976454358,0.999998635981832
"3193",24.35872656,1.49912474575152,1.49826749345984,2.23988622545066,4.48469170740909,0.999998628236822
"3194",24.36635774,1.49912140366861,1.49826087948402,2.23984777193694,4.48463343492918,0.999998620432499
"3195",24.37398892,1.49911804883931,1.49825424052368,2.23980917707157,4.48457494631877,0.999998612568406
"3196",24.3816201,1.49911468121513,1.49824757648554,2.23977044034979,4.48451624079458,0.999998604644071
"3197",24.38925128,1.49911130074737,1.49824088727537,2.23973156125497,4.48445731755867,0.999998596659047
"3198",24.39688246,1.49910790738717,1.49823417279905,2.2396925392755,4.48439817581835,0.999998588612866
"3199",24.40451364,1.49910450108549,1.49822743296192,2.2396533738964,4.48433881477605,0.999998580505059
"3200",24.41214482,1.49910108179307,1.49822066766917,2.2396140646028,4.48427923363386,0.999998572335148
"3201",24.419776,1.49909764946051,1.49821387682548,2.23957461087595,4.48421943158837,0.999998564102659
"3202",24.42740718,1.49909420403819,1.49820706033504,2.23953501219296,4.48415940783073,0.999998555807121
"3203",24.43503836,1.4990907454763,1.49820021810201,2.23949526803445,4.48409916155538,0.999998547448042
"3204",24.44266954,1.49908727372487,1.49819335002988,2.2394553778737,4.48403869194745,0.999998539024944
"3205",24.45030072,1.49908378873371,1.49818645602202,2.23941534118652,4.48397799819432,0.999998530537333
"3206",24.4579319,1.49908029045246,1.49817953598159,2.2393751574495,4.4839170794835,0.999998521984702
"3207",24.46556308,1.49907677883056,1.49817258981074,2.23933482612599,4.48385593498621,0.999998513366576
"3208",24.47319426,1.49907325381727,1.49816561741199,2.2392943466898,4.48379456388527,0.999998504682437
"3209",24.48082544,1.49906971536164,1.49815861868729,2.23925371860923,4.48373296535624,0.999998495931776
"3210",24.48845662,1.49906616341254,1.49815159353772,2.23921294134284,4.48367113856244,0.999998487114106
"3211",24.4960878,1.49906259791865,1.49814454186474,2.23917201435964,4.48360908267875,0.999998478228893
"3212",24.50371898,1.49905901882843,1.49813746356914,2.239130937121,4.48354679687037,0.999998469275623
"3213",24.51135016,1.49905542609018,1.49813035855106,2.23908970908221,4.48348428029454,0.999998460253787
"3214",24.51898134,1.49905181965199,1.49812322671097,2.23904832970818,4.48342153211908,0.999998451162838
"3215",24.52661252,1.49904819946174,1.49811606794819,2.23900679844898,4.48335855149353,0.999998442002265
"3216",24.5342437,1.49904456546713,1.4981088821621,2.2389651147602,4.48329533757317,0.999998432771531
"3217",24.54187488,1.49904091761566,1.49810166925179,2.23892327809586,4.48323188951086,0.999998423470091
"3218",24.54950606,1.49903725585462,1.49809442911569,2.23888128790444,4.48316820645189,0.999998414097411
"3219",24.55713724,1.49903358013111,1.49808716165193,2.23883914363363,4.48310428753996,0.999998404652947
"3220",24.56476842,1.49902989039204,1.49807986675861,2.23879684473449,4.48304013192198,0.999998395136135
"3221",24.5723996,1.4990261865841,1.49807254433289,2.23875439064666,4.48297573873068,0.999998385546437
"3222",24.58003078,1.49902246865378,1.49806519427192,2.23871178081436,4.48291110710331,0.99999837588329
"3223",24.58766196,1.49901873654738,1.49805781647251,2.23866901468055,4.48284623617494,0.999998366146124
"3224",24.59529314,1.49901499021099,1.49805041083088,2.23862609168246,4.48278112507303,0.999998356334379
"3225",24.60292432,1.49901122959049,1.49804297724278,2.2385830112543,4.48271577292071,0.999998346447492
"3226",24.6105555,1.49900745463157,1.49803551560401,2.23853977283498,4.48265017884596,0.999998336484874
"3227",24.61818668,1.4990036652797,1.49802802580972,2.23849637585771,4.48258434196908,0.999998326445946
"3228",24.62581786,1.49899986148016,1.49802050775461,2.2384528197523,4.48251826140569,0.999998316330128
"3229",24.63344904,1.498996043178,1.49801296133331,2.2384091039516,4.48245193627419,0.999998306136819
"3230",24.64108022,1.49899221031809,1.49800538643929,2.23836522787435,4.48238536567547,0.999998295865453
"3231",24.6487114,1.49898836284506,1.49799778296672,2.23832119095466,4.48231854872788,0.999998285515404
"3232",24.65634258,1.49898450070336,1.49799015080855,2.23827699261162,4.48225148453106,0.999998275086083
"3233",24.66397376,1.49898062383721,1.49798248985767,2.23823263226712,4.48218417218731,0.999998264576881
"3234",24.67160494,1.49897673219063,1.4979748000064,2.23818810933891,4.48211661079314,0.999998253987193
"3235",24.67923612,1.49897282570742,1.49796708114713,2.23814342324989,4.48204879945035,0.999998243316383
"3236",24.6868673,1.49896890433118,1.49795933317132,2.23809857341184,4.48198073724689,0.999998232563842
"3237",24.69449848,1.49896496800528,1.49795155597007,2.23805355923644,4.48191242326958,0.99999822172895
"3238",24.70212966,1.4989610166729,1.49794374943462,2.23800838014096,4.48184385661122,0.999998210811057
"3239",24.70976084,1.49895705027697,1.49793591345496,2.23796303552698,4.48177503634514,0.999998199809553
"3240",24.71739202,1.49895306876024,1.49792804792148,2.23791752480742,4.48170596155726,0.999998188723781
"3241",24.7250232,1.49894907206522,1.49792015272387,2.23787184738833,4.48163663132463,0.999998177553091
"3242",24.73265438,1.49894506013421,1.49791222775109,2.23782600266822,4.48156704471444,0.999998166296849
"3243",24.74028556,1.4989410329093,1.49790427289215,2.23777999005149,4.48149720080006,0.999998154954391
"3244",24.74791674,1.49893699033235,1.49789628803564,2.23773380893901,4.48142709864995,0.99999814352505
"3245",24.75554792,1.498932932345,1.49788827306938,2.23768745872589,4.48135673732467,0.999998132008169
"3246",24.7631791,1.49892885888868,1.49788022788108,2.23764093880735,4.48128611588443,0.999998120403076
"3247",24.77081028,1.49892476990458,1.49787215235793,2.23759424857731,4.4812152333867,0.999998108709093
"3248",24.77844146,1.49892066533369,1.49786404638666,2.23754738742504,4.48114408888287,0.999998096925546
"3249",24.78607264,1.49891654511677,1.49785590985391,2.23750035474403,4.48107268142833,0.999998085051733
"3250",24.79370382,1.49891240919435,1.49784774264523,2.23745314991445,4.48100101006185,0.999998073086985
"3251",24.801335,1.49890825750673,1.49783954464657,2.23740577232744,4.48092907383449,0.999998061030585
"3252",24.80896618,1.498904089994,1.49783131574279,2.23735822136134,4.48085687178111,0.999998048881846
"3253",24.81659736,1.49889990659601,1.49782305581873,2.23731049639928,4.48078440294146,0.999998036640051
"3254",24.82422854,1.4988957072524,1.49781476475862,2.23726259681815,4.48071166634708,0.999998024304494
"3255",24.83185972,1.49889149190256,1.49780644244628,2.23721452199418,4.48063866102777,0.999998011874456
"3256",24.8394909,1.49888726048567,1.4977980887655,2.23716627130682,4.48056538601639,0.999997999349198
"3257",24.84712208,1.49888301294067,1.49778970359882,2.2371178441213,4.48049184032794,0.999997986728012
"3258",24.85475326,1.49887874920627,1.49778128682907,2.23706923981038,4.48041802298573,0.999997974010155
"3259",24.86238444,1.49887446922095,1.49777283833843,2.23702045774319,4.48034393300755,0.999997961194883
"3260",24.87001562,1.49887017292295,1.49776435800858,2.23697149728461,4.48026956940546,0.999997948281452
"3261",24.8776468,1.49886586025031,1.49775584572073,2.23692235779648,4.4801949311871,0.999997935269116
"3262",24.88527798,1.49886153114078,1.49774730135586,2.23687303864252,4.48012001736128,0.999997922157109
"3263",24.89290916,1.49885718553193,1.4977387247945,2.23682353918344,4.48004482693249,0.999997908944664
"3264",24.90054034,1.49885282336105,1.49773011591637,2.23677385877167,4.47996935889452,0.999997895631028
"3265",24.90817152,1.49884844456523,1.49772147460122,2.23672399676578,4.47989361224742,0.999997882215411
"3266",24.9158027,1.49884404908129,1.49771280072811,2.2366739525176,4.47981758598243,0.999997868697038
"3267",24.92343388,1.49883963684584,1.49770409417567,2.23662372537676,4.47974127908732,0.999997855075123
"3268",24.93106506,1.49883520779523,1.49769535482213,2.23657331469174,4.47966469054753,0.999997841348873
"3269",24.93869624,1.49883076186557,1.49768658254549,2.23652271981227,4.47958781934906,0.999997827517476
"3270",24.94632742,1.49882629899276,1.4976777772228,2.23647194007713,4.47951066446415,0.999997813580146
"3271",24.9539586,1.49882181911241,1.49766893873104,2.23642097483012,4.47943322486987,0.999997799536063
"3272",24.96158978,1.49881732215992,1.49766006694678,2.23636982341227,4.4793554995393,0.999997785384403
"3273",24.96922096,1.49881280807044,1.49765116174579,2.23631848515756,4.47927748743608,0.999997771124356
"3274",24.97685214,1.49880827677887,1.49764222300386,2.23626695940497,4.47919918752892,0.999997756755076
"3275",24.98448332,1.49880372821986,1.49763325059587,2.23621524548362,4.47912059877396,0.99999774227574
"3276",24.9921145,1.49879916232783,1.49762424439658,2.23616334272648,4.47904172013089,0.999997727685495
"3277",24.99974568,1.49879457903694,1.49761520428003,2.23611125045953,4.47896255055023,0.999997712983501
"3278",25.00737686,1.49878997828111,1.49760613012012,2.23605896801189,4.47888308898524,0.999997698168891
"3279",25.01500804,1.49878535999399,1.49759702179003,2.23600649470583,4.47880333438021,0.999997683240806
"3280",25.02263922,1.498780724109,1.4975878791625,2.23595382986157,4.47872328567599,0.999997668198382
"3281",25.0302704,1.49877607055931,1.49757870210989,2.23590097279967,4.4786429418128,0.999997653040738
"3282",25.03790158,1.49877139927782,1.49756949050408,2.23584792283633,4.47856230172497,0.999997637766994
"3283",25.04553276,1.4987667101972,1.49756024421645,2.2357946792864,4.47848136434404,0.999997622376259
"3284",25.05316394,1.49876200324984,1.49755096311796,2.23574124146228,4.47840012859782,0.999997606867637
"3285",25.06079512,1.49875727836791,1.49754164707905,2.23568760867377,4.47831859341,0.999997591240225
"3286",25.0684263,1.49875253548328,1.49753229596966,2.23563378022757,4.47823675769972,0.999997575493117
"3287",25.07605748,1.49874777452759,1.49752290965935,2.23557975542978,4.4781546203844,0.999997559625392
"3288",25.08368866,1.49874299543224,1.49751348801714,2.23552553358248,4.47807218037574,0.999997543636129
"3289",25.09131984,1.49873819812832,1.49750403091183,2.2354711139907,4.47798943658788,0.999997527524383
"3290",25.09895102,1.49873338254671,1.4974945382111,2.23541649594578,4.47790638791785,0.999997511289239
"3291",25.1065822,1.498728548618,1.4974850097828,2.2353616787478,4.47782303327201,0.999997494929736
"3292",25.11421338,1.49872369627253,1.497475445494,2.23530666168871,4.47773937154616,0.999997478444928
"3293",25.12184456,1.49871882544037,1.49746584521129,2.23525144405964,4.47765540163402,0.999997461833856
"3294",25.12947574,1.49871393605133,1.49745620880104,2.23519602515258,4.47757112242938,0.99999744509554
"3295",25.13710692,1.49870902803497,1.49744653612856,2.23514040424793,4.47748653281134,0.999997428229026
"3296",25.1447381,1.49870410132056,1.49743682705932,2.23508458063442,4.4774016316679,0.999997411233317
"3297",25.15236928,1.49869915583711,1.49742708145806,2.2350285535942,4.47731641787821,0.999997394107419
"3298",25.16000046,1.49869419151337,1.49741729918876,2.23497232240296,4.47723089031273,0.99999737685035
"3299",25.16763164,1.49868920827782,1.49740748011504,2.23491588633609,4.47714504784056,0.999997359461107
"3300",25.17526282,1.49868420605867,1.49739762410052,2.23485924467477,4.47705888933665,0.999997341938655
"3301",25.182894,1.49867918478385,1.49738773100749,2.23480239668361,4.47697241365535,0.999997324281999
"3302",25.19052518,1.49867414438103,1.49737780069855,2.23474534163839,4.4768856196632,0.999997306490087
"3303",25.19815636,1.49866908477761,1.49736783303501,2.23468807879981,4.47679850620776,0.999997288561908
"3304",25.20578754,1.4986640059007,1.49735782787844,2.23463060743777,4.47671107214663,0.999997270496398
"3305",25.21341872,1.49865890767715,1.49734778508939,2.23457292681209,4.4766233163242,0.999997252292512
"3306",25.2210499,1.49865379003352,1.49733770452805,2.23451503618187,4.4765352375832,0.999997233949194
"3307",25.22868108,1.49864865289612,1.4973275860542,2.23445693480596,4.47644683476485,0.999997215465368
"3308",25.23631226,1.49864349619095,1.49731742952683,2.23439862193544,4.47635810670027,0.999997196839971
"3309",25.24394344,1.49863831984376,1.4973072348048,2.23434009682582,4.47626905222463,0.999997178071906
"3310",25.25157462,1.49863312377999,1.49729700174635,2.23428135872773,4.47617967016635,0.999997159160078
"3311",25.2592058,1.49862790792483,1.49728673020889,2.23422240688438,4.47608995934401,0.999997140103399
"3312",25.26683698,1.49862267220316,1.49727642004977,2.23416324054403,4.47599991858109,0.999997120900747
"3313",25.27446816,1.49861741653961,1.49726607112534,2.23410385894479,4.4759095466879,0.999997101551018
"3314",25.28209934,1.49861214085849,1.49725568329209,2.23404426133204,4.47581884248252,0.999997082053064
"3315",25.28973052,1.49860684508385,1.49724525640523,2.23398444693743,4.47572780476539,0.99999706240577
"3316",25.2973617,1.49860152913944,1.49723479032004,2.23392441499874,4.47563643234342,0.99999704260798
"3317",25.30499288,1.49859619294874,1.49722428489082,2.23386416474502,4.47554472401184,0.999997022658552
"3318",25.31262406,1.49859083643492,1.49721373997174,2.23380369540778,4.47545267856795,0.999997002556315
"3319",25.32025524,1.49858545952088,1.49720315541628,2.23374300621407,4.47536029480253,0.9999969823001
"3320",25.32788642,1.49858006212921,1.49719253107732,2.23368209638743,4.47526757150115,0.999996961888728
"3321",25.3355176,1.49857464418223,1.4971818668074,2.23362096515202,4.47517450744893,0.999996941321004
"3322",25.34314878,1.49856920560195,1.4971711624581,2.23355961172136,4.47508110141751,0.999996920595748
"3323",25.35077996,1.4985637463101,1.4971604178809,2.23349803531486,4.47498735218417,0.999996899711745
"3324",25.35841114,1.4985582662281,1.49714963292675,2.2334362351487,4.4748932585214,0.999996878667768
"3325",25.36604232,1.49855276527709,1.49713880744568,2.23337421043036,4.47479881919022,0.999996857462608
"3326",25.3736735,1.49854724337791,1.49712794128763,2.23331196037237,4.4747040329565,0.999996836095014
"3327",25.38130468,1.4985417004511,1.49711703430146,2.23324948417569,4.47460889857128,0.999996814563762
"3328",25.38893586,1.49853613641688,1.49710608633621,2.23318678105012,4.47451341479505,0.999996792867574
"3329",25.39656704,1.49853055119522,1.49709509723955,2.23312385018989,4.47441758036858,0.999996771005211
"3330",25.40419822,1.49852494470573,1.49708406685934,2.23306069079875,4.47432139404284,0.999996748975378
"3331",25.4118294,1.49851931686776,1.49707299504232,2.23299730206767,4.47422485455266,0.999996726776809
"3332",25.41946058,1.49851366760033,1.49706188163504,2.23293368319161,4.47412796063627,0.999996704408205
"3333",25.42709176,1.49850799682219,1.49705072648345,2.23286983336208,4.47403071102671,0.999996681868256
"3334",25.43472294,1.49850230445174,1.49703952943255,2.23280575176142,4.47393310444504,0.999996659155669
"3335",25.44235412,1.49849659040711,1.49702829032733,2.23274143757815,4.47383513961851,0.999996636269108
"3336",25.4499853,1.4984908546061,1.49701700901206,2.23267688999542,4.47373681526684,0.999996613207235
"3337",25.45761648,1.4984850969662,1.49700568533028,2.23261210819104,4.47363813010223,0.999996589968714
"3338",25.46524766,1.49847931740462,1.49699431912492,2.23254709133944,4.47353908283174,0.999996566552199
"3339",25.47287884,1.49847351583821,1.49698291023866,2.23248183861754,4.47343967216417,0.999996542956315
"3340",25.48051002,1.49846769218355,1.49697145851344,2.23241634919599,4.47333989679983,0.99999651917969
"3341",25.4881412,1.49846184635689,1.4969599637905,2.23235062224149,4.47323975543314,0.999996495220946
"3342",25.49577238,1.49845597827415,1.49694842591059,2.23228465691976,4.47313924675595,0.999996471078687
"3343",25.50340356,1.49845008785097,1.49693684471419,2.23221845239703,4.47303836945991,0.999996446751496
"3344",25.51103474,1.49844417500263,1.49692522004072,2.23215200783033,4.47293712222429,0.999996422237966
"3345",25.51866592,1.49843823964413,1.49691355172922,2.23208532237669,4.47283550372727,0.999996397536673
"3346",25.5262971,1.49843228169013,1.49690183961817,2.23201839519067,4.47273351264293,0.999996372646177
"3347",25.53392828,1.49842630105497,1.49689008354571,2.23195122542783,4.47263114764532,0.999996347565015
"3348",25.54155946,1.49842029765267,1.49687828334881,2.23188381223195,4.47252840739324,0.999996322291746
"3349",25.54919064,1.49841427139693,1.49686643886438,2.23181615475203,4.47242529055057,0.999996296824888
"3350",25.55682182,1.49840822220112,1.49685454992863,2.23174825213197,4.47232179577402,0.999996271162955
"3351",25.564453,1.49840214997829,1.49684261637686,2.23168010350919,4.47221792171111,0.999996245304467
"3352",25.57208418,1.49839605464117,1.49683063804442,2.2316117080275,4.47211366701597,0.999996219247892
"3353",25.57971536,1.49838993610213,1.49681861476517,2.23154306481375,4.47200903032128,0.999996192991745
"3354",25.58734654,1.49838379427326,1.49680654637325,2.23147417300569,4.4719040102715,0.999996166534476
"3355",25.59497772,1.49837762906628,1.49679443270165,2.23140503172996,4.4717986054966,0.999996139874552
"3356",25.6026089,1.4983714403926,1.496782273583,2.23133564011408,4.47169281462637,0.999996113010418
"3357",25.61024008,1.49836522816328,1.49677006884934,2.2312659972822,4.47158663628544,0.999996085940505
"3358",25.61787126,1.49835899228906,1.4967578183318,2.23119610235196,4.47148006908934,0.999996058663249
"3359",25.62550244,1.49835273268033,1.49674552186139,2.2311259544445,4.47137311165663,0.999996031177049
"3360",25.63313362,1.49834644924717,1.496733179268,2.23105555267099,4.47126576259268,0.999996003480317
"3361",25.6407648,1.49834014189931,1.49672079038131,2.23098489614519,4.47115802050483,0.999995975571433
"3362",25.64839598,1.49833381054611,1.49670835503018,2.23091398397599,4.47104988399314,0.999995947448773
"3363",25.65602716,1.49832745509664,1.49669587304314,2.23084281527187,4.47094135165624,0.99999591911069
"3364",25.66365834,1.4983210754596,1.49668334424746,2.23077138913046,4.47083242207823,0.999995890555554
"3365",25.67128952,1.49831467154334,1.49667076847054,2.23069970465652,4.47072309385073,0.999995861781685
"3366",25.6789207,1.4983082432559,1.49665814553877,2.23062776094651,4.47061336555405,0.99999583278741
"3367",25.68655188,1.49830179050493,1.49664547527786,2.23055555709337,4.47050323576307,0.999995803571046
"3368",25.69418306,1.49829531319778,1.49663275751299,2.2304830921874,4.47039270304834,0.999995774130896
"3369",25.70181424,1.49828881124141,1.49661999206879,2.23041036531857,4.47028176597854,0.999995744465239
"3370",25.70944542,1.49828228454245,1.49660717876931,2.23033737557354,4.47017042311736,0.999995714572342
"3371",25.7170766,1.4982757330072,1.49659431743768,2.23026412203216,4.47005867301892,0.999995684450475
"3372",25.72470778,1.49826915654156,1.49658140789671,2.23019060377574,4.46994651423783,0.999995654097875
"3373",25.73233896,1.49826255505113,1.49656844996816,2.2301168198769,4.46983394531701,0.99999562351279
"3374",25.73997014,1.49825592844111,1.49655544347386,2.23004276941469,4.46972096480594,0.999995592693416
"3375",25.74760132,1.49824927661637,1.49654238823425,2.22996845145515,4.46960757123702,0.999995561637976
"3376",25.7552325,1.49824259948143,1.49652928406947,2.22989386506601,4.46949376314349,0.999995530344659
"3377",25.76286368,1.49823589694042,1.49651613079905,2.2298190093122,4.46937953905395,0.99999549881164
"3378",25.77049486,1.49822916889715,1.49650292824187,2.22974388325622,4.46926489749271,0.999995467037078
"3379",25.77812604,1.49822241525504,1.49648967621591,2.22966848595282,4.46914983697361,0.999995435019136
"3380",25.78575722,1.49821563591715,1.49647637453898,2.22959281646154,4.46903435601486,0.999995402755931
"3381",25.7933884,1.4982088307862,1.49646302302757,2.22951687382897,4.4689184531178,0.999995370245606
"3382",25.80101958,1.49820199976451,1.4964496214982,2.22944065710835,4.46880212679044,0.999995337486251
"3383",25.80865076,1.49819514275407,1.49643616976635,2.2293641653446,4.46868537552959,0.999995304475962
"3384",25.81628194,1.49818825965647,1.49642266764676,2.22928739757821,4.46856819782527,0.999995271212825
"3385",25.82391312,1.49818135037296,1.49640911495389,2.2292103528517,4.46845059216879,0.99999523769489
"3386",25.8315443,1.4981744148044,1.49639551150111,2.22913303019928,4.46833255703996,0.999995203920216
"3387",25.83917548,1.49816745285129,1.49638185710134,2.22905542865424,4.4682140909163,0.999995169886836
"3388",25.84680666,1.49816046441374,1.49636815156691,2.22897754724862,4.46809519227238,0.99999513559276
"3389",25.85443784,1.4981534493915,1.4963543947093,2.22889938500827,4.46797585957411,0.999995101035997
"3390",25.86206902,1.49814640768395,1.49634058633934,2.22882094095619,4.46785609128254,0.999995066214537
"3391",25.8697002,1.49813933919008,1.49632672626734,2.22874221411461,4.46773588585654,0.999995031126346
"3392",25.87733138,1.4981322438085,1.49631281430271,2.2286632034997,4.4676152417462,0.999994995769387
"3393",25.88496256,1.49812512143746,1.49629885025434,2.22858390812633,4.46749415739878,0.999994960141598
"3394",25.89259374,1.49811797197481,1.49628483393054,2.22850432700749,4.46737263125802,0.999994924240898
"3395",25.90022492,1.49811079531801,1.49627076513853,2.22842445914818,4.46725066175642,0.999994888065209
"3396",25.9078561,1.49810359136416,1.4962566436852,2.22834430355393,4.46712824732602,0.999994851612419
"3397",25.91548728,1.49809636000997,1.49624246937669,2.22826385922733,4.46700538639379,0.999994814880402
"3398",25.92311846,1.49808910115174,1.49622824201827,2.22818312516453,4.46688207737762,0.999994777867028
"3399",25.93074964,1.4980818146854,1.49621396141481,2.22810210036301,4.46675831869561,0.999994740570131
"3400",25.93838082,1.4980745005065,1.49619962737022,2.22802078381296,4.46663410875573,0.999994702987546
"3401",25.946012,1.49806715851018,1.49618523968789,2.22793917450449,4.46650944596439,0.999994665117079
"3402",25.95364318,1.49805978859119,1.49617079817041,2.22785727142194,4.46638432871983,0.999994626956527
"3403",25.96127436,1.4980523906439,1.49615630261959,2.22777507354638,4.4662587554147,0.999994588503673
"3404",25.96890554,1.49804496456227,1.49614175283665,2.2276925798564,4.46613272443751,0.999994549756277
"3405",25.97653672,1.49803751023986,1.49612714862215,2.2276097893289,4.46600623417313,0.999994510712077
"3406",25.9841679,1.49803002756986,1.49611248977585,2.22752670093573,4.46587928299902,0.999994471368801
"3407",25.99179908,1.49802251644502,1.49609777609678,2.22744331364506,4.4657518692868,0.99999443172416
"3408",25.99943026,1.49801497675772,1.49608300738324,2.22735962642154,4.46562399140242,0.999994391775849
"3409",26.00706144,1.49800740839993,1.49606818343295,2.22727563822889,4.46549564770925,0.999994351521535
"3410",26.01469262,1.49799981126319,1.49605330404286,2.22719134802594,4.46536683656348,0.999994310958873
"3411",26.0223238,1.49799218523868,1.49603836900904,2.22710675476747,4.46523755631471,0.999994270085506
"3412",26.02995498,1.49798453021715,1.49602337812691,2.2270218574041,4.46510780530636,0.999994228899058
"3413",26.03758616,1.49797684608892,1.49600833119134,2.2269366548872,4.46497758188109,0.99999418739712
"3414",26.04521734,1.49796913274393,1.49599322799628,2.22685114616105,4.46484688437177,0.99999414557728
"3415",26.05284852,1.4979613900717,1.4959780683349,2.22676533016654,4.46471571110555,0.999994103437107
"3416",26.0604797,1.49795361796134,1.49596285199984,2.22667920584334,4.46458406040682,0.999994060974143
"3417",26.06811088,1.49794581630153,1.49594757878275,2.2265927721249,4.46445193059088,0.999994018185921
"3418",26.07574206,1.49793798498056,1.49593224847492,2.22650602794647,4.4643193199737,0.999993975069936
"3419",26.08337324,1.49793012388627,1.49591686086644,2.22641897223308,4.46418622685759,0.999993931623691
"3420",26.09100442,1.49792223290611,1.49590141574697,2.22633160391089,4.46405264954467,0.999993887844649
"3421",26.0986356,1.49791431192709,1.49588591290532,2.22624392190155,4.46391858633011,0.999993843730262
"3422",26.10626678,1.49790636083581,1.49587035212947,2.22615592512195,4.46378403550191,0.999993799277963
"3423",26.11389796,1.49789837951844,1.49585473320682,2.22606761248722,4.46364899534447,0.999993754485163
"3424",26.12152914,1.49789036786072,1.49583905592388,2.22597898290815,4.4635134641354,0.999993709349254
"3425",26.12916032,1.49788232574798,1.49582332006638,2.22589003529164,4.46337744014605,0.99999366386761
"3426",26.1367915,1.4978742530651,1.49580752541948,2.2258007685432,4.46324092164476,0.999993618037577
"3427",26.14442268,1.49786614969654,1.49579167176757,2.22571118156489,4.46310390689412,0.999993571856479
"3428",26.15205386,1.49785801552633,1.49577575889387,2.22562127325014,4.46296639414469,0.999993525321642
"3429",26.15968504,1.49784985043807,1.4957597865812,2.22553104249324,4.46282838164667,0.999993478430354
"3430",26.16731622,1.49784165431492,1.49574375461163,2.22544048818579,4.46268986764548,0.999993431179877
"3431",26.1749474,1.4978334270396,1.49572766276615,2.22534960921134,4.46255085037522,0.999993383567471
"3432",26.18257858,1.4978251684944,1.49571151082537,2.22525840445552,4.46241132807102,0.999993335590353
"3433",26.19020976,1.49781687856117,1.49569529856878,2.2251668727958,4.46227129895655,0.999993287245737
"3434",26.19784094,1.49780855712131,1.49567902577546,2.22507501311063,4.46213076125525,0.999993238530795
"3435",26.20547212,1.49780020405578,1.49566269222323,2.22498282426903,4.46198971317749,0.999993189442705
"3436",26.2131033,1.4977918192451,1.49564629768956,2.22489030514208,4.46184815293456,0.999993139978597
"3437",26.22073448,1.49778340256935,1.49562984195072,2.22479745459092,4.46170607872445,0.999993090135608
"3438",26.22836566,1.49777495390815,1.49561332478273,2.22470427148244,4.46156348875009,0.999993039910811
"3439",26.23599684,1.49776647314068,1.49559674596034,2.22461075467134,4.46142038119849,0.999992989301295
"3440",26.24362802,1.49775796014566,1.49558010525748,2.22451690300944,4.46127675425142,0.999992938304122
"3441",26.2512592,1.49774941480136,1.49556340244773,2.22442271535075,4.46113260609177,0.999992886916308
"3442",26.25889038,1.4977408369856,1.49554663730355,2.22432819054152,4.46098793489146,0.999992835134862
"3443",26.26652156,1.49773222657575,1.49552980959657,2.22423332742416,4.46084273881611,0.999992782956774
"3444",26.27415274,1.49772358344871,1.49551291909779,2.22413812483891,4.46069701602729,0.999992730379
"3445",26.28178392,1.49771490748093,1.4954959655772,2.22404258162056,4.46055076467824,0.999992677398484
"3446",26.2894151,1.49770619854839,1.49547894880408,2.22394669660131,4.46040398291747,0.99999262401214
"3447",26.29704628,1.49769745652661,1.49546186854698,2.22385046861064,4.46025666888865,0.999992570216855
"3448",26.30467746,1.49768868129066,1.49544472457345,2.2237538964722,4.46010882072676,0.999992516009502
"3449",26.31230864,1.49767987271512,1.49542751665028,2.22365697900652,4.45996043656134,0.999992461386924
"3450",26.31993982,1.49767103067413,1.4954102445436,2.22355971503264,4.45981151451857,0.999992406345935
"3451",26.327571,1.49766215504133,1.4953929080185,2.22346210336294,4.45966205271497,0.999992350883333
"3452",26.33520218,1.49765324568992,1.49537550683925,2.22336414280633,4.45951204926108,0.999992294995893
"3453",26.34283336,1.4976443024926,1.49535804076954,2.22326583217109,4.45936150226522,0.999992238680351
"3454",26.35046454,1.49763532532162,1.49534050957187,2.223167170257,4.45921040982365,0.999992181933437
"3455",26.35809572,1.49762631404873,1.49532291300814,2.2230681558639,4.45905877003106,0.999992124751842
"3456",26.3657269,1.49761726854523,1.49530525083939,2.22296878778667,4.45890658097451,0.999992067132235
"3457",26.37335808,1.49760818868191,1.49528752282581,2.22286906481683,4.45875384073539,0.999992009071257
"3458",26.38098926,1.4975990743291,1.49526972872642,2.22276898573701,4.4586005473826,0.999991950565547
"3459",26.38862044,1.49758992535665,1.49525186830006,2.22266854933631,4.45844669899114,0.999991891611672
"3460",26.39625162,1.4975807416339,1.49523394130414,2.22256775439103,4.45829229361894,0.999991832206213
"3461",26.4038828,1.49757152302972,1.49521594749546,2.22246659967756,4.4581373293223,0.999991772345707
"3462",26.41151398,1.49756226941251,1.49519788662977,2.22236508396538,4.45798180414751,0.999991712026679
"3463",26.41914516,1.49755298065015,1.4951797584624,2.22226320602654,4.45782571614223,0.999991651245596
"3464",26.42677634,1.49754365661003,1.49516156274737,2.22216096462272,4.45766906333989,0.999991589998929
"3465",26.43440752,1.49753429715907,1.49514329923785,2.22205835851209,4.45751184376792,0.999991528283122
"3466",26.4420387,1.49752490216368,1.49512496768643,2.22195538645316,4.45735405545252,0.999991466094569
"3467",26.44966988,1.49751547148977,1.49510656784481,2.22185204719971,4.45719569641239,0.999991403429642
"3468",26.45730106,1.49750600500275,1.49508809946338,2.22174833949618,4.4570367646532,0.999991340284711
"3469",26.46493224,1.49749650256753,1.49506956229208,2.22164426208852,4.45687725818075,0.99999127665609
"3470",26.47256342,1.49748696404854,1.49505095608002,2.22153981371949,4.45671717499528,0.999991212540066
"3471",26.4801946,1.49747738930967,1.49503228057494,2.22143499312131,4.45655651308241,0.999991147932923
"3472",26.48782578,1.49746777821433,1.49501353552425,2.22132979903021,4.45639527043093,0.999991082830883
"3473",26.49545696,1.49745813062541,1.4949947206742,2.2212242301739,4.45623344501763,0.99999101723016
"3474",26.50308814,1.49744844640529,1.49497583577021,2.22111828527793,4.45607103481478,0.999990951126929
"3475",26.51071932,1.49743872541585,1.49495688055664,2.22101196306054,4.45590803778417,0.999990884517353
"3476",26.5183505,1.49742896751843,1.49493785477712,2.22090526223942,4.45574445188504,0.999990817397547
"3477",26.52598168,1.49741917257389,1.4949187581744,2.22079818152749,4.45558027506919,0.999990749763602
"3478",26.53361286,1.49740934044254,1.49489959049032,2.22069071963418,4.45541550528231,0.999990681611575
"3479",26.54124404,1.4973994709842,1.49488035146576,2.22058287526407,4.45525014046247,0.9999906129375
"3480",26.54887522,1.49738956405814,1.49486104084045,2.22047464711415,4.45508417853675,0.999990543737392
"3481",26.5565064,1.49737961952314,1.49484165835385,2.220366033886,4.45491761743609,0.999990474007199
"3482",26.56413758,1.49736963723742,1.49482220374378,2.22025703426789,4.45475045507331,0.999990403742879
"3483",26.57176876,1.49735961705869,1.49480267674774,2.22014764695179,4.45458268936398,0.999990332940325
"3484",26.57939994,1.49734955884415,1.49478307710199,2.220037870621,4.45441431821149,0.999990261595418
"3485",26.58703112,1.49733946245044,1.49476340454179,2.21992770395413,4.45424533951149,0.999990189704011
"3486",26.5946623,1.49732932773367,1.49474365880152,2.2198171456258,4.45407575115314,0.999990117261925
"3487",26.60229348,1.49731915454944,1.49472383961503,2.21970619431269,4.45390555102617,0.999990044264918
"3488",26.60992466,1.49730894275279,1.49470394671473,2.21959484868002,4.4537347370046,0.999989970708753
"3489",26.61755584,1.49729869219823,1.4946839798323,2.21948310739139,4.45356330695873,0.999989896589147
"3490",26.62518702,1.49728840273974,1.4946639386985,2.21937096910701,4.45339125875272,0.999989821901781
"3491",26.6328182,1.49727807423074,1.49464382304312,2.21925843248217,4.45321859024313,0.999989746642306
"3492",26.64044938,1.49726770652411,1.49462363259499,2.21914549616811,4.45304529927955,0.999989670806339
"3493",26.64808056,1.49725729947219,1.49460336708193,2.21903215881103,4.45287138370367,0.999989594389468
"3494",26.65571174,1.49724685292678,1.49458302623096,2.21891841905452,4.45269684135223,0.999989517387241
"3495",26.66334292,1.49723636673912,1.49456260976812,2.21880427553837,4.45252167005526,0.999989439795167
"3496",26.6709741,1.49722584075988,1.49454211741825,2.2186897268941,4.45234586763114,0.999989361608743
"3497",26.67860528,1.49721527483922,1.49452154890555,2.21857477175379,4.45216943189682,0.999989282823406
"3498",26.68623646,1.4972046688267,1.49450090395306,2.21845940874256,4.45199236065906,0.999989203434573
"3499",26.69386764,1.49719402257135,1.49448018228305,2.21834363648413,4.4518146517209,0.999989123437611
"3500",26.70149882,1.49718333592163,1.49445938361658,2.21822745359453,4.45163630287418,0.999989042827869
"3501",26.70913,1.49717260872544,1.49443850767387,2.2181108586868,4.45145731190529,0.999988961600654
"3502",26.71676118,1.49716184083012,1.49441755417424,2.21799385037183,4.45127767659594,0.999988879751226
"3503",26.72439236,1.49715103208243,1.49439652283567,2.21787642725037,4.45109739471371,0.999988797274838
"3504",26.73202354,1.49714018232858,1.49437541337561,2.21775858792557,4.45091646402708,0.999988714166673
"3505",26.73965472,1.4971292914142,1.49435422551021,2.2176403309916,4.45073488229182,0.9999886304219
"3506",26.7472859,1.49711835918435,1.49433295895494,2.21752165504281,4.45055264726185,0.999988546035631
"3507",26.75491708,1.49710738548351,1.4943116134241,2.21740255866656,4.45036975668069,0.999988461002951
"3508",26.76254826,1.49709637015561,1.49429018863071,2.2172830404424,4.45018620828041,0.999988375318926
"3509",26.77017944,1.49708531304396,1.49426868428729,2.21716309895162,4.45000199979328,0.999988288978553
"3510",26.77781062,1.49707421399132,1.49424710010513,2.21704273276868,4.44981712894127,0.999988201976804
"3511",26.7854418,1.49706307283986,1.49422543579442,2.21692194046191,4.44963159343692,0.999988114308619
"3512",26.79307298,1.49705188943117,1.4942036910645,2.21680072059818,4.44944539098897,0.999988025968888
"3513",26.80070416,1.49704066360624,1.49418186562358,2.21667907173707,4.44925851929543,0.999987936952473
"3514",26.80833534,1.49702939520549,1.49415995917909,2.21655699243813,4.44907097605218,0.999987847254178
"3515",26.81596652,1.49701808406873,1.49413797143703,2.21643448124995,4.44888275893991,0.999987756868797
"3516",26.8235977,1.4970067300352,1.49411590210274,2.21631153672239,4.44869386563868,0.999987665791056
"3517",26.83122888,1.49699533294351,1.4940937508805,2.21618815739957,4.44850429381974,0.999987574015648
"3518",26.83886006,1.49698389263172,1.49407151747329,2.21606434181835,4.4483140411433,0.999987481537241
"3519",26.84649124,1.49697240893725,1.49404920158339,2.21594008851493,4.4481231052669,0.999987388350438
"3520",26.85412242,1.49696088169693,1.49402680291185,2.21581539601852,4.44793148383752,0.999987294449819
"3521",26.8617536,1.49694931074701,1.49400432115877,2.21569026285521,4.44773917449628,0.999987199829912
"3522",26.86938478,1.4969376959231,1.49398175602315,2.21556468754591,4.44754617487593,0.999987104485208
"3523",26.87701596,1.49692603706023,1.49395910720288,2.21543866860555,4.44735248259998,0.999987008410162
"3524",26.88464714,1.4969143339928,1.4939363743951,2.21531220454878,4.44715809528954,0.999986911599166
"3525",26.89227832,1.4969025865546,1.4939135572955,2.21518529388076,4.44696301055207,0.999986814046593
"3526",26.8999095,1.49689079457883,1.49389065559898,2.21505793510527,4.44676722599122,0.999986715746759
"3527",26.90754068,1.49687895789803,1.49386766899926,2.21493012671981,4.44657073920111,0.999986616693944
"3528",26.91517186,1.49686707634417,1.4938445971892,2.21480186722012,4.44637354777147,0.999986516882369
"3529",26.92280304,1.49685514974857,1.49382143986022,2.21467315509255,4.44617564927862,0.999986416306235
"3530",26.93043422,1.49684317794192,1.49379819670311,2.21454398882411,4.44597704129757,0.999986314959675
"3531",26.9380654,1.49683116075431,1.49377486740722,2.21441436689309,4.44577772139055,0.999986212836794
"3532",26.94569658,1.49681909801519,1.49375145166107,2.21428428777596,4.4455776871155,0.99998610993164
"3533",26.95332776,1.49680698955337,1.493727949152,2.21415374994281,4.44537693602064,0.999986006238224
"3534",26.96095894,1.49679483519705,1.49370435956622,2.2140227518593,4.44517546564643,0.999985901750509
"3535",26.96859012,1.49678263477378,1.49368068258911,2.21389129198926,4.44497327352912,0.999985796462398
"3536",26.9762213,1.49677038811047,1.49365691790442,2.21375936878476,4.4447703571885,0.999985690367785
"3537",26.98385248,1.49675809503341,1.49363306519536,2.21362698070077,4.44456671414567,0.999985583460476
"3538",26.99148366,1.49674575536823,1.49360912414395,2.21349412618552,4.44436234191159,0.999985475734241
"3539",26.99911484,1.49673336893993,1.49358509443095,2.21336080368145,4.44415723798776,0.999985367182808
"3540",27.00674602,1.49672093557286,1.49356097573596,2.21322701162487,4.44395139986623,0.999985257799865
"3541",27.0143772,1.49670845509071,1.49353676773765,2.21309274844978,4.44374482503402,0.999985147579038
"3542",27.02200838,1.49669592731655,1.49351247011347,2.21295801258428,4.44353751096871,0.999985036513911
"3543",27.02963956,1.49668335207276,1.49348808253992,2.21282280245349,4.44332945514227,0.999984924598009
"3544",27.03727074,1.49667072918109,1.4934636046922,2.21268711647541,4.44312065501564,0.99998481182482
"3545",27.04490192,1.49665805846263,1.49343903624442,2.21255095306416,4.44291110804283,0.999984698187778
"3546",27.0525331,1.4966453397378,1.49341437686968,2.21241431062936,4.4427008116704,0.999984583680265
"3547",27.06016428,1.49663257282638,1.49338962623979,2.21227718757551,4.44248976333614,0.999984468295613
"3548",27.06779546,1.49661975754746,1.49336478402559,2.21213958230277,4.44227796047057,0.999984352027102
"3549",27.07542664,1.49660689371947,1.49333984989674,2.21200149320644,4.44206540049605,0.999984234867959
"3550",27.08305782,1.49659398116019,1.49331482352157,2.21186291867477,4.44185208082402,0.999984116811373
"3551",27.090689,1.49658101968671,1.49328970456766,2.21172385709603,4.44163799886379,0.999983997850454
"3552",27.09832018,1.49656800911544,1.49326449270107,2.21158430684855,4.44142315201035,0.999983877978285
"3553",27.10595136,1.49655494926215,1.49323918758712,2.21144426631122,4.44120753765705,0.99998375718787
"3554",27.11358254,1.49654183994188,1.49321378888939,2.21130373385095,4.44099115318035,0.999983635472195
"3555",27.12121372,1.49652868096904,1.4931882962708,2.21116270783498,4.44077399595506,0.999983512824164
"3556",27.1288449,1.49651547215731,1.49316270939289,2.21102118662461,4.44055606334613,0.999983389236635
"3557",27.13647608,1.49650221331973,1.49313702791622,2.21087916857636,4.44033735271084,0.999983264702408
"3558",27.14410726,1.49648890426862,1.49311125149993,2.2107366520404,4.44011786139609,0.999983139214235
"3559",27.15173844,1.49647554481562,1.49308537980209,2.21059363536246,4.43989758674122,0.999983012764814
"3560",27.15936962,1.49646213477168,1.49305941247981,2.21045011688606,4.43967652608063,0.999982885346767
"3561",27.1670008,1.49644867394704,1.49303334918862,2.21030609494461,4.43945467673401,0.999982756952691
"3562",27.17463198,1.49643516215127,1.49300718958333,2.2101615678727,4.43923203602022,0.999982627575092
"3563",27.18226316,1.49642159919321,1.49298093331711,2.21001653399384,4.43900860124227,0.999982497206451
"3564",27.18989434,1.49640798488102,1.49295458004226,2.20987099163093,4.4387843697001,0.999982365839168
"3565",27.19752552,1.49639431902215,1.4929281294098,2.20972493910015,4.4385593386832,0.999982233465593
"3566",27.2051567,1.49638060142332,1.49290158106956,2.20957837471327,4.43833350547326,0.999982100078018
"3567",27.21278788,1.49636683189058,1.49287493466997,2.20943129677458,4.43810686734046,0.999981965668683
"3568",27.22041906,1.49635301022923,1.49284818985856,2.20928370358657,4.43787942155055,0.999981830229758
"3569",27.22805024,1.49633913624388,1.49282134628162,2.20913559344678,4.43765116536084,0.999981693753346
"3570",27.23568142,1.49632520973841,1.49279440358404,2.20898696464532,4.43742209601716,0.999981556231506
"3571",27.2433126,1.49631123051598,1.49276736140954,2.20883781546689,4.43719221075649,0.999981417656238
"3572",27.25094378,1.49629719837903,1.49274021940078,2.2086881441945,4.43696150681119,0.99998127801946
"3573",27.25857496,1.49628311312929,1.49271297719897,2.20853794910192,4.43672998140014,0.999981137313053
"3574",27.26620614,1.49626897456772,1.49268563444439,2.20838722846228,4.43649763173893,0.999980995528811
"3575",27.27383732,1.4962547824946,1.49265819077584,2.20823598054035,4.43626445503054,0.99998085265848
"3576",27.2814685,1.49624053670945,1.49263064583094,2.20808420359625,4.43603044846993,0.999980708693744
"3577",27.28909968,1.49622623701105,1.49260299924602,2.20793189588434,4.43579560924257,0.999980563626225
"3578",27.29673086,1.49621188319746,1.49257525065643,2.20777905565681,4.43555993452892,0.999980417447463
"3579",27.30436204,1.49619747506598,1.492547399696,2.20762568115778,4.43532342149707,0.999980270148951
"3580",27.31199322,1.49618301241319,1.49251944599736,2.20747177062615,4.43508606730641,0.999980121722116
"3581",27.3196244,1.4961684950349,1.49249138919218,2.2073173223002,4.43484786911301,0.999979972158295
"3582",27.32725558,1.4961539227262,1.49246322891016,2.2071623344031,4.43460882405205,0.999979821448813
"3583",27.33488676,1.49613929528139,1.49243496478055,2.20700680516353,4.43436892926305,0.999979669584868
"3584",27.34251794,1.49612461249405,1.49240659643083,2.20685073279826,4.43412818186851,0.999979516557629
"3585",27.35014912,1.49610987415699,1.49237812348746,2.20669411552234,4.4338865789863,0.999979362358177
"3586",27.3577803,1.49609508006227,1.49234954557561,2.20653695154462,4.43364411772436,0.99997920697753
"3587",27.36541148,1.49608023000117,1.49232086231896,2.20637923906678,4.43340079517917,0.999979050406648
"3588",27.37304266,1.49606532376423,1.49229207334008,2.20622097628704,4.43315660844069,0.99997889263641
"3589",27.38067384,1.4960503611412,1.49226317826026,2.2060621613983,4.43291155458972,0.999978733657629
"3590",27.38830502,1.49603534192107,1.49223417669948,2.20590279258742,4.4326656306974,0.999978573461048
"3591",27.3959362,1.49602026589206,1.49220506827645,2.20574286803737,4.4324188338273,0.999978412037332
"3592",27.40356738,1.49600513284163,1.49217585260838,2.20558238592222,4.43217116102976,0.999978249377095
"3593",27.41119856,1.49598994255642,1.49214652931153,2.20542134441525,4.4319226093517,0.999978085470854
"3594",27.41882974,1.49597469482233,1.49211709800066,2.20525974168236,4.43167317582826,0.999977920309063
"3595",27.42646092,1.49595938942447,1.49208755828928,2.20509757588425,4.43142285748592,0.999977753882104
"3596",27.4340921,1.49594402614714,1.49205790978941,2.20493484517435,4.43117165133948,0.999977586180294
"3597",27.44172328,1.49592860477388,1.49202815211199,2.2047715477038,4.43091955439851,0.999977417193859
"3598",27.44935446,1.49591312508742,1.49199828486649,2.20460768161585,4.43066656366039,0.999977246912965
"3599",27.45698564,1.49589758686971,1.49196830766111,2.20444324504931,4.43041267611446,0.999977075327696
"3600",27.46461682,1.49588198990189,1.49193822010289,2.20427823613985,4.43015788874363,0.999976902428047
"3601",27.472248,1.49586633396431,1.49190802179717,2.20411265301292,4.42990219851567,0.999976728203965
"3602",27.47987918,1.49585061883651,1.49187771234818,2.20394649379131,4.42964560239256,0.999976552645301
"3603",27.48751036,1.49583484429724,1.49184729135887,2.20377975659319,4.429388097328,0.999976375741826
"3604",27.49514154,1.49581901012441,1.49181675843073,2.20361243952939,4.42912968026416,0.999976197483243
"3605",27.50277272,1.49580311609517,1.49178611316386,2.20344454070518,4.4288703481337,0.999976017859176
"3606",27.5104039,1.4957871619858,1.49175535515728,2.20327605822407,4.42861009786449,0.999975836859147
"3607",27.51803508,1.4957711475718,1.49172448400817,2.20310699017682,4.42834892636627,0.99997565447264
"3608",27.52566626,1.49575507262785,1.49169349931276,2.20293733465478,4.42808683054673,0.999975470689025
"3609",27.53329744,1.49573893692779,1.49166240066597,2.20276708974415,4.42782380730472,0.999975285497585
"3610",27.54092862,1.49572274024465,1.49163118766093,2.20259625352053,4.4275598535233,0.999975098887552
"3611",27.5485598,1.49570648235061,1.49159985988966,2.20242482405626,4.42729496607911,0.999974910848062
"3612",27.55619098,1.49569016301706,1.4915684169429,2.2022527994208,4.42702914184235,0.999974721368152
"3613",27.56382216,1.49567378201452,1.49153685840973,2.20208017767331,4.42676237766807,0.999974530436801
"3614",27.57145334,1.49565733911269,1.49150518387827,2.20190695687335,4.4264946704091,0.999974338042871
"3615",27.57908452,1.49564083408042,1.49147339293468,2.20173313506754,4.42622601689963,0.999974144175179
"3616",27.5867157,1.49562426668574,1.4914414851642,2.20155871030248,4.42595641397128,0.999973948822425
"3617",27.59434688,1.4956076366958,1.49140946015037,2.20138368061572,4.42568585844175,0.999973751973241
"3618",27.60197806,1.49559094387693,1.49137731747562,2.20120804404259,4.42541434712336,0.999973553616154
"3619",27.60960924,1.49557418799461,1.49134505672076,2.20103179861042,4.42514187681587,0.999973353739615
"3620",27.61724042,1.49555736881345,1.49131267746517,2.20085494233995,4.42486844430827,0.999973152331991
"3621",27.6248716,1.49554048609721,1.49128017928688,2.20067747324785,4.42459404638176,0.999972949381552
"3622",27.63250278,1.49552353960879,1.49124756176254,2.200499389345,4.42431867980772,0.999972744876479
"3623",27.64013396,1.49550652911022,1.49121482446751,2.20032068863812,4.42404234134979,0.99997253880485
"3624",27.64776514,1.49548945436269,1.49118196697529,2.20014136912329,4.42376502775558,0.999972331154685
"3625",27.65539632,1.49547231512649,1.49114898885836,2.19996142879577,4.42348673576907,0.999972121913879
"3626",27.6630275,1.49545511116106,1.49111588968757,2.19978086564272,4.42320746212147,0.999971911070252
"3627",27.67065868,1.49543784222496,1.49108266903235,2.19959967764532,4.42292720353396,0.999971698611527
"3628",27.67828986,1.49542050807586,1.49104932646074,2.19941786278049,4.42264595671953,0.99997148452533
"3629",27.68592104,1.49540310847056,1.49101586153925,2.1992354190173,4.42236371837894,0.999971268799199
"3630",27.69355222,1.49538564316497,1.49098227383323,2.19905234432337,4.42208048520826,0.999971051420552
"3631",27.7011834,1.49536811191414,1.49094856290597,2.19886863665305,4.42179625388442,0.999970832376757
"3632",27.70881458,1.49535051447219,1.49091472831981,2.19868429396091,4.42151102108184,0.999970611655046
"3633",27.71644576,1.49533285059238,1.49088076963555,2.19849931419506,4.42122478346415,0.99997038924256
"3634",27.72407694,1.49531512002705,1.4908466864123,2.19831369529418,4.4209375376807,0.999970165126361
"3635",27.73170812,1.49529732252765,1.49081247820792,2.19812743519526,4.42064928037569,0.999969939293386
"3636",27.7393393,1.49527945784473,1.4907781445786,2.19794053182619,4.42036000817939,0.999969711730493
"3637",27.74697048,1.49526152572795,1.49074368507934,2.19775298311227,4.42006971771621,0.999969482424417
"3638",27.75460166,1.49524352592603,1.49070909926323,2.19756478696841,4.41977840559461,0.999969251361821
"3639",27.76223284,1.49522545818679,1.49067438668228,2.19737594130806,4.41948606841864,0.999969018529237
"3640",27.76986402,1.49520732225716,1.49063954688665,2.19718644403505,4.41919270277749,0.999968783913117
"3641",27.7774952,1.49518911788312,1.49060457942524,2.19699629305006,4.41889830525357,0.999968547499792
"3642",27.78512638,1.49517084480974,1.49056948384544,2.1968054862471,4.41860287241836,0.999968309275491
"3643",27.79275756,1.49515250278118,1.4905342596929,2.19661402151227,4.41830640083054,0.999968069226353
"3644",27.80038874,1.49513409154065,1.49049890651203,2.1964218967285,4.41800888704205,0.999967827338389
"3645",27.80801992,1.49511561083045,1.49046342384553,2.19622910977056,4.4177103275919,0.999967583597518
"3646",27.8156511,1.49509706039194,1.49042781123464,2.19603565850783,4.41741071900951,0.999967337989549
"3647",27.82328228,1.49507843996553,1.49039206821909,2.19584154080449,4.41711005781488,0.999967090500174
"3648",27.83091346,1.4950597492907,1.49035619433713,2.19564675451839,4.41680834051746,0.999966841114978
"3649",27.83854464,1.49504098810601,1.49032018912532,2.1954512975,4.41650556361452,0.999966589819446
"3650",27.84617582,1.49502215614903,1.4902840521188,2.19525516759533,4.41620172359495,0.999966336598939
"3651",27.853807,1.49500325315642,1.4902477828511,2.19505836264331,4.41589681693592,0.999966081438713
"3652",27.86143818,1.49498427886387,1.49021138085423,2.19486088047731,4.41559084010478,0.999965824323909
"3653",27.86906936,1.4949652330061,1.49017484565852,2.19466271892269,4.41528378955608,0.999965565239562
"3654",27.87670054,1.49494611531691,1.49013817679305,2.19446387580299,4.4149756617391,0.99996530417057
"3655",27.88433172,1.49492692552909,1.49010137378494,2.19426434893068,4.41466645308644,0.999965041101745
"3656",27.8919629,1.49490766337451,1.49006443616013,2.19406413611622,4.41435616002542,0.999964776017753
"3657",27.89959408,1.49488832858403,1.4900273634426,2.19386323516016,4.41404477896786,0.999964508903172
"3658",27.90722526,1.49486892088758,1.48999015515513,2.19366164386098,4.41373230632018,0.999964239742431
"3659",27.91485644,1.49484944001408,1.48995281081859,2.1934593600071,4.41341873847333,0.999963968519866
"3660",27.92248762,1.49482988569148,1.48991532995242,2.19325638138244,4.41310407180967,0.999963695219683
"3661",27.9301188,1.49481025764676,1.4898777120744,2.1930527057644,4.41278830270045,0.999963419825968
"3662",27.93774998,1.49479055560591,1.48983995670086,2.19284833092508,4.4124714275075,0.999963142322679
"3663",27.94538116,1.49477077929391,1.4898020633463,2.19264325462877,4.41215344257967,0.999962862693661
"3664",27.95301234,1.49475092843479,1.48976403152395,2.19243747463665,4.41183434425913,0.999962580922616
"3665",27.96064352,1.49473100275155,1.48972586074482,2.19223098869656,4.41151412886846,0.999962296993165
"3666",27.9682747,1.4947110019662,1.48968755051917,2.19202379456036,4.41119279273215,0.999962010888738
"3667",27.97590588,1.49469092579975,1.4896491003548,2.19181588996404,4.4108703321519,0.999961722592701
"3668",27.98353706,1.4946707739722,1.48961050975833,2.19160727264213,4.41054674342458,0.999961432088259
"3669",27.99116824,1.49465054620257,1.48957177823469,2.19139794032244,4.41022202283568,0.999961139358492
"3670",27.99879942,1.49463024220881,1.48953290528727,2.19118789072712,4.40989616666066,0.999960844386346
"3671",28.0064306,1.49460986170792,1.48949389041744,2.19097712156784,4.40956917115871,0.999960547154663
"3672",28.01406178,1.49458940441583,1.48945473312544,2.19076563055627,4.40924103258605,0.999960247646113
"3673",28.02169296,1.49456887004747,1.48941543290938,2.19055341539129,4.40891174717992,0.999959945843272
"3674",28.02932414,1.49454825831674,1.4893759892661,2.1903404737708,4.40858131117317,0.999959641728551
"3675",28.03695532,1.49452756893652,1.48933640169054,2.19012680338245,4.40824972078297,0.99995933528425
"3676",28.0445865,1.49450680161864,1.489296669676,2.18991240190882,4.40791697221683,0.999959026492523
"3677",28.05221768,1.4944859560739,1.48925679271433,2.18969726702757,4.40758306167333,0.999958715335379
"3678",28.05984886,1.49446503201208,1.48921677029538,2.18948139640727,4.40724798533626,0.999958401794706
"3679",28.06748004,1.49444402914188,1.48917660190752,2.18926478771151,4.40691173938034,0.999958085852244
"3680",28.07511122,1.49442294717099,1.48913628703727,2.18904743859566,4.40657431996679,0.999957767489604
"3681",28.0827424,1.49440178580602,1.48909582516979,2.18882934671247,4.40623572325056,0.999957446688231
"3682",28.09037358,1.49438054475254,1.48905521578826,2.18861050970499,4.40589594537122,0.999957123429449
"3683",28.09800476,1.49435922371507,1.48901445837422,2.18839092521012,4.40555498245759,0.999956797694436
"3684",28.10563594,1.49433782239706,1.48897355240754,2.18817059085918,4.40521283062831,0.99995646946422
"3685",28.11326712,1.49431634050089,1.4889324973663,2.18794950427535,4.4048694859888,0.999956138719695
"3686",28.1208983,1.49429477772788,1.48889129272705,2.18772766307797,4.40452494463641,0.999955805441589
"3687",28.12852948,1.49427313377829,1.48884993796439,2.18750506487637,4.40417920265294,0.999955469610505
"3688",28.13616066,1.49425140835128,1.48880843255143,2.18728170727722,4.40383225611346,0.999955131206875
"3689",28.14379184,1.49422960114495,1.48876677595941,2.18705758787755,4.40348410107811,0.999954790210996
"3690",28.15142302,1.4942077118563,1.48872496765772,2.18683270426762,4.40313473359512,0.999954446603019
"3691",28.1590542,1.49418574018128,1.4886830071142,2.18660705403242,4.40278414970299,0.999954100362933
"3692",28.16668538,1.49416368581471,1.48864089379501,2.1863806347512,4.40243234543002,0.999953751470567
"3693",28.17431656,1.49414154845033,1.4885986271644,2.18615344399511,4.40207931679083,0.999953399905606
"3694",28.18194774,1.49411932778081,1.48855620668486,2.18592547932836,4.40172505978838,0.999953045647581
"3695",28.18957892,1.49409702349767,1.48851363181718,2.18569673830915,4.40136957041472,0.999952688675861
"3696",28.1972101,1.49407463529137,1.48847090202053,2.18546721849009,4.40101284465192,0.999952328969651
"3697",28.20484128,1.49405216285124,1.48842801675195,2.18523691741381,4.40065487846596,0.999951966508017
"3698",28.21247246,1.4940296058655,1.48838497546701,2.1850058326194,4.40029566781534,0.999951601269846
"3699",28.22010364,1.49400696402128,1.48834177761952,2.18477396163896,4.39993520864659,0.999951233233861
"3700",28.22773482,1.49398423700454,1.48829842266118,2.18454130199494,4.39957349689071,0.999950862378645
"3701",28.235366,1.49396142450018,1.4882549100423,2.18430785120705,4.39921052847205,0.999950488682589
"3702",28.24299718,1.49393852619192,1.48821123921119,2.18407360678568,4.39884629930017,0.999950112123933
"3703",28.25062836,1.49391554176238,1.48816740961425,2.18383856623385,4.39848080527184,0.99994973268076
"3704",28.25825954,1.49389247089304,1.48812342069637,2.18360272705046,4.39811404227553,0.999949350330961
"3705",28.26589072,1.49386931326425,1.4880792719005,2.18336608672672,4.39774600618664,0.999948965052268
"3706",28.2735219,1.4938460685552,1.48803496266752,2.18312864274351,4.39737669286443,0.999948576822263
"3707",28.28115308,1.49382273644395,1.48799049243692,2.18289039258026,4.39700609816291,0.999948185618321
"3708",28.28878426,1.49379931660741,1.48794586064609,2.18265133370606,4.3966342179199,0.999947791417668
"3709",28.29641544,1.49377580872134,1.48790106673066,2.18241146358404,4.39626104796229,0.999947394197349
"3710",28.30404662,1.49375221246033,1.48785611012455,2.18217077967189,4.39588658410684,0.999946993934223
"3711",28.3116778,1.49372852749783,1.48781099025953,2.18192927941687,4.39551082215391,0.999946590604995
"3712",28.31930898,1.49370475350611,1.48776570656582,2.18168696026299,4.3951337578963,0.999946184186169
"3713",28.32694016,1.49368089015628,1.48772025847178,2.18144381964659,4.39475538711393,0.999945774654072
"3714",28.33457134,1.49365693711828,1.48767464540357,2.18119985499386,4.39437570557051,0.999945361984873
"3715",28.34220252,1.49363289406088,1.48762886678591,2.18095506372809,4.39399470902282,0.999944946154529
"3716",28.3498337,1.49360876065165,1.48758292204142,2.18070944326333,4.39361239321262,0.99994452713883
"3717",28.35746488,1.49358453655699,1.48753681059095,2.18046299100854,4.39322875387164,0.999944104913368
"3718",28.36509606,1.49356022144213,1.48749053185347,2.18021570436433,4.39284378671806,0.999943679453556
"3719",28.37272724,1.49353581497109,1.48744408524594,2.17996758072358,4.39245748745672,0.999943250734624
"3720",28.38035842,1.49351131680668,1.48739747018351,2.17971861747298,4.3920698517813,0.999942818731606
"3721",28.3879896,1.49348672661056,1.48735068607967,2.17946881199462,4.39168087537627,0.99994238341933
"3722",28.39562078,1.49346204404313,1.48730373234545,2.17921816165753,4.39129055390622,0.999941944772471
"3723",28.40325196,1.49343726876364,1.48725660839059,2.17896666383067,4.39089888303216,0.999941502765463
"3724",28.41088314,1.49341240043008,1.48720931362247,2.17871431587,4.39050585839542,0.999941057372583
"3725",28.41851432,1.49338743869926,1.48716184744687,2.17846111512902,4.39011147563061,0.999940608567882
"3726",28.4261455,1.49336238322675,1.48711420926738,2.17820705895029,4.38971573035524,0.999940156325236
"3727",28.43377668,1.49333723366692,1.48706639848599,2.17795214467331,4.38931861817939,0.999939700618294
"3728",28.44140786,1.4933119896729,1.48701841450244,2.17769636962683,4.38892013469618,0.999939241420528
"3729",28.44903904,1.49328665089659,1.48697025671464,2.17743973113354,4.38852027548754,0.9999387787052
"3730",28.45667022,1.49326121698866,1.48692192451863,2.17718222650978,4.38811903612396,0.999938312445362
"3731",28.4643014,1.49323568759854,1.48687341730848,2.17692385306459,4.38771641216319,0.999937842613859
"3732",28.47193258,1.49321006237442,1.48682473447647,2.17666460810107,4.38731239915211,0.999937369183318
"3733",28.47956376,1.49318434096323,1.48677587541232,2.17640448890933,4.38690699261741,0.999936892126202
"3734",28.48719494,1.49315852301069,1.48672683950455,2.17614349278021,4.38650018808341,0.999936411414703
"3735",28.49482612,1.49313260816121,1.48667762613923,2.17588161699195,4.38609198105493,0.999935927020838
"3736",28.5024573,1.49310659605799,1.48662823470065,2.17561885881791,4.38568236702707,0.999935438916396
"3737",28.51008848,1.49308048634295,1.48657866457102,2.17535521552306,4.38527134148081,0.999934947072955
"3738",28.51771966,1.49305427865673,1.4865289151307,2.17509068436614,4.38485889988578,0.999934451461869
"3739",28.52535084,1.49302797263872,1.48647898575787,2.17482526259702,4.38444503769677,0.999933952054283
"3740",28.53298202,1.49300156792702,1.48642887582896,2.17455894746109,4.38402975035925,0.999933448821104
"3741",28.5406132,1.49297506415847,1.48637858471805,2.17429173619204,4.38361303330047,0.999932941733044
"3742",28.54824438,1.49294846096862,1.48632811179756,2.1740236260207,4.38319488194041,0.999932430760561
"3743",28.55587556,1.49292175799172,1.48627745643774,2.173754614168,4.38277529168303,0.999931915873904
"3744",28.56350674,1.49289495486074,1.48622661800697,2.17348469784996,4.38235425792239,0.999931397043075
"3745",28.57113792,1.49286805120736,1.48617559587129,2.17321387427139,4.38193177603479,0.999930874237878
"3746",28.5787691,1.49284104666195,1.48612438939489,2.17294214063174,4.38150784138609,0.999930347427869
"3747",28.58640028,1.49281394085359,1.48607299794011,2.17266949412484,4.38108244933155,0.999929816582357
"3748",28.59403146,1.49278673341004,1.48602142086699,2.17239593193495,4.38065559521051,0.999929281670434
"3749",28.60166264,1.49275942395776,1.48596965753357,2.17212145123864,4.38022727434909,0.999928742660954
"3750",28.60929382,1.49273201212188,1.48591770729596,2.17184604920684,4.37979748206253,0.999928199522522
"3751",28.616925,1.49270449752622,1.48586556950808,2.17156972300118,4.37936621365075,0.999927652223516
"3752",28.62455618,1.49267687979327,1.48581324352185,2.17129246977708,4.37893346440201,0.999927100732062
"3753",28.63218736,1.4926491585442,1.4857607286872,2.17101428668292,4.37849922959204,0.999926545016037
"3754",28.63981854,1.49262133339884,1.48570802435186,2.17073517085835,4.37806350448186,0.999925985043085
"3755",28.64744972,1.49259340397569,1.48565512986138,2.17045511943438,4.37762628431783,0.999925420780608
"3756",28.6550809,1.49256536989191,1.48560204455961,2.17017412953875,4.37718756433844,0.999924852195726
"3757",28.66271208,1.49253723076329,1.48554876778785,2.16989219828655,4.37674733976255,0.999924279255348
"3758",28.67034326,1.4925089862043,1.48549529888567,2.16960932278944,4.37630560580085,0.999923701926096
"3759",28.67797444,1.49248063582805,1.48544163719042,2.16932550015034,4.37586235764931,0.999923120174348
"3760",28.68560562,1.49245217924628,1.4853877820372,2.16904072746287,4.37541759048825,0.999922533966235
"3761",28.6932368,1.49242361606938,1.48533373275911,2.16875500181425,4.37497129948636,0.999921943267622
"3762",28.70086798,1.49239494590636,1.48527948868718,2.16846832028489,4.37452347979974,0.999921348044103
"3763",28.70849916,1.49236616836488,1.4852250491503,2.16818067994707,4.37407412657057,0.999920748261018
"3764",28.71613034,1.4923372830512,1.48517041347515,2.16789207786509,4.37362323492704,0.999920143883438
"3765",28.72376152,1.49230828957022,1.48511558098636,2.16760251109619,4.37317079998465,0.999919534876167
"3766",28.7313927,1.49227918752544,1.48506055100634,2.16731197668884,4.3727168168441,0.999918921203745
"3767",28.73902388,1.49224997651898,1.48500532285534,2.1670204716843,4.37226128059299,0.999918302830439
"3768",28.74665506,1.49222065615156,1.48494989585164,2.16672799311823,4.37180418630803,0.999917679720224
"3769",28.75428624,1.49219122602253,1.48489426931119,2.16643453801571,4.37134552904891,0.999917051836823
"3770",28.76191742,1.49216168572979,1.48483844254777,2.16614010339565,4.37088530386335,0.999916419143669
"3771",28.7695486,1.49213203486989,1.48478241487301,2.16584468626775,4.37042350578387,0.999915781603926
"3772",28.77717978,1.49210227303791,1.48472618559642,2.16554828363579,4.36996012983149,0.999915139180462
"3773",28.78481096,1.49207239982757,1.4846697540253,2.16525089249539,4.36949517101293,0.999914491835864
"3774",28.79244214,1.49204241483113,1.48461311946481,2.16495250983435,4.36902862432138,0.999913839532433
"3775",28.80007332,1.49201231763945,1.48455628121782,2.16465313263222,4.3685604847355,0.999913182232183
"3776",28.8077045,1.49198210784195,1.48449923858498,2.16435275786022,4.36809074721961,0.999912519896845
"3777",28.81533568,1.49195178502663,1.48444199086493,2.16405138248417,4.36761940672719,0.999911852487835
"3778",28.82296686,1.49192134878004,1.48438453735377,2.16374900345813,4.36714645819308,0.999911179966305
"3779",28.83059804,1.49189079868729,1.48432687734568,2.16344561773231,4.36667189654309,0.999910502293079
"3780",28.83822922,1.49186013433204,1.48426901013251,2.16314122224682,4.36619571668656,0.999909819428697
"3781",28.8458604,1.49182935529653,1.48421093500387,2.16283581393475,4.36571791351981,0.999909131333393
"3782",28.85349158,1.4917984611615,1.48415265124717,2.16252938972128,4.36523848192529,0.999908437967094
"3783",28.86112276,1.49176745150625,1.48409415814754,2.16222194652333,4.36475741677099,0.999907739289424
"3784",28.86875394,1.49173632590863,1.48403545498794,2.16191348125099,4.36427471291225,0.999907035259689
"3785",28.87638512,1.49170508394501,1.48397654104881,2.16160399080328,4.36379036518647,0.999906325836909
"3786",28.8840163,1.49167372519027,1.48391741560868,2.16129347207521,4.36330436842197,0.999905610979759
"3787",28.89164748,1.49164224921784,1.48385807794367,2.16098192195207,4.36281671743075,0.99990489064661
"3788",28.89927866,1.49161065559965,1.4837985273276,2.16066933731134,4.3623274070109,0.999904164795514
"3789",28.90690984,1.49157894390616,1.48373876303215,2.1603557150235,4.36183643194766,0.999903433384195
"3790",28.91454102,1.49154711370631,1.48367878432626,2.16004105194662,4.36134378700646,0.999902696370087
"3791",28.9221722,1.49151516456756,1.48361859047731,2.15972534493843,4.36084946694832,0.999901953710236
"3792",28.92980338,1.49148309605589,1.48355818074979,2.15940859084209,4.36035346651172,0.999901205361416
"3793",28.93743456,1.49145090773574,1.48349755440607,2.15909078649482,4.3598557804236,0.999900451280047
"3794",28.94506574,1.49141859917005,1.48343671070638,2.15877192872789,4.35935640339926,0.999899691422202
"3795",28.95269692,1.49138616992027,1.48337564890837,2.15845201436119,4.35885533013553,0.999898925743645
"3796",28.9603281,1.49135361954629,1.48331436826764,2.15813104020946,4.35835255531867,0.999898154199774
"3797",28.96795928,1.49132094760651,1.48325286803715,2.15780900307652,4.35784807361697,0.999897376745672
"3798",28.97559046,1.49128815365778,1.48319114746778,2.15748589976044,4.35734187968723,0.999896593336057
"3799",28.98322164,1.49125523725544,1.48312920580795,2.15716172704995,4.35683396817048,0.99989580392531
"3800",28.99085282,1.49122219795326,1.48306704230367,2.15683648172514,4.3563243336925,0.999895008467469
"3801",28.998484,1.49118903530349,1.4830046561989,2.15651016056022,4.35581297086784,0.999894206916199
"3802",29.00611518,1.49115574885684,1.482942046735,2.1561827603202,4.3552998742948,0.999893399224819
"3803",29.01374636,1.49112233816244,1.48287921315081,2.15585427775919,4.35478503855395,0.999892585346315
"3804",29.02137754,1.49108880276789,1.48281615468326,2.15552470962827,4.35426845821792,0.999891765233267
"3805",29.02900872,1.49105514221921,1.48275287056656,2.15519405266679,4.35375012784017,0.999890938837923
"3806",29.0366399,1.49102135606087,1.48268936003242,2.15486230360464,4.35323004195799,0.999890106112177
"3807",29.04427108,1.49098744383575,1.48262562231067,2.15452945916861,4.3527081951007,0.99988926700751
"3808",29.05190226,1.49095340508517,1.4825616566282,2.15419551607185,4.35218458177602,0.999888421475076
"3809",29.05953344,1.49091923934887,1.48249746220982,2.15386047102242,4.35165919648097,0.999887569465631
"3810",29.06716462,1.49088494616499,1.48243303827788,2.15352432071947,4.35113203369726,0.999886710929555
"3811",29.0747958,1.4908505250701,1.4823683840523,2.153187061854,4.35060308789182,0.999885845816851
"3812",29.08242698,1.49081597559915,1.48230349875046,2.15284869110733,4.35007235351519,0.999884974077148
"3813",29.09005816,1.49078129728552,1.48223838158752,2.15250920515469,4.34953982500588,0.999884095659674
"3814",29.09768934,1.49074648966097,1.48217303177605,2.15216860066097,4.34900549678518,0.999883210513279
"3815",29.10532052,1.49071155225564,1.48210744852633,2.15182687428469,4.34846936326191,0.999882318586411
"3816",29.1129517,1.49067648459807,1.482041631046,2.15148402267388,4.34793141882736,0.999881419827138
"3817",29.12058288,1.49064128621519,1.48197557854037,2.15114004246963,4.3473916578597,0.999880514183118
"3818",29.12821406,1.49060595663229,1.48190929021241,2.15079493030566,4.34685007472351,0.999879601601601
"3819",29.13584524,1.49057049537303,1.48184276526222,2.15044868280293,4.34630666376292,0.999878682029469
"3820",29.14347642,1.49053490195945,1.48177600288786,2.15010129657896,4.34576141931329,0.999877755413155
"3821",29.1511076,1.49049917591194,1.48170900228493,2.14975276824234,4.34521433569454,0.999876821698686
"3822",29.15873878,1.49046331674926,1.48164176264611,2.14940309438955,4.34466540720663,0.999875880831708
"3823",29.16636996,1.49042732398851,1.48157428316187,2.14905227161096,4.34411462813756,0.99987493275743
"3824",29.17400114,1.49039119714513,1.48150656302034,2.14870029648996,4.34356199276231,0.999873977420627
"3825",29.18163232,1.49035493573293,1.48143860140676,2.14834716559807,4.34300749533609,0.999873014765683
"3826",29.1892635,1.49031853926403,1.48137039750429,2.14799287550215,4.34245113010418,0.999872044736522
"3827",29.19689468,1.49028200724889,1.48130195049324,2.14763742275757,4.34189289129266,0.999871067276663
"3828",29.20452586,1.49024533919631,1.48123325955151,2.14728080391185,4.34133277311345,0.999870082329187
"3829",29.21215704,1.49020853461339,1.48116432385446,2.14692301550439,4.34077076976364,0.999869089836738
"3830",29.21978822,1.49017159300557,1.48109514257507,2.14656405406718,4.34020687542663,0.999868089741506
"3831",29.2274194,1.49013451387659,1.48102571488351,2.14620391612132,4.33964108426752,0.999867081985264
"3832",29.23505058,1.4900972967285,1.48095603994756,2.14584259818062,4.33907339043778,0.999866066509323
"3833",29.24268176,1.49005994106165,1.48088611693242,2.14548009675022,4.33850378807339,0.999865043254549
"3834",29.25031294,1.49002244637469,1.48081594500075,2.14511640832696,4.33793227129544,0.999864012161349
"3835",29.25794412,1.48998481216456,1.48074552331267,2.14475152939866,4.33735883420917,0.999862973169679
"3836",29.2655753,1.4899470379265,1.48067485102567,2.14438545644511,4.336783470905,0.999861926219031
"3837",29.27320648,1.48990912315401,1.48060392729451,2.14401818593512,4.33620617545506,0.999860871248451
"3838",29.28083766,1.48987106733889,1.48053275127178,2.14364971433315,4.33562694192154,0.999859808196482
"3839",29.28846884,1.4898328699712,1.480461322107,2.14328003809034,4.33504576434515,0.999858737001237
"3840",29.29610002,1.48979453053927,1.48038963894737,2.14290915365198,4.33446263675471,0.99985765760033
"3841",29.3037312,1.4897560485297,1.4803177009375,2.14253705745478,4.33387755316366,0.999856569930896
"3842",29.31136238,1.48971742342733,1.48024550721913,2.14216374592431,4.33329050756672,0.99985547392961
"3843",29.31899356,1.48967865471527,1.48017305693184,2.14178921548194,4.3327014939489,0.999854369532621
"3844",29.32662474,1.48963974187486,1.48010034921197,2.14141346253374,4.33211050627114,0.999853256675649
"3845",29.33425592,1.4896006843857,1.48002738319377,2.14103648348318,4.33151753848659,0.999852135293865
"3846",29.3418871,1.48956148172563,1.47995415800857,2.14065827472169,4.33092258452854,0.999851005321973
"3847",29.34951828,1.48952213337069,1.47988067278511,2.14027883263276,4.33032563831566,0.99984986669417
"3848",29.35714946,1.48948263879519,1.47980692664958,2.13989815359192,4.32972669375201,0.99984871934414
"3849",29.36478064,1.48944299747162,1.47973291872535,2.1395162339641,4.32912574472354,0.999847563205076
"3850",29.37241182,1.48940320887072,1.4796586481331,2.13913307010583,4.32852278510089,0.999846398209657
"3851",29.380043,1.48936327246143,1.479584113991,2.13874865836608,4.32791780874062,0.999845224290032
"3852",29.38767418,1.48932318771089,1.47950931541446,2.13836299508392,4.32731080948209,0.999844041377841
"3853",29.39530536,1.48928295408445,1.47943425151618,2.1379760765896,4.32670178114883,0.9998428494042
"3854",29.40293654,1.48924257104566,1.47935892140628,2.13758789920558,4.32609071754992,0.999841648299686
"3855",29.41056772,1.48920203805623,1.47928332419198,2.13719845924367,4.32547761247616,0.999840437994363
"3856",29.4181989,1.48916135457611,1.47920745897797,2.13680775300809,4.32486245970416,0.999839218417746
"3857",29.42583008,1.48912052006338,1.47913132486607,2.13641577679269,4.32424525299274,0.999837989498821
"3858",29.43346126,1.48907953397432,1.47905492095553,2.13602252688457,4.32362598608733,0.999836751166013
"3859",29.44109244,1.48903839576339,1.4789782463429,2.13562799956089,4.3230046527164,0.999835503347206
"3860",29.44872362,1.48899710488318,1.47890130012164,2.13523219108775,4.32238124658923,0.999834245969752
"3861",29.4563548,1.48895566078449,1.47882408138296,2.13483509772591,4.32175576140405,0.999832978960412
"3862",29.46398598,1.48891406291622,1.47874658921505,2.13443671572526,4.32112819084041,0.999831702245404
"3863",29.47161716,1.48887231072546,1.47866882270333,2.13403704132636,4.3204985285612,0.999830415750383
"3864",29.47924834,1.48883040365744,1.47859078093043,2.13363607076014,4.31986676821259,0.999829119400442
"3865",29.48687952,1.4887883411555,1.47851246297656,2.13323380025231,4.31923290342932,0.99982781312006
"3866",29.4945107,1.48874612266115,1.47843386791862,2.13283022601415,4.31859692782297,0.999826496833193
"3867",29.50214188,1.488703747614,1.478354994831,2.13242534425071,4.31795883499249,0.999825170463187
"3868",29.50977306,1.48866121545181,1.47827584278554,2.13201915115974,4.31731861852304,0.99982383393278
"3869",29.51740424,1.48861852561044,1.47819641085081,2.13161164292621,4.31667627197842,0.999822487164157
"3870",29.52503542,1.48857567752386,1.47811669809279,2.13120281572734,4.31603178890808,0.999821130078894
"3871",29.5326666,1.48853267062417,1.47803670357477,2.13079266573281,4.31538516284699,0.999819762597948
"3872",29.54029778,1.48848950434155,1.47795642635708,2.13038118910135,4.31473638731154,0.99981838464169
"3873",29.54792896,1.48844617810428,1.47787586549716,2.1299683819825,4.31408545580148,0.999816996129882
"3874",29.55556014,1.48840269133874,1.47779502004976,2.12955424051755,4.31343236180141,0.999815596981662
"3875",29.56319132,1.48835904346941,1.47771388906684,2.12913876083935,4.31277709878039,0.99981418711554
"3876",29.5708225,1.48831523391881,1.47763247159724,2.12872193906881,4.31211966018739,0.999812766449429
"3877",29.57845368,1.48827126210758,1.47755076668721,2.12830377132012,4.31146003945809,0.999811334900591
"3878",29.58608486,1.4882271274544,1.47746877337999,2.12788425369693,4.3107982300099,0.999809892385665
"3879",29.59371604,1.48818282937604,1.4773864907161,2.12746338229484,4.31013422524527,0.999808438820638
"3880",29.60134722,1.4881383672873,1.4773039177331,2.1270411531997,4.30946801854926,0.999806974120863
"3881",29.6089784,1.48809374060107,1.47722105346555,2.12661756248703,4.3087996032889,0.999805498201052
"3882",29.61660958,1.48804894872827,1.47713789694516,2.12619260622301,4.30812897281457,0.999804010975264
"3883",29.62424076,1.48800399107785,1.47705444720115,2.12576628046887,4.30745612046556,0.999802512356858
"3884",29.63187194,1.48795886705683,1.47697070325915,2.12533858126953,4.30678103955536,0.999801002258598
"3885",29.63950312,1.48791357607025,1.47688666414232,2.12490950466515,4.30610372338657,0.999799480592534
"3886",29.6471343,1.48786811752116,1.47680232887093,2.12447904668675,4.30542416524537,0.999797947270041
"3887",29.65476548,1.48782249081067,1.47671769646208,2.12404720335342,4.30474235839769,0.999796402201841
"3888",29.66239666,1.48777669533787,1.47663276593019,2.12361397067765,4.3040582960963,0.999794845297943
"3889",29.67002784,1.48773073049989,1.47654753628641,2.12317934465939,4.30337197157286,0.999793276467701
"3890",29.67765902,1.48768459569185,1.47646200653934,2.12274332129245,4.30268337804662,0.999791695619738
"3891",29.6852902,1.48763829030687,1.47637617569429,2.12230589655865,4.30199250871636,0.999790102662005
"3892",29.69292138,1.48759181373609,1.47629004275376,2.12186706643169,4.3012993567656,0.999788497501737
"3893",29.70055256,1.48754516536861,1.47620360671742,2.1214268268769,4.30060391536242,0.999786880045443
"3894",29.70818374,1.48749834459153,1.47611686658153,2.12098517384624,4.29990617765272,0.99978525019896
"3895",29.71581492,1.48745135078994,1.47602982133992,2.12054210328746,4.29920613677223,0.999783607867346
"3896",29.7234461,1.48740418334687,1.47594246998302,2.12009761113485,4.29850378583441,0.999781952954975
"3897",29.73107728,1.48735684164336,1.47585481149845,2.11965169331512,4.29779911793823,0.999780285365468
"3898",29.73870846,1.48730932505839,1.47576684487071,2.11920434574425,4.29709212616391,0.99977860500172
"3899",29.74633964,1.48726163296891,1.47567856908131,2.11875556432902,4.29638280357487,0.99977691176588
"3900",29.75397082,1.4872137647498,1.47558998310891,2.11830534496808,4.29567114321942,0.99977520555933
"3901",29.761602,1.48716571977392,1.47550108592884,2.11785368354813,4.29495713812533,0.999773486282724
"3902",29.76923318,1.48711749741204,1.47541187651373,2.11740057594894,4.29424078130671,0.999771753835927
"3903",29.77686436,1.48706909703289,1.47532235383289,2.11694601803843,4.29352206575743,0.999770008118059
"3904",29.78449554,1.48702051800313,1.47523251685269,2.11649000567579,4.29280098445532,0.999768249027461
"3905",29.79212672,1.48697175968732,1.47514236453644,2.11603253471075,4.29207753036092,0.99976647646169
"3906",29.7997579,1.48692282144798,1.47505189584444,2.1155736009837,4.29135169641799,0.999764690317519
"3907",29.80738908,1.48687370264551,1.47496110973377,2.11511320032387,4.29062347555094,0.999762890490941
"3908",29.81502026,1.48682440263823,1.47487000515858,2.11465132855325,4.28989286066973,0.999761076877133
"3909",29.82265144,1.48677492078238,1.4747785810698,2.11418798148155,4.28915984466382,0.999759249370492
"3910",29.83028262,1.48672525643207,1.47468683641544,2.11372315491107,4.28842442040805,0.999757407864583
"3911",29.8379138,1.48667540893933,1.47459477014017,2.11325684463239,4.28768658075714,0.999755552252178
"3912",29.84554498,1.48662537765406,1.47450238118578,2.11278904642821,4.28694631855073,0.999753682425208
"3913",29.85317616,1.48657516192405,1.47440966849082,2.11231975607066,4.28620362660987,0.999751798274782
"3914",29.86080734,1.48652476109496,1.47431663099074,2.11184896932188,4.28545849773776,0.999749899691182
"3915",29.86843852,1.48647417451033,1.47422326761776,2.11137668193394,4.28471092471951,0.99974798656385
"3916",29.8760697,1.48642340151155,1.47412957730103,2.11090288964953,4.28396090032324,0.999746058781377
"3917",29.88370088,1.48637244143789,1.47403555896665,2.11042758820231,4.28320841730044,0.999744116231493
"3918",29.89133206,1.48632129362647,1.47394121153757,2.10995077331625,4.28245346838508,0.999742158801067
"3919",29.89896324,1.48626995741225,1.47384653393331,2.10947244070343,4.28169604629066,0.999740186376121
"3920",29.90659442,1.48621843212803,1.47375152507045,2.10899258606775,4.28093614371521,0.99973819884179
"3921",29.9142256,1.48616671710448,1.47365618386232,2.10851120510304,4.28017375333869,0.999736196082329
"3922",29.92185678,1.48611481167005,1.47356050921907,2.10802829349282,4.27940886782278,0.999734177981112
"3923",29.92948796,1.48606271515107,1.47346450004764,2.10754384691117,4.2786414798118,0.999732144420613
"3924",29.93711914,1.48601042687165,1.47336815525191,2.10705786102306,4.27787158193348,0.999730095282398
"3925",29.94475032,1.48595794615376,1.4732714737322,2.1065703314808,4.27709916679386,0.999728030447158
"3926",29.9523815,1.48590527231713,1.47317445438594,2.10608125392964,4.27632422698494,0.999725949794636
"3927",29.96001268,1.48585240467934,1.47307709610726,2.10559062400405,4.27554675507984,0.999723853203663
"3928",29.96764386,1.48579934255575,1.47297939778692,2.10509843732746,4.27476674363218,0.999721740552155
"3929",29.97527504,1.4857460852595,1.47288135831262,2.10460468951496,4.2739841851798,0.999719611717073
"3930",29.98290622,1.48569263210155,1.47278297656873,2.10410937617116,4.27319907224182,0.999717466574445
"3931",29.9905374,1.48563898239062,1.47268425143621,2.10361249288894,4.27241139731719,0.999715304999363
"3932",29.99816858,1.48558513543322,1.47258518179304,2.10311403525374,4.27162115289017,0.999713126865936
"3933",30.00579976,1.48553109053363,1.47248576651365,2.10261399883899,4.27082833142427,0.999710932047331
"3934",30.01343094,1.48547684699389,1.47238600446949,2.10211237921044,4.27003292536806,0.999708720415716
"3935",30.02106212,1.48542240411381,1.47228589452836,2.10160917192025,4.26923492714741,0.999706491842321
"3936",30.0286933,1.48536776119096,1.47218543555506,2.10110437251396,4.26843432917439,0.999704246197349
"3937",30.03632448,1.48531291752064,1.47208462641092,2.10059797652467,4.26763112384005,0.999701983350034
"3938",30.04395566,1.48525787239591,1.47198346595398,2.1000899794765,4.26682530351839,0.999699703168599
"3939",30.05158684,1.48520262510758,1.47188195303902,2.09958037688307,4.26601686056504,0.999697405520258
"3940",30.05921802,1.48514717494416,1.47178008651746,2.09906916424835,4.26520578731768,0.999695090271206
"3941",30.0668492,1.48509152119193,1.47167786523732,2.09855633706557,4.26439207609504,0.999692757286617
"3942",30.07448038,1.48503566313487,1.47157528804333,2.09804189081758,4.2635757191974,0.999690406430633
"3943",30.08211156,1.48497960005467,1.4714723537769,2.09752582097802,4.26275670890773,0.999688037566349
"3944",30.08974274,1.48492333123076,1.47136906127591,2.09700812300917,4.26193503748914,0.99968565055582
"3945",30.09737392,1.48486685594024,1.47126540937508,2.09648879236367,4.26111069718729,0.999683245260041
"3946",30.1050051,1.48481017345794,1.47116139690564,2.09596782448457,4.26028368022992,0.999680821538932
"3947",30.11263628,1.48475328305638,1.47105702269545,2.09544521480354,4.25945397882515,0.999678379251353
"3948",30.12026746,1.48469618400575,1.47095228556893,2.09492095874235,4.25862158516281,0.999675918255082
"3949",30.12789864,1.48463887557396,1.47084718434717,2.09439505171303,4.25778649141504,0.999673438406798
"3950",30.13552982,1.48458135702656,1.47074171784783,2.09386748911683,4.2569486897348,0.999670939562088
"3951",30.143161,1.48452362762682,1.47063588488501,2.09333826634386,4.25610817225536,0.999668421575443
"3952",30.15079218,1.48446568663562,1.47052968426964,2.09280737877614,4.2552649310943,0.999665884300214
"3953",30.15842336,1.48440753331155,1.47042311480894,2.09227482178279,4.25441895834721,0.999663327588658
"3954",30.16605454,1.48434916691085,1.47031617530687,2.09174059072436,4.25357024609338,0.999660751291877
"3955",30.17368572,1.48429058668738,1.47020886456383,2.0912046809501,4.25271878639217,0.999658155259848
"3956",30.1813169,1.48423179189269,1.47010118137683,2.09066708779948,4.25186457128505,0.999655539341388
"3957",30.18894808,1.48417278177594,1.46999312453945,2.09012780660167,4.25100759279493,0.999652903384153
"3958",30.19657926,1.48411355558394,1.46988469284163,2.08958683267452,4.25014784292466,0.999650247234648
"3959",30.20421044,1.48405411256112,1.46977588506977,2.08904416132502,4.24928531365766,0.999647570738203
"3960",30.21184162,1.48399445194954,1.4696667000072,2.08849978785291,4.24841999696296,0.999644873738927
"3961",30.2194728,1.48393457298889,1.46955713643317,2.08795370754292,4.24755188478459,0.999642156079787
"3962",30.22710398,1.48387447491645,1.46944719312381,2.08740591567264,4.24668096905207,0.99963941760251
"3963",30.23473516,1.48381415696712,1.46933686885165,2.08685640750832,4.2458072416751,0.999636658147616
"3964",30.24236634,1.4837536183734,1.46922616238552,2.08630517830441,4.24493069454248,0.999633877554425
"3965",30.24999752,1.48369285836541,1.46911507249094,2.08575222330691,4.24405131952696,0.999631075660996
"3966",30.2576287,1.48363187617082,1.4690035979297,2.08519753774969,4.2431691084801,0.999628252304169
"3967",30.26525988,1.48357067101492,1.46889173746019,2.08464111685695,4.24228405323576,0.999625407319521
"3968",30.27289106,1.48350924212057,1.46877948983708,2.08408295584195,4.24139614560804,0.999622540541377
"3969",30.28052224,1.48344758870819,1.46866685381147,2.08352304990642,4.2405053773909,0.999619651802802
"3970",30.28815342,1.48338570999581,1.46855382813101,2.08296139424344,4.23961174036169,0.999616740935559
"3971",30.2957846,1.48332360519897,1.46844041153963,2.08239798403393,4.23871522627662,0.999613807770141
"3972",30.30341578,1.48326127353083,1.46832660277777,2.08183281444887,4.23781582687379,0.999610852135732
"3973",30.31104696,1.48319871420205,1.46821240058215,2.08126588064852,4.23691353387173,0.999607873860212
"3974",30.31867814,1.48313592642087,1.46809780368593,2.08069717778216,4.2360083389696,0.999604872770143
"3975",30.32630932,1.48307290939307,1.46798281081852,2.08012670098771,4.23510023384635,0.999601848690767
"3976",30.3339405,1.48300966232195,1.46786742070593,2.07955444539465,4.23418921016453,0.999598801445961
"3977",30.34157168,1.48294618440836,1.46775163207032,2.07898040611933,4.2332752595644,0.999595730858281
"3978",30.34920286,1.48288247485067,1.46763544363027,2.07840457826874,4.23235837366855,0.999592636748907
"3979",30.35683404,1.48281853284478,1.46751885410057,2.07782695693773,4.23143854407839,0.999589518937666
"3980",30.36446522,1.4827543575841,1.46740186219263,2.07724753721256,4.23051576237895,0.999586377242979
"3981",30.3720964,1.48268994825955,1.46728446661388,2.07666631416689,4.22959002013327,0.999583211481896
"3982",30.37972758,1.48262530405954,1.46716666606821,2.07608328286433,4.22866130888605,0.999580021470059
"3983",30.38735876,1.48256042417002,1.4670484592557,2.07549843835692,4.22772962016143,0.999576807021705
"3984",30.39498994,1.48249530777441,1.46692984487279,2.07491177568637,4.22679494546489,0.999573567949641
"3985",30.40262112,1.4824299540536,1.46681082161228,2.07432328988456,4.22585727628346,0.999570304065231
"3986",30.4102523,1.48236436218601,1.4666913881631,2.07373297597073,4.22491660408252,0.999567015178411
"3987",30.41788348,1.4822985313475,1.46657154321055,2.07314082895479,4.22397292030978,0.999563701097644
"3988",30.42551466,1.48223246071143,1.46645128543596,2.07254684383331,4.2230262163901,0.999560361629957
"3989",30.43314584,1.48216614944861,1.46633061351723,2.07195101559516,4.22207648373299,0.999556996580857
"3990",30.44077702,1.48209959672732,1.46620952612823,2.07135333921569,4.22112371372486,0.999553605754394
"3991",30.4484082,1.48203280171331,1.46608802193925,2.07075380966117,4.22016789773491,0.999550188953093
"3992",30.45603938,1.48196576356975,1.46596609961656,2.07015242188505,4.21920902711003,0.999546745977991
"3993",30.46367056,1.4818984814573,1.46584375782287,2.06954917083131,4.21824709317958,0.999543276628578
"3994",30.47130174,1.48183095453404,1.46572099521697,2.06894405143243,4.21728208725226,0.999539780702818
"3995",30.47893292,1.48176318195547,1.46559781045378,2.06833705860916,4.21631400061608,0.999536257997134
"3996",30.4865641,1.48169516287456,1.46547420218457,2.06772818727248,4.21534282454098,0.999532708306374
"3997",30.49419528,1.48162689644169,1.46535016905659,2.06711743232128,4.21436855027547,0.999529131423829
"3998",30.50182646,1.48155838180463,1.46522570971338,2.06650478864426,4.21339116904934,0.999525527141194
"3999",30.50945764,1.48148961810863,1.46510082279454,2.06589025111778,4.21241067207101,0.999521895248582
"4000",30.51708882,1.48142060449629,1.46497550693588,2.06527381460866,4.21142705053071,0.999518235534482
"4001",30.52472,1.48135134010766,1.4648497607692,2.06465547397074,4.21044029559632,0.999514547785784
"4002",30.53235118,1.48128182408016,1.46472358292257,2.06403522404813,4.20945039841765,0.999510831787728
"4003",30.53998236,1.48121205554862,1.46459697202017,2.06341305967396,4.20845735012462,0.999507087323907
"4004",30.54761354,1.48114203364527,1.46446992668216,2.06278897566902,4.20746114182546,0.99950331417627
"4005",30.55524472,1.4810717574997,1.46434244552483,2.06216296684323,4.20646176460886,0.999499512125092
"4006",30.5628759,1.48100122623891,1.4642145271606,2.06153502799609,4.20545920954422,0.999495680948955
"4007",30.57050708,1.48093043898725,1.46408617019793,2.0609051539152,4.20445346768004,0.999491820424753
"4008",30.57813826,1.48085939486645,1.46395737324134,2.06027333937705,4.20344453004474,0.999487930327669
"4009",30.58576944,1.48078809299561,1.46382813489136,2.05963957914664,4.20243238764617,0.999484010431168
"4010",30.59340062,1.48071653249119,1.46369845374461,2.0590038679781,4.20141703147248,0.999480060506971
"4011",30.6010318,1.480644712467,1.4635683283936,2.05836620061294,4.20039845248978,0.999476080325072
"4012",30.60866298,1.4805726320342,1.46343775742715,2.05772657178404,4.19937664164745,0.999472069653663
"4013",30.61629416,1.48050029030129,1.46330673942986,2.05708497621087,4.19835158987173,0.999468028259192
"4014",30.62392534,1.48042768637412,1.46317527298233,2.05644140860169,4.19732328806861,0.999463955906313
"4015",30.63155652,1.48035481935587,1.46304335666124,2.05579586365397,4.19629172712455,0.99945985235787
"4016",30.6391877,1.48028168834707,1.46291098903915,2.0551483360533,4.1952568979048,0.999455717374899
"4017",30.64681888,1.48020829244553,1.46277816868466,2.05449882047408,4.19421879125452,0.999451550716598
"4018",30.65445006,1.48013463074642,1.4626448941623,2.05384731157939,4.19317739799844,0.999447352140324
"4019",30.66208124,1.48006070234222,1.46251116403263,2.05319380402136,4.19213270894143,0.999443121401565
"4020",30.66971242,1.47998650632271,1.46237697685192,2.05253829243891,4.19108471486546,0.999438858253961
"4021",30.6773436,1.47991204177497,1.46224233117263,2.05188077146168,4.19003340653484,0.999434562449234
"4022",30.68497478,1.4798373077834,1.46210722554294,2.05122123570613,4.188978774691,0.999430233737229
"4023",30.69260596,1.47976230342968,1.46197165850702,2.05055967977799,4.18792081005577,0.999425871865862
"4024",30.70023714,1.47968702779279,1.46183562860497,2.04989609827167,4.18685950333056,0.999421476581116
"4025",30.70786832,1.479611479949,1.46169913437264,2.04923048576903,4.18579484519476,0.999417047627041
"4026",30.7154995,1.47953565897184,1.46156217434191,2.04856283684162,4.18472682630867,0.999412584745709
"4027",30.72313068,1.47945956393215,1.46142474704039,2.04789314604834,4.18365543731041,0.999408087677231
"4028",30.73076186,1.47938319389801,1.46128685099158,2.04722140793682,4.1825806688177,0.999403556159724
"4029",30.73839304,1.47930654793479,1.46114848471487,2.04654761704354,4.1815025114281,0.99939898992929
"4030",30.74602422,1.47922962510511,1.46100964672541,2.0458717678926,4.18042095571729,0.999394388720022
"4031",30.7536554,1.47915242446885,1.46087033553421,2.04519385499707,4.17933599224091,0.999389752263964
"4032",30.76128658,1.47907494508315,1.46073054964805,2.04451387285762,4.1782476115327,0.99938508029112
"4033",30.76891776,1.47899718600239,1.46059028756963,2.04383181596463,4.17715580410736,0.999380372529404
"4034",30.77654894,1.4789191462782,1.4604495477972,2.0431476787949,4.17606056045596,0.999375628704675
"4035",30.78418012,1.47884082495945,1.46030832882494,2.04246145581427,4.17496187104976,0.999370848540678
"4036",30.7918113,1.47876222109224,1.46016662914276,2.0417731414772,4.17385972633932,0.999366031759039
"4037",30.79944248,1.47868333371989,1.46002444723638,2.04108273022632,4.17275411675421,0.999361178079248
"4038",30.80707366,1.47860416188297,1.45988178158718,2.04039021649226,4.17164503270241,0.999356287218654
"4039",30.81470484,1.47852470461926,1.45973863067227,2.0396955946937,4.17053246457067,0.999351358892439
"4040",30.82233602,1.47844496096376,1.45959499296446,2.03899885923702,4.16941640272394,0.999346392813614
"4041",30.8299672,1.47836492994866,1.45945086693235,2.03830000451802,4.1682968375076,0.999341388692969
"4042",30.83759838,1.47828461060338,1.45930625104014,2.03759902491958,4.1671737592444,0.999336346239096
"4043",30.84522956,1.47820400195455,1.45916114374785,2.03689591481377,4.1660471582373,0.999331265158339
"4044",30.85286074,1.47812310302597,1.45901554351096,2.03619066855911,4.16491702476568,0.999326145154816
"4045",30.86049192,1.47804191283866,1.45886944878075,2.03548328050347,4.16378334908932,0.999320985930359
"4046",30.8681231,1.47796043041083,1.45872285800416,2.03477374498264,4.16264612144646,0.999315787184519
"4047",30.87575428,1.47787865475785,1.45857576962369,2.03406205632015,4.16150533205349,0.99931054861455
"4048",30.88338546,1.4777965848923,1.45842818207749,2.03334820882743,4.16036097110527,0.999305269915388
"4049",30.89101664,1.47771421982392,1.45828009379937,2.03263219680452,4.15921302877603,0.999299950779622
"4050",30.89864782,1.47763155855963,1.45813150321859,2.03191401453813,4.15806149521663,0.999294590897507
"4051",30.906279,1.47754860010351,1.45798240876019,2.03119365630468,4.15690636055885,0.999289189956899
"4052",30.91391018,1.47746534345682,1.45783280884471,2.03047111636768,4.15574761491175,0.999283747643274
"4053",30.92154136,1.47738178761797,1.4576827018881,2.0297463889775,4.15458524836131,0.999278263639717
"4054",30.92917254,1.47729793158252,1.45753208630214,2.0290194683745,4.15341925097476,0.999272737626851
"4055",30.93680372,1.47721377434319,1.45738096049398,2.02829034878583,4.1522496127962,0.999267169282872
"4056",30.9444349,1.47712931488985,1.45722932286632,2.02755902442633,4.15107632384776,0.99926155828351
"4057",30.95206608,1.47704455220952,1.45707717181721,2.02682548949783,4.14989937412868,0.999255904302028
"4058",30.95969726,1.47695948528632,1.45692450574059,2.02608973819263,4.14871875362008,0.999250207009141
"4059",30.96732844,1.47687411310156,1.45677132302557,2.02535176468864,4.14753445227832,0.999244466073078
"4060",30.97495962,1.47678843463365,1.4566176220568,2.02461156315176,4.14634646003816,0.999238681159523
"4061",30.9825908,1.47670244885813,1.45646340121449,2.02386912773691,4.1451547668142,0.999232851931579
"4062",30.99022198,1.47661615474768,1.4563086588741,2.02312445258441,4.14395936249609,0.999226978049805
"4063",30.99785316,1.47652955127206,1.45615339340679,2.02237753182527,4.14276023695539,0.999221059172113
"4064",31.00548434,1.4764426373982,1.45599760317896,2.02162835957591,4.14155738003878,0.99921509495383
"4065",31.01311552,1.4763554120901,1.45584128655242,2.02087692994108,4.1403507815717,0.999209085047634
"4066",31.0207467,1.47626787430889,1.45568444188451,2.02012323701367,4.13914043135829,0.999203029103532
"4067",31.02837788,1.4761800230128,1.45552706752789,2.01936727487411,4.13792631918043,0.999196926768855
"4068",31.03600906,1.47609185715714,1.45536916183049,2.01860903758962,4.1367084347968,0.999190777688243
"4069",31.04364024,1.47600337569435,1.45521072313571,2.01784851921563,4.1354867679448,0.999184581503605
"4070",31.05127142,1.47591457757395,1.45505174978232,2.01708571379546,4.13426130834004,0.999178337854101
"4071",31.0589026,1.47582546174253,1.45489224010429,2.01632061535899,4.13303204567466,0.999172046376145
"4072",31.06653378,1.4757360271438,1.45473219243111,2.01555321792525,4.13179896962066,0.999165706703337
"4073",31.07416496,1.47564627271853,1.45457160508737,2.01478351549919,4.13056206982564,0.999159318466499
"4074",31.08179614,1.47555619740457,1.454410476393,2.0140115020734,4.1293213359151,0.999152881293619
"4075",31.08942732,1.47546580013684,1.45424880466344,2.01323717163001,4.12807675749506,0.999146394809805
"4076",31.0970585,1.47537507984736,1.45408658820892,2.0124605181348,4.12682832414385,0.999139858637354
"4077",31.10468968,1.47528403546519,1.4539238253355,2.01168153554557,4.12557602542379,0.999133272395594
"4078",31.11232086,1.47519266591645,1.45376051434394,2.01090021780323,4.12431985086879,0.999126635701009
"4079",31.11995204,1.47510097012436,1.45359665353057,2.01011655883886,4.12305978999413,0.999119948167097
"4080",31.12758322,1.47500894700915,1.4534322411868,2.00933055257006,4.12179583229133,0.999113209404412
"4081",31.1352144,1.47491659548813,1.45326727559928,2.00854219290181,4.12052796722956,0.999106419020522
"4082",31.14284558,1.47482391447567,1.45310175504974,2.00775147372599,4.11925618425464,0.999099576619998
"4083",31.15047676,1.47473090288317,1.45293567781521,2.0069583889225,4.11798047279084,0.999092681804368
"4084",31.15810794,1.47463755961908,1.45276904216782,2.0061629323583,4.11670082223951,0.999085734172113
"4085",31.16573912,1.47454388358889,1.45260184637485,2.00536509788777,4.11541722197939,0.999078733318634
"4086",31.1733703,1.47444987369514,1.45243408869855,2.0045648793513,4.11412966136488,0.999071678836255
"4087",31.18100148,1.47435552883739,1.45226576739654,2.0037622705785,4.11283812973035,0.999064570314141
"4088",31.18863266,1.47426084791224,1.45209688072132,2.00295726538451,4.11154261638508,0.999057407338342
"4089",31.19626384,1.47416582981332,1.45192742692063,2.00214985757308,4.11024311061743,0.999050189491709
"4090",31.20389502,1.47407047343129,1.45175740423709,2.00134004093352,4.10893960169074,0.999042916353926
"4091",31.2115262,1.47397477765383,1.4515868109085,2.00052780924332,4.10763207884683,0.999035587501441
"4092",31.21915738,1.47387874136562,1.45141564516774,1.99971315626754,4.10632053130522,0.999028202507447
"4093",31.22678856,1.4737823634484,1.45124390524253,1.99889607575686,4.10500494826046,0.999020760941894
"4094",31.23441974,1.47368564278089,1.45107158935572,1.99807656145001,4.10368531888534,0.999013262371422
"4095",31.24205092,1.47358857823884,1.45089869572518,1.99725460707327,4.10236163233031,0.99900570635934
"4096",31.2496821,1.473491168695,1.45072522256354,1.99643020633798,4.10103387772003,0.998998092465648
"4097",31.25731328,1.47339341301913,1.45055116807873,1.99560335294521,4.09970204415978,0.998990420246928
"4098",31.26494446,1.473295310078,1.4503765304733,1.99477404058092,4.09836612072868,0.998982689256402
"4099",31.27257564,1.47319685873538,1.45020130794486,1.99394226291857,4.09702609648355,0.998974899043858
"4100",31.28020682,1.47309805785202,1.45002549868593,1.99310801361893,4.09568196045831,0.998967049155631
"4101",31.287838,1.47299890628569,1.44984910088393,1.99227128632941,4.09433370166334,0.998959139134585
"4102",31.29546918,1.47289940289114,1.4496721127211,1.99143207468436,4.09298130908562,0.998951168520081
"4103",31.30310036,1.47279954652013,1.44949453237462,1.99059037230507,4.09162477168898,0.998943136847952
"4104",31.31073154,1.47269933602139,1.44931635801649,1.98974617279998,4.09026407841415,0.998935043650466
"4105",31.31836272,1.47259877024064,1.4491375878134,1.98889946976307,4.08889921817671,0.998926888456336
"4106",31.3259939,1.47249784802059,1.4489582199271,1.98805025677707,4.08753017987138,0.998918670790627
"4107",31.33362508,1.47239656820094,1.44877825251391,1.98719852740976,4.08615695236701,0.998910390174798
"4108",31.34125626,1.47229492961834,1.44859768372506,1.98634427521677,4.08477952451038,0.998902046126622
"4109",31.34888744,1.47219293110646,1.44841651170657,1.98548749374061,4.08339788512483,0.998893638160176
"4110",31.35651862,1.47209057149591,1.44823473459901,1.98462817650914,4.0820120230082,0.998885165785839
"4111",31.3641498,1.47198784961429,1.44805235053779,1.98376631703785,4.08062192693587,0.998876628510224
"4112",31.37178098,1.47188476428618,1.4478693576532,1.98290190882987,4.07922758566097,0.998868025836146
"4113",31.37941216,1.47178131433312,1.4476857540699,1.98203494537277,4.0778289879097,0.99885935726265
"4114",31.38704334,1.47167749857361,1.44750153790748,1.98116542014284,4.07642612238735,0.998850622284908
"4115",31.39467452,1.47157331582313,1.44731670728006,1.98029332660173,4.07501897777371,0.998841820394246
"4116",31.4023057,1.47146876489413,1.44713126029648,1.97941865819846,4.07360754272575,0.99883295107808
"4117",31.40993688,1.47136384459599,1.44694519506004,1.97854140836729,4.07219180587463,0.998824013819923
"4118",31.41756806,1.47125855373509,1.44675850966886,1.9776615705308,4.07077175583004,0.9988150080993
"4119",31.42519924,1.47115289111476,1.44657120221551,1.97677913809698,4.06934738117621,0.998805933391768
"4120",31.43283042,1.47104685553526,1.44638327078711,1.97589410446003,4.06791867047287,0.998796789168872
"4121",31.4404616,1.47094044579385,1.44619471346549,1.97500646300217,4.06648561225771,0.998787574898082
"4122",31.44809278,1.4708336606847,1.4460055283268,1.9741162070902,4.06504819504187,0.99877829004282
"4123",31.45572396,1.47072649899898,1.44581571344184,1.97322333007858,4.06360640731392,0.998768934062378
"4124",31.46335514,1.47061895952478,1.4456252668759,1.97232782530804,4.06216023753807,0.998759506411908
"4125",31.47098632,1.47051104104714,1.44543418668865,1.97142968610494,4.0607096741532,0.9987500065424
"4126",31.4786175,1.47040274234807,1.44524247093428,1.97052890578269,4.05925470557493,0.998740433900628
"4127",31.48624868,1.47029406220652,1.44505011766144,1.96962547764101,4.05779532019434,0.998730787929127
"4128",31.49387986,1.47018499939837,1.4448571249131,1.96871939496542,4.05633150637758,0.998721068066174
"4129",31.50151104,1.47007555269649,1.44466349072686,1.96781065102904,4.05486325246814,0.998711273745713
"4130",31.50914222,1.46996572087064,1.44446921313436,1.96689923908926,4.05339054678225,0.998701404397395
"4131",31.5167734,1.46985550268756,1.44427429016178,1.96598515239085,4.05191337761316,0.998691459446479
"4132",31.52440458,1.46974489691094,1.44407871982973,1.9650683841653,4.05043173323039,0.998681438313809
"4133",31.53203576,1.46963390230138,1.443882500153,1.96414892762957,4.04894560187765,0.99867134041581
"4134",31.53966694,1.46952251761644,1.44368562914073,1.96322677598698,4.04745497177444,0.998661165164432
"4135",31.54729812,1.46941074161064,1.44348810479626,1.96230192242655,4.04595983111485,0.998650911967127
"4136",31.5549293,1.46929857303541,1.44328992511731,1.96137436012424,4.04446016806937,0.998640580226796
"4137",31.56256048,1.46918601063912,1.44309108809577,1.96044408224167,4.0429559707831,0.998630169341771
"4138",31.57019166,1.46907305316712,1.44289159171773,1.95951108192644,4.04144722737616,0.998619678705781
"4139",31.57782284,1.46895969936164,1.44269143396363,1.95857535231319,4.03993392594521,0.998609107707887
"4140",31.58545402,1.46884594796191,1.44249061280778,1.95763688652072,4.0384160545593,0.998598455732511
"4141",31.5930852,1.46873179770405,1.44228912621897,1.95669567765574,4.03689360126523,0.99858772215932
"4142",31.60071638,1.46861724732113,1.44208697215989,1.95575171880965,4.03536655408294,0.998576906363254
"4143",31.60834756,1.46850229554319,1.44188414858749,1.95480500306077,4.03383490100863,0.99856600771445
"4144",31.61597874,1.46838694109716,1.44168065345263,1.95385552347211,4.03229863001173,0.998555025578239
"4145",31.62360992,1.46827118270693,1.44147648470048,1.95290327309429,4.03075772903873,0.998543959315064
"4146",31.6312411,1.46815501909334,1.44127164027004,1.95194824496226,4.02921218600895,0.998532808280492
"4147",31.63887228,1.46803844897416,1.44106611809447,1.95099043209801,4.02766198881787,0.998521571825137
"4148",31.64650346,1.46792147106408,1.44085991610087,1.95002982750874,4.02610712533495,0.998510249294647
"4149",31.65413464,1.46780408407474,1.44065303221039,1.94906642418809,4.02454758340507,0.998498840029649
"4150",31.66176582,1.46768628671474,1.44044546433798,1.94810021511446,4.02298335084631,0.998487343365737
"4151",31.669397,1.46756807768958,1.44023721039269,1.94713119325302,4.02141441545273,0.998475758633396
"4152",31.67702818,1.46744945570174,1.44002826827727,1.94615935155356,4.01984076499121,0.998464085158007
"4153",31.68465936,1.4673304194506,1.43981863588871,1.94518468295364,4.01826238720608,0.998452322259741
"4154",31.69229054,1.46721096763251,1.43960831111755,1.94420718037479,4.01667926981351,0.998440469253597
"4155",31.69992172,1.46709109894075,1.43939729184825,1.94322683672462,4.0150914005047,0.998428525449319
"4156",31.7075529,1.46697081206554,1.43918557595909,1.94224364489626,4.01349876694496,0.998416490151366
"4157",31.71518408,1.46685010569405,1.43897316132222,1.9412575977693,4.01190135677496,0.998404362658852
"4158",31.72281526,1.46672897851039,1.43876004580347,1.9402686882083,4.01029915760869,0.998392142265538
"4159",31.73044644,1.46660742919561,1.43854622726242,1.93927690906343,4.00869215703438,0.998379828259772
"4160",31.73807762,1.4664854564277,1.43833170355237,1.93828225317033,4.00708034261418,0.998367419924454
"4161",31.7457088,1.46636305888163,1.43811647252044,1.93728471335123,4.00546370188586,0.998354916536968
"4162",31.75333998,1.46624023522928,1.43790053200722,1.93628428241251,4.00384222235916,0.998342317369194
"4163",31.76097116,1.46611698413949,1.43768387984705,1.93528095314666,4.00221589151873,0.99832962168742
"4164",31.76860234,1.46599330427806,1.43746651386781,1.93427471833131,4.0005846968226,0.998316828752321
"4165",31.77623352,1.46586919430773,1.43724843189114,1.93326557073058,3.99894862570412,0.998303937818888
"4166",31.7838647,1.4657446528882,1.43702963173217,1.93225350309343,3.99730766556972,0.998290948136418
"4167",31.79149588,1.46561967867612,1.43681011119947,1.93123850815389,3.99566180379893,0.998277858948462
"4168",31.79912706,1.46549427032511,1.43658986809519,1.93022057863133,3.99401102774508,0.998264669492782
"4169",31.80675824,1.46536842648574,1.43636890021504,1.92919970723139,3.99235532473636,0.998251379001278
"4170",31.81438942,1.46524214580552,1.43614720534804,1.92817588664385,3.99069468207282,0.998237986699994
"4171",31.8220206,1.46511542692896,1.43592478127691,1.92714910954576,3.98902908703091,0.998224491809005
"4172",31.82965178,1.4649882684975,1.43570162577744,1.92611936859688,3.98735852685686,0.998210893542465
"4173",31.83728296,1.46486066914958,1.43547773661909,1.92508665644459,3.98568298877364,0.998197191108459
"4174",31.84491414,1.46473262752056,1.43525311156451,1.92405096572022,3.98400245997584,0.998183383709035
"4175",31.85254532,1.46460414224283,1.43502774836968,1.92301228904036,3.98231692763131,0.998169470540126
"4176",31.8601765,1.4644752119457,1.43480164478399,1.92197061900759,3.98062637888242,0.998155450791491
"4177",31.86780768,1.46434583525549,1.43457479854999,1.92092594820923,3.97893080084399,0.998141323646692
"4178",31.87543886,1.46421601079548,1.43434720740352,1.9198782692176,3.97723018060387,0.998127088283041
"4179",31.88307004,1.46408573718593,1.43411886907364,1.91882757459056,3.97552450522361,0.998112743871538
"4180",31.89070122,1.46395501304411,1.43388978128258,1.91777385687099,3.97381376173759,0.998098289576837
"4181",31.8983324,1.46382383698422,1.43365994174567,1.91671710858656,3.97209793715276,0.998083724557199
"4182",31.90596358,1.46369220761752,1.43342934817151,1.91565732225081,3.97037701845021,0.998069047964421
"4183",31.91359476,1.4635601235522,1.43319799826167,1.91459449036163,3.9686509925829,0.998054258943817
"4184",31.92122594,1.46342758339347,1.43296588971084,1.91352860540227,3.96691984647705,0.998039356634149
"4185",31.92885712,1.46329458574355,1.4327330202066,1.91245965984018,3.9651835670305,0.998024340167599
"4186",31.9364883,1.46316112920163,1.43249938742987,1.91138764612984,3.96344214111679,0.998009208669655
"4187",31.94411948,1.46302721236394,1.43226498905425,1.91031255670897,3.96169555557956,0.997993961259148
"4188",31.95175066,1.46289283382369,1.43202982274636,1.90923438400051,3.95994379723548,0.997978597048151
"4189",31.95938184,1.46275799217111,1.43179388616582,1.90815312041326,3.95818685287508,0.997963115141917
"4190",31.96701302,1.46262268599345,1.43155717696494,1.9070687583394,3.95642470925924,0.997947514638876
"4191",31.9746442,1.46248691387497,1.43131969278911,1.90598129015755,3.95465735312346,0.997931794630522
"4192",31.98227538,1.46235067439696,1.43108143127641,1.90489070823059,3.95288477117473,0.997915954201399
"4193",31.98990656,1.46221396613773,1.43084239005767,1.90379700490583,3.95110695009178,0.997899992429053
"4194",31.99753774,1.46207678767263,1.43060256675661,1.90270017251638,3.94932387652698,0.997883908383938
"4195",32.00516892,1.46193913757402,1.43036195898951,1.90160020337917,3.94753553710347,0.997867701129413
"4196",32.0128001,1.46180101441133,1.43012056436552,1.90049708979715,3.94574191841832,0.997851369721632
"4197",32.02043128,1.46166241675101,1.42987838048634,1.8993908240572,3.94394300703945,0.997834913209542
"4198",32.02806246,1.46152334315657,1.42963540494622,1.89828139843074,3.94213878950648,0.997818330634806
"4199",32.03569364,1.46138379218856,1.42939163533199,1.89716880517381,3.94032925233086,0.997801621031753
"4200",32.04332482,1.4612437624046,1.4291470692234,1.89605303652952,3.93851438199936,0.997784783427257
"4201",32.050956,1.46110325235936,1.42890170419209,1.89493408472174,3.93669416496481,0.997767816840832
"4202",32.05858718,1.46096226060458,1.42865553780283,1.89381194196303,3.93486858765774,0.997750720284385
"4203",32.06621836,1.46082078568907,1.4284085676124,1.89268660044797,3.93303763647647,0.99773349276232
"4204",32.07384954,1.46067882615871,1.42816079117008,1.89155805235649,3.93120129779205,0.997716133271396
"4205",32.08148072,1.46053638055647,1.42791220601761,1.89042628985324,3.92935955794733,0.997698640800684
"4206",32.0891119,1.4603934474224,1.42766280968908,1.88929130508791,3.92751240325723,0.997681014331504
"4207",32.09674308,1.46025002529364,1.42741259971091,1.88815309019497,3.92565982000842,0.997663252837365
"4208",32.10437426,1.46010611270444,1.4271615736015,1.88701163729158,3.92380179445627,0.997645355283962
"4209",32.11200544,1.45996170818613,1.42690972887186,1.88586693848174,3.9219383128309,0.997627320629008
"4210",32.11963662,1.45981681026716,1.42665706302502,1.88471898585309,3.92006936133226,0.997609147822259
"4211",32.1272678,1.4596714174731,1.42640357355615,1.8835677714777,3.91819492613147,0.997590835805423
"4212",32.13489898,1.45952552832663,1.4261492579526,1.88241328741237,3.91631499337111,0.997572383512101
"4213",32.14253016,1.45937914134755,1.4258941136938,1.88125552569869,3.91442954916531,0.997553789867714
"4214",32.15016134,1.45923225505281,1.42563813825102,1.88009447836121,3.91253857959704,0.997535053789492
"4215",32.15779252,1.45908486795647,1.42538132908786,1.87893013741121,3.91064207072349,0.997516174186314
"4216",32.1654237,1.45893697856977,1.4251236836597,1.87776249484324,3.90874000857102,0.99749714995873
"4217",32.17305488,1.45878858540107,1.42486519941393,1.87659154263668,3.90683237913757,0.997477979998857
"4218",32.18068606,1.45863968695591,1.42460587378961,1.8754172727543,3.90491916839015,0.997458663190354
"4219",32.18831724,1.45849028173696,1.42434570421784,1.87423967714425,3.90300036226806,0.997439198408301
"4220",32.19594842,1.4583403682441,1.42408468812145,1.87305874773889,3.90107594668086,0.99741958451917
"4221",32.2035796,1.45818994497437,1.42382282291519,1.8718744764556,3.89914590750978,0.997399820380727
"4222",32.21121078,1.45803901042198,1.42356010600528,1.870686855195,3.89721023060475,0.997379904842025
"4223",32.21884196,1.45788756307836,1.42329653478973,1.86949587584256,3.89526890178701,0.997359836743281
"4224",32.22647314,1.45773560143211,1.42303210665819,1.86830153026805,3.8933219068481,0.997339614915832
"4225",32.23410432,1.45758312396906,1.4227668189919,1.86710381032579,3.89136923155012,0.997319238182059
"4226",32.2417355,1.45743012917224,1.42250066916372,1.86590270785459,3.8894108616258,0.997298705355313
"4227",32.24936668,1.45727661552191,1.42223365453782,1.86469821467662,3.88744678277662,0.997278015239882
"4228",32.25699786,1.45712258149554,1.4219657724701,1.86349032259981,3.88547698067628,0.997257166630857
"4229",32.26462904,1.45696802556787,1.4216970203076,1.86227902341485,3.88350144096635,0.997236158314139
"4230",32.27226022,1.45681294621085,1.42142739538898,1.86106430889802,3.88152014926032,0.99721498906629
"4231",32.2798914,1.45665734189371,1.42115689504391,1.85984617080807,3.87953309113893,0.997193657654554
"4232",32.28752258,1.45650121108292,1.42088551659377,1.8586246008905,3.87754025215646,0.997172162836661
"4233",32.29515376,1.45634455224223,1.4206132573509,1.85739959087345,3.8755416178346,0.997150503360867
"4234",32.30278494,1.45618736383267,1.42034011461879,1.85617113246905,3.87353717366438,0.997128677965849
"4235",32.31041612,1.45602964431255,1.42006608569219,1.85493921737435,3.8715269051075,0.997106685380602
"4236",32.3180473,1.45587139213748,1.41979116785709,1.85370383727133,3.86951079759632,0.997084524324362
"4237",32.32567848,1.45571260576038,1.41951535839009,1.8524649838239,3.86748883652926,0.99706219350662
"4238",32.33330966,1.45555328363147,1.41923865455924,1.85122264868244,3.86546100727755,0.997039691626919
"4239",32.34094084,1.4553934241983,1.4189610536234,1.84997682348098,3.86342729518101,0.997017017374852
"4240",32.34857202,1.45523302590575,1.41868255283217,1.84872749983658,3.86138768554697,0.996994169430009
"4241",32.3562032,1.45507208719604,1.41840314942613,1.8474746693513,3.85934216365325,0.996971146461839
"4242",32.36383438,1.45491060650874,1.41812284063683,1.8462183236124,3.85729071474826,0.996947947129574
"4243",32.37146556,1.45474858228079,1.41784162368637,1.84495845418984,3.85523332404743,0.996924570082211
"4244",32.37909674,1.45458601294648,1.41755949578749,1.84369505263772,3.853169976735,0.996901013958404
"4245",32.38672792,1.45442289693751,1.41727645414373,1.84242811049498,3.85110065796521,0.996877277386356
"4246",32.3943591,1.45425923268293,1.41699249594925,1.84115761928473,3.84902535286122,0.996853358983761
"4247",32.40199028,1.45409501860923,1.41670761838868,1.83988357051387,3.84694404651441,0.996829257357735
"4248",32.40962146,1.45393025314029,1.41642181863723,1.83860595567404,3.84485672398564,0.996804971104708
"4249",32.41725264,1.45376493469741,1.41613509386041,1.83732476623991,3.84276337030294,0.996780498810388
"4250",32.42488382,1.45359906169932,1.41584744121419,1.83603999367095,3.84066397046372,0.996755839049631
"4251",32.432515,1.45343263256221,1.41555885784502,1.83475162941142,3.83855850943493,0.996730990386357
"4252",32.44014618,1.45326564569971,1.41526934088941,1.83345966488857,3.83644697215013,0.996705951373519
"4253",32.44777736,1.45309809952291,1.41497888747414,1.83216409151394,3.83432934351149,0.99668072055298
"4254",32.45540854,1.45292999244038,1.41468749471632,1.83086490068413,3.83220560839087,0.996655296455405
"4255",32.46303972,1.45276132285819,1.41439515972306,1.82956208377924,3.83007575162725,0.996629677600223
"4256",32.4706709,1.45259208917988,1.41410187959147,1.82825563216314,3.82793975802726,0.996603862495533
"4257",32.47830208,1.45242228980654,1.41380765140881,1.82694553718471,3.8257976123668,0.996577849637979
"4258",32.48593326,1.45225192313674,1.4135124722521,1.82563179017597,3.82364929938822,0.996551637512718
"4259",32.49356444,1.45208098756661,1.41321633918851,1.82431438245443,3.82149480380382,0.996525224593263
"4260",32.50119562,1.45190948148982,1.41291924927479,1.82299330532042,3.81933411029165,0.996498609341474
"4261",32.5088268,1.45173740329759,1.41262119955757,1.82166855005908,3.81716720349855,0.996471790207406
"4262",32.51645798,1.45156475137872,1.41232218707314,1.82034010793946,3.81499406803852,0.996444765629251
"4263",32.52408916,1.4513915241196,1.41202220884749,1.81900797021495,3.81281468849351,0.99641753403323
"4264",32.53172034,1.45121771990419,1.41172126189606,1.81767212812242,3.81062904941183,0.99639009383353
"4265",32.53935152,1.45104333711408,1.4114193432242,1.81633257288506,3.8084371353125,0.996362443432127
"4266",32.5469827,1.45086837412848,1.41111644982615,1.81498929570689,3.80623893067684,0.99633458121885
"4267",32.55461388,1.45069282932422,1.41081257868606,1.81364228777923,3.80403441995805,0.996306505571108
"4268",32.56224506,1.45051670107579,1.41050772677723,1.81229154027625,3.80182358757451,0.996278214853916
"4269",32.56987624,1.45033998775535,1.4102018910621,1.81093704435577,3.79960641791089,0.996249707419782
"4270",32.57750742,1.45016268773271,1.40989506849242,1.80957879116033,3.79738289531957,0.996220981608581
"4271",32.5851386,1.44998479937538,1.40958725600931,1.80821677181796,3.79515300412182,0.996192035747429
"4272",32.59276978,1.44980632104858,1.40927845054253,1.80685097743841,3.79291672860197,0.996162868150707
"4273",32.60040096,1.44962725111524,1.40896864901134,1.80548139911837,3.79067405301519,0.996133477119798
"4274",32.60803214,1.44944758793602,1.40865784832349,1.80410802793648,3.78842496157986,0.996103860943147
"4275",32.61566332,1.44926732986932,1.4083460453759,1.80273085495698,3.78616943848291,0.996074017896048
"4276",32.6232945,1.44908647527132,1.40803323705429,1.80134987122848,3.78390746787806,0.996043946240577
"4277",32.63092568,1.44890502249594,1.40771942023295,1.79996506778301,3.781639033884,0.996013644225529
"4278",32.63855686,1.44872296989492,1.40740459177496,1.79857643563745,3.7793641205867,0.995983110086264
"4279",32.64618804,1.44854031581779,1.40708874853209,1.79718396579353,3.77708271203914,0.995952342044612
"4280",32.65381922,1.4483570586119,1.40677188734453,1.79578764923668,3.77479479225956,0.9959213383088
"4281",32.6614504,1.44817319662244,1.40645400504095,1.79438747693691,3.77250034523264,0.995890097073324
"4282",32.66908158,1.44798872819245,1.40613509843828,1.79298343984789,3.77019935490793,0.995858616518874
"4283",32.67671276,1.44780365166281,1.40581516434207,1.79157552890931,3.76789180520344,0.995826894812152
"4284",32.68434394,1.44761796537233,1.40549419954594,1.79016373504431,3.76557768000159,0.995794930105847
"4285",32.69197512,1.44743166765767,1.40517220083164,1.78874804916048,3.76325696315051,0.995762720538499
"4286",32.6996063,1.44724475685344,1.40484916496909,1.78732846215014,3.7609296384645,0.995730264234382
"4287",32.70723748,1.44705723129215,1.40452508871622,1.78590496489002,3.75859568972332,0.995697559303403
"4288",32.71486866,1.44686908930429,1.40419996881888,1.7844775482415,3.75625510067244,0.995664603840987
"4289",32.72249984,1.44668032921827,1.40387380201081,1.78304620305039,3.75390785502267,0.995631395927978
"4290",32.73013102,1.44649094936052,1.40354658501343,1.78161092014666,3.75155393644952,0.995597933630526
"4291",32.7377622,1.44630094805545,1.40321831453621,1.78017169034672,3.74919332859655,0.995564214999915
"4292",32.74539338,1.44611032362548,1.40288898727586,1.77872850444944,3.74682601506934,0.995530238072569
"4293",32.75302456,1.44591907439106,1.40255859991687,1.77728135323962,3.74445197944039,0.995496000869833
"4294",32.76065574,1.44572719867072,1.40222714913109,1.77583022748624,3.74207120524653,0.99546150139791
"4295",32.76828692,1.44553469478101,1.40189463157785,1.77437511794347,3.73968367599027,0.995426737647716
"4296",32.7759181,1.44534156103659,1.40156104390386,1.77291601535059,3.73728937513947,0.995391707594768
"4297",32.78354928,1.44514779575024,1.40122638274282,1.77145291043047,3.734888286125,0.995356409199116
"4298",32.79118046,1.44495339723281,1.40089064471574,1.76998579389182,3.73248039234391,0.995320840405151
"4299",32.79881164,1.44475836379335,1.40055382643078,1.76851465642859,3.73006567715848,0.995284999141505
"4300",32.80644282,1.44456269373902,1.40021592448276,1.76703948871814,3.72764412389325,0.995248883320995
"4301",32.814074,1.44436638537519,1.39987693545383,1.76556028142495,3.72521571584056,0.995212490840377
"4302",32.82170518,1.44416943700539,1.39953685591264,1.76407702519704,3.72278043625487,0.995175819580348
"4303",32.82933636,1.44397184693141,1.39919568241453,1.76258971066757,3.72033826835504,0.995138867405366
"4304",32.83696754,1.44377361345323,1.3988534115016,1.76109832845506,3.71788919532471,0.995101632163525
"4305",32.84459872,1.44357473486912,1.39851003970255,1.7596028691639,3.71543320031272,0.995064111686406
"4306",32.8522299,1.4433752094756,1.3981655635324,1.75810332338285,3.71297026643072,0.995026303789012
"4307",32.85986108,1.44317503556749,1.39781997949251,1.75659968168585,3.71050037675428,0.994988206269609
"4308",32.86749226,1.44297421143792,1.39747328407065,1.75509193463289,3.7080235143241,0.994949816909574
"4309",32.87512344,1.44277273537837,1.39712547374066,1.75358007276879,3.70553966214384,0.994911133473304
"4310",32.88275462,1.44257060567865,1.39677654496242,1.75206408662354,3.70304880318068,0.994872153708081
"4311",32.8903858,1.44236782062695,1.39642649418191,1.75054396671331,3.70055092036649,0.994832875343906
"4312",32.89801698,1.44216437850988,1.39607531783105,1.74901970353986,3.69804599659692,0.994793296093389
"4313",32.90564816,1.44196027761244,1.39572301232727,1.74749128758912,3.69553401472903,0.994753413651665
"4314",32.91327934,1.44175551621806,1.3953695740741,1.74595870933475,3.69301495758649,0.994713225696143
"4315",32.92091052,1.44155009260867,1.39501499946038,1.74442195923463,3.69048880795407,0.99467272988649
"4316",32.9285417,1.44134400506463,1.39465928486053,1.7428810277327,3.68795554858038,0.994631923864438
"4317",32.93617288,1.44113725186483,1.39430242663438,1.74133590525888,3.68541516217739,0.994590805253645
"4318",32.94380406,1.4409298312867,1.39394442112716,1.73978658222933,3.68286763142085,0.994549371659555
"4319",32.95143524,1.44072174160617,1.39358526466905,1.73823304904507,3.68031293894778,0.99450762066931
"4320",32.95906642,1.44051298109778,1.39322495357572,1.73667529609493,3.677751067361,0.9944655498515
"4321",32.9666976,1.44030354803464,1.39286348414755,1.73511331375248,3.67518199922412,0.994423156756145
"4322",32.97432878,1.44009344068849,1.39250085266982,1.73354709237758,3.67260571706376,0.994380438914487
"4323",32.98195996,1.43988265732968,1.39213705541267,1.73197662231652,3.67002220336956,0.994337393838856
"4324",32.98959114,1.43967119622725,1.391772088631,1.73040189390246,3.66743144059476,0.994294019022499
"4325",32.99722232,1.4394590556489,1.39140594856407,1.72882289745372,3.6648334111532,0.994250311939511
"4326",33.0048535,1.43924623386105,1.39103863143585,1.72723962327647,3.66222809742339,0.994206270044585
"4327",33.01248468,1.43903272912884,1.39067013345449,1.7256520616625,3.65961548174482,0.994161890772951
"4328",33.02011586,1.43881853971617,1.39030045081253,1.72406020289097,3.65699554642049,0.994117171540165
"4329",33.02774704,1.43860366388572,1.38992957968647,1.7224640372268,3.65436827371422,0.994072109742022
"4330",33.03537822,1.43838809989897,1.38955751623707,1.72086355492294,3.65173364585386,0.994026702754322
"4331",33.0430094,1.43817184601623,1.38918425660868,1.71925874621775,3.64909164502716,0.993980947932817
"4332",33.05064058,1.43795490049666,1.38880979692981,1.71764960133828,3.64644225338651,0.993934842612942
"4333",33.05827176,1.43773726159828,1.38843413331241,1.71603611049739,3.64378545304438,0.993888384109766
"4334",33.06590294,1.43751892757804,1.388057261852,1.71441826389528,3.64112122607536,0.993841569717785
"4335",33.07353412,1.4372998966918,1.38767917862769,1.7127960517201,3.63844955451693,0.993794396710745
"4336",33.0811653,1.43708016719438,1.38729987970175,1.71116946414653,3.63577042036701,0.993746862341541
"4337",33.08879648,1.43685973733957,1.38691936111989,1.70953849133785,3.63308380558706,0.993698963841976
"4338",33.09642766,1.43663860538017,1.38653761891056,1.70790312344318,3.63038969209735,0.99365069842272
"4339",33.10405884,1.436416769568,1.38615464908554,1.70626335060114,3.62768806178259,0.993602063273002
"4340",33.11169002,1.43619422815396,1.38577044763923,1.70461916293709,3.62497889648733,0.993553055560562
"4341",33.1193212,1.435970979388,1.38538501054888,1.70297055056475,3.62226217801827,0.993503672431423
"4342",33.12695238,1.43574702151921,1.38499833377412,1.70131750358506,3.61953788814216,0.993453911009779
"4343",33.13458356,1.4355223527958,1.38461041325731,1.69966001208815,3.61680600858874,0.99340376839775
"4344",33.14221474,1.43529697146515,1.38422124492298,1.69799806615158,3.6140665210477,0.99335324167529
"4345",33.14984592,1.43507087577382,1.38383082467787,1.69633165584147,3.6113194071701,0.993302327899976
"4346",33.1574771,1.43484406396761,1.38343914841091,1.69466077121271,3.60856464856862,0.993251024106832
"4347",33.16510828,1.43461653429154,1.38304621199297,1.69298540230884,3.60580222681695,0.993199327308168
"4348",33.17273946,1.43438828498993,1.38265201127658,1.6913055391613,3.60303212344846,0.99314723449344
"4349",33.18037064,1.43415931430639,1.38225654209609,1.68962117179117,3.60025431995859,0.993094742629009
"4350",33.18800182,1.43392962048386,1.3818598002673,1.68793229020799,3.59746879780277,0.993041848658019
"4351",33.195633,1.43369920176465,1.38146178158753,1.68623888441092,3.59467553839793,0.992988549500176
"4352",33.20326418,1.43346805639044,1.38106248183536,1.68454094438819,3.59187452312143,0.992934842051598
"4353",33.21089536,1.43323618260234,1.38066189677044,1.68283846011731,3.58906573331108,0.992880723184627
"4354",33.21852654,1.43300357864092,1.38026002213336,1.68113142156488,3.58624915026446,0.992826189747668
"4355",33.22615772,1.43277024274619,1.37985685364571,1.67941981868807,3.58342475524111,0.992771238564944
"4356",33.2337889,1.43253617315771,1.3794523870097,1.67770364143317,3.58059252945993,0.992715866436377
"4357",33.24142008,1.43230136811454,1.37904661790816,1.67598287973687,3.5777524541008,0.992660070137359
"4358",33.24905126,1.43206582585533,1.37863954200423,1.67425752352546,3.57490451030311,0.992603846418602
"4359",33.25668244,1.43182954461832,1.37823115494143,1.67252756271581,3.572048679167,0.992547192005911
"4360",33.26431362,1.43159252264136,1.37782145234335,1.67079298721513,3.56918494175265,0.992490103600015
"4361",33.2719448,1.43135475816198,1.37741042981366,1.66905378692168,3.56631327908114,0.992432577876348
"4362",33.27957598,1.4311162494174,1.37699808293569,1.66730995172354,3.56343367213209,0.992374611484916
"4363",33.28720716,1.43087699464454,1.37658440727249,1.66556147150012,3.56054610184587,0.992316201050044
"4364",33.29483834,1.4306369920801,1.37616939836674,1.66380833612228,3.55765054912336,0.992257343170184
"4365",33.30246952,1.43039623996053,1.37575305174042,1.66205053545177,3.55474699482483,0.992198034417741
"4366",33.3101007,1.43015473652212,1.3753353628946,1.66028805934147,3.55183541976989,0.992138271338881
"4367",33.31773188,1.429912480001,1.37491632730954,1.65852089763619,3.54891580473855,0.992078050453294
"4368",33.32536306,1.42966946863319,1.37449594044436,1.65674904017263,3.54598813047065,0.992017368254007
"4369",33.33299424,1.42942570065459,1.37407419773694,1.6549724767794,3.5430523776658,0.991956221207181
"4370",33.34062542,1.42918117430108,1.37365109460356,1.65319119727664,3.54010852698221,0.991894605751936
"4371",33.3482566,1.42893588780851,1.37322662643908,1.65140519147751,3.53715655903878,0.991832518300082
"4372",33.35588778,1.42868983941273,1.37280078861659,1.64961444918775,3.53419645441407,0.991769955235942
"4373",33.36351896,1.42844302734965,1.37237357648721,1.64781896020561,3.53122819364592,0.991706912916148
"4374",33.37115014,1.42819544985523,1.37194498537985,1.64601871432167,3.52825175723059,0.991643387669449
"4375",33.37878132,1.42794710516558,1.37151501060129,1.64421370132047,3.52526712562513,0.991579375796437
"4376",33.3864125,1.42769799151694,1.37108364743582,1.64240391097941,3.52227427924532,0.991514873569381
"4377",33.39404368,1.42744810714571,1.37065089114524,1.64058933307015,3.5192731984674,0.991449877231964
"4378",33.40167486,1.42719745028855,1.37021673696824,1.63876995735659,3.51626386362449,0.991384382999163
"4379",33.40930604,1.42694601918233,1.36978118012097,1.6369457735985,3.51324625501209,0.991318387056874
"4380",33.41693722,1.42669381206423,1.36934421579604,1.63511677154808,3.51022035288216,0.991251885561854
"4381",33.4245684,1.42644082717173,1.36890583916305,1.63328294095326,3.50718613744794,0.99118487464136
"4382",33.43219958,1.42618706274269,1.36846604536794,1.63144427155607,3.50414358888103,0.991117350393006
"4383",33.43983076,1.42593251701534,1.36802482953295,1.62960075309324,3.5010926873119,0.991049308884524
"4384",33.44746194,1.42567718822835,1.36758218675645,1.6277523752966,3.49803341283016,0.990980746153518
"4385",33.45509312,1.42542107462085,1.36713811211288,1.62589912789385,3.49496574548541,0.990911658207218
"4386",33.4627243,1.42516417443247,1.36669260065235,1.62404100060807,3.49188966528596,0.990842041022275
"4387",33.47035548,1.42490648590338,1.36624564740043,1.62217798315755,3.48880515219817,0.990771890544554
"4388",33.47798666,1.42464800727432,1.36579724735822,1.62031006525747,3.48571218614877,0.990701202688819
"4389",33.48561784,1.42438873678664,1.36534739550198,1.61843723661908,3.48261074702312,0.990629973338556
"4390",33.49324902,1.42412867268235,1.36489608678285,1.61655948695006,3.4795008146652,0.990558198345727
"4391",33.5008802,1.42386781320413,1.36444331612692,1.61467680595531,3.47638236887874,0.990485873530495
"4392",33.50851138,1.42360615659538,1.36398907843465,1.61278918333617,3.47325538942518,0.990412994681045
"4393",33.51614256,1.42334370110029,1.36353336858116,1.61089660879243,3.47011985602672,0.99033955755324
"4394",33.52377374,1.42308044496382,1.3630761814155,1.60899907202044,3.46697574836269,0.990265557870491
"4395",33.53140492,1.42281638643178,1.36261751176083,1.60709656271516,3.46382304607243,0.990190991323414
"4396",33.5390361,1.42255152375085,1.36215735441414,1.60518907056985,3.46066172875439,0.99011585356961
"4397",33.54666728,1.42228585516865,1.36169570414597,1.60327658527627,3.45749177596586,0.990040140233417
"4398",33.55429846,1.42201937893372,1.36123255569999,1.60135909652421,3.45431316722175,0.989963846905699
"4399",33.56192964,1.42175209329562,1.36076790379339,1.59943659400377,3.45112588199803,0.989886969143475
"4400",33.56956082,1.42148399650494,1.36030174311602,1.59750906740357,3.44792989972805,0.98980950246978
"4401",33.577192,1.42121508681332,1.35983406833061,1.59557650641268,3.44472519980525,0.989731442373318
"4402",33.58482318,1.42094536247355,1.35936487407221,1.59363890071926,3.44151176158061,0.989652784308281
"4403",33.59245436,1.42067482173955,1.35889415494837,1.59169624001289,3.43828956436574,0.989573523693986
"4404",33.60008554,1.42040346286645,1.35842190553864,1.58974851398335,3.43505858743058,0.98949365591468
"4405",33.60771672,1.4201312841106,1.3579481203942,1.58779571232082,3.43181881000296,0.989413176319289
"4406",33.6153479,1.41985828372963,1.35747279403813,1.58583782471782,3.42857021127151,0.989332080221052
"4407",33.62297908,1.41958445998251,1.35699592096478,1.58387484086812,3.42531277038318,0.989250362897333
"4408",33.63061026,1.41930981112954,1.35651749563958,1.58190675046718,3.42204646644345,0.989168019589332
"4409",33.63824144,1.41903433543242,1.35603751249907,1.57993354321351,3.41877127851816,0.989085045501756
"4410",33.64587262,1.41875803115433,1.35555596595034,1.57795520880788,3.41548718563145,0.989001435802605
"4411",33.6535038,1.4184808965599,1.35507285037089,1.57597173695379,3.41219416676608,0.988917185622883
"4412",33.66113498,1.4182029299153,1.35458816010853,1.57398311735865,3.40889220086486,0.988832290056268
"4413",33.66876616,1.41792412948826,1.35410188948111,1.57198933973382,3.40558126683014,0.988746744158842
"4414",33.67639734,1.41764449354814,1.3536140327761,1.56999039379432,3.4022613435227,0.988660542948844
"4415",33.68402852,1.41736402036595,1.35312458425051,1.56798626926009,3.3989324097632,0.988573681406331
"4416",33.6916597,1.41708270821439,1.35263353813051,1.56597695585546,3.39559444433093,0.988486154472934
"4417",33.69929088,1.41680055536792,1.35214088861143,1.56396244331076,3.39224742596567,0.988397957051495
"4418",33.70692206,1.41651756010277,1.3516466298572,1.56194272136148,3.38889133336582,0.988309084005839
"4419",33.71455324,1.41623372069701,1.35115075600035,1.55991777974969,3.38552614519001,0.988219530160425
"4420",33.72218442,1.41594903543059,1.35065326114154,1.55788760822335,3.38215184005562,0.98812929030009
"4421",33.7298156,1.41566350258536,1.35015413934947,1.55585219653778,3.37876839654028,0.988038359169706
"4422",33.73744678,1.41537712044515,1.34965338466058,1.55381153445566,3.37537579318141,0.987946731473879
"4423",33.74507796,1.41508988729581,1.34915099107871,1.55176561174711,3.37197400847578,0.987854401876673
"4424",33.75270914,1.41480180142523,1.3486469525749,1.54971441819054,3.36856302088011,0.987761365001266
"4425",33.76034032,1.41451286112339,1.34814126308714,1.5476579435731,3.36514280881128,0.987667615429647
"4426",33.7679715,1.41422306468243,1.34763391652007,1.54559617769094,3.36171335064615,0.987573147702297
"4427",33.77560268,1.41393241039669,1.3471249067447,1.54352911034972,3.35827462472163,0.987477956317879
"4428",33.78323386,1.41364089656272,1.3466142275982,1.54145673136513,3.35482660933503,0.987382035732904
"4429",33.79086504,1.41334852147938,1.34610187288343,1.53937903056287,3.35136928274315,0.98728538036145
"4430",33.79849622,1.41305528344785,1.34558783636891,1.53729599777983,3.3479026231638,0.987187984574779
"4431",33.8061274,1.41276118077169,1.34507211178847,1.53520762286449,3.34442660877558,0.987089842701024
"4432",33.81375858,1.41246621175689,1.34455469284077,1.53311389567654,3.34094121771667,0.986990949024904
"4433",33.82138976,1.41217037471188,1.3440355731894,1.5310148060888,3.33744642808735,0.986891297787307
"4434",33.82902094,1.41187366794766,1.34351474646206,1.52891034398594,3.33394221794695,0.986790883185068
"4435",33.83665212,1.41157608977776,1.3429922062509,1.52680049926695,3.33042856531761,0.986689699370495
"4436",33.8442833,1.41127763851833,1.34246794611154,1.52468526184346,3.32690544818041,0.986587740451183
"4437",33.85191448,1.41097831248819,1.34194195956342,1.52256462164248,3.32337284447939,0.986485000489514
"4438",33.85954566,1.41067811000888,1.34141424008909,1.52043856860554,3.31983073211934,0.986381473502412
"4439",33.86717684,1.41037702940468,1.34088478113388,1.51830709268879,3.31627908896526,0.986277153461012
"4440",33.87480802,1.41007506900269,1.34035357610603,1.51617018386552,3.31271789284574,0.986172034290186
"4441",33.8824392,1.40977222713286,1.3398206183759,1.51402783212473,3.30914712154992,0.986066109868314
"4442",33.89007038,1.40946850212807,1.33928590127576,1.51188002747207,3.30556675282809,0.985959374026908
"4443",33.89770156,1.40916389232412,1.3387494180998,1.50972675993165,3.30197676439419,0.985851820550164
"4444",33.90533274,1.40885839605985,1.33821116210346,1.5075680195451,3.29837713392338,0.985743443174695
"4445",33.91296392,1.40855201167715,1.33767112650307,1.50540379637232,3.29476783905233,0.985634235589168
"4446",33.9205951,1.40824473752099,1.33712930447603,1.50323408049349,3.29114885738204,0.985524191433831
"4447",33.92822628,1.40793657193953,1.33658568915989,1.50105886200794,3.28752016647494,0.985413304300257
"4448",33.93585746,1.40762751328412,1.33604027365228,1.49887813103529,3.28388174385614,0.98530156773094
"4449",33.94348864,1.40731755990937,1.33549305101063,1.49669187771639,3.28023356701406,0.985188975218888
"4450",33.95111982,1.40700671017321,1.33494401425179,1.49450009221384,3.27657561340053,0.985075520207261
"4451",33.958751,1.40669496243693,1.3343931563517,1.49230276471239,3.27290786043064,0.984961196088989
"4452",33.96638218,1.40638231506521,1.33384047024501,1.49009988541974,3.26923028548316,0.984845996206388
"4453",33.97401336,1.40606876642622,1.33328594882465,1.48789144456657,3.26554286589983,0.98472991385081
"4454",33.98164454,1.40575431489164,1.33272958494178,1.48567743240835,3.26184557898745,0.984612942262165
"4455",33.98927572,1.40543895883671,1.33217137140517,1.48345783922507,3.25813840201661,0.984495074628603
"4456",33.9969069,1.40512269664029,1.33161130098095,1.48123265532215,3.25442131222232,0.984376304086086
"4457",34.00453808,1.40480552668494,1.33104936639212,1.47900187103074,3.2506942868036,0.984256623718024
"4458",34.01216926,1.4044874473569,1.33048556031855,1.47676547670959,3.24695730292577,0.984136026554787
"4459",34.01980044,1.40416845704624,1.32991987539615,1.47452346274399,3.2432103377177,0.984014505573415
"4460",34.02743162,1.40384855414681,1.32935230421695,1.47227581954824,3.23945336827516,0.983892053697089
"4461",34.0350628,1.4035277370564,1.32878283932824,1.4700225375644,3.23568637165761,0.983768663794857
"4462",34.04269398,1.40320600417671,1.32821147323284,1.46776360726543,3.23190932489279,0.983644328681042
"4463",34.05032516,1.40288335391342,1.32763819838805,1.46549901915337,3.22812220497245,0.98351904111501
"4464",34.05795634,1.40255978467629,1.32706300720569,1.46322876376157,3.22432498885539,0.983392793800633
"4465",34.06558752,1.40223529487916,1.32648589205177,1.46095283165569,3.22051765346807,0.983265579385852
"4466",34.0732187,1.40190988294004,1.32590684524568,1.45867121343296,3.21670017570233,0.983137390462354
"4467",34.08084988,1.40158354728113,1.32532585906034,1.45638389972455,3.21287253241859,0.98300821956502
"4468",34.08848106,1.40125628632893,1.32474292572134,1.45409088119504,3.20903470044378,0.982878059171589
"4469",34.09611224,1.40092809851424,1.32415803740689,1.45179214854415,3.20518665657341,0.982746901702145
"4470",34.10374342,1.40059898227222,1.32357118624719,1.44948769250692,3.20132837757072,0.982614739518725
"4471",34.1113746,1.40026893604251,1.3229823643242,1.44717750385475,3.19745984016761,0.982481564924852
"4472",34.11900578,1.39993795826919,1.32239156367116,1.44486157339633,3.19358102106499,0.982347370165078
"4473",34.12663696,1.3996060474009,1.32179877627215,1.44253989197813,3.18969189693269,0.982212147424555
"4474",34.13426814,1.39927320189091,1.32120399406165,1.44021245048504,3.1857924444095,0.982075888828597
"4475",34.14189932,1.39893942019709,1.32060720892431,1.43787923984211,3.18188264010496,0.98193858644215
"4476",34.1495305,1.39860470078207,1.32000841269436,1.43554025101456,3.17796246059845,0.981800232269391
"4477",34.15716168,1.39826904211323,1.31940759715521,1.43319547500872,3.1740318824396,0.981660818253261
"4478",34.16479286,1.39793244266279,1.31880475403902,1.4308449028731,3.17009088214902,0.981520336274973
"4479",34.17242404,1.39759490090783,1.31819987502644,1.42848852569948,3.16613943621919,0.981378778153528
"4480",34.18005522,1.39725641533039,1.31759295174591,1.42612633462326,3.16217752111375,0.981236135645276
"4481",34.1876864,1.39691698441751,1.31698397577331,1.42375832082437,3.15820511326804,0.981092400443437
"4482",34.19531758,1.39657660666128,1.31637293863173,1.42138447552896,3.1542221890909,0.980947564177552
"4483",34.20294876,1.3962352805589,1.31575983179072,1.41900479000938,3.15022872496332,0.980801618413072
"4484",34.21057994,1.39589300461275,1.31514464666598,1.41661925558545,3.14622469723963,0.980654554650842
"4485",34.21821112,1.39554977733045,1.31452737461901,1.41422786362579,3.14221008224855,0.980506364326564
"4486",34.2258423,1.39520559722489,1.31390800695644,1.41183060554799,3.13818485629222,0.980357038810374
"4487",34.23347348,1.39486046281431,1.31328653492973,1.40942747282028,3.13414899564802,0.980206569406271
"4488",34.24110466,1.39451437262238,1.31266294973457,1.40701845696174,3.1301024765676,0.980054947351679
"4489",34.24873584,1.39416732517822,1.31203724251064,1.40460354954441,3.12604527527934,0.97990216381684
"4490",34.25636702,1.39381931901646,1.31140940434088,1.40218274219306,3.12197736798675,0.979748209904403
"4491",34.2639982,1.39347035267734,1.31077942625117,1.39975602658696,3.11789873087031,0.979593076648838
"4492",34.27162938,1.39312042470674,1.31014729920976,1.39732339446049,3.11380934008711,0.979436755015954
"4493",34.27926056,1.39276953365622,1.3095130141269,1.39488483760461,3.10970917177234,0.979279235902331
"4494",34.28689174,1.39241767808315,1.30887656185421,1.3924403478673,3.10559820203859,0.979120510134842
"4495",34.29452292,1.39206485655067,1.30823793318431,1.38998991715525,3.1014764069776,0.978960568470062
"4496",34.3021541,1.39171106762784,1.30759711885032,1.38753353743461,3.09734376266026,0.978799401593757
"4497",34.30978528,1.39135630988966,1.30695410952517,1.38507120073167,3.09320024513639,0.978637000120379
"4498",34.31741646,1.39100058191713,1.30630889582135,1.38260289913475,3.08904583043676,0.978473354592445
"4499",34.32504764,1.39064388229732,1.30566146829028,1.38012862479477,3.08488049457269,0.978308455480037
"4500",34.33267882,1.39028620962341,1.30501181742169,1.37764836992622,3.08070421353647,0.978142293180254
"4501",34.34031,1.38992756249479,1.30435993364334,1.3751621268089,3.07651696330295,0.9779748580166
"4502",34.34794118,1.38956793951709,1.30370580732031,1.37266988778852,3.07231871982923,0.977806140238474
"4503",34.35557236,1.38920733930226,1.30304942875454,1.37017164527799,3.06810945905553,0.977636130020578
"4504",34.36320354,1.38884576046861,1.30239078818431,1.36766739175876,3.06388915690611,0.977464817462338
"4505",34.37083472,1.38848320164089,1.3017298757836,1.36515711978156,3.05965778928914,0.977292192587366
"4506",34.3784659,1.38811966145035,1.30106668166174,1.36264082196822,3.05541533209851,0.977118245342815
"4507",34.38609708,1.38775513853478,1.30040119586272,1.36011849101243,3.05116176121362,0.976942965598842
"4508",34.39372826,1.38738963153862,1.29973340836458,1.35759011968072,3.04689705249972,0.976766343148032
"4509",34.40135944,1.38702313911297,1.29906330907907,1.35505570081442,3.04262118180988,0.976588367704742
"4510",34.40899062,1.38665565991569,1.29839088785093,1.3525152273304,3.03833412498474,0.976409028904546
"4511",34.4166218,1.38628719261142,1.29771613445728,1.34996869222213,3.03403585785288,0.976228316303652
"4512",34.42425298,1.38591773587171,1.29703903860729,1.34741608856173,3.02972635623306,0.976046219378212
"4513",34.43188416,1.38554728837503,1.29635958994136,1.34485740950045,3.02540559593337,0.975862727523793
"4514",34.43951534,1.38517584880682,1.2956777780305,1.34229264827003,3.02107355275208,0.975677830054757
"4515",34.44714652,1.38480341585962,1.29499359237619,1.33972179818502,3.01673020248039,0.975491516203529
"4516",34.4547777,1.38442998823307,1.29430702240913,1.33714485264247,3.01237552090005,0.975303775120142
"4517",34.46240888,1.384055564634,1.29361805748921,1.3345618051247,3.00800948378685,0.975114595871453
"4518",34.47004006,1.3836801437765,1.29292668690467,1.3319726492,3.00363206691029,0.974923967440578
"4519",34.47767124,1.38330372438196,1.29223289987138,1.3293773785238,2.9992432460338,0.974731878726272
"4520",34.48530242,1.38292630517915,1.29153668553253,1.32677598684079,2.99484299691715,0.974538318542202
"4521",34.4929336,1.38254788490431,1.2908380329578,1.3241684679856,2.99043129531595,0.974343275616371
"4522",34.50056478,1.38216846230114,1.2901369311427,1.32155481588442,2.98600811698272,0.974146738590445
"4523",34.50819596,1.38178803612094,1.28943336900821,1.31893502455684,2.9815734376687,0.973948696019039
"4524",34.51582714,1.38140660512265,1.28872733539978,1.31630908811648,2.9771272331231,0.973749136369149
"4525",34.52345832,1.38102416807289,1.28801881908701,1.31367700077315,2.97266947909546,0.973548048019389
"4526",34.5310895,1.38064072374606,1.28730780876294,1.3110387568343,2.96820015133633,0.973345419259334
"4527",34.53872068,1.38025627092438,1.28659429304318,1.30839435070583,2.96371922559711,0.973141238288899
"4528",34.54635186,1.37987080839795,1.2858782604656,1.30574377689447,2.95922667763251,0.972935493217564
"4529",34.55398304,1.37948433496487,1.28515969948941,1.30308703000869,2.95472248320039,0.972728172063745
"4530",34.56161422,1.37909684943122,1.28443859849462,1.30042410476051,2.95020661806332,0.972519262754064
"4531",34.5692454,1.3787083506112,1.28371494578131,1.29775499596691,2.94567905798923,0.972308753122671
"4532",34.57687658,1.37831883732714,1.28298872956903,1.29507969855151,2.94113977875266,0.972096630910509
"4533",34.58450776,1.3779283084096,1.28225993799607,1.2923982075462,2.93658875613588,0.971882883764608
"4534",34.59213894,1.37753676269743,1.28152855911878,1.28971051809263,2.9320259659297,0.971667499237372
"4535",34.59977012,1.37714419903782,1.28079458091084,1.28701662544366,2.92745138393423,0.971450464785872
"4536",34.6074013,1.37675061628639,1.28005799126265,1.28431652496544,2.9228649859608,0.971231767771069
"4537",34.61503248,1.37635601330722,1.2793187779805,1.28161021213856,2.9182667478321,0.971011395457133
"4538",34.62266366,1.37596038897297,1.27857692878612,1.27889768256042,2.91365664538455,0.970789335010626
"4539",34.63029484,1.37556374216488,1.27783243131564,1.2761789319461,2.90903465446815,0.970565573499831
"4540",34.63792602,1.37516607177288,1.27708527311896,1.27345395613024,2.90440075094756,0.970340097894004
"4541",34.6455572,1.37476737669566,1.27633544165924,1.2707227510695,2.899754910705,0.970112895062512
"4542",34.65318838,1.3743676558407,1.2755829243119,1.26798531284333,2.89509710963943,0.969883951774184
"4543",34.66081956,1.37396690812438,1.27482770836407,1.26524163765643,2.89042732366922,0.969653254696461
"4544",34.66845074,1.37356513247201,1.27406978101363,1.26249172183991,2.88574552873204,0.96942079039469
"4545",34.67608192,1.3731623278179,1.27330912936872,1.25973556185369,2.88105170078743,0.96918654533127
"4546",34.6837131,1.37275849310546,1.27254574044678,1.25697315428787,2.87634581581712,0.968950505864916
"4547",34.69134428,1.37235362728723,1.27177960117385,1.25420449586471,2.87162784982662,0.968712658249847
"4548",34.69897546,1.37194772932496,1.27101069838385,1.2514295834406,2.8668977788468,0.968472988634967
"4549",34.70660664,1.37154079818969,1.27023901881781,1.24864841400781,2.86215557893503,0.968231483063069
"4550",34.71423782,1.37113283286178,1.26946454912284,1.24586098469599,2.85740122617564,0.967988127470086
"4551",34.721869,1.37072383233101,1.26868727585182,1.2430672927751,2.85263469668342,0.967742907684124
"4552",34.72950018,1.37031379559664,1.26790718546203,1.24026733565588,2.84785596660214,0.967495809424827
"4553",34.73713136,1.36990272166748,1.26712426431489,1.23746111089332,2.84306501210887,0.967246818302358
"4554",34.74476254,1.36949060956193,1.26633849867471,1.23464861618731,2.83826180941302,0.966995919816711
"4555",34.75239372,1.36907745830808,1.26554987470819,1.23182984938556,2.83344633475948,0.966743099356762
"4556",34.7600249,1.36866326694376,1.26475837848341,1.22900480848498,2.82861856442897,0.966488342199486
"4557",34.76765608,1.36824803451661,1.26396399596906,1.22617349163398,2.82377847474006,0.96623163350907
"4558",34.77528726,1.36783176008415,1.26316671303362,1.22333589713453,2.8189260420507,0.965972958336044
"4559",34.78291844,1.36741444271385,1.26236651544449,1.22049202344402,2.81406124275947,0.965712301616429
"4560",34.79054962,1.36699608148319,1.26156338886711,1.21764186917742,2.8091840533073,0.965449648170855
"4561",34.7981808,1.3665766754797,1.26075731886422,1.21478543310952,2.80429445017922,0.965184982703658
"4562",34.80581198,1.3661562238011,1.25994829089492,1.21192271417699,2.79939240990602,0.964918289801991
"4563",34.81344316,1.36573472555529,1.25913629031364,1.20905371148008,2.79447790906487,0.964649553934993
"4564",34.82107434,1.36531217986047,1.25832130236961,1.2061784242855,2.78955092428264,0.964378759452769
"4565",34.82870552,1.36488858584517,1.25750331220568,1.20329685202808,2.78461143223634,0.964105890585569
"4566",34.8363367,1.36446394264835,1.25668230485749,1.20040899431298,2.77965940965491,0.963830931442857
"4567",34.84396788,1.36403824941945,1.2558582652527,1.19751485091832,2.77469483332185,0.963553866012331
"4568",34.85159906,1.36361150531843,1.25503117820996,1.19461442179693,2.76971768007601,0.963274678159045
"4569",34.85923024,1.36318370951589,1.25420102843791,1.1917077070787,2.7647279268134,0.962993351624486
"4570",34.86686142,1.36275486119313,1.25336780053452,1.18879470707322,2.75972555048996,0.962709870025538
"4571",34.8744926,1.36232495954215,1.25253147898589,1.18587542227155,2.75471052812212,0.962424216853634
"4572",34.88212378,1.36189400376581,1.25169204816552,1.18294985334907,2.74968283678988,0.962136375473699
"4573",34.88975496,1.36146199307783,1.25084949233322,1.18001800116733,2.74464245363761,0.961846329123263
"4574",34.89738614,1.36102892670289,1.25000379563415,1.17707986677664,2.73958935587641,0.961554060911451
"4575",34.90501732,1.36059480387668,1.24915494209801,1.17413545141853,2.73452352078641,0.961259553817972
"4576",34.9126485,1.36015962384598,1.24830291563795,1.17118475652812,2.72944492571834,0.960962790692159
"4577",34.92027968,1.35972338586872,1.24744770004961,1.16822778373636,2.72435354809542,0.960663754251975
"4578",34.92791086,1.35928608921404,1.24658927901007,1.16526453487257,2.71924936541541,0.960362427083008
"4579",34.93554204,1.35884773316238,1.24572763607701,1.16229501196705,2.71413235525308,0.960058791637423
"4580",34.94317322,1.35840831700552,1.24486275468765,1.15931921725356,2.70900249526207,0.959752830232954
"4581",34.9508044,1.35796784004665,1.24399461815765,1.15633715317159,2.70385976317679,0.959444525051898
"4582",34.95843558,1.35752630160048,1.24312320968012,1.15334882236898,2.69870413681439,0.959133858140084
"4583",34.96606676,1.35708370099322,1.24224851232473,1.15035422770473,2.69353559407772,0.958820811405766
"4584",34.97369794,1.35664003756274,1.24137050903651,1.14735337225132,2.68835411295687,0.958505366618624
"4585",34.98132912,1.35619531065859,1.24048918263488,1.14434625929735,2.6831596715315,0.958187505408694
"4586",34.9889603,1.35574951964204,1.23960451581259,1.14133289235027,2.67795224797323,0.957867209265284
"4587",34.99659148,1.3553026638862,1.23871649113469,1.13831327513899,2.67273182054803,0.957544459535895
"4588",35.00422266,1.35485474277608,1.23782509103733,1.13528741161631,2.6674983676179,0.957219237425178
"4589",35.01185384,1.3544057557086,1.23693029782696,1.13225530596224,2.66225186764453,0.956891523993742
"4590",35.01948502,1.35395570209274,1.23603209367887,1.12921696258596,2.65699229919012,0.956561300157171
"4591",35.0271162,1.35350458134952,1.23513046063637,1.12617238612898,2.65171964092079,0.956228546684843
"4592",35.03474738,1.35305239291214,1.23422538060967,1.12312158146804,2.64643387160913,0.955893244198786
"4593",35.04237856,1.35259913622599,1.23331683537455,1.12006455371737,2.64113497013567,0.955555373172647
"4594",35.05000974,1.35214481074877,1.23240480657155,1.11700130823218,2.63582291549283,0.955214913930432
"4595",35.05764092,1.3516894159505,1.23148927570455,1.11393185061088,2.6304976867862,0.954871846645465
"4596",35.0652721,1.35123295131361,1.23057022413984,1.11085618669837,2.62515926323795,0.954526151339166
"4597",35.07290328,1.35077541633302,1.22964763310484,1.10777432258866,2.61980762418898,0.954177807879928
"4598",35.08053446,1.35031681051619,1.22872148368694,1.10468626462785,2.61444274910168,0.953826795981935
"4599",35.08816564,1.34985713338318,1.22779175683253,1.10159201941736,2.60906461756326,0.953473095203926
"4600",35.09579682,1.34939638446673,1.22685843334552,1.09849159381629,2.6036732092873,0.953116684948109
"4601",35.103428,1.34893456331231,1.22592149388637,1.09538499494489,2.59826850411748,0.952757544458878
"4602",35.11105918,1.3484716694782,1.2249809189708,1.09227223018738,2.59285048202994,0.95239565282164
"4603",35.11869036,1.34800770253554,1.22403668896863,1.08915330719499,2.58741912313627,0.952030988961586
"4604",35.12632154,1.3475426620684,1.22308878410249,1.086028233889,2.58197440768632,0.951663531642472
"4605",35.13395272,1.34707654767385,1.22213718444679,1.08289701846409,2.5765163160716,0.951293259465334
"4606",35.1415839,1.34660935896204,1.22118186992611,1.07975966939076,2.57104482882699,0.950920150867364
"4607",35.14921508,1.3461410955562,1.22022282031438,1.07661619541927,2.56555992663524,0.950544184120507
"4608",35.15684626,1.34567175709278,1.21926001523332,1.07346660558228,2.56006159032904,0.95016533733029
"4609",35.16447744,1.34520134322149,1.21829343415134,1.07031090919822,2.55454980089448,0.949783588434513
"4610",35.17210862,1.34472985360533,1.21732305638215,1.06714911587436,2.54902453947395,0.94939891520198
"4611",35.1797398,1.34425728792069,1.21634886108358,1.06398123551027,2.54348578736959,0.949011295231182
"4612",35.18737098,1.34378364585741,1.21537082725613,1.06080727830068,2.53793352604594,0.948620705949039
"4613",35.19500216,1.34330892711883,1.21438893374188,1.05762725473929,2.53236773713404,0.94822712460951
"4614",35.20263334,1.34283313142187,1.21340315922302,1.05444117562167,2.52678840243407,0.947830528292324
"4615",35.21026452,1.34235625849706,1.2124134822205,1.05124905204866,2.52119550391869,0.947430893901648
"4616",35.2178957,1.34187830808864,1.21141988109276,1.0480508954298,2.51558902373659,0.947028198164726
"4617",35.22552688,1.34139927995462,1.21042233403443,1.04484671748681,2.50996894421618,0.946622417630492
"4618",35.23315806,1.3409191738668,1.20942081907486,1.04163653025674,2.50433524786845,0.946213528668267
"4619",35.24078924,1.34043798961088,1.20841531407676,1.03842034609551,2.49868791739074,0.945801507466352
"4620",35.24842042,1.3399557269865,1.20740579673488,1.03519817768151,2.4930269356705,0.945386330030629
"4621",35.2560516,1.33947238580732,1.20639224457459,1.0319700380189,2.48735228578863,0.944967972183178
"4622",35.26368278,1.33898796590103,1.20537463495049,1.02873594044126,2.4816639510233,0.944546409560858
"4623",35.27131396,1.33850246710949,1.2043529450449,1.02549589861488,2.47596191485321,0.944121617613935
"4624",35.27894514,1.33801588928872,1.20332715186655,1.02224992654263,2.4702461609619,0.94369357160458
"4625",35.28657632,1.33752823230901,1.20229723224918,1.01899803856749,2.46451667324152,0.943262246605446
"4626",35.2942075,1.33703949605494,1.2012631628498,1.01574024937577,2.45877343579567,0.942827617498309
"4627",35.30183868,1.33654968042548,1.20022492014766,1.01247657400146,2.45301643294492,0.942389658972429
"4628",35.30946986,1.33605878533402,1.1991824804424,1.00920702782914,2.44724564922912,0.941948345523265
"4629",35.31710104,1.33556681070844,1.19813581985277,1.00593162659827,2.44146106941255,0.941503651450843
"4630",35.32473222,1.33507375649118,1.19708491431511,1.00265038640656,2.43566267848738,0.941055550858339
"4631",35.3323634,1.33457962263929,1.19602973958173,0.999363323713785,2.42985046167772,0.940604017650559
"4632",35.33999458,1.33408440912447,1.19497027121948,0.996070455345571,2.42402440444393,0.940149025532412
"4633",35.34762576,1.33358811593317,1.19390648460831,0.992771798497348,2.41818449248711,0.939690548007337
"4634",35.35525694,1.33309074306661,1.19283835493945,0.989467370737806,2.41233071175247,0.939228558375858
"4635",35.36288812,1.33259229054087,1.1917658572142,0.986157190013174,2.40646304843468,0.93876302973391
"4636",35.3705193,1.33209275838693,1.19068896624201,0.982841274650655,2.40058148898111,0.938293934971396
"4637",35.37815048,1.33159214665072,1.18960765663916,0.979519643362699,2.39468602009722,0.937821246770502
"4638",35.38578166,1.3310904553932,1.18852190282711,0.97619231525079,2.38877662875057,0.937344937604144
"4639",35.39341284,1.33058768469039,1.18743167903076,0.972859309809232,2.38285330217504,0.936864979734407
"4640",35.40104402,1.33008383463346,1.18633695927695,0.96952064692935,2.37691602787582,0.936381345210879
"4641",35.4086752,1.32957890532877,1.18523771739285,0.966176346903478,2.37096479363409,0.935894005869013
"4642",35.41630638,1.3290728968979,1.18413392700421,0.962826430428822,2.36499958751123,0.935402933328541
"4643",35.42393756,1.32856580947776,1.18302556153377,0.959470918611651,2.35902039785394,0.934908098991781
"4644",35.43156874,1.32805764322061,1.18191259419958,0.956109832971337,2.35302721329891,0.934409474041981
"4645",35.43919992,1.3275483982941,1.18079499801327,0.952743195444438,2.3470200227776,0.933907029441653
"4646",35.4468311,1.32703807488139,1.17967274577845,0.949371028388911,2.34099881552137,0.933400735930847
"4647",35.45446228,1.32652667318112,1.17854581008889,0.945993354588183,2.33496358106626,0.932890564025482
"4648",35.46209346,1.32601419340754,1.17741416332681,0.942610197255276,2.32891430925785,0.932376484015642
"4649",35.46972464,1.3255006357905,1.17627777766122,0.939221580037196,2.32285099025682,0.931858465963791
"4650",35.47735582,1.32498600057557,1.17513662504611,0.935827527019055,2.31677361454381,0.931336479703064
"4651",35.484987,1.32447028802403,1.17399067721865,0.932428062728291,2.31068217292459,0.930810494835517
"4652",35.49261818,1.32395349841296,1.17283990569747,0.929023212139023,2.30457665653547,0.930280480730344
"4653",35.50024936,1.32343563203528,1.17168428178081,0.925613000676295,2.29845705684851,0.929746406522102
"4654",35.50788054,1.32291668919983,1.17052377654479,0.922197454220532,2.29232336567722,0.929208241108888
"4655",35.51551172,1.32239667023136,1.16935836084149,0.91877659911171,2.28617557518161,0.928665953150569
"4656",35.5231429,1.32187557547065,1.16818800529719,0.915350462153914,2.28001367787414,0.928119511066914
"4657",35.53077408,1.32135340527452,1.16701268031046,0.911919070619645,2.27383766662505,0.927568883035788
"4658",35.53840526,1.3208301600159,1.16583235605029,0.9084824522542,2.26764753466798,0.927014036991305
"4659",35.54603644,1.32030584008385,1.16464700245434,0.905040635280367,2.26144327560625,0.926454940621893
"4660",35.55366762,1.31978044588367,1.16345658922682,0.901593648402577,2.25522488341789,0.925891561368507
"4661",35.5612988,1.31925397783688,1.16226108583677,0.898141520811655,2.24899235246212,0.925323866422667
"4662",35.56892998,1.31872643638132,1.16106046151602,0.894684282189235,2.24274567748504,0.924751822724571
"4663",35.57656116,1.31819782197118,1.15985468525731,0.891221962712323,2.23648485362566,0.924175396961175
"4664",35.58419234,1.31766813507704,1.15864372581233,0.887754593057939,2.23020987642221,0.92359455556422
"4665",35.59182352,1.31713737618594,1.15742755168963,0.884282204407526,2.22392074181778,0.923009264708353
"4666",35.5994547,1.3166055458014,1.15620613115287,0.880804828451869,2.21761744616736,0.922419490309045
"4667",35.60708588,1.31607264444351,1.1549794322186,0.877322497395475,2.21129998624348,0.921825198020699
"4668",35.61471706,1.31553867264892,1.15374742265432,0.873835243961341,2.20496835924284,0.921226353234613
"4669",35.62234824,1.31500363097094,1.15251006997645,0.870343101395638,2.19862256279275,0.920622921076979
"4670",35.62997942,1.31446751997955,1.15126734144828,0.86684610347244,2.19226259495783,0.920014866406819
"4671",35.6376106,1.31393034026146,1.15001920407786,0.863344284498376,2.18588845424625,0.919402153813997
"4672",35.64524178,1.31339209242015,1.148765624616,0.859837679317509,2.1795001396169,0.918784747617088
"4673",35.65287296,1.31285277707594,1.14750656955411,0.856326323316011,2.17309765048586,0.918162611861341
"4674",35.66050414,1.31231239486598,1.14624200512207,0.852810252426965,2.16668098673324,0.917535710316597
"4675",35.66813532,1.31177094644436,1.14497189728612,0.849289503135202,2.16025014871019,0.916904006475155
"4676",35.6757665,1.3112284324821,1.14369621174676,0.845764112482191,2.15380513724608,0.916267463549636
"4677",35.68339768,1.31068485366721,1.1424149139365,0.842234118070811,2.14734595365534,0.915626044470862
"4678",35.69102886,1.31014021070474,1.14112796901771,0.838699558070248,2.14087259974474,0.914979711885696
"4679",35.69866004,1.30959450431683,1.13983534188045,0.835160471220898,2.13438507782061,0.914328428154878
"4680",35.70629122,1.30904773524273,1.13853699714022,0.831616896839358,2.12788339069643,0.913672155350769
"4681",35.7139224,1.30849990423885,1.13723289913572,0.828068874823179,2.12136754169981,0.913010855255251
"4682",35.72155358,1.3079510120788,1.13592301192662,0.824516445656018,2.11483753468047,0.912344489357389
"4683",35.72918476,1.30740105955343,1.13460729929128,0.820959650412468,2.10829337401753,0.911673018851279
"4684",35.73681594,1.30685004747088,1.13328572472448,0.817398530763125,2.10173506462742,0.910996404633724
"4685",35.74444712,1.30629797665659,1.13195825143505,0.813833128979513,2.09516261197142,0.910314607302001
"4686",35.7520783,1.30574484795339,1.13062484234369,0.810263487939263,2.08857602206396,0.909627587151512
"4687",35.75970948,1.30519066222149,1.12928546008043,0.806689651130912,2.08197530147998,0.908935304173557
"4688",35.76734066,1.30463542033851,1.12794006698243,0.803111662659166,2.07536045736349,0.908237718052929
"4689",35.77497184,1.30407912319959,1.12658862509155,0.799529567249891,2.06873149743556,0.907534788165582
"4690",35.78260302,1.30352177171735,1.12523109615196,0.795943410255182,2.06208843000252,0.906826473576283
"4691",35.7902342,1.30296336682194,1.12386744160769,0.792353237658497,2.05543126396431,0.906112733036225
"4692",35.79786538,1.30240390946113,1.12249762260023,0.788759096079701,2.04876000882287,0.905393524980623
"4693",35.80549656,1.30184340060027,1.12112159996609,0.785161032780302,2.04207467469083,0.904668807526282
"4694",35.81312774,1.30128184122237,1.11973933423431,0.781559095668511,2.03537527230002,0.903938538469157
"4695",35.82075892,1.30071923232813,1.11835078562393,0.777953333304373,2.02866181301004,0.903202675281937
"4696",35.8283901,1.30015557493597,1.11695591404158,0.774343794905033,2.02193430881749,0.9024611751115
"4697",35.83602128,1.29959087008203,1.11555467907884,0.7707305303498,2.0151927723645,0.901713994776471
"4698",35.84365246,1.29902511882028,1.11414704000977,0.7671135901854,2.00843721694793,0.900961090764694
"4699",35.85128364,1.29845832222246,1.11273295578832,0.763493025631153,2.00166765652856,0.900202419230667
"4700",35.85891482,1.29789048137817,1.11131238504569,0.759868888584147,1.99488410574008,0.899437935993056
"4701",35.866546,1.2973215973949,1.10988528608783,0.756241231624518,1.98808657989878,0.898667596532033
"4702",35.87417718,1.29675167139802,1.10845161689265,0.752610108020553,1.98127509501248,0.897891355986801
"4703",35.88180836,1.29618070453086,1.10701133510758,0.748975571734101,1.97444966779077,0.89710916915283
"4704",35.88943954,1.2956086979547,1.10556439804672,0.745337677425619,1.96761031565402,0.89632099047936
"4705",35.89707072,1.29503565284881,1.1041107626882,0.741696480459509,1.96075705674342,0.895526774066696
"4706",35.9047019,1.29446157041049,1.10265038567154,0.738052036909383,1.95388990993097,0.8947264736635
"4707",35.91233308,1.29388645185508,1.1011832232948,0.734404403563226,1.94700889482916,0.893920042664171
"4708",35.91996426,1.29331029841601,1.09970923151195,0.730753637928753,1.94011403180137,0.893107434106062
"4709",35.92759544,1.29273311134477,1.09822836593001,0.727099798238588,1.93320534197188,0.892288600666781
"4710",35.93522662,1.29215489191102,1.09674058180623,0.723442943455541,1.92628284723622,0.891463494661447
"4711",35.9428578,1.29157564140255,1.09524583404541,0.719783133277902,1.91934657027173,0.890632068039866
"4712",35.95048898,1.29099536112532,1.09374407719689,0.716120428144639,1.91239653454791,0.889794272383783
"4713",35.95812016,1.2904140524035,1.09223526545179,0.712454889240703,1.90543276433725,0.888950058904044
"4714",35.96575134,1.28983171657947,1.09071935264013,0.708786578502273,1.89845528472597,0.888099378437738
"4715",35.97338252,1.28924835501387,1.08919629222786,0.705115558622016,1.89146412162493,0.887242181445353
"4716",35.9810137,1.28866396908557,1.08766603731399,0.701441893054313,1.88445930178063,0.886378418007889
"4717",35.98864488,1.28807856019177,1.08612854062764,0.697765646020557,1.87744085278647,0.885508037823936
"4718",35.99627606,1.28749212974794,1.08458375452499,0.694086882514313,1.87040880309384,0.884630990206773
"4719",36.00390724,1.2869046791879,1.08303163098639,0.690405668306638,1.86336318202368,0.883747224081386
"4720",36.01153842,1.28631620996381,1.08147212161324,0.686722069951233,1.85630401977788,0.882856687981529
"4721",36.0191696,1.28572672354617,1.07990517762505,0.68303615478973,1.84923134745112,0.881959330046675
"4722",36.02680078,1.2851362214239,1.07833074985627,0.679347990956856,1.84214519704245,0.881055098019046
"4723",36.03443196,1.28454470510429,1.07674878875326,0.675657647385617,1.83504560146723,0.880143939240562
"4724",36.04206314,1.28395217611307,1.0751592443712,0.671965193812545,1.8279325945694,0.879225800649712
"4725",36.04969432,1.28335863599437,1.07356206637085,0.668270700782792,1.82080621113324,0.878300628778587
"4726",36.0573255,1.28276408631079,1.07195720401553,0.664574239655359,1.81366648689615,0.877368369749617
"4727",36.06495668,1.28216852864339,1.07034460616777,0.660875882608172,1.80651345856062,0.876428969272581
"4728",36.07258786,1.2815719645917,1.06872422128628,0.657175702643264,1.79934716380722,0.875482372641324
"4729",36.08021904,1.28097439577374,1.06709599742253,0.653473773591816,1.792167641307,0.874528524730654
"4730",36.08785022,1.28037582382602,1.06545988221765,0.649770170119331,1.78497493073458,0.873567369993074
"4731",36.0954814,1.27977625040357,1.06381582289907,0.646064967730618,1.77776907278103,0.872598852455569
"4732",36.10311258,1.27917567717997,1.06216376627714,0.642358242774857,1.7705501091669,0.871622915716392
"4733",36.11074376,1.27857410584729,1.06050365874195,0.638650072450625,1.76331808265568,0.870639502941708
"4734",36.11837494,1.27797153811617,1.05883544625986,0.634940534810915,1.75607303706722,0.869648556862298
"4735",36.12600612,1.27736797571581,1.05715907437012,0.631229708768045,1.74881501729113,0.868650019770264
"4736",36.1336373,1.27676342039395,1.05547448818148,0.627517674098622,1.74154406930057,0.867643833515645
"4737",36.14126848,1.27615787391692,1.05378163236877,0.623804511448483,1.73426024016627,0.866629939503003
"4738",36.14889966,1.27555133806961,1.05208045116934,0.620090302337476,1.72696357807016,0.865608278688094
"4739",36.15653084,1.27494381465551,1.05037088837974,0.616375129164444,1.71965413232008,0.864578791574292
"4740",36.16416202,1.27433530549669,1.04865288735198,0.612659075211875,1.71233195336352,0.863541418209283
"4741",36.1717932,1.27372581243381,1.04692639099017,0.60894222465079,1.70499709280249,0.862496098181446
"4742",36.17942438,1.27311533732614,1.04519134174684,0.605224662545428,1.69764960340799,0.861442770616409
"4743",36.18705556,1.27250388205155,1.04344768161941,0.601506474857938,1.69028953913486,0.860381374173453
"4744",36.19468674,1.27189144850649,1.04169535214648,0.597787748453031,1.68291695513661,0.859311847041997
"4745",36.20231792,1.27127803860606,1.03993429440423,0.594068571102589,1.67553190778062,0.858234126937949
"4746",36.2099491,1.27066365428393,1.03816444900272,0.590349031490213,1.66813445466333,0.857148151100114
"4747",36.21758028,1.2700482974924,1.03638575608218,0.586629219215751,1.66072465462578,0.856053856286509
"4748",36.22521146,1.26943197020236,1.03459815530927,0.582909224799753,1.65330256776909,0.854951178770692
"4749",36.23284264,1.26881467440334,1.0328015858733,0.579189139687876,1.64586825547028,0.853840054338055
"4750",36.24047382,1.26819641210343,1.03099598648242,0.575469056255231,1.63842178039809,0.852720418282104
"4751",36.248105,1.26757718532937,1.02918129535984,0.571749067810721,1.63096320652929,0.851592205400632
"4752",36.25573618,1.26695699612648,1.02735745023992,0.568029268601228,1.62349259916471,0.850455349991987
"4753",36.26336736,1.26633584655866,1.02552438836431,0.564309753815834,1.61601002494582,0.849309785851207
"4754",36.27099854,1.26571373870843,1.023682046478,0.560590619589916,1.60851555187131,0.848155446266188
"4755",36.27862972,1.2650906746769,1.02183036082545,0.556871963009217,1.60100924931389,0.846992264013761
"4756",36.2862609,1.26446665658373,1.01996926714653,0.553153882113825,1.59349118803725,0.84582017135582
"4757",36.29389208,1.26384168656718,1.01809870067255,0.549436475902077,1.5859614402132,0.844639100035359
"4758",36.30152326,1.26321576678407,1.01621859612219,0.545719844334408,1.57842007943897,0.843448981272504
"4759",36.30915444,1.26258889940978,1.01432888769753,0.542004088337132,1.57086718075484,0.842249745760482
"4760",36.31678562,1.26196108663823,1.0124295090798,0.538289309806114,1.56330282066167,0.841041323661624
"4761",36.3244168,1.26133233068191,1.01052039342538,0.534575611610402,1.55572707713899,0.839823644603263
"4762",36.33204798,1.2607026337718,1.00860147336155,0.530863097595725,1.54814002966282,0.838596637673667
"4763",36.33967916,1.26007199815742,1.00667268098235,0.527151872587954,1.54054175922415,0.837360231417886
"4764",36.34731034,1.25944042610679,1.00473394784433,0.523442042396475,1.53293234834733,0.836114353833591
"4765",36.35494152,1.25880791990642,1.00278520496227,0.519733713817403,1.52531188110862,0.834858932366917
"4766",36.3625727,1.25817448186133,1.00082638280495,0.516026994636811,1.51768044315524,0.833593893908163
"4767",36.37020388,1.25754011429495,0.998857411290756,0.512321993633743,1.51003812172421,0.832319164787609
"4768",36.37783506,1.2569048195492,0.996878219783375,0.508618820583236,1.50238500566171,0.831034670771205
"4769",36.38546624,1.25626859998443,0.994888737087361,0.504917586259153,1.49472118544244,0.829740337056231
"4770",36.39309742,1.2556314579794,0.992888891443747,0.501218402436969,1.48704675318936,0.828436088266948
"4771",36.4007286,1.25499339593126,0.990878610525575,0.497521381896419,1.47936180269351,0.827121848450214
"4772",36.40835978,1.25435441625557,0.988857821433413,0.493826638424034,1.47166642943407,0.825797541071033
"4773",36.41599096,1.25371452138622,0.986826450690776,0.490134286815566,1.46396073059852,0.824463089008183
"4774",36.42362214,1.25307371377547,0.984784424239661,0.486444442878306,1.45624480510335,0.823118414549599
"4775",36.43125332,1.25243199589387,0.982731667435843,0.482757223433243,1.44851875361448,0.821763439387969
"4776",36.4388845,1.25178937023031,0.980668105044362,0.479072746317157,1.44078267856846,0.820398084616058
"4777",36.44651568,1.25114583929194,0.978593661234737,0.475391130384503,1.43303668419331,0.819022270722224
"4778",36.45414686,1.25050140560415,0.97650825957636,0.471712495509245,1.4252808765301,0.817635917585709
"4779",36.46177804,1.24985607171059,0.974411823033702,0.468036962586475,1.41751536345434,0.816238944472015
"4780",36.46940922,1.24920984017309,0.972304273961555,0.464364653533947,1.40974025469785,0.81483127002818
"4781",36.4770404,1.24856271357169,0.97018553410025,0.460695691293456,1.40195566187084,0.81341281227804
"4782",36.48467158,1.24791469450456,0.968055524570767,0.457030199832031,1.39416169848401,0.811983488617471
"4783",36.49230276,1.24726578558801,0.965914165869857,0.453368304143024,1.38635847997109,0.810543215809601
"4784",36.49993394,1.24661598945647,0.963761377865179,0.449710130247006,1.3785461237116,0.809091909979864
"4785",36.50756512,1.2459653087624,0.961597079790263,0.44605580519253,1.37072474905369,0.807629486611244
"4786",36.5151963,1.24531374617634,0.959421190239552,0.442405457056697,1.36289447733737,0.806155860539283
"4787",36.52282748,1.24466130438682,0.957233627163384,0.438759214945571,1.35505543191794,0.804670945947099
"4788",36.53045866,1.24400798610038,0.955034307862894,0.435117208994439,1.3472077381896,0.80317465636045
"4789",36.53808984,1.24335379404148,0.952823148984911,0.431479570367828,1.33935152360935,0.801666904642658
"4790",36.54572102,1.24269873095251,0.950600066516803,0.427846431259426,1.33148691772118,0.800147602989559
"4791",36.5533522,1.24204279959376,0.9483649757813,0.424217924891729,1.32361405218039,0.79861666292437
"4792",36.56098338,1.24138600274334,0.946117791431254,0.420594185515554,1.31573306077831,0.797073995292536
"4793",36.56861456,1.2407283431972,0.943858427444404,0.416975348409334,1.30784407946716,0.79551951025653
"4794",36.57624574,1.24006982376907,0.94158679711799,0.413361549878196,1.29994724638511,0.793953117290686
"4795",36.58387692,1.2394104472904,0.93930281306349,0.409752927252866,1.29204270188185,0.792374725175844
"4796",36.5915081,1.23875021661039,0.937006387201205,0.406149618888308,1.28413058854416,0.790784241994049
"4797",36.59913928,1.23808913459585,0.934697430754784,0.402551764162201,1.2762110512218,0.789181575123272
"4798",36.60677046,1.23742720413127,0.932375854245819,0.398959503473158,1.26828423705378,0.787566631231925
"4799",36.61440164,1.23676442811871,0.930041567488288,0.395372978238709,1.26035029549478,0.785939316273474
"4800",36.62203282,1.23610080947778,0.927694479583003,0.39179233089309,1.25240937834187,0.78429953548099
"4801",36.629664,1.23543635114559,0.925334498912051,0.38821770488473,1.24446163976155,0.782647193361519
"4802",36.63729518,1.23477105607673,0.922961533133093,0.384649244673554,1.23650723631694,0.780982193690672
"4803",36.64492636,1.23410492724321,0.920575489173735,0.381087095727985,1.22854632699545,0.779304439506901
"4804",36.65255754,1.2334379676344,0.918176273225771,0.377531404521712,1.22057907323648,0.777613833105909
"4805",36.66018872,1.23277018025705,0.915763790739426,0.373982318530194,1.21260563895964,0.775910276034958
"4806",36.6678199,1.23210156813515,0.913337946417545,0.370439986226864,1.20462619059308,0.774193669087098
"4807",36.67545108,1.23143213430996,0.910898644209723,0.366904557079118,1.19664089710223,0.772463912295447
"4808",36.68308226,1.23076188183993,0.908445787306419,0.363376181543932,1.18864993001871,0.770720904927312
"4809",36.69071344,1.23009081380067,0.905979278132985,0.359855011063265,1.18065346346963,0.768964545478374
"4810",36.69834462,1.22941893328487,0.903499018343709,0.356341198059139,1.17265167420719,0.767194731666748
"4811",36.7059758,1.22874624340229,0.901004908815739,0.352834895928387,1.16464474163844,0.765411360427023
"4812",36.71360698,1.22807274727968,0.898496849643042,0.349336259037137,1.15663284785561,0.763614327904262
"4813",36.72123816,1.22739844806075,0.895974740130222,0.34584544271495,1.14861617766637,0.761803529447996
"4814",36.72886934,1.2267233489061,0.893438478786397,0.342362603248619,1.14059491862477,0.759978859606044
"4815",36.73650052,1.22604745299318,0.890887963318934,0.338887897875693,1.13256926106225,0.758140212118474
"4816",36.7441317,1.22537076351624,0.888323090627215,0.335421484777567,1.12453939811905,0.756287479911308
"4817",36.75176288,1.22469328368625,0.885743756796278,0.331963523072338,1.11650552577592,0.7544205550904
"4818",36.75939406,1.22401501673089,0.883149857090481,0.328514172807195,1.10846784288613,0.752539328935062
"4819",36.76702524,1.22333596589446,0.880541285947095,0.325073594950518,1.10042655120788,0.750643691891754
"4820",36.77465642,1.22265613443782,0.877917936969802,0.321641951383585,1.0923818554369,0.748733533567741
"4821",36.7822876,1.22197552563836,0.875279702922221,0.318219404891882,1.08433396323949,0.746808742724619
"4822",36.78991878,1.22129414278993,0.872626475721324,0.314806119156063,1.07628308528588,0.744869207271883
"4823",36.79754996,1.22061198920275,0.869958146430834,0.31140225874246,1.06822943528383,0.742914814260352
"4824",36.80518114,1.21992906820343,0.867274605254573,0.308007989093234,1.06017323001271,0.740945449875592
"4825",36.81281232,1.21924538313481,0.864575741529715,0.304623476516096,1.05211468935775,0.738960999431373
"4826",36.8204435,1.21856093735598,0.861861443720068,0.301248888173578,1.04405403634482,0.736961347362848
"4827",36.82807468,1.21787573424218,0.85913159940923,0.297884392071938,1.0359914971754,0.734946377219955
"4828",36.83570586,1.21718977718472,0.856386095293725,0.294530157049537,1.02792730126197,0.732915971660564
"4829",36.84333704,1.21650306959098,0.853624817176102,0.29118635276484,1.01986168126377,0.73087001244366
"4830",36.85096822,1.21581561488429,0.850847649957942,0.2878531496839,1.01179487312285,0.728808380422458
"4831",36.8585994,1.21512741650387,0.848054477632847,0.284530719067405,1.00372711610053,0.726730955537458
"4832",36.86623058,1.21443847790478,0.845245183279368,0.281219232957251,0.995658652814224,0.724637616809479
"4833",36.87386176,1.21374880255787,0.842419649053855,0.277918864162573,0.987589729274594,0.72252824233258
"4834",36.88149294,1.21305839394966,0.839577756183297,0.27462978624533,0.97952059492311,0.720402709266965
"4835",36.88912412,1.21236725558234,0.836719384958057,0.271352173505355,0.971451502669945,0.71826089383187
"4836",36.8967553,1.21167539097365,0.833844414724604,0.268086200964875,0.963382708932293,0.716102671298289
"4837",36.90438648,1.21098280365681,0.830952723878137,0.264832044352514,0.95531447367301,0.713927915981781
"4838",36.91201766,1.21028949718049,0.828044189855202,0.261589880086723,0.947247060439681,0.711736501235065
"4839",36.91964884,1.20959547510871,0.825118689126211,0.258359885258716,0.939180736404073,0.709528299440778
"4840",36.92728002,1.20890074102077,0.822176097187944,0.255142237614729,0.931115772401929,0.707303182003856
"4841",36.9349112,1.20820529851119,0.819216288555956,0.25193711553784,0.923052442973235,0.705061019344247
"4842",36.94254238,1.20750915118962,0.816239136756957,0.248744698029056,0.914991026402798,0.702801680889195
"4843",36.95017356,1.20681230268077,0.813244514321108,0.245565164687902,0.906931804761277,0.700525035065741
"4844",36.95780474,1.20611475662435,0.810232292774288,0.242398695692357,0.898875063946637,0.698230949293039
"4845",36.96543592,1.205416516675,0.807202342630273,0.239245471778126,0.890821093725926,0.695919289974591
"4846",36.9730671,1.20471758650216,0.804154533382879,0.236105674217345,0.882770187777582,0.693589922490527
"4847",36.98069828,1.20401796979006,0.801088733498023,0.232979484796561,0.874722643734027,0.691242711189737
"4848",36.98832946,1.20331767023761,0.798004810405745,0.229867085794082,0.866678763224791,0.688877519381962
"4849",36.99596064,1.20261669155833,0.794902630492173,0.226768659956638,0.858638851920014,0.68649420932984
"4850",37.00359182,1.20191503748026,0.791782059091377,0.22368439047535,0.850603219574331,0.684092642240915
"4851",37.011223,1.20121271174589,0.788642960477243,0.220614460960977,0.842572180071288,0.681672678259499
"4852",37.01885418,1.20050971811207,0.785485197855212,0.217559055418452,0.834546051468094,0.679234176458576
"4853",37.02648536,1.19980606034997,0.782308633353997,0.21451835822068,0.826525156040879,0.676776994831567
"4854",37.03411654,1.19910174224491,0.779113128017219,0.211492554081582,0.818509820330357,0.674300990284091
"4855",37.04174772,1.19839676759639,0.77589854179499,0.208481828028351,0.810500375187942,0.671806018625587
"4856",37.0493789,1.1976911402179,0.772664733535441,0.205486365372973,0.802497155822367,0.66929193456095
"4857",37.05701008,1.19698486393693,0.769411560976144,0.202506351682891,0.794500501846637,0.666758591682055
"4858",37.06464126,1.1962779425948,0.76613888073553,0.199541972750911,0.786510757325602,0.664205842459248
"4859",37.07227244,1.19557038004664,0.762846548304188,0.196593414564226,0.778528270823839,0.661633538232725
"4860",37.07990362,1.19486218016129,0.759534418036121,0.193660863272643,0.770553395454112,0.659041529203924
"4861",37.0875348,1.19415334682118,0.756202343139959,0.190744505155897,0.762586488926261,0.656429664426723
"4862",37.09516598,1.19344388392227,0.752850175670043,0.187844526590128,0.754627913596542,0.653797791798734
"4863",37.10279716,1.19273379537397,0.749477766517516,0.184961114013454,0.746678036517538,0.651145758052419
"4864",37.11042834,1.19202308509904,0.746084965401284,0.182094453890576,0.73873722948841,0.648473408746105
"4865",37.11805952,1.1913117570335,0.742671620858941,0.179244732676532,0.730805869105778,0.645780588255073
"4866",37.1256907,1.19059981512652,0.739237580237634,0.176412136779453,0.722884336815046,0.643067139762466
"4867",37.13332188,1.18988726334039,0.735782689684816,0.173596852522338,0.71497301896216,0.64033290525012
"4868",37.14095306,1.18917410565035,0.73230679413898,0.170799066103891,0.707072306846002,0.637577725489431
"4869",37.14858424,1.18846034604457,0.728809737320283,0.168018963558287,0.699182596771147,0.634801440032009
"4870",37.15621542,1.187745988524,0.725291361721131,0.165256730713981,0.691304290101274,0.63200388720041
"4871",37.1638466,1.18703103710233,0.721751508596655,0.162512553151402,0.683437793312949,0.629184904078647
"4872",37.17147778,1.18631549580584,0.718190017955143,0.159786616159622,0.675583518050031,0.626344326502726
"4873",37.17910896,1.18559936867335,0.714606728548418,0.157079104691963,0.667741881178636,0.623481989051157
"4874",37.18674014,1.18488265975612,0.71100147786207,0.154390203320405,0.659913304842452,0.620597725035185
"4875",37.19437132,1.18416537311772,0.707374102105708,0.151720096188975,0.652098216518832,0.617691366489211
"4876",37.2020025,1.18344751283397,0.703724436203057,0.149068966965903,0.644297049075214,0.61476274416092
"4877",37.20963368,1.18272908299285,0.700052313782033,0.146436998794663,0.636510240826241,0.611811687501508
"4878",37.21726486,1.18201008769435,0.696357567164723,0.143824374243767,0.628738235591338,0.608838024655656
"4879",37.22489604,1.18129053105043,0.692640027357274,0.141231275255387,0.620981482752873,0.605841582451589
"4880",37.23252722,1.18057041718489,0.688899524039747,0.138657883092721,0.613240437314911,0.602822186390968
"4881",37.2401584,1.17984975023329,0.685135885555847,0.136104378286091,0.605515559962486,0.599779660638755
"4882",37.24778958,1.17912853434281,0.6813489389026,0.133570940577745,0.597807317121444,0.596713828012908
"4883",37.25542076,1.17840677367222,0.677538509719962,0.131057748865388,0.590116181018935,0.593624509974145
"4884",37.26305194,1.17768447239171,0.673704422280316,0.128564981144318,0.582442629744373,0.590511526615478
"4885",37.27068312,1.17696163468282,0.669846499477925,0.126092814448259,0.574787147311089,0.58737469665178
"4886",37.2783143,1.17623826473834,0.665964562818272,0.123641424788761,0.567150223718494,0.584213837409203
"4887",37.28594548,1.17551436676221,0.662058432407358,0.121210987093225,0.559532355014913,0.581028764814559
"4888",37.29357666,1.17478994496941,0.658127926940874,0.118801675141463,0.551934043360955,0.577819293384601
"4889",37.30120784,1.17406500358583,0.654172863693321,0.116413661500793,0.544355797093512,0.574585236215179
"4890",37.30883902,1.17333954684822,0.65019305850705,0.114047117459673,0.536798130790425,0.571326404970416
"4891",37.3164702,1.17261357900405,0.646188325781187,0.111702212959765,0.529261565335659,0.568042609871684
"4892",37.32410138,1.17188710431142,0.642158478460531,0.109379116526511,0.521746627985255,0.564733659686622
"4893",37.33173256,1.17116012703892,0.638103328024289,0.107077995198068,0.514253852433742,0.561399361717936
"4894",37.33936374,1.17043265146559,0.634022684474791,0.104799014452667,0.506783778881288,0.558039521792171
"4895",37.34699492,1.16970468188074,0.629916356326114,0.102542338134371,0.499336954101539,0.554653944248482
"4896",37.3546261,1.16897622258389,0.625784150592563,0.10030812837709,0.491913931509946,0.551242431927152
"4897",37.36225728,1.16824727788466,0.621625872777152,0.098096545526978,0.484515271232934,0.547804786158184
"4898",37.36988846,1.16751785210264,0.617441326859893,0.0959077480630274,0.477141540177533,0.544340806749643
"4899",37.37751964,1.16678794956729,0.613230315286114,0.0937418925159803,0.469793312101887,0.540850291976092
"4900",37.38515082,1.16605757461784,0.608992638954582,0.0915991333853888,0.462471167686255,0.537333038566789
"4901",37.392782,1.16532673160318,0.604728097205595,0.0894796230548725,0.455175694604772,0.533788841693852
"4902",37.40041318,1.16459542488173,0.600436487808991,0.0873835117055334,0.44790748759793,0.530217494960362
"4903",37.40804436,1.16386365882135,0.596117606952004,0.0853109472274446,0.440667148545628,0.526618790388299
"4904",37.41567554,1.16313143779923,0.591771249227118,0.0832620751292558,0.43345528654108,0.522992518406493
"4905",37.42330672,1.16239876620176,0.587397207619727,0.081237038445786,0.426272517965238,0.519338467838329
"4906",37.4309379,1.16166564842443,0.582995273495793,0.0792359776436755,0.41911946656211,0.515656425889545
"4907",37.43856908,1.16093208887173,0.578565236589358,0.0772590305249605,0.41199676351466,0.511946178135761
"4908",37.44620026,1.16019809195702,0.574106884989973,0.0753063321286081,0.404905047521498,0.508207508510055
"4909",37.45383144,1.15946366210241,0.56962000513004,0.0733780146299253,0.397844964874272,0.504440199290339
"4910",37.46146262,1.15872880373868,0.56510438177204,0.0714742072378309,0.39081716953579,0.500644031086695
"4911",37.4690938,1.15799352130511,0.560559797995681,0.0695950360899436,0.383822323218902,0.496818782828597
"4912",37.47672498,1.15725781924945,0.555986035184946,0.0677406241454481,0.376861095466124,0.492964231752033
"4913",37.48435616,1.1565217020277,0.551382873015029,0.0659110910756938,0.369934163730001,0.489080153386533
"4914",37.49198734,1.15578517410409,0.546750089439201,0.0641065531525017,0.363042213454276,0.485166321542117
"4915",37.49961852,1.1550482399509,0.542087460675527,0.0623271231341048,0.356185938155746,0.481222508296088
"4916",37.5072497,1.1543109040484,0.537394761193551,0.0605729101487283,0.349366039507002,0.477248483979791
"4917",37.51488088,1.15357317088468,0.532671763700796,0.0588440195757125,0.342583227419829,0.4732440171652
"4918",37.52251206,1.15283504495554,0.527918239129242,0.0571405529241931,0.335838220129513,0.46920887465149
"4919",37.53014324,1.15209653076443,0.523133956621665,0.0554626077092413,0.329131744279879,0.465142821451427
"4920",37.53777442,1.15135763282226,0.518318683517834,0.0538102773254401,0.322464535009101,0.461045620777658
"4921",37.5454056,1.15061835564732,0.513472185340711,0.052183650917888,0.315837336036453,0.456917034029009
"4922",37.55303678,1.14987870376518,0.508594225782402,0.0505828132504922,0.309250899749693,0.452756820776476
"4923",37.56066796,1.14913868170852,0.503684566690119,0.0490078445716108,0.302705987293424,0.448564738749293
"4924",37.56829914,1.14839829401704,0.498742968052007,0.0474588204769303,0.296203368658256,0.444340543820836
"4925",37.57593032,1.14765754523736,0.493769187982808,0.0459358117695302,0.289743822770732,0.440083989994363
"4926",37.5835615,1.14691643992287,0.488762982709487,0.0444388843171172,0.283328137584192,0.435794829388691
"4927",37.59119268,1.14617498263362,0.483724106556706,0.0429680989063614,0.276957110170445,0.431472812223792
"4928",37.59882386,1.14543317793621,0.478652311932216,0.0415235110942797,0.270631546812335,0.427117686806242
"4929",37.60645504,1.14469103040365,0.473547349312104,0.0401051710566112,0.264352263097131,0.422729199514522
"4930",37.61408622,1.14394854461526,0.468408967225951,0.0387131234331533,0.258120084010835,0.418307094784289
"4931",37.6217174,1.14320572515654,0.463236912241905,0.0373474071699905,0.251935844033405,0.413851115093508
"4932",37.62934858,1.14246257661905,0.458030928951548,0.0360080553585365,0.245800387234754,0.409361000947387
"4933",37.63697976,1.14171910360029,0.452790759954767,0.0346950950713956,0.239714567371811,0.404836490863338
"4934",37.64461094,1.14097531070357,0.447516145844425,0.0334085471949231,0.233679247986371,0.400277321355717
"4935",37.65224212,1.14023120253791,0.442206825190924,0.032148426258459,0.227695302503895,0.395683226920452
"4936",37.6598733,1.13948678371788,0.436862534526731,0.0309147402601923,0.221763614333311,0.391053940019669
"4937",37.66750448,1.13874205886352,0.43148300833063,0.0297074904895354,0.215885076967586,0.386389191065975
"4938",37.67513566,1.13799703260021,0.426067979012057,0.0285266713460425,0.210060594085461,0.381688708406912
"4939",37.68276684,1.1372517095585,0.420617176895124,0.0273722701547096,0.204291079653934,0.376952218309036
"4940",37.69039802,1.13650609437407,0.415130330202622,0.0262442669776626,0.198577458031801,0.372179444941972
"4941",37.6980292,1.13576019168751,0.409607165039935,0.0251426344221633,0.192920664074216,0.367370110362436
"4942",37.70566038,1.1350140061443,0.404047405378716,0.0240673374448234,0.187321643238096,0.362523934497962
"4943",37.71329156,1.13426754239459,0.398450773040546,0.0230183331520183,0.181781351688627,0.357640635130627
"4944",37.72092274,1.13352080509314,0.392816987680418,0.0219955705963995,0.176300756406718,0.35271992788063
"4945",37.72855392,1.13277379889919,0.387145766770085,0.020998990569442,0.170880835297439,0.34776152618968
"4946",37.7361851,1.13202652847629,0.381436825581355,0.0200285253899808,0.165522577299562,0.342765141304389
"4947",37.74381628,1.13127899849225,0.375689877169146,0.0190840986886268,0.160226982495995,0.337730482259387
"4948",37.75144746,1.13053121361893,0.369904632354504,0.0181656251880277,0.154995062225349,0.332657255860393
"4949",37.75907864,1.1297831785322,0.364080799707458,0.0172730104788878,0.14982783919451,0.327545166667168
"4950",37.76670982,1.12903489791175,0.358218085529741,0.0164061507916666,0.144726347592259,0.322393916976283
"4951",37.774341,1.12828637644101,0.352316193837381,0.0155649327638927,0.139691633203952,0.317203206803786
"4952",37.78197218,1.12753761880699,0.346374826343158,0.0147492332030109,0.134724753527263,0.311972733867723
"4953",37.78960336,1.12678862970018,0.340393682438975,0.013958918844697,0.129826777889063,0.306702193570588
"4954",37.79723454,1.12603941381441,0.334372459177984,0.0131938461065334,0.124998787563266,0.301391278981496
"4955",37.80486572,1.12528997584675,0.328310851256731,0.0124538608370112,0.120241875889931,0.296039680818417
"4956",37.8124969,1.12454032049734,0.322208550996985,0.0117387980597247,0.115557148395301,0.290647087430049
"4957",37.82012808,1.12379045246931,0.316065248327576,0.0110484817127262,0.110945722913098,0.285213184777735
"4958",37.82775926,1.12304037646864,0.309880630766074,0.0103827243829307,0.10640872970691,0.27973765641721
"4959",37.83539044,1.12229009720401,0.303654383400213,0.0097413270354765,0.10194731159364,0.274220183480076
"4960",37.84302162,1.12153961938672,0.297386188869323,0.00912407873798866,0.0975626240682092,0.268660444655305
"4961",37.8506528,1.12078894773051,0.291075727345537,0.00853075637962765,0.0932558354293612,0.263058116170517
"4962",37.85828398,1.12003808695148,0.284722676514848,0.00796112438484513,0.0890281269066239,0.257412871773086
"4963",37.86591516,1.11928704176797,0.278326711558094,0.00741493442176414,0.0848806927885068,0.2517243827112
"4964",37.87354634,1.11853581690037,0.271887505131715,0.00689192510507512,0.0808147405518235,0.245992317714674
"4965",37.88117752,1.11778441707107,0.265404727348419,0.0063918216933696,0.0768314909922581,0.240216342975678
"4966",37.8888087,1.11703284700429,0.25887804575766,0.00591433578080643,0.0729321783561114,0.234396122129282
"4967",37.89643988,1.11628111142596,0.252307125326002,0.00545916498302094,0.0691180504732918,0.228531316233864
"4968",37.90407106,1.11552921506362,0.245691628417336,0.005025992617177,0.0653903688915391,0.222621583751411
"4969",37.91170224,1.11477716264624,0.239031214772888,0.00461448737605669,0.0617504090118593,0.216666580527571
"4970",37.91933342,1.11402495890416,0.232325541491165,0.00422430299609761,0.0581994602252608,0.210665959771658
"4971",37.9269646,1.11327260856893,0.225574263007689,0.00385507791926516,0.0547388260507271,0.204619372036458
"4972",37.93459578,1.11252011637317,0.218777031074568,0.00350643494865732,0.0513698242744596,0.198526465197839
"4973",37.94222696,1.11176748705048,0.211933494739936,0.00317798089773985,0.0480937870904223,0.192386884434265
"4974",37.94985814,1.11101472533527,0.205043300327242,0.00286930623310044,0.0449120612421879,0.186200272206133
"4975",37.95748932,1.1102618359627,0.1981060914144,0.0025799847106136,0.0418260081661042,0.179966268234984
"4976",37.9651205,1.10950882366849,0.191121508812685,0.00230957300490069,0.0388370041357379,0.173684509482453
"4977",37.97275168,1.10875569318881,0.184089190545598,0.00205761033198038,0.0359464404077139,0.167354630129188
"4978",37.98038286,1.10800244926019,0.177008771827489,0.00182361806498676,0.0331557233688627,0.160976261553536
"4979",37.98801404,1.10724909661935,0.169879885041989,0.00160709934283709,0.0304662746847165,0.154549032310017
"4980",37.99564522,1.10649564000311,0.16270215972044,0.001407538671737,0.0278795314494325,0.148072568107819
"4981",38.0032764,1.10574208414824,0.155475222519891,0.00122440151938739,0.025396946336997,0.141546491788836
"4982",38.01090758,1.10498843379134,0.148198697201222,0.00105713390183883,0.0230199877539783,0.134970423305862
"4983",38.01853876,1.10423469366872,0.140872204606845,0.000905161962791043,0.0207501399935837,0.128343979700345
"4984",38.02616994,1.10348086851628,0.133495362638437,0.000767891545117961,0.0185889033910856,0.121666775080154
"4985",38.03380112,1.10272696306938,0.126067786234386,0.000644707754616319,0.0165377944806552,0.114938420597057
"4986",38.0414323,1.10197298206272,0.118589087347064,0.000534974516198447,0.014598346154008,0.108158524424119
"4987",38.04906348,1.10121893023019,0.111058874919689,0.00043803412261411,0.0127721078210412,0.101326691732931
"4988",38.05669466,1.10046481230478,0.103476754863344,0.000353206773776933,0.0110606455708255,0.0944425246705655
"4989",38.06432584,1.09971063301845,0.0958423300368232,0.000279790097848466,0.00946554232473581,0.0875056223358909
"4990",38.07195702,1.09895639710198,0.0881552002198526,0.000217058685494776,0.00798839801129708,0.0805155807567759
"4991",38.0795882,1.09820210928489,0.0804149620852963,0.000164263618669012,0.00663082974584866,0.0734719928674782
"4992",38.08721938,1.09744777429526,0.0726212091976826,0.00012063191742794,0.00539447194276151,0.0663744484794238
"4993",38.09485056,1.09669339685966,0.0647735320438339,8.53659209033159e-05,0.0042809763743369,0.0592225342417693
"4994",38.10248174,1.095938981703,0.0568715177436387,5.76433595847249e-05,0.00329201289004974,0.0520158336909075
"4995",38.11011292,1.09518453354841,0.0489147497335688,3.66174588543947e-05,0.00242927020035207,0.0447539273084748
"4996",38.1177441,1.0944300571171,0.0409028094159218,2.14127593483582e-05,0.00169445257746358,0.0374363920300888
"4997",38.12537528,1.09367555712829,0.0328352682963079,1.11349362588895e-05,0.00108928978034941,0.0300628043517699
"4998",38.13300646,1.09292103829902,0.0247116915299209,4.86540931577306e-06,0.000615533107585737,0.0226327388965558
"4999",38.14063764,1.09216650534409,0.0165317674398598,1.52569692300053e-06,0.000274825031608609,0.0151457115713153
