"","cohort","Ri","Rc","varRc","RcSS","cumden"
"1",0,1.4999999985,1.49999429484866,2.24969400767036,4.49967689224889,1.00000009108955
"2",0.00763118,1.4999999984828,1.49999430660933,2.24969472093856,4.49967764079896,1.00000009091358
"3",0.01526236,1.49999999846553,1.49999432545396,2.24969582428869,4.49967880068277,1.00000009062152
"4",0.02289354,1.49999999844819,1.49999435135159,2.24969731577406,4.49968036986074,1.00000009021384
"5",0.03052472,1.49999999843079,1.4999943842585,2.24969919274419,4.49968234555124,1.00000008969118
"6",0.0381559,1.49999999841333,1.4999944241211,2.24970145200683,4.49968472440121,1.00000008905434
"7",0.04578708,1.49999999839579,1.49999447087451,2.24970408975275,4.49968750240684,1.00000008830434
"8",0.05341826,1.49999999837819,1.49999452444494,2.2497071016839,4.49969067504869,1.00000008744232
"9",0.06104944,1.49999999836052,1.49999458474713,2.24971048287485,4.49969423714557,1.00000008646961
"10",0.06868062,1.49999999834278,1.49999465168682,2.24971422790666,4.49969818299571,1.00000008538769
"11",0.0763118,1.49999999832498,1.49999472515971,2.24971833081676,4.49970250632372,1.00000008419822
"12",0.08394298,1.49999999830711,1.49999480505275,2.24972278516062,4.49970720034585,1.00000008290298
"13",0.09157416,1.49999999828917,1.49999489124486,2.24972758406311,4.49971225782379,1.00000008150391
"14",0.09920534,1.49999999827116,1.49999498360675,2.24973272020028,4.4997176710457,1.00000008000306
"15",0.10683652,1.49999999825308,1.49999508200006,2.24973818575202,4.4997234317764,1.00000007840266
"16",0.1144677,1.49999999823493,1.49999518628064,2.24974397259393,4.49972953145903,1.00000007670501
"17",0.12209888,1.49999999821672,1.49999529629735,2.24975007221905,4.49973596113321,1.00000007491253
"18",0.12973006,1.49999999819843,1.49999541189224,2.24975647575323,4.49974271145099,1.00000007302777
"19",0.13736124,1.49999999818008,1.49999553290215,2.2497631740457,4.49974977277212,1.00000007105336
"20",0.14499242,1.49999999816165,1.4999956591588,2.24977015767122,4.49975713516648,1.00000006899201
"21",0.1526236,1.49999999814315,1.49999579048928,2.24977741695609,4.49976478844165,1.00000006684651
"22",0.16025478,1.49999999812459,1.49999592671679,2.24978494202538,4.49977272219233,1.00000006461972
"23",0.16788596,1.49999999810595,1.49999606765963,2.24979272273739,4.49978092573175,1.00000006231457
"24",0.17551714,1.49999999808724,1.49999621313501,2.24980074890497,4.49978938832435,1.00000005993404
"25",0.18314832,1.49999999806846,1.49999636295653,2.24980901014693,4.49979809902975,1.00000005748115
"26",0.1907795,1.49999999804961,1.49999651693572,2.2498174959783,4.49980704679759,1.00000005495894
"27",0.19841068,1.49999999803068,1.49999667488333,2.2498261958801,4.49981622054114,1.0000000523705
"28",0.20604186,1.49999999801168,1.49999683660911,2.2498350992899,4.49982560912722,1.00000004971892
"29",0.21367304,1.49999999799261,1.49999700192096,2.24984419554685,4.49983520131872,1.00000004700733
"30",0.22130422,1.49999999797347,1.49999717062859,2.24985347410237,4.49984498599614,1.00000004423882
"31",0.2289354,1.49999999795426,1.49999734254136,2.2498629243969,4.49985495202803,1.00000004141649
"32",0.23656658,1.49999999793497,1.49999751746921,2.24987253591099,4.49986508832479,1.00000003854346
"33",0.24419776,1.4999999979156,1.49999769522338,2.24988229820298,4.49987538387844,1.00000003562279
"34",0.25182894,1.49999999789617,1.49999787561695,2.24989220094277,4.49988582779813,1.00000003265754
"35",0.25946012,1.49999999787666,1.49999805846571,2.2499022339589,4.49989640935981,1.00000002965072
"36",0.2670913,1.49999999785707,1.49999824358641,2.24991238713626,4.49990711789859,1.00000002660533
"37",0.27472248,1.49999999783741,1.49999843079908,2.24992265055058,4.49991794295028,1.0000000235243
"38",0.28235366,1.49999999781767,1.49999861992705,2.24993301446692,4.49992887424998,1.00000002041054
"39",0.28998484,1.49999999779786,1.49999881079631,2.24994346930052,4.49993990169085,1.00000001726689
"40",0.29761602,1.49999999777797,1.49999900323672,2.24995400569082,4.49995101540198,1.00000001409614
"41",0.3052472,1.49999999775801,1.49999919708127,2.24996461445169,4.49996220569614,1.00000001090102
"42",0.31287838,1.49999999773797,1.49999939216765,2.24997528666535,4.49997346316867,1.00000000768422
"43",0.32050956,1.49999999771786,1.49999958833673,2.24998601359143,4.49998477860179,1.00000000444832
"44",0.32814074,1.49999999769766,1.49999978543446,2.24999678677825,4.49999614308167,1.00000000119588
"45",0.33577192,1.49999999767739,1.49999998331021,2.25000759796443,4.50000754789505,0.999999997929362
"46",0.3434031,1.49999999765704,1.50000018181886,2.25001843919986,4.50001898465649,0.999999994651157
"47",0.35103428,1.49999999763662,1.50000038081915,2.25002930274877,4.50003044520637,0.99999999136359
"48",0.35866546,1.49999999761612,1.50000058017459,2.25004018114292,4.50004192166703,0.99999998806891
"49",0.36629664,1.49999999759553,1.50000077975356,2.25005106718853,4.50005340644981,0.999999984769289
"50",0.37392782,1.49999999757487,1.50000097942842,2.25006195391132,4.50006489219754,0.999999981466831
"51",0.381559,1.49999999755413,1.50000117907777,2.25007283468723,4.50007637192194,0.999999978163541
"52",0.38919018,1.49999999753331,1.50000137858335,2.25008370306317,4.50008783881512,0.999999974861373
"53",0.39682136,1.49999999751242,1.50000157783284,2.25009455292277,4.50009928642377,0.999999971562186
"54",0.40445254,1.49999999749144,1.50000177671778,2.25010537835912,4.50011070851561,0.999999968267773
"55",0.41208372,1.49999999747038,1.50000197513549,2.25011617379008,4.50012209920046,0.999999964979835
"56",0.4197149,1.49999999744924,1.50000217298647,2.25012693380653,4.50013345277065,0.999999961700022
"57",0.42734608,1.49999999742802,1.50000237017753,2.25013765335215,4.50014476389035,0.999999958429881
"58",0.43497726,1.49999999740672,1.5000025666189,2.25014832755858,4.50015602742188,0.999999955170902
"59",0.44260844,1.49999999738534,1.50000276222523,2.25015895180269,4.50016723848599,0.999999951924504
"60",0.45023962,1.49999999736387,1.50000295691628,2.25016952174499,4.50017839250258,0.999999948692022
"61",0.4578708,1.49999999734233,1.50000315061574,2.25018003326174,4.50018948511889,0.999999945474727
"62",0.46550198,1.4999999973207,1.50000334325156,2.25019048246662,4.50020051223248,0.999999942273822
"63",0.47313316,1.49999999729899,1.50000353475558,2.25020086568476,4.500211469964,0.999999939090445
"64",0.48076434,1.49999999727719,1.50000372506454,2.25021117951542,4.50022235472291,0.999999935925653
"65",0.48839552,1.49999999725531,1.50000391411784,2.25022142070104,4.50023316306987,0.999999932780462
"66",0.4960267,1.49999999723335,1.50000410185944,2.25023158623873,4.50024389183389,0.999999929655811
"67",0.50365788,1.49999999721131,1.50000428823719,2.25024167333794,4.50025453806789,0.999999926552575
"68",0.51128906,1.49999999718918,1.50000447320219,2.25025167938639,4.50026509901296,0.999999923471579
"69",0.51892024,1.49999999716696,1.50000465670866,2.25026160194453,4.50027557209218,0.999999920413593
"70",0.52655142,1.49999999714467,1.5000048387151,2.2502714388083,4.50028595497702,0.99999991737932
"71",0.5341826,1.49999999712228,1.50000501918248,2.25028118790808,4.50029624548073,0.999999914369419
"72",0.54181378,1.49999999709981,1.50000519807528,2.25029084736629,4.50030644161915,0.999999911384495
"73",0.54944496,1.49999999707726,1.50000537536148,2.25030041550193,4.50031654161528,0.999999908425092
"74",0.55707614,1.49999999705461,1.50000555101039,2.25030989069824,4.50032654376023,0.999999905491736
"75",0.56470732,1.49999999703189,1.50000572499554,2.25031927157781,4.50033644659722,0.999999902584879
"76",0.5723385,1.49999999700907,1.5000058972928,2.25032855688856,4.50034624880172,0.999999899704939
"77",0.57996968,1.49999999698617,1.50000606788041,2.25033774550838,4.50035594918644,0.99999989685229
"78",0.58760086,1.49999999696318,1.50000623673955,2.25034683647133,4.50036554672886,0.999999894027262
"79",0.59523204,1.4999999969401,1.50000640385286,2.25035582889913,4.50037504049873,0.999999891230159
"80",0.60286322,1.49999999691693,1.50000656920571,2.25036472205504,4.50038442971532,0.99999988846124
"81",0.6104944,1.49999999689368,1.50000673278581,2.25037351533567,4.50039371373843,0.999999885720726
"82",0.61812558,1.49999999687033,1.50000689458305,2.25038220825341,4.50040289205009,0.999999883008799
"83",0.62575676,1.4999999968469,1.50000705458851,2.2503908003856,4.5004119642009,0.999999880325626
"84",0.63338794,1.49999999682338,1.50000721279577,2.25039929144567,4.50042092988502,0.999999877671329
"85",0.64101912,1.49999999679977,1.50000736919965,2.25040768121542,4.50042978886868,0.999999875046011
"86",0.6486503,1.49999999677606,1.50000752379707,2.25041596958813,4.50043854103594,0.99999987244974
"87",0.65628148,1.49999999675227,1.50000767658637,2.25042415653758,4.50044718635562,0.999999869882559
"88",0.66391266,1.49999999672839,1.50000782756738,2.25043224211666,4.50045572488006,0.999999867344489
"89",0.67154384,1.49999999670441,1.50000797674159,2.2504402264679,4.5004641567563,0.999999864835522
"90",0.67917502,1.49999999668034,1.50000812411074,2.25044810974593,4.50047248214414,0.999999862355644
"91",0.6868062,1.49999999665618,1.50000826967942,2.25045589226256,4.5004807013692,0.999999859904796
"92",0.69443738,1.49999999663193,1.50000841345238,2.25046357433576,4.50048881476368,0.999999857482917
"93",0.70206856,1.49999999660759,1.50000855543531,2.25047115633508,4.50049682271419,0.999999855089926
"94",0.70969974,1.49999999658315,1.50000869563611,2.2504786387499,4.50050472573385,0.99999985272571
"95",0.71733092,1.49999999655862,1.50000883406166,2.25048602201127,4.50051252427429,0.99999985039017
"96",0.7249621,1.499999996534,1.50000897072214,2.25049330673113,4.50052021897803,0.999999848083153
"97",0.73259328,1.49999999650928,1.50000910562657,2.2505004934581,4.50052781042072,0.999999845804525
"98",0.74022446,1.49999999648446,1.50000923878622,2.25050758286037,4.50053529930439,0.999999843554115
"99",0.74785564,1.49999999645956,1.50000937021164,2.25051457556756,4.50054268629028,0.999999841331761
"100",0.75548682,1.49999999643455,1.50000949991535,2.25052147231513,4.50054997215144,0.999999839137273
"101",0.763118,1.49999999640945,1.50000962790918,2.25052827380073,4.50055715762097,0.999999836970468
"102",0.77074918,1.49999999638426,1.50000975420795,2.2505349808843,4.50056424360331,0.999999834831115
"103",0.77838036,1.49999999635897,1.50000987882398,2.25054159428605,4.50057123085559,0.999999832719024
"104",0.78601154,1.49999999633358,1.50001000177179,2.25054811484917,4.50057812026457,0.999999830633968
"105",0.79364272,1.49999999630809,1.50001012306634,2.25055454343745,4.50058491273894,0.999999828575714
"106",0.8012739,1.49999999628251,1.50001024272254,2.25056088091076,4.50059160918328,0.999999826544027
"107",0.80890508,1.49999999625683,1.50001036075564,2.25056712814902,4.50059821052329,0.999999824538667
"108",0.81653626,1.49999999623105,1.50001047718178,2.25057328607526,4.50060471773036,0.999999822559382
"109",0.82416744,1.49999999620518,1.50001059201667,2.25057935559507,4.50061113175728,0.999999820605922
"110",0.83179862,1.4999999961792,1.50001070527709,2.25058533766369,4.50061745360955,0.999999818678023
"111",0.8394298,1.49999999615313,1.50001081697894,2.25059123319365,4.50062368424747,0.999999816775433
"112",0.84706098,1.49999999612695,1.50001092713993,2.25059704319157,4.50062982473077,0.99999981489787
"113",0.85469216,1.49999999610068,1.50001103577578,2.25060276855676,4.50063587600588,0.999999813045087
"114",0.86232334,1.4999999960743,1.50001114290461,2.25060841031754,4.50064183915554,0.999999811216795
"115",0.86995452,1.49999999604782,1.50001124854319,2.25061396942712,4.50064771518323,0.999999809412726
"116",0.8775857,1.49999999602125,1.50001135270911,2.25061944688454,4.50065350514076,0.999999807632601
"117",0.88521688,1.49999999599457,1.50001145541931,2.25062484364943,4.50065921003859,0.99999980587615
"118",0.89284806,1.49999999596779,1.50001155669163,2.25063016073456,4.50066483094302,0.999999804143088
"119",0.90047924,1.4999999959409,1.50001165654358,2.25063539912835,4.50067036889497,0.999999802433135
"120",0.90811042,1.49999999591392,1.50001175499246,2.25064055981182,4.50067582492739,0.999999800746015
"121",0.9157416,1.49999999588683,1.50001185205585,2.25064564377523,4.50068120008326,0.999999799081446
"122",0.92337278,1.49999999585964,1.50001194775149,2.25065065202266,4.50068649541987,0.999999797439145
"123",0.93100396,1.49999999583234,1.50001204209676,2.25065558553144,4.50069171196673,0.999999795818833
"124",0.93863514,1.49999999580494,1.50001213510902,2.25066044528383,4.50069685075815,0.999999794220232
"125",0.94626632,1.49999999577743,1.50001222680596,2.25066523227464,4.500701912842,0.999999792643058
"126",0.9538975,1.49999999574982,1.50001231720437,2.25066994744935,4.50070689921417,0.999999791087041
"127",0.96152868,1.4999999957221,1.50001240632234,2.25067459182599,4.50071181094692,0.999999789551891
"128",0.96915986,1.49999999569428,1.50001249417628,2.25067916632644,4.50071664901139,0.999999788037344
"129",0.97679104,1.49999999566635,1.50001258078357,2.25068367192877,4.50072141443776,0.999999786543121
"130",0.98442222,1.49999999563832,1.50001266616127,2.25068810958975,4.50072610823398,0.999999785068948
"131",0.9920534,1.49999999561017,1.50001275032651,2.25069248027271,4.50073073141481,0.999999783614548
"132",0.99968458,1.49999999558192,1.5000128332957,2.25069678489716,4.50073528494894,0.999999782179657
"133",1.00731576,1.49999999555357,1.50001291508553,2.25070102439965,4.50073976982303,0.999999780764007
"134",1.01494694,1.4999999955251,1.50001299571203,2.2507051996785,4.50074418698348,0.999999779367339
"135",1.02257812,1.49999999549652,1.50001307519247,2.25070931170193,4.50074853745029,0.999999777989375
"136",1.0302093,1.49999999546784,1.50001315354272,2.25071336135908,4.50075282216027,0.999999776629858
"137",1.03784048,1.49999999543904,1.50001323077869,2.25071734953976,4.5007570420509,0.999999775288533
"138",1.04547166,1.49999999541014,1.50001330691626,2.25072127713322,4.50076119805907,0.999999773965142
"139",1.05310284,1.49999999538112,1.50001338197101,2.25072514501069,4.50076529110281,0.999999772659434
"140",1.06073402,1.499999995352,1.50001345595942,2.25072895409456,4.50076932215389,0.999999771371143
"141",1.0683652,1.49999999532276,1.50001352889597,2.25073270519209,4.50077329206303,0.999999770100035
"142",1.07599638,1.49999999529341,1.50001360079634,2.2507363991826,4.50077720175661,0.999999768845856
"143",1.08362756,1.49999999526395,1.50001367167538,2.25074003689361,4.50078105210666,0.999999767608367
"144",1.09125874,1.49999999523438,1.50001374154818,2.2507436191689,4.50078484400226,0.999999766387323
"145",1.09888992,1.49999999520469,1.50001381042929,2.25074714681954,4.50078857829813,0.999999765182489
"146",1.1065211,1.49999999517489,1.50001387833356,2.25075062067494,4.50079225586824,0.999999763993624
"147",1.11415228,1.49999999514497,1.50001394527528,2.25075404153243,4.50079587755273,0.999999762820497
"148",1.12178346,1.49999999511495,1.5000140112686,2.250757410181,4.50079944418312,0.999999761662879
"149",1.12941464,1.4999999950848,1.5000140763276,2.25076072740507,4.50080295658602,0.999999760520542
"150",1.13704582,1.49999999505454,1.50001414046585,2.25076399396136,4.50080641555885,0.999999759393266
"151",1.144677,1.49999999502417,1.50001420369738,2.25076721063257,4.50080982192644,0.999999758280824
"152",1.15230818,1.49999999499368,1.50001426603576,2.25077037817376,4.50081317648456,0.999999757182995
"153",1.15993936,1.49999999496307,1.500014327494,2.25077349730965,4.50081647999693,0.999999756099569
"154",1.16757054,1.49999999493235,1.50001438808541,2.25077656878115,4.50081973324441,0.99999975503033
"155",1.17520172,1.4999999949015,1.50001444782262,2.25077959329132,4.50082293696793,0.999999753975072
"156",1.1828329,1.49999999487055,1.50001450671901,2.25078257158491,4.50082609195238,0.99999975293358
"157",1.19046408,1.49999999483947,1.50001456478695,2.25078550435009,4.50082919892305,0.999999751905651
"158",1.19809526,1.49999999480827,1.50001462203831,2.25078839224754,4.50083225857627,0.999999750891093
"159",1.20572644,1.49999999477695,1.50001467848588,2.2507912359887,4.5008352716618,0.9999997498897
"160",1.21335762,1.49999999474552,1.50001473414166,2.25079403623981,4.5008382388819,0.999999748901274
"161",1.2209888,1.49999999471396,1.5000147890172,2.2507967936421,4.50084116091243,0.999999747925631
"162",1.22861998,1.49999999468229,1.50001484312493,2.25079950888802,4.50084403848314,0.999999746962566
"163",1.23625116,1.49999999465049,1.50001489647575,2.25080218258237,4.50084687223151,0.999999746011903
"164",1.24388234,1.49999999461857,1.50001494908134,2.25080481537413,4.50084966284162,0.999999745073452
"165",1.25151352,1.49999999458653,1.50001500095296,2.25080740788945,4.50085241097335,0.99999974414703
"166",1.2591447,1.49999999455436,1.50001505210123,2.25080996071638,4.50085511724664,0.999999743232465
"167",1.26677588,1.49999999452208,1.50001510253722,2.25081247447058,4.50085778231033,0.999999742329576
"168",1.27440706,1.49999999448967,1.50001515227218,2.25081494977532,4.50086040682145,0.99999974143818
"169",1.28203824,1.49999999445713,1.50001520131612,2.25081738718769,4.50086299136714,0.999999740558114
"170",1.28966942,1.49999999442448,1.50001524967922,2.25081978727149,4.50086553654171,0.999999739689214
"171",1.2973006,1.49999999439169,1.50001529737242,2.25082215063347,4.50086804298473,0.9999997388313
"172",1.30493178,1.49999999435878,1.50001534440501,2.2508244777895,4.50087051124,0.999999737984221
"173",1.31256296,1.49999999432575,1.50001539078717,2.25082676930296,4.50087294190135,0.999999737147813
"174",1.32019414,1.49999999429259,1.5000154365292,2.25082902574586,4.50087533557176,0.999999736321905
"175",1.32782532,1.4999999942593,1.50001548163992,2.2508312476058,4.50087769276525,0.999999735506357
"176",1.3354565,1.49999999422589,1.50001552612917,2.25083343543007,4.50088001405865,0.999999734701007
"177",1.34308768,1.49999999419234,1.50001557000611,2.25083558972465,4.50088229998539,0.999999733905705
"178",1.35071886,1.49999999415867,1.50001561327988,2.25083771099752,4.50088455108095,0.999999733120303
"179",1.35835004,1.49999999412487,1.50001565595996,2.25083979977085,4.50088676789584,0.999999732344647
"180",1.36598122,1.49999999409095,1.50001569805487,2.25084185651944,4.50088895093048,0.999999731578596
"181",1.3736124,1.49999999405689,1.50001573957314,2.25084388171382,4.50089110068098,0.999999730822014
"182",1.38124358,1.4999999940227,1.50001578052353,2.25084587583979,4.50089321765941,0.999999730074756
"183",1.38887476,1.49999999398838,1.50001582091481,2.25084783938278,4.50089530237751,0.999999729336679
"184",1.39650594,1.49999999395393,1.50001586075479,2.25084977277424,4.50089735529016,0.999999728607657
"185",1.40413712,1.49999999391935,1.50001590005177,2.25085167647456,4.50089937688269,0.999999727887554
"186",1.4117683,1.49999999388463,1.50001593881427,2.25085355095497,4.50090136765182,0.999999727176229
"187",1.41939948,1.49999999384979,1.5000159770495,2.25085539661313,4.50090332801689,0.999999726473568
"188",1.42703066,1.49999999381481,1.5000160147659,2.25085721391684,4.50090525847103,0.999999725779431
"189",1.43466184,1.49999999377969,1.50001605197089,2.25085900327765,4.50090715944798,0.999999725093696
"190",1.44229302,1.49999999374444,1.50001608867213,2.25086076511624,4.50090903139146,0.99999972441624
"191",1.4499242,1.49999999370906,1.50001612487672,2.25086249982759,4.50091087471777,0.999999723746946
"192",1.45755538,1.49999999367354,1.50001616059201,2.25086420781586,4.50091268985304,0.999999723085695
"193",1.46518656,1.49999999363789,1.50001619582578,2.25086588951317,4.50091447725281,0.999999722432359
"194",1.47281774,1.4999999936021,1.50001623058432,2.25086754526579,4.50091623728217,0.999999721786835
"195",1.48044892,1.49999999356617,1.50001626487505,2.25086917548495,4.50091797037465,0.999999721149002
"196",1.4880801,1.49999999353011,1.50001629870485,2.25087078054913,4.50091967692932,0.999999720518749
"197",1.49571128,1.49999999349391,1.50001633208013,2.25087236081328,4.50092135732042,0.999999719895969
"198",1.50334246,1.49999999345757,1.5000163650078,2.25087391665955,4.50092301195077,0.999999719280551
"199",1.51097364,1.49999999342109,1.50001639749417,2.25087544843483,4.50092464118621,0.999999718672391
"200",1.51860482,1.49999999338447,1.50001642954578,2.2508769565023,4.50092624540958,0.999999718071382
"201",1.526236,1.49999999334771,1.500016461169,2.25087844121117,4.50092782498913,0.99999971747742
"202",1.53386718,1.49999999331081,1.50001649237027,2.25087990291932,4.50092938030214,0.999999716890399
"203",1.54149836,1.49999999327377,1.50001652315491,2.25088134191979,4.50093091165752,0.999999716310234
"204",1.54912954,1.49999999323659,1.50001655352954,2.25088275857692,4.50093241943957,0.999999715736815
"205",1.55676072,1.49999999319926,1.5000165835003,2.25088415323044,4.50093390400636,0.999999715170041
"206",1.5643919,1.49999999316179,1.50001661307238,2.25088552616604,4.50093536565917,0.999999714609829
"207",1.57202308,1.49999999312418,1.50001664225164,2.25088687770794,4.50093680473983,0.999999714056083
"208",1.57965426,1.49999999308643,1.50001667104388,2.25088820817535,4.50093822158491,0.999999713508706
"209",1.58728544,1.49999999304853,1.50001669945453,2.25088951786754,4.50093961650999,0.999999712967612
"210",1.59491662,1.49999999301049,1.50001672748916,2.25089080709268,4.50094098983998,0.999999712432707
"211",1.6025478,1.4999999929723,1.50001675515319,2.2508920761484,4.5009423418887,0.999999711903905
"212",1.61017898,1.49999999293396,1.50001678245203,2.25089332533346,4.50094367297119,0.999999711381115
"213",1.61781016,1.49999999289548,1.50001680939005,2.25089455489027,4.50094498334299,0.999999710864267
"214",1.62544134,1.49999999285686,1.50001683597304,2.25089576513589,4.50094627333847,0.999999710353265
"215",1.63307252,1.49999999281808,1.50001686220582,2.25089695633692,4.50094754323872,0.999999709848032
"216",1.6407037,1.49999999277915,1.50001688809355,2.25089812877635,4.5009487933422,0.999999709348482
"217",1.64833488,1.49999999274008,1.50001691364099,2.25089928271825,4.50095002392728,0.999999708854537
"218",1.65596606,1.49999999270086,1.50001693885261,2.25090041840864,4.50095123525341,0.999999708366124
"219",1.66359724,1.49999999266149,1.50001696373358,2.2509015361317,4.50095242762022,0.999999707883159
"220",1.67122842,1.49999999262196,1.5000169882883,2.25090263613006,4.50095360128356,0.999999707405568
"221",1.6788596,1.49999999258229,1.50001701252122,2.25090371864864,4.50095475650172,0.999999706933281
"222",1.68649078,1.49999999254246,1.50001703643698,2.2509047839437,4.50095589354487,0.99999970646622
"223",1.69412196,1.49999999250249,1.50001706003986,2.25090583224978,4.50095701266039,0.999999706004315
"224",1.70175314,1.49999999246236,1.50001708333452,2.25090686382443,4.50095811411984,0.99999970554749
"225",1.70938432,1.49999999242207,1.50001710632486,2.25090787888246,4.50095919814967,0.99999970509568
"226",1.7170155,1.49999999238163,1.50001712901499,2.25090887764937,4.50096026498775,0.99999970464882
"227",1.72464668,1.49999999234104,1.50001715140953,2.2509098603793,4.50096131490206,0.999999704206832
"228",1.73227786,1.49999999230029,1.50001717351222,2.25091082727867,4.50096234811026,0.999999703769656
"229",1.73990904,1.49999999225939,1.50001719532709,2.25091177856915,4.5009633648461,0.999999703337225
"230",1.74754022,1.49999999221833,1.50001721685834,2.25091271448213,4.50096436535358,0.99999970290947
"231",1.7551714,1.49999999217711,1.50001723810929,2.25091363519994,4.50096534982496,0.999999702486337
"232",1.76280258,1.49999999213574,1.50001725908391,2.25091454094109,4.50096631849068,0.999999702067762
"233",1.77043376,1.4999999920942,1.50001727978662,2.25091543194788,4.50096727160634,0.99999970165367
"234",1.77806494,1.49999999205251,1.50001730022023,2.25091630837594,4.50096820933593,0.999999701244018
"235",1.78569612,1.49999999201066,1.50001732038905,2.2509171704622,4.50096913192934,0.999999700838732
"236",1.7933273,1.49999999196865,1.50001734029623,2.25091801837993,4.50097003956931,0.999999700437763
"237",1.80095848,1.49999999192648,1.50001735994567,2.25091885234229,4.50097093248066,0.999999700041045
"238",1.80858966,1.49999999188415,1.50001737934059,2.25091967252816,4.50097181085197,0.999999699648526
"239",1.81622084,1.49999999184165,1.50001739848413,2.25092047911004,4.50097267486514,0.999999699260155
"240",1.82385202,1.499999991799,1.5000174173802,2.25092127230105,4.50097352474503,0.999999698875866
"241",1.8314832,1.49999999175618,1.50001743603144,2.25092205224785,4.50097436064618,0.999999698495619
"242",1.83911438,1.49999999171319,1.50001745444197,2.25092281917688,4.50097518280746,0.999999698119342
"243",1.84674556,1.49999999167004,1.50001747261435,2.25092357322699,4.50097599137533,0.999999697746997
"244",1.85437674,1.49999999162673,1.50001749055191,2.2509243145838,4.50097678654543,0.999999697378527
"245",1.86200792,1.49999999158325,1.50001750825776,2.25092504341644,4.50097756849625,0.999999697013881
"246",1.8696391,1.49999999153961,1.50001752573508,2.25092575990124,4.50097833741363,0.999999696653007
"247",1.87727028,1.4999999914958,1.50001754298674,2.25092646419354,4.50097909346151,0.999999696295858
"248",1.88490146,1.49999999145182,1.50001756001558,2.25092715645123,4.50097983680634,0.999999695942388
"249",1.89253264,1.49999999140767,1.50001757682487,2.25092783685295,4.50098056763652,0.999999695592543
"250",1.90016382,1.49999999136335,1.50001759341706,2.25092850553466,4.50098128609538,0.999999695246281
"251",1.907795,1.49999999131887,1.50001760979557,2.25092916268114,4.50098199237795,0.999999694903548
"252",1.91542618,1.49999999127421,1.50001762596272,2.250929808423,4.50098268662183,0.999999694564305
"253",1.92305736,1.49999999122939,1.50001764192078,2.25093044288437,4.50098336895796,0.999999694228515
"254",1.93068854,1.49999999118439,1.50001765767355,2.25093106627202,4.50098403960448,0.999999693896114
"255",1.93831972,1.49999999113922,1.50001767322295,2.25093167869173,4.50098469867291,0.999999693567073
"256",1.9459509,1.49999999109388,1.50001768857191,2.25093228030602,4.50098534633464,0.999999693241342
"257",1.95358208,1.49999999104836,1.50001770372304,2.25093287125768,4.50098598274024,0.999999692918878
"258",1.96121326,1.49999999100267,1.50001771867802,2.2509334516374,4.5009866079854,0.999999692599656
"259",1.96884444,1.49999999095681,1.50001773344099,2.25093402167372,4.50098722231118,0.999999692283603
"260",1.97647562,1.49999999091077,1.50001774801301,2.25093458142458,4.50098782577859,0.999999691970706
"261",1.9841068,1.49999999086455,1.50001776239699,2.25093513104949,4.50098841855597,0.999999691660916
"262",1.99173798,1.49999999081816,1.50001777659536,2.25093567068163,4.5009890007837,0.999999691354191
"263",1.99936916,1.49999999077159,1.50001779061055,2.25093620045518,4.50098957260333,0.999999691050493
"264",2.00700034,1.49999999072484,1.50001780444471,2.2509367204863,4.50099013413744,0.999999690749787
"265",2.01463152,1.49999999067792,1.50001781809981,2.25093723088493,4.50099068550184,0.99999969045204
"266",2.0222627,1.49999999063081,1.50001783157889,2.25093773181668,4.50099122687132,0.999999690157201
"267",2.02989388,1.49999999058352,1.50001784488365,2.25093822337498,4.50099175834436,0.999999689865242
"268",2.03752506,1.49999999053606,1.50001785801618,2.25093870567495,4.50099228004241,0.999999689576131
"269",2.04515624,1.49999999048841,1.50001787097893,2.2509391788503,4.50099279210645,0.999999689289825
"270",2.05278742,1.49999999044058,1.50001788377357,2.25093964299398,4.50099329463453,0.999999689006298
"271",2.0604186,1.49999999039256,1.5000178964026,2.25094009824094,4.50099378776903,0.999999688725508
"272",2.06804978,1.49999999034437,1.50001790886841,2.25094054472208,4.50099427164803,0.999999688447416
"273",2.07568096,1.49999999029599,1.50001792117241,2.25094098251713,4.50099474635552,0.999999688171998
"274",2.08331214,1.49999999024742,1.5000179333167,2.25094141173928,4.50099521201099,0.999999687899221
"275",2.09094332,1.49999999019867,1.50001794530321,2.25094183249489,4.50099566872654,0.999999687629053
"276",2.0985745,1.49999999014973,1.50001795713407,2.25094224490093,4.5009961166256,0.999999687361458
"277",2.10620568,1.49999999010061,1.5000179688108,2.25094264904085,4.50099655579612,0.999999687096411
"278",2.11383686,1.49999999005129,1.50001798033583,2.25094304504713,4.50099698637791,0.999999686833872
"279",2.12146804,1.49999999000179,1.50001799171097,2.25094343301888,4.5009974084755,0.999999686573811
"280",2.12909922,1.4999999899521,1.5000180029377,2.2509438130374,4.50099782217461,0.999999686316205
"281",2.1367304,1.49999998990222,1.50001801401746,2.25094418518259,4.50099822755947,0.999999686061029
"282",2.14436158,1.49999998985215,1.50001802495315,2.25094454961149,4.50099862479586,0.999999685808235
"283",2.15199276,1.49999998980189,1.50001803574538,2.25094490635901,4.50099901392043,0.999999685557814
"284",2.15962394,1.49999998975143,1.50001804639669,2.25094525556324,4.50099939507898,0.999999685309723
"285",2.16725512,1.49999998970078,1.50001805690844,2.25094559729903,4.50099976835041,0.999999685063941
"286",2.1748863,1.49999998964994,1.50001806728186,2.25094593163458,4.50100013380657,0.999999684820446
"287",2.18251748,1.49999998959891,1.5000180775196,2.25094625871458,4.50100049160019,0.999999684579195
"288",2.19014866,1.49999998954768,1.50001808762294,2.25094657860673,4.50100084180271,0.999999684340168
"289",2.19777984,1.49999998949625,1.5000180975929,2.25094689136985,4.50100118447606,0.999999684103346
"290",2.20541102,1.49999998944463,1.50001810743125,2.2509471971012,4.50100151972282,0.999999683868702
"291",2.2130422,1.49999998939281,1.50001811713982,2.25094749589913,4.50100184764683,0.999999683636205
"292",2.22067338,1.49999998934079,1.50001812672023,2.25094778785162,4.50100216834088,0.999999683405827
"293",2.22830456,1.49999998928857,1.50001813617374,2.25094807303035,4.50100248188049,0.999999683177549
"294",2.23593574,1.49999998923615,1.50001814550193,2.25094835151958,4.50100278835463,0.999999682951344
"295",2.24356692,1.49999998918354,1.50001815470626,2.25094862340065,4.50100308784902,0.999999682727188
"296",2.2511981,1.49999998913072,1.5000181637882,2.2509488887523,4.50100338044681,0.999999682505057
"297",2.25882928,1.4999999890777,1.50001817274914,2.25094914765237,4.50100366623004,0.999999682284928
"298",2.26646046,1.49999998902447,1.50001818159032,2.25094940016841,4.50100394526994,0.999999682066781
"299",2.27409164,1.49999998897105,1.5000181903136,2.25094964640148,4.50100421767318,0.999999681850584
"300",2.28172282,1.49999998891742,1.50001819891975,2.25094988639444,4.50100448348489,0.999999681636325
"301",2.289354,1.49999998886358,1.50001820741055,2.25095012024268,4.50100474280585,0.999999681423976
"302",2.29698518,1.49999998880954,1.50001821578716,2.25095034801224,4.50100499570553,0.999999681213515
"303",2.30461636,1.49999998875529,1.50001822405113,2.25095056978658,4.5010052422721,0.999999681004918
"304",2.31224754,1.49999998870083,1.50001823220339,2.25095078561693,4.50100548255951,0.99999968079817
"305",2.31987872,1.49999998864617,1.50001824024539,2.25095099558261,4.50100571665148,0.999999680593247
"306",2.3275099,1.4999999885913,1.50001824817842,2.25095119975446,4.50100594462271,0.999999680390127
"307",2.33514108,1.49999998853621,1.50001825600372,2.25095139819934,4.50100616654379,0.999999680188789
"308",2.34277226,1.49999998848092,1.50001826372231,2.25095159097391,4.50100638247441,0.999999679989218
"309",2.35040344,1.49999998842542,1.50001827133568,2.25095177815956,4.50100659250045,0.999999679791388
"310",2.35803462,1.4999999883697,1.50001827884484,2.25095195981139,4.50100679668004,0.999999679595282
"311",2.3656658,1.49999998831377,1.5000182862511,2.25095213599987,4.50100699508757,0.99999967940088
"312",2.37329698,1.49999998825763,1.50001829355543,2.25095230678031,4.50100718778126,0.999999679208165
"313",2.38092816,1.49999998820127,1.50001830075923,2.2509524722274,4.50100737484002,0.999999679017113
"314",2.38855934,1.49999998814469,1.50001830786319,2.25095263237992,4.50100755630468,0.999999678827714
"315",2.39619052,1.4999999880879,1.500018314869,2.25095278733024,4.50100773227268,0.999999678639939
"316",2.4038217,1.4999999880309,1.50001832177746,2.25095293712055,4.50100790278862,0.999999678453775
"317",2.41145288,1.49999998797367,1.50001832858954,2.25095308180578,4.50100806791034,0.999999678269207
"318",2.41908406,1.49999998791623,1.50001833530649,2.25095322145343,4.50100822770909,0.999999678086213
"319",2.42671524,1.49999998785856,1.50001834192915,2.25095335610929,4.50100838223316,0.99999967790478
"320",2.43434642,1.49999998780068,1.50001834845899,2.25095348585354,4.50100853156717,0.999999677724883
"321",2.4419776,1.49999998774258,1.50001835489653,2.25095361071527,4.50100867574177,0.999999677546514
"322",2.44960878,1.49999998768425,1.50001836124309,2.25095373076632,4.50100881483272,0.99999967736965
"323",2.45723996,1.4999999876257,1.50001836749966,2.25095384606064,4.501008948897,0.999999677194276
"324",2.46487114,1.49999998756692,1.50001837366701,2.2509539566405,4.50100907797913,0.999999677020379
"325",2.47250232,1.49999998750793,1.50001837974615,2.25095406256084,4.50100920213711,0.999999676847942
"326",2.4801335,1.4999999874487,1.50001838573817,2.2509541638815,4.50100932143403,0.999999676676947
"327",2.48776468,1.49999998738925,1.50001839164425,2.25095426066665,4.50100943593765,0.999999676507374
"328",2.49539586,1.49999998732957,1.50001839746471,2.25095435293331,4.50100954566592,0.999999676339219
"329",2.50302704,1.49999998726967,1.50001840320104,2.25095444076505,4.50100965070686,0.999999676172456
"330",2.51065822,1.49999998720953,1.50001840885359,2.25095452417762,4.50100975107728,0.99999967600708
"331",2.5182894,1.49999998714917,1.50001841442387,2.25095460325663,4.50100984686732,0.999999675843065
"332",2.52592058,1.49999998708857,1.50001841991251,2.25095467803392,4.50100993811076,0.999999675680402
"333",2.53355176,1.49999998702774,1.50001842532022,2.25095474854994,4.50101002485009,0.999999675519078
"334",2.54118294,1.49999998696668,1.50001843064782,2.25095481484998,4.50101010713312,0.999999675359081
"335",2.54881412,1.49999998690539,1.50001843589653,2.25095487699832,4.50101018502779,0.999999675200388
"336",2.5564453,1.49999998684386,1.50001844106695,2.25095493502981,4.50101025857072,0.999999675042992
"337",2.56407648,1.4999999867821,1.50001844616,2.25095498899426,4.50101032781452,0.999999674886876
"338",2.57170766,1.4999999867201,1.50001845117627,2.25095503892329,4.50101039279254,0.999999674732031
"339",2.57933884,1.49999998665786,1.50001845611666,2.25095508486664,4.50101045355726,0.999999674578442
"340",2.58697002,1.49999998659539,1.50001846098222,2.25095512688189,4.50101051016937,0.999999674426091
"341",2.5946012,1.49999998653268,1.5000184657736,2.25095516500196,4.50101056266375,0.999999674274968
"342",2.60223238,1.49999998646972,1.5000184704917,2.25095519927781,4.50101061109406,0.999999674125058
"343",2.60986356,1.49999998640653,1.50001847513697,2.25095522973518,4.50101065548742,0.999999673976352
"344",2.61749474,1.4999999863431,1.50001847971008,2.25095525641085,4.50101069588258,0.999999673828841
"345",2.62512592,1.49999998627942,1.5000184842122,2.25095527936747,4.50101073234574,0.999999673682505
"346",2.6327571,1.4999999862155,1.5000184886439,2.25095529863413,4.50101076490765,0.999999673537334
"347",2.64038828,1.49999998615133,1.50001849300593,2.25095531425526,4.50101079361503,0.999999673393316
"348",2.64801946,1.49999998608692,1.50001849729898,2.25095532626673,4.50101081850582,0.999999673250439
"349",2.65565064,1.49999998602227,1.50001850152336,2.25095533468647,4.50101083959885,0.9999996731087
"350",2.66328182,1.49999998595736,1.50001850568085,2.25095533960949,4.5010108569945,0.999999672968066
"351",2.670913,1.49999998589221,1.50001850977106,2.25095534101717,4.50101087067296,0.999999672828545
"352",2.67854418,1.49999998582681,1.50001851379512,2.25095533896923,4.50101088069734,0.999999672690119
"353",2.68617536,1.49999998576116,1.50001851775344,2.25095533348974,4.50101088709297,0.999999672552781
"354",2.69380654,1.49999998569526,1.50001852164692,2.25095532462747,4.50101088991127,0.999999672416516
"355",2.70143772,1.4999999856291,1.50001852547673,2.25095531244373,4.50101088921711,0.999999672281303
"356",2.7090689,1.4999999855627,1.50001852924258,2.25095529692531,4.50101088499637,0.999999672147149
"357",2.71670008,1.49999998549603,1.50001853294533,2.25095527811991,4.50101087729936,0.999999672014039
"358",2.72433126,1.49999998542912,1.50001853658584,2.25095525607187,4.50101086617299,0.999999671881958
"359",2.73196244,1.49999998536195,1.500018540165,2.25095523083037,4.50101085166911,0.999999671750892
"360",2.73959362,1.49999998529452,1.50001854368266,2.25095520238918,4.50101083378102,0.999999671620844
"361",2.7472248,1.49999998522683,1.50001854714024,2.25095517082281,4.50101081258752,0.999999671491789
"362",2.75485598,1.49999998515889,1.50001855053784,2.25095513613963,4.50101078809726,0.999999671363726
"363",2.76248716,1.49999998509068,1.50001855387631,2.2509550983836,4.50101076035677,0.99999967123664
"364",2.77011834,1.49999998502222,1.5000185571559,2.25095505757072,4.50101072938279,0.999999671110529
"365",2.77774952,1.49999998495349,1.50001856037783,2.2509550137646,4.50101069524258,0.999999670985371
"366",2.7853807,1.4999999848845,1.50001856354199,2.25095496696143,4.50101065793201,0.999999670861168
"367",2.79301188,1.49999998481525,1.50001856664918,2.25095491720477,4.50101061749702,0.999999670737908
"368",2.80064306,1.49999998474573,1.50001856970014,2.2509548645345,4.50101057397977,0.999999670615576
"369",2.80827424,1.49999998467595,1.50001857269525,2.25095480896987,4.50101052740056,0.999999670494169
"370",2.81590542,1.4999999846059,1.50001857563491,2.25095475053601,4.50101047778579,0.999999670373678
"371",2.8235366,1.49999998453558,1.50001857851997,2.25095468927713,4.50101042518221,0.99999967025409
"372",2.83116778,1.49999998446499,1.50001858135095,2.25095462522069,4.5010103696188,0.999999670135395
"373",2.83879896,1.49999998439413,1.50001858412787,2.25095455837079,4.50101031109977,0.999999670017595
"374",2.84643014,1.49999998432301,1.50001858685227,2.2509544888081,4.50101024971038,0.999999669900661
"375",2.85406132,1.49999998425161,1.50001858952344,2.2509544164965,4.50101018541238,0.999999669784609
"376",2.8616925,1.49999998417993,1.50001859214285,2.25095434151461,4.50101011828881,0.999999669669411
"377",2.86932368,1.49999998410799,1.50001859471041,2.25095426385832,4.50101004833532,0.99999966955507
"378",2.87695486,1.49999998403576,1.5000185972269,2.25095418356924,4.5010099755958,0.999999669441573
"379",2.88458604,1.49999998396327,1.50001859969267,2.25095410066797,4.50100990009192,0.999999669328914
"380",2.89221722,1.49999998389049,1.50001860210844,2.25095401519282,4.50100982186417,0.99999966921708
"381",2.8998484,1.49999998381744,1.50001860447439,2.25095392715296,4.50100974092226,0.99999966910607
"382",2.90747958,1.49999998374411,1.50001860679126,2.25095383658991,4.50100965730989,0.999999668995871
"383",2.91511076,1.49999998367049,1.50001860905931,2.25095374351724,4.50100957104148,0.999999668886478
"384",2.92274194,1.4999999835966,1.50001861127891,2.25095364795634,4.50100948213945,0.999999668777885
"385",2.93037312,1.49999998352242,1.50001861345085,2.25095354994774,4.50100939064676,0.999999668670079
"386",2.9380043,1.49999998344796,1.50001861557557,2.25095344951751,4.50100929659075,0.999999668563053
"387",2.94563548,1.49999998337322,1.50001861765311,2.25095334666693,4.50100919997287,0.999999668456806
"388",2.95326666,1.49999998329819,1.50001861968426,2.2509532414405,4.50100910083998,0.999999668351324
"389",2.96089784,1.49999998322287,1.50001862166912,2.25095313384191,4.50100899919602,0.999999668246608
"390",2.96852902,1.49999998314726,1.50001862360858,2.25095302392073,4.50100889509331,0.99999966814264
"391",2.9761602,1.49999998307137,1.50001862550296,2.25095291169407,4.50100878854986,0.999999668039416
"392",2.98379138,1.49999998299518,1.50001862735237,2.25095279716787,4.50100867957196,0.999999667936935
"393",2.99142256,1.49999998291871,1.50001862915751,2.25095268037965,4.50100856819921,0.999999667835184
"394",2.99905374,1.49999998284194,1.50001863091848,2.25095256133697,4.50100845443951,0.999999667734161
"395",3.00668492,1.49999998276488,1.50001863263596,2.25095244007464,4.50100833832968,0.999999667633857
"396",3.0143161,1.49999998268752,1.5000186343103,2.2509523166132,4.50100821989133,0.999999667534264
"397",3.02194728,1.49999998260987,1.50001863594189,2.25095219097335,4.50100809914633,0.999999667435376
"398",3.02957846,1.49999998253192,1.50001863753107,2.25095206317378,4.50100797611436,0.999999667337188
"399",3.03720964,1.49999998245367,1.50001863907853,2.25095193325037,4.50100785083337,0.999999667239687
"400",3.04484082,1.49999998237513,1.5000186405841,2.25095180119747,4.50100772329724,0.999999667142878
"401",3.052472,1.49999998229628,1.50001864204866,2.25095166706022,4.50100759355372,0.999999667046744
"402",3.06010318,1.49999998221713,1.50001864347229,2.25095153084395,4.50100746160841,0.999999666951285
"403",3.06773436,1.49999998213768,1.5000186448553,2.25095139256513,4.50100732747865,0.999999666856496
"404",3.07536554,1.49999998205793,1.50001864619845,2.25095125226566,4.50100719120869,0.999999666762364
"405",3.08299672,1.49999998197787,1.50001864750134,2.25095110992547,4.50100705277722,0.999999666668895
"406",3.0906279,1.4999999818975,1.50001864876538,2.2509509656173,4.50100691226121,0.999999666576066
"407",3.09825908,1.49999998181683,1.50001864999026,2.25095081932713,4.50100676964573,0.999999666483882
"408",3.10589026,1.49999998173585,1.50001865117641,2.25095067107795,4.50100662495503,0.999999666392337
"409",3.11352144,1.49999998165456,1.50001865232399,2.25095052087841,4.50100647819829,0.999999666301427
"410",3.12115262,1.49999998157296,1.50001865343378,2.25095036877177,4.50100632942106,0.999999666211139
"411",3.1287838,1.49999998149105,1.500018654506,2.25095021476819,4.50100617863418,0.999999666121469
"412",3.13641498,1.49999998140882,1.50001865554052,2.25095005886305,4.50100602583264,0.999999666032421
"413",3.14404616,1.49999998132628,1.50001865653827,2.25094990110475,4.50100587106763,0.999999665943977
"414",3.15167734,1.49999998124342,1.5000186574993,2.25094974149684,4.50100571434284,0.999999665856138
"415",3.15930852,1.49999998116025,1.50001865842421,2.2509495800722,4.50100555569297,0.999999665768893
"416",3.1669397,1.49999998107676,1.50001865931303,2.25094941683271,4.50100539511997,0.999999665682242
"417",3.17457088,1.49999998099295,1.50001866016597,2.25094925178969,4.5010052326358,0.999999665596181
"418",3.18220206,1.49999998090882,1.50001866098332,2.2509490849589,4.5010050682571,0.999999665510706
"419",3.18983324,1.49999998082437,1.5000186617659,2.25094891638482,4.50100490203079,0.999999665425802
"420",3.19746442,1.49999998073959,1.50001866251358,2.25094874606037,4.5010047339494,0.999999665341473
"421",3.2050956,1.49999998065449,1.50001866322643,2.25094857399119,4.50100456401878,0.999999665257716
"422",3.21272678,1.49999998056907,1.50001866390565,2.25094840023883,4.50100439230413,0.999999665174511
"423",3.22035796,1.49999998048332,1.5000186645506,2.25094822477204,4.50100421877221,0.99999966509187
"424",3.22798914,1.49999998039724,1.50001866516184,2.25094804762057,4.50100404345448,0.999999665009783
"425",3.23562032,1.49999998031083,1.50001866573996,2.25094786881447,4.50100386638275,0.999999664928241
"426",3.2432515,1.4999999802241,1.50001866628535,2.25094768837679,4.50100368758128,0.999999664847235
"427",3.25088268,1.49999998013703,1.50001866679732,2.2509475062712,4.50100350701161,0.999999664766779
"428",3.25851386,1.49999998004962,1.50001866727742,2.25094732257954,4.50100332476025,0.999999664686845
"429",3.26614504,1.49999997996189,1.50001866772501,2.25094713726916,4.50100314079267,0.999999664607445
"430",3.27377622,1.49999997987381,1.5000186681408,2.25094695037717,4.50100295514807,0.999999664528567
"431",3.2814074,1.49999997978541,1.50001866852484,2.25094676190675,4.5010027678298,0.999999664450211
"432",3.28903858,1.49999997969666,1.50001866887738,2.25094657187309,4.50100257885377,0.999999664372371
"433",3.29666976,1.49999997960757,1.50001866919877,2.25094638029303,4.50100238823788,0.999999664295043
"434",3.30430094,1.49999997951815,1.50001866948958,2.2509461871973,4.50100219601459,0.999999664218216
"435",3.31193212,1.49999997942838,1.50001866974985,2.250945992591,4.5010020021891,0.999999664141889
"436",3.3195633,1.49999997933827,1.50001866997942,2.25094579646386,4.5010018067507,0.999999664066066
"437",3.32719448,1.49999997924781,1.50001867017886,2.25094559884707,4.50100160973223,0.999999663990737
"438",3.33482566,1.49999997915701,1.50001867034882,2.25094539977512,4.50100141117016,0.99999966391589
"439",3.34245684,1.49999997906586,1.50001867048899,2.25094519923238,4.50100121104794,0.999999663841532
"440",3.35008802,1.49999997897436,1.50001867059968,2.25094499723626,4.50100100938388,0.999999663767657
"441",3.3577192,1.49999997888252,1.50001867068148,2.25094479381716,4.50100080621021,0.999999663694254
"442",3.36535038,1.49999997879032,1.50001867073432,2.25094458897197,4.50100060152353,0.999999663621326
"443",3.37298156,1.49999997869777,1.50001867075831,2.25094438270741,4.50100039533093,0.999999663548871
"444",3.38061274,1.49999997860486,1.50001867075436,2.25094417507288,4.50100018768456,0.999999663476871
"445",3.38824392,1.4999999785116,1.50001867072192,2.25094396603866,4.50099997855301,0.999999663405339
"446",3.3958751,1.49999997841799,1.50001867066174,2.25094375564412,4.50099976797793,0.99999966333426
"447",3.40350628,1.49999997832401,1.50001867057365,2.25094354388159,4.50099955595112,0.999999663263638
"448",3.41113746,1.49999997822968,1.50001867045798,2.25094333076946,4.500999342492,0.999999663193466
"449",3.41876864,1.49999997813499,1.5000186703153,2.25094311633793,4.50099912763242,0.999999663123736
"450",3.42639982,1.49999997803993,1.50001867014555,2.25094290058191,4.50099891136713,0.999999663054448
"451",3.434031,1.49999997794451,1.50001866994902,2.25094268352151,4.50099869371715,0.999999662985597
"452",3.44166218,1.49999997784873,1.50001866972577,2.25094246515639,4.50099847468228,0.999999662917184
"453",3.44929336,1.49999997775258,1.50001866947618,2.25094224550899,4.50099825428606,0.9999996628492
"454",3.45692454,1.49999997765606,1.50001866920039,2.25094202458642,4.50099803253612,0.999999662781643
"455",3.46455572,1.49999997755917,1.5000186688985,2.25094180239564,4.50099780943967,0.999999662714513
"456",3.4721869,1.49999997746191,1.50001866857095,2.25094157895866,4.50099758502002,0.999999662647801
"457",3.47981808,1.49999997736429,1.50001866821806,2.25094135429278,4.50099735929547,0.999999662581503
"458",3.48744926,1.49999997726628,1.50001866783926,2.25094112836982,4.5009971322361,0.999999662515627
"459",3.49508044,1.49999997716791,1.5000186674359,2.25094090125914,4.5009969039153,0.999999662450151
"460",3.50271162,1.49999997706915,1.50001866700741,2.25094067293314,4.50099667430382,0.999999662385085
"461",3.5103428,1.49999997697002,1.5000186665543,2.25094044341836,4.50099644342971,0.999999662320419
"462",3.51797398,1.49999997687051,1.50001866607623,2.25094021269744,4.50099621127455,0.999999662256161
"463",3.52560516,1.49999997677062,1.50001866557379,2.25093998080153,4.50099597787131,0.999999662192299
"464",3.53323634,1.49999997667035,1.50001866504763,2.25093974776554,4.50099574325682,0.999999662128823
"465",3.54086752,1.4999999765697,1.50001866449693,2.25093951354627,4.50099550738541,0.999999662065747
"466",3.5484987,1.49999997646866,1.5000186639225,2.25093927818762,4.50099527030347,0.999999662003056
"467",3.55612988,1.49999997636723,1.50001866332473,2.25093904170879,4.50099503203131,0.999999661940745
"468",3.56376106,1.49999997626542,1.50001866270348,2.25093880410483,4.50099479256356,0.999999661878816
"469",3.57139224,1.49999997616321,1.50001866205873,2.2509385653743,4.50099455189876,0.999999661817268
"470",3.57902342,1.49999997606062,1.50001866139113,2.25093832555124,4.50099431007287,0.999999661756092
"471",3.5866546,1.49999997595763,1.50001866070066,2.25093808463623,4.50099406708644,0.999999661695286
"472",3.59428578,1.49999997585426,1.50001865998709,2.25093784261561,4.50099382292506,0.999999661634857
"473",3.60191696,1.49999997575048,1.50001865925122,2.25093759953438,4.5009935776362,0.999999661574789
"474",3.60954814,1.49999997564631,1.50001865849321,2.25093735539838,4.50099333122614,0.99999966151508
"475",3.61717932,1.49999997554174,1.50001865771283,2.25093711019881,4.50099308368541,0.999999661455733
"476",3.6248105,1.49999997543677,1.50001865691,2.2509368639308,4.50099283500889,0.999999661396751
"477",3.63244168,1.4999999753314,1.50001865608563,2.25093661664156,4.50099258524651,0.999999661338118
"478",3.64007286,1.49999997522562,1.50001865523955,2.25093636832341,4.50099233439007,0.999999661279836
"479",3.64770404,1.49999997511945,1.50001865437181,2.25093611897849,4.50099208244191,0.999999661221906
"480",3.65533522,1.49999997501286,1.50001865348283,2.2509358686313,4.50099182942775,0.999999661164318
"481",3.6629664,1.49999997490587,1.50001865257241,2.25093561727007,4.50099157533521,0.999999661107078
"482",3.67059758,1.49999997479847,1.50001865164138,2.25093536493771,4.50099132020973,0.999999661050171
"483",3.67822876,1.49999997469066,1.50001865068911,2.2509351116037,4.50099106401888,0.999999660993608
"484",3.68585994,1.49999997458244,1.50001864971581,2.25093485727968,4.50099080677492,0.999999660937385
"485",3.69349112,1.4999999744738,1.50001864872197,2.25093460199043,4.50099054850412,0.999999660881493
"486",3.7011223,1.49999997436475,1.50001864770809,2.2509343457613,4.50099028923331,0.999999660825925
"487",3.70875348,1.49999997425528,1.50001864667375,2.25093408857346,4.50099002894241,0.999999660770687
"488",3.71638466,1.49999997414539,1.50001864561909,2.25093383043346,4.50098976763838,0.999999660715777
"489",3.72401584,1.49999997403508,1.50001864454466,2.25093357136972,4.50098950535133,0.999999660661186
"490",3.73164702,1.49999997392435,1.50001864344997,2.25093331135836,4.50098924205585,0.999999660606922
"491",3.7392782,1.4999999738132,1.50001864233599,2.25093305044925,4.50098897780477,0.999999660552968
"492",3.74690938,1.49999997370162,1.50001864120233,2.25093278862323,4.50098871257771,0.999999660499331
"493",3.75454056,1.49999997358962,1.50001864004946,2.25093252590404,4.50098844639987,0.999999660446004
"494",3.76217174,1.49999997347719,1.50001863887699,2.25093226227278,4.50098817925114,0.999999660392992
"495",3.76980292,1.49999997336432,1.50001863768535,2.25093199775307,4.50098791115649,0.999999660340289
"496",3.7774341,1.49999997325103,1.50001863647482,2.25093173235826,4.50098764213003,0.999999660287889
"497",3.78506528,1.4999999731373,1.50001863524543,2.25093146609133,4.50098737217488,0.999999660235792
"498",3.79269646,1.49999997302314,1.50001863399706,2.25093119894661,4.500987101285,0.999999660184001
"499",3.80032764,1.49999997290855,1.50001863273027,2.25093093095297,4.50098682949097,0.999999660132505
"500",3.80795882,1.49999997279351,1.50001863144503,2.25093066210899,4.50098655679122,0.999999660081305
"501",3.81559,1.49999997267803,1.50001863014168,2.25093039243246,4.50098628320459,0.999999660030395
"502",3.82322118,1.49999997256212,1.50001862881985,2.25093012190626,4.50098600871283,0.999999659979782
"503",3.83085236,1.49999997244576,1.50001862747975,2.25092985054094,4.50098573332718,0.999999659929463
"504",3.83848354,1.49999997232895,1.50001862612207,2.25092957837207,4.50098545708521,0.999999659879424
"505",3.84611472,1.4999999722117,1.50001862474622,2.25092930537159,4.50098517995714,0.999999659829676
"506",3.8537459,1.499999972094,1.50001862335274,2.25092903156411,4.50098490196916,0.999999659780211
"507",3.86137708,1.49999997197585,1.50001862194208,2.25092875697632,4.50098462314933,0.999999659731019
"508",3.86900826,1.49999997185725,1.50001862051347,2.25092848156815,4.50098434345528,0.999999659682116
"509",3.87663944,1.49999997173819,1.5000186190678,2.2509282053856,4.50098406293566,0.999999659633485
"510",3.88427062,1.49999997161868,1.50001861760496,2.25092792842471,4.50098378158622,0.999999659585127
"511",3.8919018,1.49999997149872,1.50001861612486,2.25092765067956,4.50098349940071,0.999999659537045
"512",3.89953298,1.49999997137829,1.50001861462773,2.2509273721629,4.50098321639259,0.999999659489236
"513",3.90716416,1.4999999712574,1.50001861311386,2.25092709289,4.50098293257802,0.999999659441693
"514",3.91479534,1.49999997113606,1.50001861158336,2.25092681286782,4.5009826479643,0.999999659394414
"515",3.92242652,1.49999997101424,1.50001861003597,2.2509265320832,4.50098236253743,0.999999659347405
"516",3.9300577,1.49999997089197,1.50001860847209,2.25092625055632,4.50098207631886,0.999999659300659
"517",3.93768888,1.49999997076922,1.50001860689212,2.25092596830998,4.50098178933257,0.999999659254167
"518",3.94532006,1.49999997064601,1.50001860529544,2.25092568531035,4.50098150154283,0.999999659207943
"519",3.95295124,1.49999997052232,1.50001860368276,2.25092540159607,4.50098121299045,0.999999659161972
"520",3.96058242,1.49999997039816,1.50001860205365,2.25092511714521,4.5009809236522,0.999999659116263
"521",3.9682136,1.49999997027353,1.50001860040941,2.25092483202377,4.50098063359798,0.999999659070792
"522",3.97584478,1.49999997014842,1.50001859874866,2.25092454616332,4.50098034275522,0.999999659025585
"523",3.98347596,1.49999997002283,1.50001859707231,2.25092425960879,4.50098005117157,0.999999658980624
"524",3.99110714,1.49999996989677,1.5000185953806,2.25092397237556,4.50097975886316,0.999999658935906
"525",3.99873832,1.49999996977022,1.50001859367282,2.25092368442474,4.50097946578891,0.999999658891444
"526",4.0063695,1.49999996964318,1.50001859194987,2.25092339580566,4.50097917200092,0.999999658847221
"527",4.01400068,1.49999996951566,1.50001859021153,2.25092310650568,4.50097887748586,0.999999658803241
"528",4.02163186,1.49999996938766,1.50001858845827,2.25092281655003,4.50097858227037,0.999999658759496
"529",4.02926304,1.49999996925916,1.50001858668949,2.25092252590797,4.5009782863219,0.999999658715998
"530",4.03689422,1.49999996913017,1.50001858490599,2.25092223462127,4.50097798968463,0.999999658672731
"531",4.0445254,1.49999996900069,1.50001858310717,2.25092194266014,4.50097769232698,0.999999658629706
"532",4.05215658,1.49999996887072,1.50001858129361,2.25092165005303,4.50097739427912,0.999999658586914
"533",4.05978776,1.49999996874025,1.5000185794654,2.2509213568067,4.50097709554809,0.999999658544352
"534",4.06741894,1.49999996860928,1.50001857762237,2.25092106291228,4.50097679612452,0.999999658502024
"535",4.07505012,1.4999999684778,1.5000185757651,2.25092076839952,4.50097649603988,0.999999658459918
"536",4.0826813,1.49999996834583,1.50001857389326,2.25092047325184,4.50097619527661,0.999999658418043
"537",4.09031248,1.49999996821335,1.50001857200666,2.25092017746151,4.50097589382642,0.9999996583764
"538",4.09794366,1.49999996808037,1.50001857010641,2.25091988108306,4.50097559174714,0.999999658334969
"539",4.10557484,1.49999996794687,1.50001856819168,2.25091958407761,4.50097528899744,0.999999658293767
"540",4.11320602,1.49999996781287,1.5000185662627,2.25091928645521,4.50097498558802,0.999999658252788
"541",4.1208372,1.49999996767835,1.50001856431977,2.25091898823153,4.50097468153546,0.999999658212028
"542",4.12846838,1.49999996754332,1.50001856236302,2.25091868941488,4.50097437684851,0.999999658171483
"543",4.13609956,1.49999996740778,1.50001856039245,2.25091839000455,4.50097407152639,0.999999658131155
"544",4.14373074,1.49999996727171,1.5000185584081,2.25091809000396,4.50097376557267,0.999999658091042
"545",4.15136192,1.49999996713513,1.50001855641027,2.25091778942909,4.50097345900425,0.999999658051138
"546",4.1589931,1.49999996699802,1.50001855439864,2.25091748826225,4.50097315180244,0.999999658011451
"547",4.16662428,1.49999996686039,1.5000185523737,2.25091718653013,4.50097284399541,0.999999657971971
"548",4.17425546,1.49999996672223,1.5000185503349,2.2509168842051,4.5009725355539,0.999999657932709
"549",4.18188664,1.49999996658355,1.50001854828336,2.25091658134489,4.500972226539,0.999999657893642
"550",4.18951782,1.49999996644433,1.50001854621832,2.25091627790994,4.50097191690886,0.999999657854787
"551",4.197149,1.49999996630458,1.50001854414011,2.250915973918,4.50097160668221,0.999999657816136
"552",4.20478018,1.4999999661643,1.50001854204897,2.25091566938321,4.50097129587392,0.999999657777685
"553",4.21241136,1.49999996602348,1.50001853994455,2.250915364287,4.50097098446438,0.999999657739442
"554",4.22004254,1.49999996588212,1.50001853782755,2.25091505866475,4.50097067249105,0.999999657701392
"555",4.22767372,1.49999996574023,1.50001853569759,2.25091475249851,4.50097035993486,0.999999657663544
"556",4.2353049,1.49999996559779,1.50001853355485,2.25091444579729,4.50097004680532,0.999999657625893
"557",4.24293608,1.4999999654548,1.50001853139926,2.25091413855849,4.50096973309968,0.999999657588442
"558",4.25056726,1.49999996531127,1.50001852923129,2.25091383080572,4.5009694188429,0.999999657551181
"559",4.25819844,1.49999996516719,1.50001852705069,2.25091352252752,4.50096910402283,0.999999657514115
"560",4.26582962,1.49999996502256,1.50001852485773,2.2509132137372,4.50096878865357,0.99999965747724
"561",4.2734608,1.49999996487738,1.50001852265219,2.25091290442519,4.50096847272484,0.999999657440559
"562",4.28109198,1.49999996473164,1.50001852043464,2.25091259461996,4.50096815626689,0.999999657404062
"563",4.28872316,1.49999996458535,1.50001851820445,2.25091228428995,4.50096783924622,0.999999657367761
"564",4.29635434,1.49999996443849,1.50001851596241,2.2509119734757,4.50096752170576,0.999999657331641
"565",4.30398552,1.49999996429108,1.50001851370828,2.25091166216485,4.50096720363244,0.999999657295707
"566",4.3116167,1.4999999641431,1.50001851144209,2.25091135036079,4.50096688502972,0.999999657259958
"567",4.31924788,1.49999996399455,1.50001850916368,2.25091103805502,4.50096656588865,0.999999657224396
"568",4.32687906,1.49999996384544,1.50001850687384,2.25091072528763,4.50096624625165,0.999999657189009
"569",4.33451024,1.49999996369576,1.50001850457185,2.2509104120231,4.50096592608107,0.999999657153808
"570",4.34214142,1.4999999635455,1.50001850225828,2.2509100982906,4.50096560540778,0.999999657118784
"571",4.3497726,1.49999996339467,1.50001849993305,2.25090978408636,4.50096528422776,0.999999657083937
"572",4.35740378,1.49999996324326,1.50001849759613,2.25090946940926,4.50096496253979,0.99999965704927
"573",4.36503496,1.49999996309128,1.50001849524774,2.2509091542705,4.50096464035578,0.999999657014777
"574",4.37266614,1.49999996293871,1.50001849288774,2.25090883866483,4.50096431767003,0.99999965698046
"575",4.38029732,1.49999996278556,1.50001849051647,2.25090852260846,4.50096399449976,0.999999656946315
"576",4.3879285,1.49999996263183,1.50001848813381,2.25090820609641,4.50096367083965,0.999999656912343
"577",4.39555968,1.49999996247751,1.5000184857398,2.25090788913105,4.50096334669219,0.999999656878543
"578",4.40319086,1.49999996232259,1.5000184833348,2.25090757172998,4.500963022076,0.99999965684491
"579",4.41082204,1.49999996216709,1.50001848091827,2.250907253868,4.50096269696434,0.999999656811452
"580",4.41845322,1.49999996201099,1.50001847849089,2.25090693557892,4.50096237139305,0.999999656778157
"581",4.4260844,1.49999996185429,1.50001847605233,2.25090661684619,4.50096204534456,0.999999656745032
"582",4.43371558,1.499999961697,1.50001847360301,2.25090629769163,4.50096171884194,0.999999656712068
"583",4.44134676,1.4999999615391,1.50001847114271,2.25090597810463,4.50096139187393,0.99999965667927
"584",4.44897794,1.4999999613806,1.50001846867148,2.250905658089,4.50096106444453,0.999999656646637
"585",4.45660912,1.4999999612215,1.50001846618947,2.25090533765111,4.50096073656053,0.999999656614167
"586",4.4642403,1.49999996106178,1.50001846369659,2.25090501678812,4.5009604082188,0.99999965658186
"587",4.47187148,1.49999996090146,1.50001846119356,2.25090469553561,4.5009600794571,0.999999656549704
"588",4.47950266,1.49999996074052,1.5000184586794,2.25090437384596,4.50095975022487,0.999999656517716
"589",4.48713384,1.49999996057897,1.50001845615481,2.25090405175477,4.50095942055983,0.999999656485884
"590",4.49476502,1.4999999604168,1.50001845361978,2.25090372925965,4.50095909045952,0.999999656454208
"591",4.5023962,1.49999996025401,1.50001845107442,2.25090340636909,4.50095875993278,0.999999656422686
"592",4.51002738,1.49999996009059,1.50001844851826,2.25090308305902,4.50095842895414,0.999999656391327
"593",4.51765856,1.49999995992656,1.5000184459519,2.25090275936046,4.50095809755641,0.999999656360119
"594",4.52528974,1.49999995976189,1.5000184433757,2.25090243529017,4.50095776575743,0.999999656329056
"595",4.53292092,1.4999999595966,1.50001844078884,2.25090211080936,4.50095743351595,0.999999656298153
"596",4.5405521,1.49999995943067,1.50001843819188,2.25090178594571,4.5009571008613,0.9999996562674
"597",4.54818328,1.49999995926411,1.50001843558499,2.2509014607084,4.50095676780324,0.999999656236794
"598",4.55581446,1.49999995909691,1.50001843296772,2.25090113507502,4.50095643431796,0.999999656206342
"599",4.56344564,1.49999995892908,1.50001843034074,2.25090080907976,4.50095610044167,0.999999656176033
"600",4.57107682,1.4999999587606,1.50001842770372,2.25090048270542,4.50095576615617,0.999999656145874
"601",4.578708,1.49999995859148,1.5000184250567,2.25090015595671,4.5009554314663,0.999999656115861
"602",4.58633918,1.49999995842171,1.50001842239985,2.25089982884094,4.50095509637987,0.999999656085994
"603",4.59397036,1.49999995825129,1.5000184197332,2.25089950136045,4.50095476089933,0.999999656056271
"604",4.60160154,1.49999995808022,1.5000184170568,2.25089917351747,4.50095442502705,0.999999656026691
"605",4.60923272,1.4999999579085,1.50001841437085,2.25089884532318,4.50095408877482,0.999999655997251
"606",4.6168639,1.49999995773612,1.50001841167507,2.25089851676423,4.50095375212843,0.999999655967955
"607",4.62449508,1.49999995756308,1.50001840896961,2.25089818784763,4.50095341509535,0.999999655938802
"608",4.63212626,1.49999995738938,1.50001840625465,2.25089785858332,4.50095307768606,0.999999655909787
"609",4.63975744,1.49999995721502,1.50001840353012,2.25089752896794,4.50095273989699,0.999999655880913
"610",4.64738862,1.49999995703999,1.50001840079644,2.25089719902373,4.50095240175163,0.99999965585217
"611",4.6550198,1.49999995686429,1.50001839805291,2.25089686871486,4.50095206321207,0.999999655823573
"612",4.66265098,1.49999995668792,1.50001839530021,2.25089653807662,4.50095172431562,0.999999655795109
"613",4.67028216,1.49999995651087,1.50001839253842,2.250896207113,4.50095138506654,0.999999655766775
"614",4.67791334,1.49999995633315,1.50001838976704,2.25089587579973,4.50095104543905,0.999999655738582
"615",4.68554452,1.49999995615475,1.50001838698635,2.25089554415129,4.50095070544844,0.999999655710524
"616",4.6931757,1.49999995597567,1.50001838419671,2.25089521218538,4.50095036511349,0.999999655682594
"617",4.70080688,1.4999999557959,1.50001838139781,2.2508948798878,4.50095002441912,0.999999655654798
"618",4.70843806,1.49999995561544,1.50001837858965,2.2508945472581,4.50094968336483,0.999999655627137
"619",4.71606924,1.4999999554343,1.50001837577274,2.25089421432206,4.50094934197794,0.999999655599601
"620",4.72370042,1.49999995525246,1.50001837294661,2.25089388105772,4.50094900023511,0.999999655572198
"621",4.7313316,1.49999995506993,1.50001837011155,2.2508935474793,4.50094865815142,0.999999655544923
"622",4.73896278,1.49999995488669,1.5000183672676,2.25089321358932,4.50094831572947,0.999999655517775
"623",4.74659396,1.49999995470276,1.50001836441484,2.25089287939222,4.50094797297399,0.999999655490753
"624",4.75422514,1.49999995451813,1.50001836155308,2.25089254487829,4.50094762987468,0.99999965546386
"625",4.76185632,1.49999995433279,1.50001835868237,2.25089221005179,4.50094728643595,0.999999655437096
"626",4.7694875,1.49999995414674,1.50001835580314,2.25089187493292,4.50094694267926,0.999999655410452
"627",4.77711868,1.49999995395998,1.50001835291514,2.25089153951035,4.5009465985926,0.999999655383933
"628",4.78474986,1.49999995377251,1.50001835001851,2.25089120379201,4.50094625418427,0.999999655357536
"629",4.79238104,1.49999995358431,1.50001834711311,2.2508908677711,4.50094590944706,0.999999655331264
"630",4.80001222,1.4999999533954,1.50001834419906,2.25089053145348,4.50094556438718,0.999999655305115
"631",4.8076434,1.49999995320577,1.50001834127679,2.25089019486077,4.50094521902755,0.99999965527908
"632",4.81527458,1.49999995301541,1.50001833834545,2.25088985795188,4.50094487332452,0.999999655253176
"633",4.82290576,1.49999995282433,1.50001833540579,2.25088952076464,4.5009445273182,0.999999655227388
"634",4.83053694,1.49999995263251,1.50001833245785,2.25088918329984,4.50094418100947,0.999999655201716
"635",4.83816812,1.49999995243997,1.50001832950132,2.25088884554507,4.500943834385,0.999999655176166
"636",4.8457993,1.49999995224668,1.50001832653656,2.25088850751628,4.50094348746183,0.99999965515073
"637",4.85343048,1.49999995205266,1.50001832356354,2.25088816921278,4.50094314023915,0.999999655125409
"638",4.86106166,1.49999995185789,1.50001832058216,2.25088783063162,4.50094279271375,0.999999655100205
"639",4.86869284,1.49999995166238,1.50001831759227,2.25088749176483,4.50094244487719,0.999999655075121
"640",4.87632402,1.49999995146612,1.50001831459427,2.25088715263133,4.50094209674956,0.99999965505015
"641",4.8839552,1.49999995126912,1.50001831158827,2.25088681323872,4.50094174833884,0.999999655025289
"642",4.89158638,1.49999995107136,1.50001830857402,2.25088647357452,4.50094139963178,0.999999655000542
"643",4.89921756,1.49999995087284,1.50001830555141,2.2508861336336,4.50094105062293,0.999999654975913
"644",4.90684874,1.49999995067356,1.50001830252104,2.25088579344617,4.50094070134428,0.999999654951389
"645",4.91447992,1.49999995047352,1.50001829948247,2.25088545299017,4.50094035177246,0.999999654926979
"646",4.9221111,1.49999995027272,1.50001829643589,2.25088511227632,4.50094000191875,0.99999965490268
"647",4.92974228,1.49999995007115,1.50001829338129,2.25088477130479,4.50093965178332,0.99999965487849
"648",4.93737346,1.49999994986881,1.50001829031866,2.2508844300744,4.50093930136493,0.999999654854412
"649",4.94500464,1.4999999496657,1.50001828724814,2.25088408859322,4.50093895067206,0.999999654830441
"650",4.95263582,1.49999994946181,1.50001828416963,2.25088374685623,4.50093859969943,0.99999965480658
"651",4.960267,1.49999994925714,1.50001828108356,2.25088340488509,4.50093824846996,0.99999965478282
"652",4.96789818,1.49999994905168,1.50001827798942,2.2508830626563,4.50093789695865,0.999999654759172
"653",4.97552936,1.49999994884545,1.50001827488748,2.25088272018185,4.50093754517824,0.99999965473563
"654",4.98316054,1.49999994863842,1.50001827177784,2.25088237746772,4.5009371931351,0.999999654712192
"655",4.99079172,1.4999999484306,1.50001826866038,2.25088203450838,4.50093684082326,0.999999654688861
"656",4.9984229,1.49999994822199,1.50001826553531,2.25088169131494,4.50093648825449,0.999999654665631
"657",5.00605408,1.49999994801258,1.50001826240263,2.25088134788858,4.50093613542999,0.999999654642504
"658",5.01368526,1.49999994780237,1.50001825926226,2.2508810042237,4.50093578234387,0.999999654619481
"659",5.02131644,1.49999994759136,1.50001825611414,2.25088066031975,4.50093542899546,0.999999654596563
"660",5.02894762,1.49999994737954,1.50001825295881,2.25088031620165,4.50093507541126,0.999999654573739
"661",5.0365788,1.49999994716691,1.50001824979549,2.25087997183365,4.50093472155319,0.999999654551025
"662",5.04420998,1.49999994695346,1.50001824662485,2.25087962724762,4.50093436745511,0.999999654528407
"663",5.05184116,1.4999999467392,1.50001824344654,2.25087928242707,4.50093401309951,0.999999654505893
"664",5.05947234,1.49999994652413,1.500018240261,2.25087893739396,4.50093365850968,0.999999654483473
"665",5.06710352,1.49999994630823,1.50001823706801,2.25087859213878,4.50093330367541,0.999999654461152
"666",5.0747347,1.4999999460915,1.50001823386742,2.25087824665335,4.50093294858808,0.999999654438934
"667",5.08236588,1.49999994587395,1.50001823065942,2.25087790094795,4.50093259325856,0.999999654416813
"668",5.08999706,1.49999994565556,1.50001822744443,2.25087755504511,4.50093223771065,0.999999654394782
"669",5.09762824,1.49999994543634,1.50001822422157,2.25087720889915,4.50093188189599,0.999999654372858
"670",5.10525942,1.49999994521628,1.50001822099183,2.25087686256061,4.5009315258681,0.999999654351022
"671",5.1128906,1.49999994499538,1.50001821775465,2.2508765160025,4.50093116959835,0.999999654329284
"672",5.12052178,1.49999994477364,1.5000182145104,2.2508761692428,4.50093081310577,0.999999654307638
"673",5.12815296,1.49999994455104,1.50001821125858,2.25087582225911,4.50093045636651,0.999999654286092
"674",5.13578414,1.4999999443276,1.50001820800004,2.25087547509123,4.50093009942288,0.999999654264632
"675",5.14341532,1.4999999441033,1.50001820473398,2.25087512770195,4.5009297422353,0.999999654243271
"676",5.1510465,1.49999994387815,1.50001820146057,2.25087478009908,4.50092938481208,0.999999654222006
"677",5.15867768,1.49999994365213,1.50001819818046,2.25087443231468,4.50092902718722,0.999999654200826
"678",5.16630886,1.49999994342525,1.50001819489313,2.25087408432516,4.5009286693356,0.999999654179739
"679",5.17394004,1.4999999431975,1.50001819159865,2.25087373613248,4.50092831125935,0.999999654158745
"680",5.18157122,1.49999994296889,1.50001818829713,2.25087338774462,4.50092795296681,0.999999654137842
"681",5.1892024,1.4999999427394,1.50001818498878,2.25087303917075,4.50092759446779,0.999999654117024
"682",5.19683358,1.49999994250903,1.50001818167308,2.2508726903853,4.50092723573511,0.999999654096303
"683",5.20446476,1.49999994227778,1.50001817835068,2.25087234142289,4.50092687680539,0.999999654075665
"684",5.21209594,1.49999994204564,1.50001817502102,2.25087199225396,4.50092651764734,0.999999654055122
"685",5.21972712,1.49999994181262,1.50001817168473,2.25087164291147,4.50092615829588,0.999999654034661
"686",5.2273583,1.49999994157871,1.50001816834128,2.25087129336886,4.5009257987228,0.999999654014293
"687",5.23498948,1.4999999413439,1.50001816499121,2.25087094365286,4.50092543895644,0.999999653994006
"688",5.24262066,1.4999999411082,1.50001816163423,2.25087059375089,4.50092507898343,0.999999653973807
"689",5.25025184,1.4999999408716,1.50001815827034,2.25087024366313,4.50092471880389,0.999999653953695
"690",5.25788302,1.49999994063409,1.50001815489951,2.25086989338768,4.50092435841582,0.99999965393367
"691",5.2655142,1.49999994039567,1.50001815152223,2.25086954294882,4.500923997845,0.999999653913725
"692",5.27314538,1.49999994015634,1.50001814813804,2.25086919232556,4.50092363706904,0.999999653893866
"693",5.28077656,1.4999999399161,1.50001814474677,2.25086884150874,4.50092327607828,0.999999653874098
"694",5.28840774,1.49999993967493,1.50001814134902,2.25086849052953,4.5009229149057,0.999999653854408
"695",5.29603892,1.49999993943285,1.50001813794465,2.25086813938063,4.50092255354358,0.9999996538348
"696",5.3036701,1.49999993918984,1.50001813453348,2.25086778805375,4.50092219198305,0.999999653815276
"697",5.31130128,1.4999999389459,1.50001813111547,2.25086743654779,4.50092183022292,0.999999653795838
"698",5.31893246,1.49999993870103,1.50001812769114,2.25086708488787,4.50092146828989,0.999999653776475
"699",5.32656364,1.49999993845522,1.50001812425992,2.25086673304738,4.50092110615562,0.999999653757199
"700",5.33419482,1.49999993820848,1.50001812082221,2.25086638104488,4.50092074383987,0.999999653738001
"701",5.341826,1.49999993796079,1.50001811737786,2.25086602887516,4.50092038133698,0.999999653718884
"702",5.34945718,1.49999993771215,1.5000181139268,2.25086567653393,4.50092001864243,0.99999965369985
"703",5.35708836,1.49999993746256,1.50001811046946,2.25086532404395,4.50091965578031,0.99999965368089
"704",5.36471954,1.49999993721202,1.50001810700524,2.25086497137521,4.50091929271879,0.999999653662016
"705",5.37235072,1.49999993696052,1.50001810353491,2.2508646185657,4.50091892949816,0.999999653643213
"706",5.3799819,1.49999993670806,1.50001810005787,2.25086426558765,4.50091856608886,0.999999653624492
"707",5.38761308,1.49999993645464,1.50001809657435,2.25086391245228,4.50091820250283,0.999999653605848
"708",5.39524426,1.49999993620024,1.50001809308429,2.25086355915669,4.50091783873692,0.999999653587283
"709",5.40287544,1.49999993594487,1.50001808958771,2.25086320570155,4.50091747479191,0.999999653568797
"710",5.41050662,1.49999993568853,1.50001808608514,2.25086285211446,4.50091711069698,0.999999653550379
"711",5.4181378,1.49999993543121,1.50001808257571,2.25086249835312,4.50091674640724,0.999999653532046
"712",5.42576898,1.4999999351729,1.50001807906019,2.25086214445478,4.50091638196222,0.999999653513782
"713",5.43340016,1.4999999349136,1.50001807553793,2.25086179038904,4.50091601732957,0.999999653495601
"714",5.44103134,1.49999993465332,1.50001807200953,2.25086143618566,4.50091565254085,0.99999965347749
"715",5.44866252,1.49999993439204,1.50001806847508,2.2508610818484,4.50091528760009,0.999999653459448
"716",5.4562937,1.49999993412976,1.5000180649338,2.25086072734113,4.50091492246886,0.99999965344149
"717",5.46392488,1.49999993386647,1.50001806138654,2.25086037270482,4.50091455719067,0.999999653423599
"718",5.47155606,1.49999993360219,1.50001805783268,2.25086001790946,4.50091419173358,0.999999653405787
"719",5.47918724,1.49999993333689,1.5000180542727,2.25085966297972,4.50091382612379,0.999999653388045
"720",5.48681842,1.49999993307057,1.50001805070658,2.25085930791421,4.50091346035978,0.999999653370373
"721",5.4944496,1.49999993280324,1.50001804713412,2.25085895270343,4.50091309443148,0.999999653352775
"722",5.50208078,1.49999993253489,1.50001804355545,2.25085859735533,4.50091272834726,0.999999653335248
"723",5.50971196,1.49999993226551,1.50001803997059,2.25085824187073,4.50091236210795,0.999999653317791
"724",5.51734314,1.4999999319951,1.5000180363792,2.25085788623304,4.50091199569594,0.999999653300412
"725",5.52497432,1.49999993172365,1.500018032782,2.25085753047903,4.50091162915021,0.999999653283096
"726",5.5326055,1.49999993145117,1.50001802917858,2.25085717458716,4.50091126244794,0.999999653265851
"727",5.54023668,1.49999993117765,1.50001802556906,2.25085681856559,4.50091089559769,0.999999653248675
"728",5.54786786,1.49999993090308,1.50001802195311,2.25085646239838,4.50091052858249,0.999999653231574
"729",5.55549904,1.49999993062747,1.50001801833094,2.25085610609503,4.50091016141251,0.999999653214543
"730",5.56313022,1.49999993035079,1.50001801470302,2.2508557496799,4.5009097941135,0.999999653197574
"731",5.5707614,1.49999993007307,1.50001801106915,2.25085539314307,4.50090942667491,0.99999965318067
"732",5.57839258,1.49999992979427,1.5000180074288,2.25085503646026,4.50090905907094,0.999999653163842
"733",5.58602376,1.49999992951442,1.50001800378249,2.25085467965526,4.50090869132686,0.999999653147079
"734",5.59365494,1.49999992923349,1.50001800013,2.25085432272007,4.50090832343407,0.999999653130385
"735",5.60128612,1.49999992895149,1.5000179964715,2.25085396566265,4.50090795540103,0.999999653113757
"736",5.6089173,1.49999992866841,1.50001799280712,2.25085360848869,4.5009075872338,0.999999653097193
"737",5.61654848,1.49999992838425,1.50001798913676,2.25085325119472,4.50090721892862,0.999999653080694
"738",5.62417966,1.49999992809901,1.50001798546005,2.25085289376315,4.50090685046678,0.999999653064267
"739",5.63181084,1.49999992781267,1.50001798177753,2.25085253622033,4.50090648187628,0.999999653047902
"740",5.63944202,1.49999992752524,1.50001797808919,2.25085217856595,4.50090611315672,0.999999653031599
"741",5.6470732,1.49999992723671,1.50001797439475,2.25085182078846,4.50090574429577,0.999999653015363
"742",5.65470438,1.49999992694707,1.50001797069438,2.25085146289512,4.50090537530121,0.999999652999191
"743",5.66233556,1.49999992665633,1.5000179669878,2.25085110487239,4.50090500615859,0.999999652983088
"744",5.66996674,1.49999992636448,1.50001796327543,2.25085074674329,4.50090463689227,0.999999652967045
"745",5.67759792,1.49999992607151,1.50001795955723,2.25085038850395,4.50090426749819,0.999999652951064
"746",5.6852291,1.49999992577742,1.500017955833,2.25085003014597,4.50090389796738,0.999999652935148
"747",5.69286028,1.49999992548221,1.50001795210312,2.25084967168854,4.50090352832018,0.99999965291929
"748",5.70049146,1.49999992518587,1.50001794836686,2.25084931309704,4.50090315851978,0.999999652903503
"749",5.70812264,1.49999992488839,1.50001794462506,2.25084895441158,4.50090278860878,0.999999652887772
"750",5.71575382,1.49999992458978,1.50001794087743,2.25084859561871,4.50090241857288,0.999999652872102
"751",5.723385,1.49999992429003,1.50001793712371,2.25084823670665,4.50090204839953,0.999999652856497
"752",5.73101618,1.49999992398913,1.50001793336415,2.25084787768817,4.50090167810223,0.999999652840954
"753",5.73864736,1.49999992368708,1.50001792959891,2.25084751857203,4.50090130769023,0.999999652825467
"754",5.74627854,1.49999992338388,1.50001792582768,2.25084715934186,4.50090093714622,0.999999652810045
"755",5.75390972,1.49999992307952,1.50001792205072,2.25084680001242,4.50090056648578,0.99999965279468
"756",5.7615409,1.49999992277399,1.50001791826793,2.25084644057852,4.50090019570339,0.999999652779376
"757",5.76917208,1.4999999224673,1.50001791447909,2.25084608103003,4.50089982478823,0.999999652764135
"758",5.77680326,1.49999992215943,1.50001791068486,2.25084572139954,4.50089945377492,0.999999652748947
"759",5.78443444,1.49999992185038,1.50001790688471,2.25084536166182,4.50089908263661,0.999999652733819
"760",5.79206562,1.49999992154016,1.50001790307872,2.25084500182193,4.50089871137861,0.999999652718751
"761",5.7996968,1.49999992122875,1.50001789926674,2.25084464187068,4.50089833999127,0.999999652703746
"762",5.80732798,1.49999992091615,1.50001789544952,2.25084428184704,4.50089796851584,0.999999652688789
"763",5.81495916,1.49999992060235,1.50001789162607,2.25084392170356,4.50089759690187,0.999999652673899
"764",5.82259034,1.49999992028735,1.50001788779707,2.25084356147278,4.50089722518395,0.999999652659062
"765",5.83022152,1.49999991997115,1.50001788396221,2.25084320114051,4.50089685334698,0.999999652644285
"766",5.8378527,1.49999991965375,1.50001788012182,2.25084284072346,4.50089648140861,0.999999652629561
"767",5.84548388,1.49999991933512,1.50001787627568,2.2508424802106,4.5008961093572,0.999999652614893
"768",5.85311506,1.49999991901528,1.50001787242359,2.25084211959331,4.50089573718351,0.999999652600287
"769",5.86074624,1.49999991869422,1.50001786856604,2.25084175889668,4.5008953649141,0.999999652585732
"770",5.86837742,1.49999991837193,1.50001786470272,2.25084139810395,4.50089499253126,0.999999652571234
"771",5.8760086,1.4999999180484,1.50001786083358,2.25084103721468,4.50089462003443,0.999999652556794
"772",5.88363978,1.49999991772365,1.50001785695886,2.25084067624061,4.50089424743605,0.999999652542407
"773",5.89127096,1.49999991739764,1.50001785307829,2.25084031517009,4.50089387472369,0.999999652528077
"774",5.89890214,1.4999999170704,1.50001784919241,2.25083995402873,4.50089350192456,0.999999652513796
"775",5.90653332,1.4999999167419,1.50001784530059,2.25083959278632,4.50089312900655,0.999999652499574
"776",5.9141645,1.49999991641214,1.50001784140308,2.25083923145512,4.50089275598266,0.999999652485407
"777",5.92179568,1.49999991608113,1.50001783750037,2.25083887006069,4.50089238287998,0.999999652471285
"778",5.92942686,1.49999991574885,1.50001783359162,2.25083850856214,4.50089200965504,0.999999652457224
"779",5.93705804,1.4999999154153,1.50001782967704,2.2508381469704,4.50089163631942,0.99999965244322
"780",5.94468922,1.49999991508047,1.50001782575723,2.25083778531449,4.50089126290394,0.999999652429261
"781",5.9523204,1.49999991474437,1.50001782183158,2.25083742356557,4.50089088937794,0.999999652415359
"782",5.95995158,1.49999991440698,1.50001781790037,2.25083706173805,4.50089051575664,0.999999652401508
"783",5.96758276,1.4999999140683,1.50001781396368,2.25083669983518,4.50089014204357,0.999999652387706
"784",5.97521394,1.49999991372832,1.50001781002106,2.25083633783736,4.50088976821775,0.999999652373963
"785",5.98284512,1.49999991338705,1.50001780607288,2.25083597576242,4.50088939429812,0.99999965236027
"786",5.9904763,1.49999991304447,1.50001780211917,2.25083561361085,4.50088902028528,0.999999652346628
"787",5.99810748,1.49999991270058,1.50001779816006,2.25083525139036,4.50088864618731,0.999999652333033
"788",6.00573866,1.49999991235537,1.50001779419524,2.25083488908773,4.50088827199007,0.999999652319491
"789",6.01336984,1.49999991200885,1.50001779022495,2.2508345267132,4.50088789770453,0.999999652305997
"790",6.02100102,1.499999911661,1.5000177862488,2.25083416424949,4.50088752331223,0.99999965229256
"791",6.0286322,1.49999991131183,1.50001778226739,2.25083380172616,4.50088714884455,0.999999652279166
"792",6.03626338,1.49999991096131,1.50001777827995,2.2508334391054,4.50088677426131,0.999999652265831
"793",6.04389456,1.49999991060946,1.50001777428744,2.25083307643589,4.50088639961414,0.999999652252535
"794",6.05152574,1.49999991025626,1.50001777028909,2.25083271367849,4.50088602486155,0.999999652239295
"795",6.05915692,1.49999990990171,1.50001776628538,2.2508323508595,4.50088565003129,0.9999996522261
"796",6.0667881,1.49999990954581,1.50001776227577,2.25083198795102,4.50088527509383,0.999999652212961
"797",6.07441928,1.49999990918855,1.50001775826091,2.25083162498702,4.50088490008511,0.999999652199864
"798",6.08205046,1.49999990882992,1.50001775424037,2.2508312619452,4.50088452498151,0.999999652186819
"799",6.08968164,1.49999990846992,1.50001775021432,2.25083089883635,4.50088414979439,0.999999652173821
"800",6.09731282,1.49999990810854,1.50001774618278,2.25083053565977,4.50088377452302,0.99999965216087
"801",6.104944,1.49999990774578,1.50001774214552,2.25083017240711,4.50088339915846,0.99999965214797
"802",6.11257518,1.49999990738164,1.50001773810301,2.25082980910013,4.5008830237238,0.999999652135112
"803",6.12020636,1.4999999070161,1.50001773405492,2.25082944572307,4.50088264820233,0.999999652122302
"804",6.12783754,1.49999990664916,1.50001773000106,2.25082908226895,4.50088227258648,0.999999652109544
"805",6.13546872,1.49999990628083,1.50001772594189,2.25082871875874,4.50088189689861,0.999999652096829
"806",6.1430999,1.49999990591108,1.50001772187708,2.25082835517794,4.50088152112325,0.999999652084163
"807",6.15073108,1.49999990553992,1.50001771780675,2.25082799153304,4.50088114526722,0.999999652071542
"808",6.15836226,1.49999990516734,1.50001771373089,2.25082762782339,4.50088076932983,0.999999652058969
"809",6.16599344,1.49999990479334,1.50001770964978,2.25082726406366,4.50088039332663,0.999999652046435
"810",6.17362462,1.49999990441791,1.50001770556302,2.2508269002342,4.50088001723675,0.999999652033951
"811",6.1812558,1.49999990404104,1.50001770147059,2.25082653633496,4.50087964106007,0.999999652021515
"812",6.18888698,1.49999990366273,1.50001769737261,2.25082617237385,4.50087926480487,0.999999652009124
"813",6.19651816,1.49999990328298,1.50001769326926,2.25082580835813,4.50087888847895,0.999999651996776
"814",6.20414934,1.49999990290177,1.50001768916053,2.25082544428739,4.50087851208188,0.999999651984471
"815",6.21178052,1.49999990251911,1.50001768504622,2.25082508015474,4.50087813560616,0.999999651972211
"816",6.2194117,1.49999990213498,1.50001768092633,2.25082471595854,4.50087775905015,0.999999651959998
"817",6.22704288,1.49999990174939,1.50001767680096,2.25082435170528,4.50087738242063,0.999999651947828
"818",6.23467406,1.49999990136232,1.50001767267005,2.25082398739208,4.50087700571455,0.999999651935703
"819",6.24230524,1.49999990097377,1.50001766853364,2.25082362302231,4.50087662893541,0.999999651923621
"820",6.24993642,1.49999990058374,1.50001766439173,2.25082325859549,4.50087625208272,0.999999651911584
"821",6.2575676,1.49999990019221,1.50001766024465,2.25082289412849,4.50087587517432,0.999999651899583
"822",6.26519878,1.49999989979919,1.50001765609161,2.25082252958352,4.50087549817008,0.999999651887634
"823",6.27282996,1.49999989940467,1.50001765193322,2.25082216499155,4.50087512110279,0.999999651875725
"824",6.28046114,1.49999989900863,1.50001764776928,2.25082180034255,4.50087474396185,0.99999965186386
"825",6.28809232,1.49999989861109,1.50001764359995,2.25082143564422,4.50087436675535,0.999999651852036
"826",6.2957235,1.49999989821202,1.50001763942522,2.25082107089774,4.50087398948456,0.999999651840252
"827",6.30335468,1.49999989781143,1.50001763524509,2.25082070610288,4.50087361214916,0.999999651828508
"828",6.31098586,1.49999989740931,1.50001763105932,2.25082034124904,4.50087323473785,0.999999651816809
"829",6.31861704,1.49999989700565,1.50001762686792,2.25081997633755,4.50087285725201,0.999999651805154
"830",6.32624822,1.49999989660044,1.50001762267106,2.25081961137633,4.50087247970007,0.999999651793541
"831",6.3338794,1.49999989619369,1.50001761846862,2.25081924636083,4.50087210207709,0.99999965178197
"832",6.34151058,1.49999989578538,1.5000176142609,2.25081888130568,4.50087172439863,0.999999651770436
"833",6.34914176,1.49999989537552,1.50001761004772,2.25081851620349,4.50087134665676,0.999999651758942
"834",6.35677294,1.49999989496408,1.50001760582869,2.25081815103484,4.50087096883086,0.999999651747496
"835",6.36440412,1.49999989455107,1.50001760160465,2.25081778584118,4.50087059096495,0.999999651736081
"836",6.3720353,1.49999989413649,1.50001759737481,2.25081742058548,4.50087021301957,0.999999651724712
"837",6.37966648,1.49999989372031,1.50001759313959,2.25081705528812,4.50086983501641,0.999999651713381
"838",6.38729766,1.49999989330255,1.50001758889882,2.25081668994168,4.50086945694753,0.999999651702091
"839",6.39492884,1.49999989288319,1.50001758465274,2.25081632455795,4.50086907882538,0.999999651690837
"840",6.40256002,1.49999989246223,1.50001758040066,2.25081595910461,4.50086870061567,0.999999651679633
"841",6.4101912,1.49999989203965,1.5000175761433,2.25081559361696,4.50086832235579,0.999999651668463
"842",6.41782238,1.49999989161547,1.50001757188067,2.25081522809537,4.50086794404614,0.999999651657328
"843",6.42545356,1.49999989118966,1.5000175676123,2.25081486251898,4.50086756566449,0.999999651646236
"844",6.43308474,1.49999989076222,1.50001756333849,2.25081449690118,4.5008671872251,0.999999651635183
"845",6.44071592,1.49999989033315,1.50001755905924,2.25081413124566,4.50086680873171,0.999999651624166
"846",6.4483471,1.49999988990244,1.50001755477445,2.2508137655439,4.50086643017543,0.999999651613188
"847",6.45597828,1.49999988947008,1.50001755048425,2.25081339980478,4.50086605156554,0.999999651602247
"848",6.46360946,1.49999988903607,1.50001754618828,2.25081303401201,4.50086567288471,0.999999651591349
"849",6.47124064,1.4999998886004,1.50001754188694,2.25081266818536,4.5008652941539,0.999999651580486
"850",6.47887182,1.49999988816306,1.50001753758021,2.25081230232447,4.50086491537268,0.999999651569658
"851",6.486503,1.49999988772405,1.50001753326769,2.25081193640955,4.50086453652003,0.999999651558873
"852",6.49413418,1.49999988728337,1.50001752894975,2.25081157045937,4.50086415761587,0.999999651548124
"853",6.50176536,1.499999886841,1.50001752462615,2.25081120446472,4.5008637786503,0.999999651537414
"854",6.50939654,1.49999988639694,1.50001752029703,2.25081083843101,4.50086339962907,0.999999651526741
"855",6.51702772,1.49999988595118,1.50001751596275,2.25081047237643,4.5008630205715,0.999999651516097
"856",6.5246589,1.49999988550371,1.50001751162274,2.25081010627415,4.50086264144902,0.999999651505494
"857",6.53229008,1.49999988505454,1.50001750727703,2.25080974012677,4.50086226226438,0.999999651494931
"858",6.53992126,1.49999988460365,1.50001750292589,2.25080937394784,4.50086188303185,0.999999651484402
"859",6.54755244,1.49999988415103,1.50001749856891,2.25080900771826,4.5008615037312,0.999999651473915
"860",6.55518362,1.49999988369669,1.50001749420679,2.25080864147058,4.500861124397,0.999999651463457
"861",6.5628148,1.49999988324061,1.50001748983909,2.25080827518684,4.50086074501001,0.999999651453034
"862",6.57044598,1.49999988278278,1.50001748546581,2.25080790886629,4.50086036556946,0.999999651442648
"863",6.57807716,1.49999988232321,1.50001748108676,2.25080754250046,4.50085998606632,0.999999651432301
"864",6.58570834,1.49999988186187,1.50001747670235,2.25080717610918,4.50085960652166,0.999999651421986
"865",6.59333952,1.49999988139878,1.5000174723121,2.25080680967258,4.50085922691415,0.999999651411712
"866",6.6009707,1.49999988093391,1.50001746791659,2.25080644321495,4.50085884726985,0.999999651401466
"867",6.60860188,1.49999988046727,1.50001746351547,2.25080607672358,4.50085846757498,0.999999651391256
"868",6.61623306,1.49999987999884,1.50001745910861,2.25080571019109,4.50085808782174,0.999999651381084
"869",6.62386424,1.49999987952862,1.50001745469617,2.25080534362642,4.50085770801959,0.999999651370946
"870",6.63149542,1.4999998790566,1.50001745027801,2.25080497702354,4.50085732816207,0.999999651360846
"871",6.6391266,1.49999987858278,1.50001744585481,2.25080461041445,4.50085694828323,0.999999651350769
"872",6.64675778,1.49999987810715,1.50001744142566,2.25080424375772,4.5008565683389,0.999999651340733
"873",6.65438896,1.4999998776297,1.50001743699101,2.25080387707546,4.50085618835255,0.999999651330728
"874",6.66202014,1.49999987715043,1.50001743255053,2.25080351035093,4.5008558083064,0.999999651320763
"875",6.66965132,1.49999987666932,1.5000174281043,2.25080314359127,4.50085542820792,0.999999651310833
"876",6.6772825,1.49999987618637,1.50001742365278,2.25080277681629,4.50085504807822,0.99999965130093
"877",6.68491368,1.49999987570158,1.50001741919564,2.25080241001182,4.50085466790216,0.999999651291061
"878",6.69254486,1.49999987521493,1.50001741473264,2.25080204316809,4.5008542876693,0.99999965128123
"879",6.70017604,1.49999987472643,1.5000174102643,2.25080167630848,4.50085390740448,0.999999651271426
"880",6.70780722,1.49999987423605,1.5000174057902,2.25080130941557,4.50085352708913,0.999999651261657
"881",6.7154384,1.4999998737438,1.50001740131031,2.2508009424882,4.50085314672194,0.999999651251924
"882",6.72306958,1.49999987324967,1.50001739682498,2.25080057554261,4.50085276632021,0.999999651242219
"883",6.73070076,1.49999987275365,1.50001739233396,2.25080020856877,4.50085238587314,0.999999651232547
"884",6.73833194,1.49999987225574,1.50001738783717,2.2507998415633,4.50085200537715,0.99999965122291
"885",6.74596312,1.49999987175592,1.5000173833347,2.2507994745295,4.50085162483579,0.999999651213306
"886",6.7535943,1.49999987125419,1.50001737882657,2.25079910747165,4.50085124425338,0.999999651203733
"887",6.76122548,1.49999987075054,1.50001737431297,2.25079874039643,4.5008508636372,0.999999651194188
"888",6.76885666,1.49999987024497,1.50001736979362,2.25079837329406,4.50085048297663,0.999999651184675
"889",6.77648784,1.49999986973746,1.5000173652681,2.25079800614389,4.50085010224974,0.999999651175204
"890",6.78411902,1.49999986922801,1.50001736073739,2.25079763899341,4.50084972150699,0.999999651165754
"891",6.7917502,1.49999986871662,1.50001735620076,2.25079727180763,4.50084934071114,0.99999965115634
"892",6.79938138,1.49999986820327,1.5000173516586,2.25079690460755,4.50084895988444,0.999999651146954
"893",6.80701256,1.49999986768796,1.50001734711041,2.25079653736836,4.50084857900052,0.999999651137604
"894",6.81464374,1.49999986717068,1.50001734255666,2.25079617011415,4.5008481980849,0.999999651128282
"895",6.82227492,1.49999986665142,1.50001733799724,2.25079580283979,4.50084781713213,0.99999965111899
"896",6.8299061,1.49999986613017,1.50001733343188,2.25079543553304,4.50084743612913,0.999999651109733
"897",6.83753728,1.49999986560694,1.50001732886092,2.25079506821072,4.50084705509377,0.999999651100503
"898",6.84516846,1.4999998650817,1.50001732428408,2.250794700861,4.50084667401336,0.999999651091306
"899",6.85279964,1.49999986455446,1.50001731970191,2.25079433350991,4.5008462929156,0.99999965108213
"900",6.86043082,1.4999998640252,1.50001731511351,2.25079396611617,4.50084591175652,0.999999651072993
"901",6.868062,1.49999986349391,1.50001731051955,2.25079359871045,4.50084553056874,0.999999651063883
"902",6.87569318,1.4999998629606,1.50001730591975,2.25079323128264,4.5008451493414,0.999999651054803
"903",6.88332436,1.49999986242524,1.50001730131397,2.25079286382517,4.50084476806642,0.999999651045756
"904",6.89095554,1.49999986188784,1.50001729670234,2.2507924963449,4.50084438675109,0.999999651036741
"905",6.89858672,1.49999986134839,1.50001729208527,2.25079212886222,4.50084400541705,0.999999651027747
"906",6.9062179,1.49999986080687,1.50001728746229,2.25079176135578,4.5008436240415,0.999999651018784
"907",6.91384908,1.49999986026328,1.50001728283344,2.25079139382831,4.50084324262733,0.999999651009852
"908",6.92148026,1.49999985971762,1.5000172781987,2.25079102627959,4.50084286117422,0.999999651000949
"909",6.92911144,1.49999985916987,1.50001727355811,2.25079065871161,4.50084247968432,0.999999650992076
"910",6.93674262,1.49999985862002,1.50001726891143,2.25079029111377,4.50084209814629,0.999999650983236
"911",6.9443738,1.49999985806808,1.50001726425904,2.25078992350508,4.50084171658026,0.999999650974422
"912",6.95200498,1.49999985751402,1.50001725960097,2.25078955588744,4.50084133498824,0.999999650965633
"913",6.95963616,1.49999985695784,1.50001725493698,2.25078918824983,4.50084095335851,0.999999650956873
"914",6.96726734,1.49999985639954,1.5000172502672,2.25078882060027,4.50084057169946,0.999999650948139
"915",6.97489852,1.49999985583911,1.50001724559124,2.25078845292018,4.50084018999132,0.99999965093944
"916",6.9825297,1.49999985527653,1.5000172409094,2.25078808522492,4.50083980825038,0.999999650930768
"917",6.99016088,1.4999998547118,1.50001723622182,2.25078771752153,4.5008394264841,0.99999965092212
"918",6.99779206,1.49999985414491,1.50001723152824,2.25078734979763,4.50083904467929,0.999999650913502
"919",7.00542324,1.49999985357586,1.50001722682873,2.25078698205856,4.50083866284153,0.999999650904911
"920",7.01305442,1.49999985300463,1.50001722212322,2.25078661430072,4.50083828096699,0.999999650896349
"921",7.0206856,1.49999985243121,1.50001721741154,2.25078624651796,4.50083789904902,0.999999650887819
"922",7.02831678,1.49999985185561,1.50001721269418,2.2507858787332,4.50083751711202,0.999999650879311
"923",7.03594796,1.4999998512778,1.50001720797094,2.25078551093809,4.50083713514702,0.999999650870828
"924",7.04357914,1.49999985069779,1.50001720324165,2.25078514312491,4.50083675314582,0.999999650862373
"925",7.05121032,1.49999985011555,1.50001719850621,2.25078477529055,4.50083637110498,0.999999650853949
"926",7.0588415,1.49999984953109,1.5000171937648,2.25078440744322,4.50083598903324,0.999999650845551
"927",7.06647268,1.4999998489444,1.50001718901747,2.25078403958691,4.5008356069348,0.999999650837178
"928",7.07410386,1.49999984835547,1.50001718426402,2.25078367171229,4.50083522479965,0.999999650828833
"929",7.08173504,1.49999984776428,1.50001717950447,2.2507833038215,4.50083484263004,0.999999650820517
"930",7.08936622,1.49999984717083,1.50001717473899,2.25078293592239,4.50083446043433,0.999999650812224
"931",7.0969974,1.49999984657512,1.50001716996744,2.25078256801024,4.50083407820737,0.999999650803958
"932",7.10462858,1.49999984597712,1.50001716518998,2.25078220009254,4.50083369595712,0.999999650795715
"933",7.11225976,1.49999984537684,1.50001716040628,2.25078183215507,4.50083331366838,0.999999650787502
"934",7.11989094,1.49999984477427,1.50001715561626,2.25078146419529,4.50083293133839,0.999999650779319
"935",7.12752212,1.49999984416939,1.50001715082048,2.25078109623891,4.5008325489945,0.999999650771155
"936",7.1351533,1.4999998435622,1.50001714601848,2.25078072826569,4.50083216661513,0.99999965076302
"937",7.14278448,1.49999984295269,1.50001714121025,2.25078036027584,4.50083178420039,0.999999650754912
"938",7.15041566,1.49999984234085,1.50001713639602,2.25077999228136,4.50083140176307,0.999999650746827
"939",7.15804684,1.49999984172667,1.50001713157557,2.25077962427219,4.5008310192924,0.999999650738769
"940",7.16567802,1.49999984111014,1.50001712674899,2.25077925625391,4.5008306367942,0.999999650730735
"941",7.1733092,1.49999984049126,1.50001712191598,2.25077888821297,4.50083025425408,0.999999650722733
"942",7.18094038,1.49999983987,1.50001711707739,2.25077852018863,4.50082987171379,0.999999650714743
"943",7.18857156,1.49999983924638,1.50001711223236,2.25077815214286,4.50082948913276,0.999999650706784
"944",7.19620274,1.49999983862037,1.50001710738078,2.25077778407173,4.50082910650672,0.999999650698856
"945",7.20383392,1.49999983799196,1.5000171025233,2.25077741600517,4.50082872386756,0.999999650690947
"946",7.2114651,1.49999983736116,1.5000170976597,2.25077704793479,4.50082834120621,0.99999965068306
"947",7.21909628,1.49999983672794,1.50001709278939,2.25077667983327,4.50082795849361,0.999999650675207
"948",7.22672746,1.4999998360923,1.50001708791345,2.25077631175055,4.50082757578289,0.999999650667366
"949",7.23435864,1.49999983545424,1.5000170830308,2.25077594363967,4.50082719302389,0.999999650659559
"950",7.24198982,1.49999983481373,1.50001707814205,2.25077557552776,4.50082681024559,0.999999650651772
"951",7.249621,1.49999983417077,1.500017073247,2.2507752074067,4.50082642743919,0.99999965064401
"952",7.25725218,1.49999983352536,1.5000170683453,2.25077483926183,4.50082604458906,0.999999650636279
"953",7.26488336,1.49999983287748,1.50001706343752,2.25077447112003,4.50082566172376,0.999999650628567
"954",7.27251454,1.49999983222712,1.50001705852354,2.25077410297612,4.50082527883773,0.999999650620876
"955",7.28014572,1.49999983157428,1.5000170536028,2.25077373480464,4.50082489590385,0.999999650613218
"956",7.2877769,1.49999983091894,1.50001704867619,2.25077336664894,4.50082451296817,0.999999650605573
"957",7.29540808,1.49999983026109,1.50001704374313,2.25077299848144,4.50082413000131,0.999999650597954
"958",7.30303926,1.49999982960073,1.50001703880343,2.25077263029564,4.50082374699625,0.999999650590364
"959",7.31067044,1.49999982893785,1.5000170338577,2.25077226211964,4.5008233639829,0.999999650582789
"960",7.31830162,1.49999982827243,1.50001702890518,2.25077189391892,4.50082298092445,0.999999650575246
"961",7.3259328,1.49999982760447,1.50001702394634,2.25077152571655,4.50082259784538,0.999999650567723
"962",7.33356398,1.49999982693395,1.50001701898106,2.25077115750838,4.5008222147412,0.999999650560224
"963",7.34119516,1.49999982626087,1.50001701400923,2.25077078928939,4.50082183160656,0.99999965055275
"964",7.34882634,1.49999982558522,1.50001700903131,2.25077042108066,4.5008214484639,0.999999650545291
"965",7.35645752,1.49999982490699,1.50001700404666,2.25077005285442,4.50082106528354,0.99999965053786
"966",7.3640887,1.49999982422616,1.50001699905539,2.25076968461783,4.50082068207298,0.999999650530454
"967",7.37171988,1.49999982354273,1.50001699405779,2.25076931638249,4.50082029884466,0.999999650523068
"968",7.37935106,1.49999982285669,1.50001698905377,2.250768948148,4.50081991559792,0.999999650515701
"969",7.38698224,1.49999982216802,1.50001698404289,2.25076857989211,4.50081953230922,0.999999650508365
"970",7.39461342,1.49999982147672,1.50001697902573,2.25076821164429,4.50081914900977,0.999999650501044
"971",7.4022446,1.49999982078278,1.50001697400209,2.25076784339569,4.50081876569006,0.999999650493744
"972",7.40987578,1.49999982008619,1.50001696897133,2.25076747511783,4.50081838231975,0.999999650486478
"973",7.41750696,1.49999981938693,1.50001696393436,2.25076710685295,4.5008179989438,0.999999650479225
"974",7.42513814,1.499999818685,1.50001695889066,2.25076673857838,4.50081761553797,0.999999650471997
"975",7.43276932,1.49999981798039,1.50001695384053,2.25076637030737,4.5008172321164,0.999999650464787
"976",7.4404005,1.49999981727308,1.50001694878367,2.25076600202927,4.50081684866754,0.999999650457601
"977",7.44803168,1.49999981656307,1.50001694371999,2.25076563373978,4.50081646518684,0.999999650450439
"978",7.45566286,1.49999981585034,1.50001693864972,2.25076526544987,4.50081608168595,0.999999650443298
"979",7.46329404,1.49999981513489,1.50001693357285,2.25076489716018,4.50081569816548,0.999999650436176
"980",7.47092522,1.49999981441671,1.50001692848917,2.25076452886269,4.50081531461679,0.999999650429078
"981",7.4785564,1.49999981369577,1.50001692339904,2.25076416057337,4.50081493105689,0.999999650421996
"982",7.48618758,1.49999981297209,1.50001691830171,2.25076379225958,4.50081454745093,0.999999650414945
"983",7.49381876,1.49999981224563,1.50001691319781,2.25076342395166,4.50081416383115,0.999999650407911
"984",7.50144994,1.4999998115164,1.50001690808708,2.25076305563792,4.50081378018505,0.999999650400899
"985",7.50908112,1.49999981078439,1.5000169029697,2.25076268732751,4.50081339652233,0.999999650393906
"986",7.5167123,1.49999981004957,1.5000168978456,2.25076231901747,4.50081301283981,0.999999650386932
"987",7.52434348,1.49999980931194,1.50001689271446,2.25076195069456,4.50081262912331,0.999999650379983
"988",7.53197466,1.4999998085715,1.50001688757649,2.25076158237026,4.50081224538493,0.999999650373055
"989",7.53960584,1.49999980782822,1.50001688243169,2.25076121404423,4.50081186162431,0.999999650366148
"990",7.54723702,1.4999998070821,1.50001687727988,2.25076084570883,4.5008114778333,0.999999650359264
"991",7.5548682,1.49999980633313,1.50001687212146,2.25076047738392,4.50081109403298,0.999999650352395
"992",7.56249938,1.4999998055813,1.50001686695617,2.25076010905955,4.50081071021256,0.999999650345545
"993",7.57013056,1.49999980482659,1.50001686178393,2.25075974073023,4.50081032636633,0.999999650338718
"994",7.57776174,1.499999804069,1.50001685660431,2.25075937238028,4.50080994247734,0.999999650331919
"995",7.58539292,1.49999980330851,1.5000168514182,2.25075900404921,4.50080955858778,0.999999650325131
"996",7.5930241,1.49999980254511,1.50001684622501,2.25075863571139,4.50080917467022,0.999999650318365
"997",7.60065528,1.4999998017788,1.50001684102484,2.25075826737304,4.50080879073117,0.999999650311619
"998",7.60828646,1.49999980100956,1.50001683581754,2.25075789902733,4.50080840676339,0.999999650304896
"999",7.61591764,1.49999980023737,1.50001683060327,2.25075753068335,4.50080802277643,0.999999650298191
"1000",7.62354882,1.49999979946223,1.50001682538212,2.25075716234588,4.50080763877532,0.999999650291503
"1001",7.63118,1.49999979868413,1.50001682015369,2.25075679399623,4.50080725474021,0.99999965028484
"1002",7.63881118,1.49999979790306,1.50001681491813,2.25075642564355,4.50080687068067,0.999999650278197
"1003",7.64644236,1.499999797119,1.50001680967553,2.25075605729379,4.50080648660295,0.999999650271572
"1004",7.65407354,1.49999979633194,1.50001680442592,2.25075568894656,4.50080610250672,0.999999650264965
"1005",7.66170472,1.49999979554187,1.50001679916916,2.25075532059808,4.50080571838776,0.999999650258378
"1006",7.6693359,1.49999979474879,1.50001679390529,2.25075495225161,4.50080533424951,0.999999650251809
"1007",7.67696708,1.49999979395267,1.50001678863415,2.25075458390077,4.50080495008507,0.999999650245261
"1008",7.68459826,1.49999979315351,1.50001678335587,2.25075421555051,4.50080456589979,0.999999650238732
"1009",7.69222944,1.49999979235129,1.50001677807033,2.25075384719821,4.50080418169069,0.999999650232223
"1010",7.69986062,1.499999791546,1.50001677277764,2.25075347884943,4.50080379746369,0.999999650225731
"1011",7.7074918,1.49999979073764,1.50001676747749,2.25075311049058,4.50080341320419,0.999999650219263
"1012",7.71512298,1.49999978992619,1.50001676217022,2.25075274213847,4.5008030289301,0.99999965021281
"1013",7.72275416,1.49999978911163,1.5000167568557,2.2507523737871,4.50080264463498,0.999999650206376
"1014",7.73038534,1.49999978829396,1.50001675153398,2.25075200544245,4.50080226032501,0.999999650199958
"1015",7.73801652,1.49999978747317,1.50001674620467,2.25075163708463,4.50080187597906,0.999999650193565
"1016",7.7456477,1.49999978664924,1.50001674086836,2.2507512687424,4.50080149162773,0.999999650187183
"1017",7.75327888,1.49999978582215,1.50001673552437,2.25075090038768,4.50080110724087,0.999999650180826
"1018",7.76091006,1.49999978499191,1.50001673017284,2.25075053202469,4.50080072282311,0.999999650174492
"1019",7.76854124,1.49999978415849,1.50001672481433,2.25075016368227,4.50080033840497,0.999999650168166
"1020",7.77617242,1.49999978332189,1.50001671944825,2.25074979533358,4.50079995395786,0.999999650161862
"1021",7.7838036,1.49999978248209,1.50001671407459,2.25074942697993,4.50079956948306,0.999999650155579
"1022",7.79143478,1.49999978163907,1.50001670869354,2.25074905862944,4.50079918498924,0.999999650149313
"1023",7.79906596,1.49999978079284,1.50001670330481,2.25074869027148,4.50079880046493,0.999999650143069
"1024",7.80669714,1.49999977994337,1.50001669790884,2.25074832192639,4.50079841593173,0.999999650136838
"1025",7.81432832,1.49999977909065,1.50001669250543,2.25074795358614,4.50079803138108,0.999999650130622
"1026",7.8219595,1.49999977823467,1.50001668709432,2.25074758523935,4.50079764680076,0.999999650124428
"1027",7.82959068,1.49999977737542,1.50001668167585,2.25074721690332,4.50079726220914,0.999999650118248
"1028",7.83722186,1.49999977651288,1.50001667624923,2.25074684854393,4.50079687756972,0.999999650112096
"1029",7.84485304,1.49999977564705,1.50001667081552,2.25074648020819,4.50079649293266,0.999999650105952
"1030",7.85248422,1.49999977477791,1.50001666537397,2.25074611186418,4.50079610826383,0.99999965009983
"1031",7.8601154,1.49999977390544,1.50001665992477,2.25074574352225,4.50079572357412,0.999999650093725
"1032",7.86774658,1.49999977302964,1.50001665446793,2.25074537518228,4.50079533886344,0.999999650087637
"1033",7.87537776,1.49999977215049,1.50001664900338,2.25074500684351,4.50079495413086,0.999999650081567
"1034",7.88300894,1.49999977126799,1.50001664353118,2.25074463850935,4.50079456937991,0.999999650075513
"1035",7.89064012,1.4999997703821,1.50001663805108,2.25074427016834,4.5007941845984,0.99999965006948
"1036",7.8982713,1.49999976949283,1.50001663256339,2.25074390183778,4.50079379980459,0.99999965006346
"1037",7.90590248,1.49999976860016,1.50001662706777,2.2507435335013,4.50079341498106,0.999999650057461
"1038",7.91353366,1.49999976770408,1.50001662156447,2.25074316517294,4.50079303014263,0.999999650051475
"1039",7.92116484,1.49999976680457,1.50001661605345,2.25074279685083,4.50079264528729,0.999999650045505
"1040",7.92879602,1.49999976590163,1.5000166105342,2.25074242851264,4.50079226039115,0.99999965003956
"1041",7.9364272,1.49999976499523,1.50001660500743,2.25074206019287,4.5007918754909,0.999999650033624
"1042",7.94405838,1.49999976408537,1.50001659947247,2.25074169186063,4.50079149055358,0.999999650027712
"1043",7.95168956,1.49999976317203,1.5000165939296,2.25074132353122,4.50079110559539,0.999999650021816
"1044",7.95932074,1.49999976225519,1.5000165883792,2.25074095522201,4.50079072063477,0.999999650015928
"1045",7.96695192,1.49999976133485,1.50001658282045,2.25074058689791,4.50079033563426,0.999999650010064
"1046",7.9745831,1.499999760411,1.50001657725376,2.25074021857649,4.50078995061258,0.999999650004217
"1047",7.98221428,1.49999975948361,1.50001657167904,2.25073985025634,4.50078956556807,0.999999649998387
"1048",7.98984546,1.49999975855268,1.50001656609657,2.25073948195123,4.50078918051537,0.999999649992567
"1049",7.99747664,1.49999975761818,1.50001656050567,2.25073911363153,4.50078879542277,0.999999649986771
"1050",8.00510782,1.49999975668012,1.50001655490689,2.25073874532288,4.50078841031762,0.999999649980987
"1051",8.012739,1.49999975573847,1.50001654929984,2.25073837700889,4.50078802518229,0.999999649975223
"1052",8.02037018,1.49999975479322,1.500016543685,2.25073800871164,4.50078764004033,0.999999649969469
"1053",8.02800136,1.49999975384436,1.50001653806159,2.25073764039747,4.50078725485575,0.999999649963739
"1054",8.03563254,1.49999975289186,1.50001653243049,2.25073727210778,4.50078686967258,0.999999649958015
"1055",8.04326372,1.49999975193573,1.50001652679068,2.25073690379731,4.5007864844425,0.999999649952318
"1056",8.0508949,1.49999975097594,1.50001652114291,2.25073653550048,4.50078609920216,0.999999649946631
"1057",8.05852608,1.49999975001249,1.50001651548692,2.25073616720729,4.5007857139408,0.99999964994096
"1058",8.06615726,1.49999974904535,1.50001650982264,2.25073579891524,4.50078532865572,0.999999649935305
"1059",8.07378844,1.49999974807451,1.50001650414985,2.25073543061588,4.50078494333782,0.99999964992967
"1060",8.08141962,1.49999974709996,1.50001649846902,2.25073506233203,4.50078455801128,0.999999649924045
"1061",8.0890508,1.49999974612168,1.50001649277968,2.25073469404267,4.50078417265372,0.999999649918439
"1062",8.09668198,1.49999974513967,1.5000164870819,2.25073432575239,4.50078378726991,0.99999964991285
"1063",8.10431316,1.4999997441539,1.50001648137588,2.25073395747139,4.50078340187067,0.999999649907274
"1064",8.11194434,1.49999974316437,1.50001647566115,2.25073358918039,4.50078301643529,0.999999649901718
"1065",8.11957552,1.49999974217105,1.50001646993845,2.25073322091199,4.50078263099859,0.999999649896169
"1066",8.1272067,1.49999974117393,1.50001646420692,2.25073285262997,4.5007822455218,0.999999649890642
"1067",8.13483788,1.499999740173,1.5000164584669,2.25073248435169,4.50078186002328,0.99999964988513
"1068",8.14246906,1.49999973916824,1.50001645271828,2.25073211607103,4.50078147449656,0.999999649879635
"1069",8.15010024,1.49999973815965,1.50001644696129,2.25073174780103,4.50078108895539,0.999999649874152
"1070",8.15773142,1.4999997371472,1.50001644119567,2.25073137953123,4.50078070338855,0.999999649868685
"1071",8.1653626,1.49999973613087,1.50001643542133,2.25073101125876,4.50078031779288,0.999999649863235
"1072",8.17299378,1.49999973511067,1.50001642963866,2.25073064300098,4.50077993218689,0.999999649857794
"1073",8.18062496,1.49999973408656,1.50001642384718,2.25073027473885,4.50077954655012,0.999999649852371
"1074",8.18825614,1.49999973305853,1.50001641804687,2.25072990647278,4.50077916088294,0.999999649846967
"1075",8.19588732,1.49999973202658,1.50001641223787,2.25072953820906,4.50077877519203,0.999999649841577
"1076",8.2035185,1.49999973099068,1.50001640642032,2.25072916995672,4.50077838948685,0.999999649836197
"1077",8.21114968,1.49999972995082,1.50001640059385,2.2507288016988,4.50077800374931,0.999999649830836
"1078",8.21878086,1.49999972890699,1.50001639475865,2.25072843344593,4.50077761799068,0.999999649825488
"1079",8.22641204,1.49999972785917,1.50001638891458,2.2507280651926,4.50077723220494,0.999999649820156
"1080",8.23404322,1.49999972680734,1.5000163830615,2.25072769693458,4.50077684638749,0.999999649814842
"1081",8.2416744,1.49999972575149,1.50001637719985,2.25072732869202,4.50077646055979,0.999999649809536
"1082",8.24930558,1.4999997246916,1.50001637132948,2.2507269604591,4.50077607471555,0.999999649804241
"1083",8.25693676,1.49999972362766,1.5000163654498,2.25072659221103,4.50077568882825,0.999999649798968
"1084",8.26456794,1.49999972255966,1.50001635956098,2.25072622395749,4.50077530290808,0.999999649793714
"1085",8.27219912,1.49999972148757,1.50001635366353,2.25072585572146,4.50077491697949,0.999999649788466
"1086",8.2798303,1.49999972041138,1.50001634775709,2.2507254874884,4.50077453102693,0.999999649783233
"1087",8.28746148,1.49999971933108,1.50001634184142,2.25072511924778,4.50077414503909,0.999999649778018
"1088",8.29509266,1.49999971824665,1.50001633591663,2.25072475100736,4.5007737590241,0.999999649772818
"1089",8.30272384,1.49999971715807,1.50001632998291,2.25072438277728,4.50077337299268,0.999999649767628
"1090",8.31035502,1.49999971606533,1.50001632404001,2.25072401454562,4.50077298693213,0.999999649762453
"1091",8.3179862,1.49999971496841,1.50001631808803,2.25072364631928,4.50077260084963,0.999999649757291
"1092",8.32561738,1.4999997138673,1.50001631212686,2.25072327809391,4.50077221474059,0.999999649752144
"1093",8.33324856,1.49999971276199,1.50001630615632,2.2507229098644,4.50077182859926,0.999999649747013
"1094",8.34087974,1.49999971165244,1.50001630017638,2.25072254162869,4.50077144242351,0.999999649741899
"1095",8.34851092,1.49999971053866,1.50001629418768,2.25072217341769,4.50077105624624,0.999999649736789
"1096",8.3561421,1.49999970942061,1.50001628818923,2.25072180518777,4.50077067002078,0.999999649731702
"1097",8.36377328,1.49999970829829,1.50001628218159,2.25072143696551,4.50077028377538,0.999999649726626
"1098",8.37140446,1.49999970717169,1.50001627616461,2.25072106874644,4.50076989750518,0.999999649721563
"1099",8.37903564,1.49999970604077,1.50001627013808,2.25072070052199,4.50076951120097,0.999999649716516
"1100",8.38666682,1.49999970490553,1.50001626410247,2.25072033231277,4.5007691248847,0.999999649711477
"1101",8.394298,1.49999970376595,1.50001625805699,2.25071996408671,4.500768738522,0.999999649706459
"1102",8.40192918,1.49999970262202,1.50001625200237,2.25071959587791,4.50076835214914,0.999999649701448
"1103",8.40956036,1.49999970147371,1.50001624593816,2.2507192276656,4.500767965744,0.999999649696452
"1104",8.41719154,1.49999970032101,1.50001623986438,2.25071885945373,4.50076757931059,0.99999964969147
"1105",8.42482272,1.49999969916391,1.50001623378103,2.25071849124343,4.50076719285006,0.999999649686501
"1106",8.4324539,1.49999969800238,1.50001622768807,2.25071812303392,4.50076680636146,0.999999649681546
"1107",8.44008508,1.49999969683641,1.5000162215853,2.25071775481763,4.50076641983668,0.999999649676607
"1108",8.44771626,1.49999969566599,1.50001621547314,2.25071738661412,4.50076603329649,0.999999649671676
"1109",8.45534744,1.49999969449109,1.50001620935116,2.25071701840656,4.50076564672279,0.999999649666761
"1110",8.46297862,1.49999969331169,1.50001620321936,2.25071665019492,4.50076526011554,0.999999649661861
"1111",8.4706098,1.49999969212779,1.500016197078,2.25071628199356,4.5007648734899,0.999999649656969
"1112",8.47824098,1.49999969093937,1.50001619092649,2.25071591377764,4.50076448681925,0.999999649652098
"1113",8.48587216,1.4999996897464,1.50001618476541,2.25071554557316,4.50076410013136,0.999999649647234
"1114",8.49350334,1.49999968854887,1.5000161785944,2.25071517736563,4.50076371341059,0.999999649642385
"1115",8.50113452,1.49999968734676,1.50001617241347,2.25071480915672,4.50076332665866,0.99999964963755
"1116",8.5087657,1.49999968614006,1.50001616622271,2.25071444095356,4.50076293988304,0.999999649632725
"1117",8.51639688,1.49999968492874,1.5000161600222,2.25071407275892,4.50076255308667,0.999999649627909
"1118",8.52402806,1.49999968371279,1.50001615381151,2.25071370455553,4.50076216625099,0.99999964962311
"1119",8.53165924,1.4999996824922,1.5000161475904,2.25071333633533,4.50076177936728,0.999999649618332
"1120",8.53929042,1.49999968126693,1.50001614135942,2.2507129681231,4.5007613924619,0.999999649613563
"1121",8.5469216,1.49999968003699,1.5000161351185,2.2507125999174,4.50076100553324,0.999999649608803
"1122",8.55455278,1.49999967880234,1.50001612886748,2.25071223171229,4.50076061857487,0.999999649604055
"1123",8.56218396,1.49999967756297,1.50001612260648,2.25071186351415,4.50076023159353,0.999999649599317
"1124",8.56981514,1.49999967631887,1.50001611633508,2.25071149530707,4.50075984457205,0.999999649594595
"1125",8.57744632,1.49999967507001,1.5000161100537,2.2507111271098,4.50075945753043,0.99999964958988
"1126",8.5850775,1.49999967381637,1.50001610376181,2.25071075889988,4.50075907044462,0.999999649585184
"1127",8.59270868,1.49999967255794,1.50001609745951,2.25071039068551,4.50075868332317,0.999999649580502
"1128",8.60033986,1.4999996712947,1.50001609114711,2.25071002247971,4.50075829617997,0.999999649575828
"1129",8.60797104,1.49999967002663,1.50001608482416,2.25070965426444,4.50075790899564,0.999999649571171
"1130",8.61560222,1.49999966875372,1.50001607849099,2.25070928605686,4.50075752178835,0.999999649566521
"1131",8.6232334,1.49999966747594,1.50001607214731,2.25070891784318,4.50075713454342,0.999999649561887
"1132",8.63086458,1.49999966619327,1.50001606579325,2.25070854963288,4.50075674727075,0.999999649557262
"1133",8.63849576,1.4999996649057,1.50001605942872,2.25070818142246,4.50075635996652,0.999999649552649
"1134",8.64612694,1.4999996636132,1.50001605305367,2.25070781321111,4.50075597262981,0.999999649548048
"1135",8.65375812,1.49999966231577,1.50001604666781,2.25070744498837,4.50075558524931,0.999999649543463
"1136",8.6613893,1.49999966101338,1.50001604027155,2.25070707677159,4.50075519784351,0.999999649538887
"1137",8.66902048,1.499999659706,1.5000160338644,2.25070670854286,4.50075481039314,0.999999649534329
"1138",8.67665166,1.49999965839363,1.50001602744698,2.25070634033076,4.50075442292859,0.999999649529773
"1139",8.68428284,1.49999965707625,1.50001602101852,2.25070597210156,4.5007540354138,0.999999649525236
"1140",8.69191402,1.49999965575382,1.5000160145794,2.25070560387422,4.50075364786889,0.99999964952071
"1141",8.6995452,1.49999965442634,1.50001600812998,2.25070523566632,4.50075326031252,0.999999649516184
"1142",8.70717638,1.49999965309379,1.50001600166907,2.25070486742678,4.50075287269005,0.999999649511686
"1143",8.71480756,1.49999965175614,1.50001599519762,2.25070449919889,4.5007524850476,0.999999649507191
"1144",8.72243874,1.49999965041338,1.50001598871519,2.25070413096465,4.50075209736587,0.999999649502711
"1145",8.73006992,1.49999964906548,1.50001598222176,2.25070376272454,4.50075170964526,0.999999649498244
"1146",8.7377011,1.49999964771243,1.50001597571741,2.25070339448308,4.50075132189053,0.999999649493788
"1147",8.74533228,1.49999964635421,1.50001596920228,2.25070302625067,4.50075093411254,0.999999649489338
"1148",8.75296346,1.4999996449908,1.50001596267568,2.25070265799499,4.50075054627684,0.999999649484909
"1149",8.76059464,1.49999964362218,1.50001595613816,2.2507022897434,4.50075015841248,0.999999649480488
"1150",8.76822582,1.49999964224832,1.50001594958981,2.25070192150151,4.50074977052532,0.999999649476073
"1151",8.775857,1.49999964086921,1.50001594303031,2.25070155325649,4.50074938260158,0.999999649471668
"1152",8.78348818,1.49999963948483,1.50001593645925,2.25070118499203,4.50074899462376,0.999999649467284
"1153",8.79111936,1.49999963809515,1.50001592987721,2.2507008167343,4.50074860661968,0.999999649462905
"1154",8.79875054,1.49999963670017,1.50001592328377,2.25070044846759,4.50074821857244,0.999999649458541
"1155",8.80638172,1.49999963529985,1.50001591667911,2.25070008020122,4.5007478304919,0.999999649454185
"1156",8.8140129,1.49999963389418,1.50001591006322,2.25069971193556,4.50074744237834,0.999999649449839
"1157",8.82164408,1.49999963248313,1.50001590343581,2.25069934366079,4.50074705422114,0.999999649445506
"1158",8.82927526,1.49999963106669,1.50001589679668,2.25069897536837,4.50074666601113,0.999999649441192
"1159",8.83690644,1.49999962964484,1.50001589014665,2.25069860709511,4.50074627778755,0.999999649436877
"1160",8.84453762,1.49999962821754,1.50001588348475,2.25069823880204,4.50074588950857,0.99999964943258
"1161",8.8521688,1.4999996267848,1.50001587681151,2.25069787051353,4.50074550120013,0.99999964942829
"1162",8.85979998,1.49999962534657,1.50001587012684,2.2506975022259,4.50074511285828,0.999999649424009
"1163",8.86743116,1.49999962390285,1.50001586343007,2.25069713391347,4.50074472445532,0.999999649419748
"1164",8.87506234,1.49999962245361,1.50001585672216,2.25069676561818,4.50074433603608,0.999999649415487
"1165",8.88269352,1.49999962099883,1.50001585000203,2.2506963972956,4.50074394755292,0.999999649411248
"1166",8.8903247,1.49999961953848,1.50001584327056,2.25069602898399,4.50074355904668,0.999999649407012
"1167",8.89795588,1.49999961807256,1.50001583652709,2.25069566065842,4.50074317049049,0.999999649402791
"1168",8.90558706,1.49999961660103,1.50001582977183,2.25069529232829,4.50074278189436,0.999999649398581
"1169",8.91321824,1.49999961512387,1.50001582300513,2.25069492401133,4.5007423932771,0.999999649394371
"1170",8.92084942,1.49999961364107,1.50001581622602,2.25069455566533,4.50074200459353,0.999999649390184
"1171",8.9284806,1.4999996121526,1.50001580943523,2.25069418732498,4.50074161588062,0.999999649386002
"1172",8.93611178,1.49999961065844,1.50001580263224,2.25069381896913,4.50074122711557,0.999999649381835
"1173",8.94374296,1.49999960915856,1.50001579581728,2.25069345061029,4.50074083831165,0.999999649377678
"1174",8.95137414,1.49999960765296,1.50001578899061,2.25069308225959,4.50074044948073,0.999999649373523
"1175",8.95900532,1.49999960614159,1.50001578215122,2.25069271387553,4.50074006057826,0.999999649369392
"1176",8.9666365,1.49999960462445,1.50001577530016,2.2506923455061,4.50073967165545,0.999999649365262
"1177",8.97426768,1.49999960310151,1.50001576843668,2.25069197711989,4.50073928267858,0.999999649361146
"1178",8.98189886,1.49999960157275,1.50001576156115,2.25069160873453,4.50073889366641,0.999999649357037
"1179",8.98953004,1.49999960003814,1.50001575467337,2.25069124034254,4.50073850461085,0.999999649352939
"1180",8.99716122,1.49999959849767,1.50001574777285,2.25069087192623,4.50073811549279,0.999999649348859
"1181",9.0047924,1.49999959695131,1.50001574086025,2.25069050351362,4.50073772634215,0.999999649344783
"1182",9.01242358,1.49999959539903,1.5000157339352,2.25069013509168,4.50073733714484,0.999999649340719
"1183",9.02005476,1.49999959384082,1.50001572699805,2.25068976667711,4.50073694791859,0.999999649336657
"1184",9.02768594,1.49999959227666,1.5000157200478,2.25068939822785,4.50073655861837,0.999999649332619
"1185",9.03531712,1.49999959070651,1.50001571308537,2.25068902978546,4.50073616928847,0.999999649328584
"1186",9.0429483,1.49999958913037,1.50001570611045,2.25068866133923,4.50073577991727,0.999999649324556
"1187",9.05057948,1.49999958754819,1.5000156991228,2.25068829288002,4.5007353904949,0.999999649320541
"1188",9.05821066,1.49999958595997,1.5000156921226,2.25068792441597,4.50073500103002,0.999999649316534
"1189",9.06584184,1.49999958436568,1.50001568510941,2.25068755593195,4.50073461150621,0.999999649312543
"1190",9.07347302,1.49999958276529,1.50001567808356,2.25068718744208,4.50073422193857,0.999999649308559
"1191",9.0811042,1.49999958115879,1.50001567104489,2.25068681894252,4.50073383232278,0.999999649304587
"1192",9.08873538,1.49999957954614,1.50001566399343,2.25068645043604,4.50073344266169,0.999999649300622
"1193",9.09636656,1.49999957792733,1.50001565692934,2.25068608193092,4.50073305296407,0.999999649296662
"1194",9.10399774,1.49999957630233,1.500015649852,2.25068571340306,4.50073266320399,0.999999649292719
"1195",9.11162892,1.49999957467112,1.50001564276186,2.25068534487233,4.50073227340259,0.999999649288781
"1196",9.1192601,1.49999957303367,1.50001563565835,2.25068497631751,4.50073188353705,0.999999649284861
"1197",9.12689128,1.49999957138996,1.5000156285422,2.25068460777003,4.50073149364088,0.999999649280941
"1198",9.13452246,1.49999956973997,1.50001562141276,2.25068423920467,4.50073110368698,0.999999649277035
"1199",9.14215364,1.49999956808367,1.50001561426997,2.25068387062035,4.50073071367406,0.999999649273143
"1200",9.14978482,1.49999956642104,1.50001560711424,2.25068350203694,4.50073032362324,0.999999649269254
"1201",9.157416,1.49999956475205,1.5000155999452,2.25068313344059,4.50072993351956,0.999999649265376
"1202",9.16504718,1.49999956307668,1.50001559276259,2.25068276482153,4.50072954335244,0.999999649261513
"1203",9.17267836,1.49999956139491,1.50001558556696,2.25068239620489,4.50072915314868,0.999999649257653
"1204",9.18030954,1.49999955970671,1.5000155783579,2.25068202757474,4.50072876289111,0.999999649253803
"1205",9.18794072,1.49999955801205,1.50001557113528,2.25068165892825,4.50072837257656,0.999999649249965
"1206",9.1955719,1.49999955631092,1.50001556389926,2.25068129027282,4.50072798221282,0.999999649246135
"1207",9.20320308,1.49999955460328,1.50001555664957,2.25068092160042,4.50072759179114,0.999999649242317
"1208",9.21083426,1.49999955288912,1.50001554938639,2.25068055291922,4.50072720132017,0.999999649238506
"1209",9.21846544,1.4999995511684,1.50001554210949,2.25068018422139,4.5007268107914,0.999999649234706
"1210",9.22609662,1.4999995494411,1.50001553481891,2.25067981551115,4.50072642020921,0.999999649230916
"1211",9.2337278,1.4999995477072,1.50001552751447,2.25067944678297,4.50072602956749,0.999999649227137
"1212",9.24135898,1.49999954596667,1.50001552019658,2.25067907805525,4.50072563888587,0.999999649223361
"1213",9.24899016,1.49999954421949,1.50001551286466,2.25067870930515,4.50072524813976,0.999999649219598
"1214",9.25662134,1.49999954246563,1.500015505519,2.25067834054707,4.5007248573445,0.999999649215842
"1215",9.26425252,1.49999954070507,1.50001549815912,2.25067797176241,4.50072446647996,0.999999649212101
"1216",9.2718837,1.49999953893777,1.50001549078569,2.25067760298272,4.50072407557974,0.99999964920836
"1217",9.27951488,1.49999953716372,1.50001548339787,2.25067723417259,4.50072368460594,0.999999649204635
"1218",9.28714606,1.49999953538288,1.50001547599608,2.25067686535216,4.50072329357989,0.999999649200918
"1219",9.29477724,1.49999953359524,1.50001546858034,2.25067649652544,4.50072290250575,0.999999649197206
"1220",9.30240842,1.49999953180076,1.50001546115034,2.25067612767932,4.50072251136939,0.999999649193504
"1221",9.3100396,1.49999952999943,1.50001545370599,2.25067575881273,4.50072212016953,0.999999649189815
"1222",9.31767078,1.4999995281912,1.50001544624746,2.2506753899345,4.50072172891546,0.999999649186132
"1223",9.32530196,1.49999952637607,1.50001543877428,2.2506750210279,4.5007213375891,0.999999649182465
"1224",9.33293314,1.49999952455399,1.50001543128715,2.250674652123,4.50072094622258,0.999999649178797
"1225",9.34056432,1.49999952272495,1.50001542378538,2.25067428319306,4.5007205547871,0.999999649175143
"1226",9.3481955,1.49999952088892,1.50001541626921,2.25067391425049,4.50072016329578,0.999999649171496
"1227",9.35582668,1.49999951904587,1.50001540873818,2.25067354527756,4.50071977172953,0.999999649167864
"1228",9.36345786,1.49999951719577,1.50001540119267,2.25067317629185,4.50071938010705,0.99999964916424
"1229",9.37108904,1.49999951533861,1.50001539363301,2.25067280731025,4.50071898844624,0.999999649160613
"1230",9.37872022,1.49999951347434,1.50001538605826,2.2506724382946,4.50071859670613,0.999999649157003
"1231",9.3863514,1.49999951160294,1.5000153784687,2.25067206925754,4.50071820490014,0.999999649153404
"1232",9.39398258,1.49999950972439,1.50001537086463,2.25067170021551,4.50071781304567,0.999999649149808
"1233",9.40161376,1.49999950783866,1.50001536324555,2.25067133114872,4.50071742112139,0.999999649146223
"1234",9.40924494,1.49999950594572,1.5000153556116,2.25067096206467,4.50071702913527,0.999999649142646
"1235",9.41687612,1.49999950404554,1.5000153479627,2.25067059296211,4.50071663708577,0.999999649139078
"1236",9.4245073,1.4999995021381,1.50001534029876,2.25067022383993,4.50071624497153,0.999999649135518
"1237",9.43213848,1.49999950022337,1.50001533261958,2.25066985469124,4.50071585278508,0.999999649131971
"1238",9.43976966,1.49999949830131,1.50001532492562,2.25066948553753,4.50071546054924,0.999999649128426
"1239",9.44740084,1.49999949637191,1.50001531721622,2.2506691163524,4.50071506823567,0.999999649124894
"1240",9.45503202,1.49999949443514,1.50001530949155,2.2506687471467,4.50071467585574,0.999999649121372
"1241",9.4626632,1.49999949249096,1.50001530175188,2.25066837793228,4.50071428342206,0.999999649117852
"1242",9.47029438,1.49999949053934,1.50001529399665,2.25066800868802,4.50071389091188,0.999999649114345
"1243",9.47792556,1.49999948858027,1.50001528622603,2.25066763942317,4.50071349833491,0.999999649110847
"1244",9.48555674,1.49999948661371,1.50001527844001,2.25066727013956,4.50071310569302,0.999999649107356
"1245",9.49318792,1.49999948463963,1.5000152706387,2.25066690084395,4.50071271299326,0.999999649103868
"1246",9.5008191,1.499999482658,1.50001526282151,2.25066653151334,4.50071232021081,0.999999649100396
"1247",9.50845028,1.4999994806688,1.50001525498883,2.2506661621667,4.50071192736592,0.999999649096929
"1248",9.51608146,1.49999947867199,1.50001524714051,2.25066579279891,4.50071153445291,0.99999964909347
"1249",9.52371264,1.49999947666755,1.50001523927634,2.250665423404,4.50071114146524,0.999999649090022
"1250",9.53134382,1.49999947465545,1.50001523139635,2.25066505398562,4.50071074840666,0.999999649086582
"1251",9.538975,1.49999947263565,1.50001522350075,2.25066468455411,4.50071035528811,0.999999649083146
"1252",9.54660618,1.49999947060813,1.50001521558908,2.25066431509197,4.50070996209072,0.999999649079721
"1253",9.55423736,1.49999946857286,1.5000152076616,2.25066394561301,4.50070956882907,0.999999649076301
"1254",9.56186854,1.49999946652982,1.50001519971796,2.25066357610485,4.50070917548977,0.999999649072892
"1255",9.56949972,1.49999946447896,1.50001519175788,2.25066320655707,4.5007087820615,0.9999996490695
"1256",9.5771309,1.49999946242026,1.50001518378242,2.25066283701642,4.50070838859422,0.999999649066099
"1257",9.58476208,1.49999946035369,1.50001517579036,2.25066246743438,4.50070799503578,0.999999649062715
"1258",9.59239326,1.49999945827922,1.5000151677822,2.25066209783372,4.50070760141038,0.999999649059336
"1259",9.60002444,1.49999945619682,1.50001515975735,2.2506617281918,4.50070720769366,0.999999649055973
"1260",9.60765562,1.49999945410646,1.50001515171647,2.2506613585386,4.50070681391759,0.99999964905261
"1261",9.6152868,1.49999945200811,1.5000151436592,2.25066098886282,4.50070642006975,0.999999649049254
"1262",9.62291798,1.49999944990173,1.50001513558512,2.25066061914665,4.5007060261311,0.999999649045914
"1263",9.63054916,1.49999944778731,1.5000151274948,2.25066024941645,4.50070563212968,0.999999649042575
"1264",9.63818034,1.4999994456648,1.50001511938789,2.25065987966113,4.5007052380534,0.999999649039243
"1265",9.64581152,1.49999944353417,1.50001511126413,2.25065950987147,4.50070484389222,0.999999649035923
"1266",9.6534427,1.49999944139541,1.5000151031235,2.25065914004816,4.50070444964675,0.999999649032614
"1267",9.66107388,1.49999943924846,1.50001509496644,2.25065877021318,4.50070405534036,0.999999649029304
"1268",9.66870506,1.49999943709331,1.50001508679254,2.2506584003509,4.50070366095613,0.999999649026002
"1269",9.67633624,1.49999943492992,1.50001507860141,2.25065803044607,4.50070326647766,0.999999649022715
"1270",9.68396742,1.49999943275826,1.50001507039323,2.25065766051092,4.50070287191772,0.999999649019437
"1271",9.6915986,1.49999943057829,1.50001506216849,2.25065729056659,4.50070247729894,0.999999649016157
"1272",9.69922978,1.49999942839,1.50001505392632,2.25065692057946,4.50070208258504,0.999999649012891
"1273",9.70686096,1.49999942619333,1.50001504566708,2.25065655056695,4.50070168779457,0.999999649009631
"1274",9.71449214,1.49999942398827,1.50001503739066,2.25065618052661,4.50070129292472,0.999999649006378
"1275",9.72212332,1.49999942177478,1.5000150290967,2.25065581044589,4.50070089796188,0.999999649003137
"1276",9.7297545,1.49999941955283,1.50001502078548,2.25065544033795,4.50070050292002,0.999999648999903
"1277",9.73738568,1.49999941732239,1.50001501245711,2.25065507021108,4.50070010780777,0.99999964899667
"1278",9.74501686,1.49999941508341,1.50001500411108,2.25065470004473,4.50069971260308,0.999999648993449
"1279",9.75264804,1.49999941283588,1.50001499574767,2.2506543298545,4.50069931732238,0.999999648990232
"1280",9.76027922,1.49999941057976,1.50001498736647,2.25065395962492,4.50069892194896,0.999999648987026
"1281",9.7679104,1.49999940831501,1.50001497896773,2.2506535893687,4.50069852649626,0.999999648983825
"1282",9.77554158,1.4999994060416,1.50001497055104,2.25065321907195,4.5006981309492,0.999999648980636
"1283",9.78317276,1.4999994037595,1.50001496211679,2.25065284875109,4.50069773532532,0.99999964897745
"1284",9.79080394,1.49999940146868,1.50001495366441,2.25065247838772,4.50069733960455,0.999999648974276
"1285",9.79843512,1.4999993991691,1.50001494519444,2.25065210800456,4.50069694381123,0.999999648971103
"1286",9.8060663,1.49999939686073,1.50001493670609,2.25065173757159,4.50069654791296,0.999999648967945
"1287",9.81369748,1.49999939454354,1.5000149281999,2.2506513671146,4.50069615193715,0.99999964896479
"1288",9.82132866,1.49999939221748,1.50001491967561,2.25065099662452,4.50069575587395,0.999999648961641
"1289",9.82895984,1.49999938988254,1.50001491113318,2.25065062610171,4.5006953597236,0.999999648958499
"1290",9.83659102,1.49999938753867,1.50001490257236,2.25065025553886,4.50069496347804,0.999999648955366
"1291",9.8442222,1.49999938518584,1.50001489399314,2.25064988493752,4.50069456713876,0.999999648952243
"1292",9.85185338,1.49999938282401,1.50001488539574,2.25064951430945,4.50069417071825,0.999999648949122
"1293",9.85948456,1.49999938045315,1.50001487677994,2.2506491436477,4.50069377420885,0.999999648946007
"1294",9.86711574,1.49999937807323,1.50001486814537,2.25064877293962,4.50069337759678,0.999999648942905
"1295",9.87474692,1.49999937568422,1.50001485949241,2.25064840220473,4.50069298090278,0.999999648939804
"1296",9.8823781,1.49999937328607,1.50001485082065,2.25064803142621,4.50069258410871,0.999999648936714
"1297",9.89000928,1.49999937087875,1.50001484213024,2.25064766061365,4.50069218722465,0.99999964893363
"1298",9.89764046,1.49999936846223,1.50001483342087,2.25064728975803,4.50069179024067,0.999999648930555
"1299",9.90527164,1.49999936603647,1.50001482469266,2.25064691886399,4.50069139316173,0.999999648927488
"1300",9.91290282,1.49999936360144,1.50001481594563,2.25064654793759,4.50069099599398,0.999999648924424
"1301",9.920534,1.4999993611571,1.5000148071794,2.25064617696446,4.50069059872192,0.999999648921372
"1302",9.92816518,1.49999935870341,1.50001479839437,2.25064580596397,4.50069020136606,0.999999648918321
"1303",9.93579636,1.49999935624034,1.50001478959001,2.25064543491666,4.50068980390541,0.99999964891528
"1304",9.94342754,1.49999935376786,1.50001478076616,2.25064506381782,4.50068940633476,0.999999648912252
"1305",9.95105872,1.49999935128593,1.50001477192351,2.25064469269971,4.50068900868843,0.999999648909221
"1306",9.9586899,1.49999934879451,1.5000147630613,2.25064432153275,4.50068861093461,0.9999996489062
"1307",9.96632108,1.49999934629356,1.50001475417959,2.25064395032234,4.50068821307881,0.999999648903188
"1308",9.97395226,1.49999934378306,1.50001474527853,2.25064357907634,4.50068781512934,0.999999648900179
"1309",9.98158344,1.49999934126295,1.50001473635773,2.25064320778269,4.50068741707304,0.999999648897181
"1310",9.98921462,1.49999933873321,1.50001472741743,2.25064283645307,4.50068701892228,0.999999648894186
"1311",9.9968458,1.4999993361938,1.50001471845741,2.25064246508073,4.50068662066961,0.999999648891198
"1312",10.00447698,1.49999933364469,1.50001470947745,2.25064209365935,4.50068622230808,0.99999964888822
"1313",10.01210816,1.49999933108583,1.5000147004777,2.25064172219822,4.50068582384744,0.999999648885247
"1314",10.01973934,1.49999932851718,1.50001469145804,2.25064135069422,4.50068542528417,0.99999964888228
"1315",10.02737052,1.49999932593872,1.50001468241823,2.2506409791422,4.50068502661247,0.999999648879322
"1316",10.0350017,1.4999993233504,1.50001467335835,2.25064060754449,4.50068462783484,0.999999648876372
"1317",10.04263288,1.49999932075218,1.50001466427829,2.25064023590265,4.50068422895257,0.999999648873428
"1318",10.05026406,1.49999931814403,1.50001465517813,2.25063986422073,4.50068382996989,0.999999648870487
"1319",10.05789524,1.49999931552591,1.50001464605747,2.25063949248539,4.5006834308723,0.999999648867558
"1320",10.06552642,1.49999931289779,1.50001463691649,2.25063912070722,4.50068303167093,0.999999648864633
"1321",10.0731576,1.49999931025961,1.50001462775538,2.25063874889684,4.50068263237695,0.999999648861708
"1322",10.08078878,1.49999930761135,1.50001461857337,2.25063837702415,4.50068223295796,0.999999648858797
"1323",10.08841996,1.49999930495297,1.50001460937067,2.25063800510162,4.50068183342707,0.999999648855894
"1324",10.09605114,1.49999930228442,1.50001460014774,2.25063763315002,4.50068143380641,0.999999648852988
"1325",10.10368232,1.49999929960567,1.5000145909036,2.25063726113175,4.50068103405543,0.999999648850099
"1326",10.1113135,1.49999929691668,1.50001458163896,2.2506368890803,4.50068063420979,0.999999648847207
"1327",10.11894468,1.49999929421742,1.500014572353,2.25063651696346,4.50068023423482,0.999999648844331
"1328",10.12657586,1.49999929150783,1.50001456304622,2.25063614480438,4.50067983415513,0.999999648841458
"1329",10.13420704,1.49999928878788,1.50001455371835,2.25063577259431,4.50067943396118,0.999999648838592
"1330",10.14183822,1.49999928605754,1.50001454436941,2.25063540033892,4.50067903365869,0.99999964883573
"1331",10.1494694,1.49999928331676,1.50001453499925,2.25063502803331,4.50067863324234,0.999999648832874
"1332",10.15710058,1.4999992805655,1.50001452560783,2.25063465567886,4.50067823271334,0.999999648830023
"1333",10.16473176,1.49999927780372,1.50001451619483,2.25063428326453,4.50067783205973,0.999999648827183
"1334",10.17236294,1.49999927503139,1.50001450676015,2.25063391079101,4.50067743128192,0.999999648824353
"1335",10.17999412,1.49999927224846,1.50001449730437,2.25063353828268,4.50067703040596,0.999999648821521
"1336",10.1876253,1.49999926945488,1.50001448782669,2.25063316571146,4.50067662940143,0.9999996488187
"1337",10.19525648,1.49999926665063,1.50001447832757,2.25063279309767,4.50067622829002,0.99999964881588
"1338",10.20288766,1.49999926383566,1.50001446880656,2.25063242042644,4.50067582705546,0.999999648813068
"1339",10.21051884,1.49999926100993,1.50001445926348,2.25063204769333,4.50067542569285,0.999999648810267
"1340",10.21815002,1.49999925817339,1.50001444969858,2.25063167491094,4.50067502421548,0.999999648807469
"1341",10.2257812,1.49999925532601,1.50001444011149,2.25063130206723,4.50067462261021,0.999999648804681
"1342",10.23341238,1.49999925246775,1.50001443050259,2.25063092918138,4.5006742208974,0.999999648801892
"1343",10.24104356,1.49999924959856,1.50001442087122,2.25063055622814,4.50067381904976,0.999999648799116
"1344",10.24867474,1.4999992467184,1.50001441121767,2.25063018322419,4.50067341708489,0.999999648796343
"1345",10.25630592,1.49999924382723,1.50001440154167,2.25062981015854,4.50067301499094,0.999999648793578
"1346",10.2639371,1.49999924092501,1.50001439184347,2.25062943704615,4.50067261278369,0.999999648790814
"1347",10.27156828,1.49999923801169,1.50001438212253,2.25062906386856,4.50067221044301,0.999999648788061
"1348",10.27919946,1.49999923508724,1.50001437237903,2.25062869063437,4.50067180797801,0.999999648785312
"1349",10.28683064,1.4999992321516,1.50001436261268,2.25062831733603,4.50067140538035,0.999999648782573
"1350",10.29446182,1.49999922920474,1.50001435282369,2.25062794398389,4.50067100266097,0.999999648779838
"1351",10.302093,1.49999922624662,1.50001434301208,2.25062757058359,4.50067059982554,0.999999648777102
"1352",10.30972418,1.49999922327719,1.50001433317719,2.25062719710952,4.50067019684654,0.999999648774379
"1353",10.31735536,1.49999922029641,1.5000143233195,2.25062682358511,4.50066979374876,0.999999648771658
"1354",10.32498654,1.49999921730423,1.5000143134384,2.25062644998771,4.50066939050778,0.999999648768949
"1355",10.33261772,1.49999921430061,1.50001430353435,2.2506260763404,4.50066898714805,0.999999648766239
"1356",10.3402489,1.49999921128552,1.50001429360678,2.250625702622,4.50066858364665,0.999999648763541
"1357",10.34788008,1.49999920825889,1.50001428365596,2.2506253288469,4.50066818001882,0.999999648760846
"1358",10.35551126,1.49999920522069,1.50001427368149,2.25062495500134,4.50066777624956,0.999999648758161
"1359",10.36314244,1.49999920217088,1.50001426368378,2.25062458110655,4.50066737236136,0.999999648755474
"1360",10.37077362,1.49999919910942,1.5000142536622,2.25062420713824,4.50066696832802,0.999999648752798
"1361",10.3784048,1.49999919603624,1.50001424361698,2.25062383310939,4.50066656416321,0.999999648750127
"1362",10.38603598,1.49999919295132,1.50001423354789,2.25062345901449,4.50066615986075,0.999999648747462
"1363",10.39366716,1.49999918985461,1.50001422345469,2.25062308484677,4.50066575541316,0.999999648744807
"1364",10.40129834,1.49999918674605,1.50001421333793,2.25062271063118,4.50066535084699,0.999999648742148
"1365",10.40892952,1.49999918362562,1.50001420319657,2.2506223363281,4.50066494611953,0.999999648739507
"1366",10.4165607,1.49999918049325,1.50001419303163,2.25062196198326,4.50066454127957,0.999999648736858
"1367",10.42419188,1.49999917734891,1.50001418284229,2.25062158756646,4.50066413629447,0.999999648734217
"1368",10.43182306,1.49999917419255,1.5000141726281,2.25062121306175,4.50066373114693,0.999999648731593
"1369",10.43945424,1.49999917102412,1.50001416239005,2.2506208385134,4.50066332588414,0.999999648728962
"1370",10.44708542,1.49999916784359,1.50001415212705,2.25062046387986,4.50066292046128,0.999999648726345
"1371",10.4547166,1.49999916465089,1.50001414183937,2.25062008917501,4.50066251489311,0.999999648723735
"1372",10.46234778,1.49999916144598,1.50001413152722,2.25061971441125,4.5006621091926,0.999999648721125
"1373",10.46997896,1.49999915822883,1.50001412119001,2.25061933956797,4.5006617033374,0.999999648718526
"1374",10.47761014,1.49999915499937,1.50001411082806,2.25061896466062,4.5006612973439,0.999999648715929
"1375",10.48524132,1.49999915175758,1.50001410044108,2.25061858968146,4.50066089120353,0.999999648713338
"1376",10.4928725,1.49999914850338,1.50001409002899,2.25061821462956,4.50066048491507,0.999999648710754
"1377",10.50050368,1.49999914523675,1.50001407959195,2.25061783951591,4.50066007849001,0.999999648708168
"1378",10.50813486,1.49999914195763,1.50001406912922,2.25061746431336,4.50065967189896,0.999999648705598
"1379",10.51576604,1.49999913866597,1.50001405864134,2.25061708904612,4.50065926516777,0.999999648703028
"1380",10.52339722,1.49999913536173,1.50001404812773,2.25061671369559,4.50065885827613,0.99999964870047
"1381",10.5310284,1.49999913204486,1.50001403758893,2.2506163382854,4.50065845124924,0.999999648697908
"1382",10.53865958,1.49999912871531,1.50001402702428,2.25061596279361,4.5006580440632,0.999999648695356
"1383",10.54629076,1.49999912537303,1.50001401643381,2.25061558722483,4.50065763672272,0.999999648692811
"1384",10.55392194,1.49999912201797,1.50001400581758,2.25061521158338,4.50065722923229,0.999999648690269
"1385",10.56155312,1.49999911865009,1.50001399517545,2.25061483586749,4.5006568215897,0.999999648687731
"1386",10.5691843,1.49999911526933,1.5000139845072,2.25061446007231,4.50065641378949,0.9999996486852
"1387",10.57681548,1.49999911187565,1.5000139738126,2.25061408419134,4.50065600582439,0.999999648682679
"1388",10.58444666,1.49999910846899,1.50001396309181,2.25061370823544,4.50065559770585,0.999999648680162
"1389",10.59207784,1.49999910504931,1.50001395234464,2.25061333219864,4.50065518942722,0.999999648677652
"1390",10.59970902,1.49999910161656,1.50001394157128,2.25061295609349,4.50065478100171,0.999999648675141
"1391",10.6073402,1.49999909817068,1.50001393077147,2.25061257991224,4.50065437242071,0.999999648672633
"1392",10.61497138,1.49999909471163,1.50001391994492,2.25061220364743,4.50065396367596,0.999999648670132
"1393",10.62260256,1.49999909123936,1.50001390909139,2.25061182729137,4.50065355475899,0.999999648667643
"1394",10.63023374,1.49999908775382,1.50001389821107,2.25061145085624,4.50065314568261,0.999999648665158
"1395",10.63786492,1.49999908425494,1.50001388730394,2.25061107434509,4.50065273644977,0.999999648662674
"1396",10.6454961,1.4999990807427,1.50001387636974,2.25061069775012,4.50065232705189,0.999999648660197
"1397",10.65312728,1.49999907721702,1.50001386540842,2.25061032107378,4.50065191749129,0.999999648657724
"1398",10.66075846,1.49999907367787,1.50001385441979,2.25060994431035,4.50065150776165,0.999999648655258
"1399",10.66838964,1.49999907012519,1.50001384340369,2.25060956745902,4.50065109786173,0.9999996486528
"1400",10.67602082,1.49999906655893,1.50001383236019,2.25060919052423,4.50065068779612,0.999999648650346
"1401",10.683652,1.49999906297903,1.50001382128945,2.2506088135166,4.50065027757597,0.99999964864789
"1402",10.69128318,1.49999905938545,1.50001381019054,2.25060843640321,4.50064986716557,0.99999964864545
"1403",10.69891436,1.49999905577813,1.50001379906408,2.25060805921122,4.50064945659388,0.999999648643011
"1404",10.70654554,1.49999905215702,1.50001378791003,2.25060768194361,4.5006490458638,0.999999648640571
"1405",10.71417672,1.49999904852207,1.50001377672758,2.25060730457108,4.5006486349436,0.999999648638146
"1406",10.7218079,1.49999904487322,1.50001376551742,2.25060692712502,4.50064822386677,0.999999648635718
"1407",10.72943908,1.49999904121042,1.50001375427885,2.2506065495811,4.50064781260682,0.999999648633299
"1408",10.73707026,1.49999903753362,1.500013743012,2.2506061719472,4.50064740117206,0.999999648630886
"1409",10.74470144,1.49999903384277,1.50001373171677,2.25060579422463,4.50064698956351,0.999999648628478
"1410",10.75233262,1.4999990301378,1.50001372039331,2.25060541642183,4.50064657779,0.999999648626068
"1411",10.7599638,1.49999902641867,1.50001370904097,2.2506050385171,4.50064616582793,0.99999964862367
"1412",10.76759498,1.49999902268533,1.50001369765979,2.25060466051527,4.50064575368227,0.999999648621279
"1413",10.77522616,1.49999901893771,1.50001368624999,2.25060428242884,4.50064534136612,0.999999648618889
"1414",10.78285734,1.49999901517576,1.50001367481115,2.25060390424519,4.50064492886564,0.999999648616507
"1415",10.79048852,1.49999901139943,1.50001366334324,2.25060352596665,4.50064451618304,0.99999964861413
"1416",10.7981197,1.49999900760867,1.50001365184629,2.25060314759834,4.5006441033236,0.999999648611755
"1417",10.80575088,1.49999900380341,1.50001364032022,2.25060276914072,4.50064369028745,0.999999648609383
"1418",10.81338206,1.49999899998361,1.50001362876439,2.25060239057172,4.50064327705065,0.999999648607024
"1419",10.82101324,1.49999899614921,1.5000136171795,2.25060201192197,4.5006428636459,0.999999648604661
"1420",10.82864442,1.49999899230014,1.50001360556483,2.25060163316921,4.50064245004881,0.999999648602307
"1421",10.8362756,1.49999898843637,1.50001359392039,2.25060125431626,4.50064203626221,0.999999648599959
"1422",10.84390678,1.49999898455782,1.50001358224612,2.2506008753646,4.50064162228744,0.999999648597617
"1423",10.85153796,1.49999898066444,1.50001357054189,2.25060049631186,4.50064120812171,0.99999964859528
"1424",10.85916914,1.49999897675618,1.50001355880793,2.25060011717248,4.50064079378012,0.999999648592941
"1425",10.86680032,1.49999897283298,1.50001354704343,2.25059973791717,4.50064037923097,0.999999648590617
"1426",10.8744315,1.49999896889478,1.50001353524908,2.25059935857873,4.50063996450917,0.999999648588287
"1427",10.88206268,1.49999896494153,1.50001352342402,2.25059897912451,4.50063954957945,0.99999964858597
"1428",10.88969386,1.49999896097317,1.50001351156846,2.25059859956876,4.50063913445671,0.999999648583657
"1429",10.89732504,1.49999895698963,1.50001349968254,2.2505982199205,4.50063871915037,0.999999648581344
"1430",10.90495622,1.49999895299086,1.50001348776586,2.25059784016684,4.50063830364635,0.999999648579037
"1431",10.9125874,1.49999894897681,1.50001347581816,2.25059746030231,4.50063788793839,0.999999648576738
"1432",10.92021858,1.49999894494741,1.5000134638396,2.25059708033642,4.5006374720365,0.999999648574442
"1433",10.92784976,1.49999894090261,1.50001345182983,2.25059670025997,4.50063705593041,0.999999648572154
"1434",10.93548094,1.49999893684235,1.50001343978926,2.25059632009353,4.50063663964194,0.999999648569862
"1435",10.94311212,1.49999893276656,1.50001342771697,2.25059593980285,4.50063622313406,0.999999648567584
"1436",10.9507433,1.4999989286752,1.50001341561343,2.25059555941208,4.50063580643235,0.999999648565307
"1437",10.95837448,1.49999892456819,1.50001340347838,2.25059517891532,4.50063538953011,0.999999648563034
"1438",10.96600566,1.49999892044548,1.50001339131156,2.25059479830543,4.50063497241945,0.999999648560768
"1439",10.97363684,1.49999891630701,1.50001337911304,2.25059441758858,4.50063455510671,0.999999648558505
"1440",10.98126802,1.49999891215272,1.5000133668828,2.25059403677007,4.50063413759715,0.999999648556242
"1441",10.9888992,1.49999890798255,1.50001335462015,2.25059365582406,4.50063371986287,0.999999648553993
"1442",10.99653038,1.49999890379644,1.50001334232564,2.25059327477836,4.50063330193331,0.999999648551743
"1443",11.00416156,1.49999889959433,1.50001332999887,2.25059289362105,4.50063288379536,0.999999648549496
"1444",11.01179274,1.49999889537615,1.50001331763932,2.25059251233441,4.50063246542973,0.999999648547264
"1445",11.01942392,1.49999889114184,1.50001330524769,2.25059213095158,4.5006320468717,0.999999648545026
"1446",11.0270551,1.49999888689135,1.50001329282323,2.25059174944621,4.5006316280926,0.999999648542798
"1447",11.03468628,1.49999888262461,1.50001328036615,2.25059136783211,4.50063120910694,0.999999648540571
"1448",11.04231746,1.49999887834155,1.50001326787612,2.25059098609838,4.50063078990277,0.999999648538351
"1449",11.04994864,1.49999887404213,1.50001325535308,2.25059060424756,4.5006303704825,0.999999648536135
"1450",11.05757982,1.49999886972626,1.50001324279705,2.25059022228643,4.50062995085297,0.999999648533921
"1451",11.065211,1.4999988653939,1.50001323020774,2.25058984020534,4.50062953100361,0.999999648531712
"1452",11.07284218,1.49999886104498,1.500013217585,2.25058945800385,4.50062911093356,0.999999648529509
"1453",11.08047336,1.49999885667943,1.5000132049286,2.25058907567659,4.50062869063675,0.999999648527314
"1454",11.08810454,1.49999885229719,1.50001319223882,2.25058869323896,4.50062827012946,0.999999648525118
"1455",11.09573572,1.4999988478982,1.50001317951501,2.25058831066974,4.50062784938848,0.999999648522932
"1456",11.1033669,1.4999988434824,1.50001316675757,2.25058792798928,4.50062742843537,0.999999648520746
"1457",11.11099808,1.49999883904971,1.5000131539663,2.25058754519353,4.50062700726545,0.99999964851856
"1458",11.11862926,1.49999883460007,1.50001314114066,2.25058716226543,4.50062658586009,0.999999648516384
"1459",11.12626044,1.49999883013343,1.50001312828061,2.25058677920898,4.50062616422317,0.999999648514215
"1460",11.13389162,1.49999882564971,1.50001311538626,2.25058639603098,4.50062574236177,0.999999648512048
"1461",11.1415228,1.49999882114885,1.50001310245743,2.25058601272909,4.50062532027304,0.999999648509886
"1462",11.14915398,1.49999881663078,1.50001308949395,2.25058562930211,4.50062489795529,0.999999648507727
"1463",11.15678516,1.49999881209545,1.50001307649553,2.2505852457433,4.50062447540089,0.999999648505576
"1464",11.16441634,1.49999880754277,1.50001306346261,2.25058486207313,4.50062405263161,0.99999964850342
"1465",11.17204752,1.49999880297269,1.50001305039437,2.2505844782639,4.50062362961733,0.999999648501275
"1466",11.1796787,1.49999879838514,1.50001303729092,2.25058409432425,4.50062320636698,0.999999648499135
"1467",11.18730988,1.49999879378005,1.50001302415214,2.25058371025538,4.50062278288144,0.999999648496999
"1468",11.19494106,1.49999878915735,1.50001301097801,2.25058332605876,4.50062235916206,0.999999648494866
"1469",11.20257224,1.49999878451699,1.5000129977681,2.25058294172381,4.50062193519707,0.999999648492741
"1470",11.21020342,1.49999877985888,1.50001298452244,2.2505825572557,4.50062151099162,0.999999648490622
"1471",11.2178346,1.49999877518297,1.50001297124146,2.25058217267478,4.50062108656741,0.999999648488494
"1472",11.22546578,1.49999877048918,1.5000129579241,2.25058178794527,4.50062066188548,0.99999964848638
"1473",11.23309696,1.49999876577745,1.50001294457081,2.2505814030896,4.5006202369696,0.999999648484266
"1474",11.24072814,1.49999876104771,1.50001293118105,2.25058101808923,4.5006198117996,0.999999648482161
"1475",11.24835932,1.49999875629988,1.50001291775502,2.25058063295929,4.50061938639122,0.999999648480057
"1476",11.2559905,1.49999875153391,1.50001290429244,2.25058024769132,4.50061896073515,0.999999648477958
"1477",11.26362168,1.49999874674971,1.50001289079304,2.25057986228024,4.50061853482552,0.999999648475866
"1478",11.27125286,1.49999874194723,1.50001287725669,2.25057947672521,4.5006181086611,0.999999648473782
"1479",11.27888404,1.49999873712638,1.50001286368385,2.25057909104901,4.50061768226604,0.999999648471692
"1480",11.28651522,1.49999873228711,1.50001285007372,2.25057870522504,4.50061725561132,0.99999964846961
"1481",11.2941464,1.49999872742934,1.5000128364264,2.25057831926192,4.50061682870588,0.999999648467532
"1482",11.30177758,1.499998722553,1.50001282274162,2.25057793315378,4.50061640154306,0.99999964846546
"1483",11.30940876,1.49999871765801,1.50001280901921,2.25057754689855,4.50061597412025,0.999999648463395
"1484",11.31703994,1.49999871274431,1.50001279525961,2.25057716051887,4.50061554646141,0.999999648461323
"1485",11.32467112,1.49999870781183,1.50001278146163,2.25057677397148,4.50061511851972,0.999999648459269
"1486",11.3323023,1.49999870286049,1.50001276762601,2.25057638729182,4.50061469033288,0.999999648457212
"1487",11.33993348,1.49999869789022,1.50001275375231,2.25057600046571,4.50061426188529,0.999999648455159
"1488",11.34756466,1.49999869290096,1.5000127398403,2.25057561349031,4.50061383317353,0.999999648453112
"1489",11.35519584,1.49999868789262,1.50001272588996,2.25057522636887,4.50061340420071,0.999999648451068
"1490",11.36282702,1.49999868286513,1.50001271190128,2.25057483910604,4.50061297497147,0.999999648449025
"1491",11.3704582,1.49999867781842,1.50001269787361,2.25057445168125,4.50061254546332,0.999999648446993
"1492",11.37808938,1.49999867275242,1.50001268380749,2.25057406412102,4.50061211570437,0.999999648444957
"1493",11.38572056,1.49999866766706,1.50001266970219,2.25057367640141,4.50061168566851,0.999999648442929
"1494",11.39335174,1.49999866256225,1.50001265555785,2.25057328853272,4.50061125536644,0.999999648440905
"1495",11.40098292,1.49999865743793,1.50001264137418,2.25057290050783,4.50061082479018,0.999999648438886
"1496",11.4086141,1.49999865229402,1.5000126271511,2.2505725123295,4.50061039394226,0.999999648436872
"1497",11.41624528,1.49999864713044,1.50001261288862,2.25057212400182,4.50060996282677,0.999999648434859
"1498",11.42387646,1.49999864194713,1.50001259858636,2.25057173551725,4.50060953143504,0.999999648432851
"1499",11.43150764,1.499998636744,1.50001258424433,2.25057134687948,4.50060909977084,0.999999648430845
"1500",11.43913882,1.49999863152097,1.50001256986219,2.25057095808041,4.50060866782497,0.999999648428846
"1501",11.44677,1.49999862627799,1.50001255543988,2.25057056912248,4.50060823559976,0.999999648426852
"1502",11.45440118,1.49999862101495,1.50001254097752,2.25057018001649,4.50060780310634,0.999999648424855
"1503",11.46203236,1.4999986157318,1.50001252647429,2.25056979073463,4.50060737031442,0.999999648422872
"1504",11.46966354,1.49999861042845,1.50001251193073,2.25056940130302,4.50060693725176,0.999999648420887
"1505",11.47729472,1.49999860510483,1.50001249734626,2.25056901170474,4.50060650389969,0.999999648418908
"1506",11.4849259,1.49999859976086,1.50001248272106,2.25056862195106,4.50060607027006,0.99999964841693
"1507",11.49255708,1.49999859439646,1.50001246805478,2.25056823203462,4.50060563635442,0.999999648414955
"1508",11.50018826,1.49999858901155,1.50001245334715,2.25056784194888,4.5006052021454,0.999999648412988
"1509",11.50781944,1.49999858360605,1.50001243859809,2.25056745169732,4.5006047676463,0.999999648411025
"1510",11.51545062,1.49999857817989,1.50001242380761,2.25056706128362,4.50060433286079,0.999999648409063
"1511",11.5230818,1.49999857273299,1.50001240897537,2.25056667070178,4.50060389778187,0.999999648407107
"1512",11.53071298,1.49999856726526,1.50001239410134,2.25056627995413,4.50060346241178,0.999999648405153
"1513",11.53834416,1.49999856177663,1.50001237918534,2.25056588903996,4.50060302674922,0.999999648403201
"1514",11.54597534,1.49999855626702,1.50001236422707,2.25056549795258,4.50060259078667,0.999999648401256
"1515",11.55360652,1.49999855073634,1.50001234922651,2.25056510669631,4.50060215452833,0.999999648399314
"1516",11.5612377,1.49999854518453,1.50001233418333,2.25056471526318,4.50060171796529,0.999999648397379
"1517",11.56886888,1.49999853961149,1.50001231909765,2.25056432366464,4.50060128110933,0.999999648395443
"1518",11.57650006,1.49999853401714,1.50001230396912,2.25056393189181,4.50060084395057,0.999999648393512
"1519",11.58413124,1.49999852840141,1.50001228879749,2.25056353993908,4.50060040648256,0.999999648391588
"1520",11.59176242,1.49999852276421,1.50001227358267,2.25056314781013,4.5005999687088,0.999999648389668
"1521",11.5993936,1.49999851710546,1.50001225832489,2.25056275551808,4.50059953064301,0.999999648387745
"1522",11.60702478,1.49999851142507,1.50001224302333,2.25056236303744,4.50059909225733,0.999999648385832
"1523",11.61465596,1.49999850572298,1.50001222767818,2.25056197037996,4.50059865356402,0.999999648383922
"1524",11.62228714,1.49999849999908,1.50001221228933,2.25056157754768,4.50059821456482,0.999999648382014
"1525",11.62991832,1.4999984942533,1.50001219685658,2.25056118453793,4.50059777525644,0.999999648380107
"1526",11.6375495,1.49999848848556,1.50001218137951,2.25056079133983,4.50059733562674,0.999999648378209
"1527",11.64518068,1.49999848269576,1.50001216585844,2.25056039797177,4.50059689569511,0.999999648376308
"1528",11.65281186,1.49999847688384,1.50001215029266,2.25056000441136,4.50059645543696,0.999999648374415
"1529",11.66044304,1.49999847104969,1.50001213468218,2.25055961066414,4.50059601485794,0.999999648372528
"1530",11.66807422,1.49999846519324,1.5000121190269,2.25055921673268,4.50059557396024,0.999999648370645
"1531",11.6757054,1.49999845931441,1.50001210332687,2.25055882262394,4.50059513275103,0.99999964836876
"1532",11.68333658,1.4999984534131,1.50001208758158,2.25055842832449,4.50059469121535,0.999999648366881
"1533",11.69096776,1.49999844748923,1.50001207179077,2.25055803382841,4.50059424934644,0.999999648365011
"1534",11.69859894,1.49999844154271,1.50001205595496,2.25055763916324,4.50059380717347,0.999999648363132
"1535",11.70623012,1.49999843557346,1.50001204007304,2.25055724429035,4.50059336465443,0.999999648361268
"1536",11.7138613,1.49999842958139,1.50001202414525,2.2505568492263,4.50059292180664,0.999999648359408
"1537",11.72149248,1.49999842356642,1.50001200817186,2.25055645398474,4.50059247864451,0.999999648357543
"1538",11.72912366,1.49999841752845,1.50001199215197,2.25055605853816,4.50059203513787,0.999999648355688
"1539",11.73675484,1.49999841146739,1.50001197608591,2.25055566290588,4.50059159130704,0.999999648353832
"1540",11.74438602,1.49999840538317,1.50001195997307,2.25055526706869,4.50059114713093,0.999999648351986
"1541",11.7520172,1.49999839927569,1.5000119438137,2.25055487104178,4.50059070262552,0.99999964835014
"1542",11.75964838,1.49999839314486,1.5000119276076,2.25055447482478,4.50059025778984,0.999999648348293
"1543",11.76727956,1.49999838699059,1.50001191135386,2.25055407838718,4.50058981259063,0.999999648346463
"1544",11.77491074,1.4999983808128,1.5000118950533,2.25055368176725,4.50058936706864,0.999999648344626
"1545",11.78254192,1.49999837461138,1.50001187870537,2.25055328494927,4.50058892120649,0.999999648342792
"1546",11.7901731,1.49999836838626,1.50001186230973,2.25055288792522,4.50058847499513,0.999999648340964
"1547",11.79780428,1.49999836213735,1.5000118458664,2.25055249070333,4.50058802844286,0.999999648339136
"1548",11.80543546,1.49999835586454,1.50001182937522,2.25055209328216,4.50058758154776,0.99999964833731
"1549",11.81306664,1.49999834956776,1.50001181283543,2.25055169563947,4.50058713428531,0.999999648335498
"1550",11.82069782,1.4999983432469,1.5000117962475,2.25055129779725,4.50058668667889,0.999999648333686
"1551",11.828329,1.49999833690188,1.50001177961128,2.25055089975806,4.50058623873066,0.999999648331871
"1552",11.83596018,1.4999983305326,1.50001176292612,2.25055050150146,4.5005857904182,0.999999648330065
"1553",11.84359136,1.49999832413898,1.50001174619245,2.25055010305095,4.50058534176626,0.999999648328254
"1554",11.85122254,1.49999831772091,1.50001172940909,2.25054970436636,4.50058489273121,0.999999648326461
"1555",11.85885372,1.49999831127831,1.50001171257696,2.25054930548986,4.50058444335791,0.99999964832466
"1556",11.8664849,1.49999830481108,1.50001169569509,2.25054890638967,4.50058399361171,0.99999964832287
"1557",11.87411608,1.49999829831912,1.50001167876384,2.25054850708619,4.50058354351409,0.999999648321077
"1558",11.88174726,1.49999829180235,1.50001166178267,2.25054810756424,4.50058309304824,0.99999964831929
"1559",11.88937844,1.49999828526066,1.50001164475136,2.25054770782188,4.50058264221155,0.999999648317509
"1560",11.89700962,1.49999827869397,1.50001162767006,2.25054730787193,4.50058219101733,0.999999648315726
"1561",11.9046408,1.49999827210217,1.50001161053823,2.25054690769796,4.50058173944747,0.999999648313951
"1562",11.91227198,1.49999826548517,1.50001159335594,2.25054650731059,4.50058128751281,0.999999648312176
"1563",11.91990316,1.49999825884288,1.50001157612276,2.25054610669836,4.50058083520065,0.999999648310407
"1564",11.92753434,1.49999825217519,1.5000115588387,2.25054570586859,4.5005803825183,0.999999648308639
"1565",11.93516552,1.49999824548202,1.50001154150344,2.25054530481506,4.50057992945859,0.999999648306876
"1566",11.9427967,1.49999823876326,1.50001152411667,2.25054490353258,4.50057947601539,0.99999964830512
"1567",11.95042788,1.49999823201881,1.50001150667855,2.25054450203264,4.50057902220068,0.999999648303362
"1568",11.95805906,1.49999822524858,1.50001148918869,2.25054410030786,4.50057856800593,0.999999648301608
"1569",11.96569024,1.49999821845247,1.50001147164695,2.25054369835882,4.50057811343127,0.999999648299855
"1570",11.97332142,1.49999821163038,1.50001145405264,2.25054329616465,4.50057765845378,0.999999648298116
"1571",11.9809526,1.4999982047822,1.50001143640654,2.25054289376238,4.50057720311279,0.999999648296368
"1572",11.98858378,1.49999819790785,1.50001141870774,2.25054249112436,4.50057674737797,0.999999648294626
"1573",11.99621496,1.49999819100722,1.50001140095628,2.25054208825768,4.50057629125651,0.999999648292886
"1574",12.00384614,1.49999818408021,1.50001138315163,2.25054168514817,4.50057583473265,0.999999648291156
"1575",12.01147732,1.49999817712672,1.50001136529394,2.25054128180902,4.50057537782001,0.999999648289426
"1576",12.0191085,1.49999817014664,1.50001134738287,2.25054087823304,4.50057492051042,0.9999996482877
"1577",12.02673968,1.49999816313988,1.50001132941852,2.25054047443102,4.50057446281494,0.999999648285972
"1578",12.03437086,1.49999815610634,1.50001131140016,2.25054007038162,4.50057400471004,0.999999648284253
"1579",12.04200204,1.4999981490459,1.50001129332786,2.25053966609346,4.50057354620459,0.999999648282537
"1580",12.04963322,1.49999814195848,1.5000112752016,2.25053926157403,4.50057308730596,0.99999964828082
"1581",12.0572644,1.49999813484396,1.50001125702079,2.25053885680566,4.50057262799476,0.99999964827911
"1582",12.06489558,1.49999812770225,1.50001123878536,2.25053845179294,4.50057216827532,0.999999648277405
"1583",12.07252676,1.49999812053323,1.50001122049538,2.25053804654541,4.50057170815745,0.999999648275698
"1584",12.08015794,1.4999981133368,1.50001120215025,2.25053764104734,4.50057124762359,0.999999648273998
"1585",12.08778912,1.49999810611287,1.50001118374994,2.25053723530316,4.50057078667804,0.999999648272301
"1586",12.0954203,1.49999809886132,1.5000111652944,2.25053682931905,4.50057032532692,0.999999648270602
"1587",12.10305148,1.49999809158205,1.50001114678309,2.25053642307993,4.50056986355346,0.999999648268911
"1588",12.11068266,1.49999808427495,1.5000111282159,2.25053601658951,4.50056940136105,0.999999648267225
"1589",12.11831384,1.49999807693991,1.50001110959259,2.25053560984498,4.50056893874618,0.999999648265543
"1590",12.12594502,1.49999806957684,1.50001109091347,2.25053520286528,4.50056847572871,0.999999648263854
"1591",12.1335762,1.49999806218561,1.50001107217758,2.25053479561954,4.50056801227486,0.999999648262176
"1592",12.14120738,1.49999805476614,1.50001105338516,2.25053438812518,4.50056754840283,0.999999648260497
"1593",12.14883856,1.49999804731829,1.50001103453571,2.25053398037031,4.5005670840992,0.999999648258825
"1594",12.15646974,1.49999803984198,1.50001101562919,2.25053357235912,4.50056661936802,0.999999648257154
"1595",12.16410092,1.49999803233708,1.50001099666535,2.25053316409036,4.50056615420732,0.999999648255487
"1596",12.1717321,1.4999980248035,1.50001097764392,2.25053275555969,4.50056568861195,0.999999648253824
"1597",12.17936328,1.49999801724111,1.50001095856467,2.25053234676561,4.50056522257972,0.999999648252165
"1598",12.18699446,1.49999800964982,1.50001093942769,2.2505319377193,4.50056475612203,0.999999648250503
"1599",12.19462564,1.4999980020295,1.50001092023233,2.25053152840263,4.50056428921888,0.999999648248849
"1600",12.20225682,1.49999799438006,1.50001090097834,2.25053111881212,4.50056382186596,0.999999648247203
"1601",12.209888,1.49999798670137,1.50001088166602,2.25053070896881,4.50056335408529,0.999999648245552
"1602",12.21751918,1.49999797899332,1.5000108622948,2.25053029885619,4.50056288585858,0.999999648243904
"1603",12.22515036,1.49999797125581,1.50001084286439,2.25052988847141,4.50056241718215,0.999999648242262
"1604",12.23278154,1.49999796348872,1.50001082337461,2.25052947781375,4.50056194805473,0.999999648240625
"1605",12.24041272,1.49999795569194,1.50001080382534,2.25052906688666,4.5005614784794,0.999999648238989
"1606",12.2480439,1.49999794786535,1.50001078421643,2.25052865569214,4.50056100845774,0.999999648237353
"1607",12.25567508,1.49999794000884,1.5000107645475,2.25052824422193,4.5005605379803,0.99999964823572
"1608",12.26330626,1.4999979321223,1.50001074481817,2.25052783247022,4.50056006704018,0.999999648234095
"1609",12.27093744,1.4999979242056,1.50001072502839,2.2505274204417,4.50055959564191,0.999999648232472
"1610",12.27856862,1.49999791625865,1.50001070517806,2.25052700813948,4.50055912378828,0.999999648230849
"1611",12.2861998,1.49999790828131,1.50001068526667,2.25052659555204,4.50055865146621,0.999999648229233
"1612",12.29383098,1.49999790027348,1.50001066529431,2.2505261826915,4.50055817868819,0.999999648227615
"1613",12.30146216,1.49999789223503,1.50001064526048,2.25052576954426,4.50055770543901,0.999999648226002
"1614",12.30909334,1.49999788416586,1.50001062516508,2.25052535611522,4.50055723172334,0.999999648224391
"1615",12.31672452,1.49999787606583,1.50001060500785,2.25052494240212,4.50055675753814,0.999999648222783
"1616",12.3243557,1.49999786793485,1.50001058478838,2.25052452839593,4.50055628287312,0.999999648221181
"1617",12.33198688,1.49999785977277,1.50001056450652,2.25052411409879,4.50055580772996,0.999999648219584
"1618",12.33961806,1.4999978515795,1.50001054416231,2.2505236995209,4.500555332119,0.999999648217985
"1619",12.34724924,1.4999978433549,1.50001052375537,2.25052328465463,4.5005548560315,0.999999648216387
"1620",12.35488042,1.49999783509887,1.50001050328532,2.25052286949357,4.50055437945986,0.999999648214793
"1621",12.3625116,1.49999782681127,1.50001048275188,2.25052245403413,4.50055390239965,0.999999648213206
"1622",12.37014278,1.49999781849199,1.50001046215486,2.25052203827693,4.50055342485098,0.999999648211623
"1623",12.37777396,1.4999978101409,1.50001044149421,2.25052162222886,4.50055294682053,0.999999648210039
"1624",12.38540514,1.49999780175789,1.50001042076963,2.2505212058847,4.50055246830216,0.999999648208457
"1625",12.39303632,1.49999779334284,1.50001039998088,2.25052078924442,4.50055198929521,0.999999648206876
"1626",12.4006675,1.49999778489561,1.50001037912747,2.25052037229695,4.50055150978708,0.999999648205302
"1627",12.40829868,1.49999777641609,1.50001035820906,2.25051995503764,4.50055102977211,0.999999648203737
"1628",12.41592986,1.49999776790416,1.5000103372262,2.2505195374937,4.50055054927915,0.999999648202162
"1629",12.42356104,1.49999775935968,1.50001031617785,2.2505191196357,4.50055006827569,0.999999648200596
"1630",12.43119222,1.49999775078254,1.50001029506409,2.25051870147303,4.5005495867713,0.999999648199031
"1631",12.4388234,1.49999774217261,1.5000102738845,2.2505182829978,4.50054910475684,0.999999648197473
"1632",12.44645458,1.49999773352977,1.50001025263904,2.25051786421752,4.50054862223977,0.999999648195914
"1633",12.45408576,1.49999772485389,1.50001023132721,2.25051744512046,4.50054813920677,0.999999648194361
"1634",12.46171694,1.49999771614484,1.50001020994895,2.25051702571315,4.50054765566423,0.99999964819281
"1635",12.46934812,1.4999977074025,1.50001018850411,2.2505166059967,4.50054717161282,0.999999648191258
"1636",12.4769793,1.49999769862673,1.5000101669922,2.25051618596247,4.50054668704242,0.999999648189711
"1637",12.48461048,1.49999768981742,1.50001014541297,2.25051576560805,4.5005462019499,0.999999648188168
"1638",12.49224166,1.49999768097443,1.50001012376638,2.25051534493923,4.50054571634084,0.999999648186625
"1639",12.49987284,1.49999767209764,1.50001010205202,2.25051492395047,4.50054523020857,0.999999648185085
"1640",12.50750402,1.49999766318691,1.50001008026953,2.25051450263553,4.50054474354572,0.999999648183551
"1641",12.5151352,1.49999765424211,1.50001005841876,2.25051408099753,4.500544256355,0.999999648182019
"1642",12.52276638,1.49999764526313,1.50001003649938,2.2505136590313,4.50054376863018,0.999999648180493
"1643",12.53039756,1.49999763624981,1.50001001451139,2.25051323674533,4.50054328037979,0.999999648178965
"1644",12.53802874,1.49999762720204,1.50000999245438,2.25051281413378,4.50054279159677,0.999999648177438
"1645",12.54565992,1.49999761811968,1.50000997032796,2.25051239118836,4.50054230227163,0.999999648175916
"1646",12.5532911,1.49999760900261,1.50000994813189,2.25051196790949,4.50054181240413,0.999999648174399
"1647",12.56092228,1.49999759985067,1.50000992586614,2.250511544305,4.50054132200195,0.999999648172881
"1648",12.56855346,1.49999759066375,1.5000099035303,2.25051112036675,4.50054083105573,0.999999648171364
"1649",12.57618464,1.49999758144172,1.50000988112392,2.25051069608673,4.50054033955614,0.999999648169855
"1650",12.58381582,1.49999757218442,1.50000985864693,2.25051027147095,4.50053984750894,0.999999648168347
"1651",12.591447,1.49999756289174,1.50000983609908,2.25050984651839,4.50053935491238,0.99999964816684
"1652",12.59907818,1.49999755356353,1.50000981347988,2.25050942121939,4.50053886175532,0.99999964816534
"1653",12.60670936,1.49999754419966,1.50000979078941,2.2505089955854,4.50053836804949,0.999999648163838
"1654",12.61434054,1.4999975348,1.50000976802722,2.25050856960788,4.50053787378496,0.999999648162338
"1655",12.62197172,1.4999975253644,1.50000974519292,2.25050814328075,4.50053737895447,0.999999648160844
"1656",12.6296029,1.49999751589273,1.50000972228631,2.25050771660542,4.50053688355886,0.999999648159353
"1657",12.63723408,1.49999750638486,1.50000969930716,2.25050728958321,4.50053638759878,0.999999648157864
"1658",12.64486526,1.49999749684063,1.50000967625536,2.25050686221661,4.50053589107632,0.999999648156374
"1659",12.65249644,1.49999748725992,1.50000965313029,2.25050643449158,4.50053539397563,0.99999964815489
"1660",12.66012762,1.49999747764258,1.50000962993188,2.25050600641578,4.50053489630417,0.999999648153408
"1661",12.6677588,1.49999746798848,1.50000960665972,2.25050557798091,4.50053439805237,0.99999964815193
"1662",12.67538998,1.49999745829747,1.50000958331372,2.25050514919316,4.50053389922616,0.999999648150453
"1663",12.68302116,1.49999744856942,1.50000955989347,2.25050472004626,4.50053339981805,0.999999648148978
"1664",12.69065234,1.49999743880417,1.50000953639861,2.25050429053532,4.50053289982208,0.999999648147509
"1665",12.69828352,1.4999974290016,1.50000951282923,2.25050386067286,4.50053239925103,0.999999648146035
"1666",12.7059147,1.49999741916155,1.5000094891843,2.25050343042893,4.50053189807187,0.999999648144576
"1667",12.71354588,1.49999740928388,1.50000946546449,2.25050299983832,4.50053139632138,0.999999648143107
"1668",12.72117706,1.49999739936845,1.50000944166882,2.25050256887232,4.50053089396794,0.999999648141646
"1669",12.72880824,1.49999738941512,1.50000941779704,2.25050213753208,4.50053039101191,0.999999648140191
"1670",12.73643942,1.49999737942374,1.50000939384917,2.25050170582628,4.50052988746205,0.999999648138736
"1671",12.7440706,1.49999736939416,1.50000936982501,2.25050127375678,4.50052938331961,0.999999648137278
"1672",12.75170178,1.49999735932624,1.50000934572386,2.25050084130694,4.50052887856587,0.999999648135826
"1673",12.75933296,1.49999734921983,1.50000932154533,2.25050040847126,4.50052837319414,0.999999648134384
"1674",12.76696414,1.49999733907479,1.50000929728953,2.2504999752627,4.50052786721773,0.999999648132942
"1675",12.77459532,1.49999732889096,1.50000927295648,2.25049954169212,4.50052736064754,0.99999964813149
"1676",12.7822265,1.4999973186682,1.5000092485449,2.25049910772048,4.50052685344072,0.999999648130055
"1677",12.78985768,1.49999730840636,1.50000922405524,2.25049867337316,4.50052634562395,0.999999648128617
"1678",12.79748886,1.4999972981053,1.50000919948706,2.25049823864459,4.50052583719041,0.99999964812718
"1679",12.80512004,1.49999728776485,1.50000917483996,2.25049780352833,4.50052532813238,0.999999648125746
"1680",12.81275122,1.49999727738487,1.50000915011374,2.25049736802674,4.50052481845167,0.999999648124313
"1681",12.8203824,1.49999726696522,1.50000912530769,2.25049693212274,4.50052430812909,0.999999648122891
"1682",12.82801358,1.49999725650572,1.5000091004222,2.25049649583992,4.50052379718935,0.999999648121463
"1683",12.83564476,1.49999724600625,1.50000907545671,2.25049605916709,4.50052328561959,0.999999648120035
"1684",12.84327594,1.49999723546663,1.5000090504105,2.25049562208728,4.50052277340069,0.999999648118618
"1685",12.85090712,1.49999722488673,1.50000902528366,2.25049518461338,4.50052226054581,0.999999648117201
"1686",12.8585383,1.49999721426638,1.50000900007575,2.25049474673827,4.50052174704651,0.999999648115788
"1687",12.86616948,1.49999720360543,1.50000897478684,2.25049430847554,4.50052123291661,0.999999648114368
"1688",12.87380066,1.49999719290372,1.50000894941599,2.25049386979759,4.50052071812565,0.99999964811296
"1689",12.88143184,1.49999718216111,1.50000892396328,2.25049343071893,4.50052020268839,0.999999648111552
"1690",12.88906302,1.49999717137742,1.50000889842833,2.25049299123507,4.50051968659924,0.999999648110145
"1691",12.8966942,1.49999716055251,1.50000887281084,2.2504925513434,4.50051916985464,0.999999648108741
"1692",12.90432538,1.49999714968622,1.50000884711044,2.25049211104145,4.50051865245105,0.999999648107339
"1693",12.91195656,1.49999713877839,1.50000882132671,2.25049167032242,4.50051813438038,0.999999648105944
"1694",12.91958774,1.49999712782886,1.50000879545948,2.25049122919035,4.50051761564615,0.99999964810455
"1695",12.92721892,1.49999711683748,1.50000876950862,2.2504907876507,4.50051709625347,0.999999648103153
"1696",12.9348501,1.49999710580407,1.50000874347355,2.25049034569206,4.50051657618915,0.99999964810176
"1697",12.94248128,1.49999709472848,1.50000871735409,2.25048990331612,4.50051605545438,0.999999648100367
"1698",12.95011246,1.49999708361056,1.50000869114953,2.25048946050785,4.50051553403198,0.999999648098985
"1699",12.95774364,1.49999707245013,1.50000866485985,2.25048901727663,4.50051501193127,0.999999648097604
"1700",12.96537482,1.49999706124704,1.50000863848497,2.25048857362932,4.50051448915885,0.99999964809622
"1701",12.973006,1.49999705000112,1.50000861202429,2.25048812955414,4.50051396570118,0.999999648094839
"1702",12.98063718,1.4999970387122,1.50000858547735,2.25048768504383,4.5005134415496,0.999999648093464
"1703",12.98826836,1.49999702738014,1.50000855884413,2.25048724010799,4.50051291671364,0.999999648092087
"1704",12.99589954,1.49999701600475,1.50000853212418,2.25048679473984,4.50051239118519,0.999999648090713
"1705",13.00353072,1.49999700458587,1.50000850531692,2.25048634892864,4.50051186495175,0.999999648089346
"1706",13.0111619,1.49999699312335,1.50000847842244,2.2504859026875,4.5005113380267,0.999999648087978
"1707",13.01879308,1.499996981617,1.50000845144014,2.2504854560058,4.50051081039764,0.999999648086612
"1708",13.02642426,1.49999697006667,1.50000842436975,2.25048500888269,4.50051028206292,0.999999648085249
"1709",13.03405544,1.49999695847218,1.50000839721111,2.25048456132344,4.50050975302729,0.999999648083884
"1710",13.04168662,1.49999694683336,1.50000836996334,2.25048411330524,4.50050922326532,0.999999648082531
"1711",13.0493178,1.49999693515006,1.5000083426267,2.25048366484833,4.50050869279802,0.999999648081175
"1712",13.05694898,1.49999692342209,1.50000831520062,2.25048321594262,4.50050816161361,0.99999964807982
"1713",13.06458016,1.49999691164928,1.50000828768481,2.25048276658869,4.50050762971181,0.999999648078467
"1714",13.07221134,1.49999689983147,1.50000826007865,2.2504823167728,4.500507097077,0.999999648077121
"1715",13.07984252,1.49999688796849,1.50000823238231,2.25048186651184,4.50050656372653,0.999999648075771
"1716",13.0874737,1.49999687606015,1.50000820459488,2.25048141578475,4.50050602963669,0.99999964807443
"1717",13.09510488,1.49999686410629,1.50000817671636,2.25048096460031,4.50050549481625,0.999999648073089
"1718",13.10273606,1.49999685210673,1.50000814874662,2.25048051296518,4.50050495927145,0.999999648071744
"1719",13.11036724,1.4999968400613,1.5000081206846,2.25048006085097,4.50050442297071,0.999999648070411
"1720",13.11799842,1.49999682796982,1.50000809253061,2.25047960827991,4.50050388593722,0.999999648069075
"1721",13.1256296,1.49999681583211,1.5000080642842,2.25047915524649,4.50050334816413,0.999999648067738
"1722",13.13326078,1.49999680364801,1.50000803594464,2.25047870173472,4.50050280963321,0.999999648066409
"1723",13.14089196,1.49999679141733,1.50000800751197,2.25047824775646,4.50050227035649,0.999999648065079
"1724",13.14852314,1.49999677913989,1.50000797898566,2.2504777933043,4.50050173032495,0.999999648063751
"1725",13.15615432,1.49999676681552,1.50000795036527,2.25047733837214,4.50050118953117,0.999999648062428
"1726",13.1637855,1.49999675444403,1.50000792165056,2.25047688296223,4.50050064797667,0.999999648061107
"1727",13.17141668,1.49999674202525,1.50000789284131,2.25047642707785,4.50050010566406,0.999999648059785
"1728",13.17904786,1.49999672955899,1.5000078639368,2.25047597070373,4.50049956257598,0.999999648058469
"1729",13.18667904,1.49999671704508,1.50000783493688,2.25047551384524,4.50049901871726,0.999999648057156
"1730",13.19431022,1.49999670448333,1.50000780584129,2.25047505650428,4.50049847408909,0.999999648055842
"1731",13.2019414,1.49999669187355,1.50000777664964,2.25047459867749,4.50049792868688,0.999999648054528
"1732",13.20957258,1.49999667921557,1.50000774736133,2.25047414035513,4.50049738249913,0.99999964805322
"1733",13.21720376,1.49999666650921,1.50000771797611,2.25047368153783,4.50049683552573,0.999999648051915
"1734",13.22483494,1.49999665375426,1.50000768849383,2.25047322223213,4.50049628777273,0.999999648050607
"1735",13.23246612,1.49999664095056,1.50000765891381,2.25047276242487,4.50049573922496,0.999999648049304
"1736",13.2400973,1.49999662809791,1.50000762923565,2.25047230211201,4.50049518987718,0.999999648048007
"1737",13.24772848,1.49999661519613,1.50000759945929,2.25047184130293,4.50049463973855,0.999999648046708
"1738",13.25535966,1.49999660224502,1.5000075695842,2.2504713799908,4.50049408880069,0.999999648045411
"1739",13.26299084,1.49999658924441,1.50000753960978,2.25047091816385,4.50049353705003,0.999999648044121
"1740",13.27062202,1.4999965761941,1.50000750953593,2.25047045583092,4.5004929844951,0.999999648042832
"1741",13.2782532,1.49999656309389,1.5000074793625,2.25046999299811,4.50049243114156,0.999999648041537
"1742",13.28588438,1.49999654994361,1.50000744908851,2.25046952964086,4.50049187696187,0.999999648040252
"1743",13.29351556,1.49999653674306,1.50000741871388,2.25046906576753,4.50049132196422,0.999999648038969
"1744",13.30114674,1.49999652349204,1.50000738823845,2.25046860138522,4.50049076615516,0.999999648037682
"1745",13.30877792,1.49999651019036,1.50000735766147,2.25046813647751,4.50049020951607,0.999999648036401
"1746",13.3164091,1.49999649683784,1.50000732698258,2.25046767104252,4.50048965204394,0.999999648035125
"1747",13.32404028,1.49999648343427,1.50000729620163,2.25046720508779,4.50048909374591,0.999999648033848
"1748",13.33167146,1.49999646997946,1.50000726531828,2.25046673861289,4.50048853462053,0.999999648032568
"1749",13.33930264,1.49999645647321,1.50000723433162,2.25046627159529,4.50048797464249,0.9999996480313
"1750",13.34693382,1.49999644291534,1.50000720324168,2.25046580404889,4.50048741382582,0.999999648030031
"1751",13.354565,1.49999642930563,1.50000717204812,2.25046533597349,4.50048685216929,0.999999648028761
"1752",13.36219618,1.4999964156439,1.50000714075029,2.25046486735696,4.50048628965881,0.999999648027497
"1753",13.36982736,1.49999640192993,1.50000710934776,2.25046439819679,4.50048572629062,0.999999648026237
"1754",13.37745854,1.49999638816355,1.50000707784049,2.25046392850181,4.50048516207338,0.999999648024976
"1755",13.38508972,1.49999637434453,1.50000704622804,2.25046345827034,4.50048459700412,0.999999648023711
"1756",13.3927209,1.49999636047269,1.50000701450963,2.25046298748406,4.50048403106216,0.999999648022454
"1757",13.40035208,1.49999634654782,1.50000698268503,2.25046251614851,4.50048346425236,0.9999996480212
"1758",13.40798326,1.49999633256971,1.50000695075401,2.25046204426711,4.50048289657745,0.999999648019945
"1759",13.41561444,1.49999631853817,1.50000691871593,2.25046157182899,4.50048232802465,0.999999648018694
"1760",13.42324562,1.49999630445299,1.50000688657055,2.25046109883776,4.50048175859683,0.999999648017444
"1761",13.4308768,1.49999629031397,1.50000685431724,2.25046062528287,4.50048118828157,0.999999648016199
"1762",13.43850798,1.49999627612089,1.50000682195576,2.25046015116818,4.50048061708201,0.999999648014955
"1763",13.44613916,1.49999626187355,1.50000678948586,2.25045967649719,4.50048004500086,0.999999648013709
"1764",13.45377034,1.49999624757175,1.50000675690679,2.25045920125554,4.50047947202156,0.999999648012469
"1765",13.46140152,1.49999623321528,1.50000672421829,2.25045872544646,4.50047889814656,0.99999964801123
"1766",13.4690327,1.49999621880392,1.50000669141999,2.25045824906796,4.5004783233727,0.999999648009993
"1767",13.47666388,1.49999620433747,1.50000665851151,2.25045777211978,4.50047774769863,0.999999648008755
"1768",13.48429506,1.49999618981572,1.50000662549217,2.25045729459088,4.50047717111127,0.999999648007523
"1769",13.49192624,1.49999617523845,1.50000659236166,2.25045681648188,4.50047659361033,0.999999648006294
"1770",13.49955742,1.49999616060546,1.50000655911973,2.25045633779644,4.50047601519865,0.999999648005064
"1771",13.5071886,1.49999614591653,1.50000652576594,2.25045585853149,4.50047543587191,0.999999648003834
"1772",13.51481978,1.49999613117144,1.50000649229949,2.25045537867112,4.50047485561173,0.999999648002612
"1773",13.52245096,1.49999611636999,1.50000645872044,2.25045489823153,4.50047427443456,0.999999648001387
"1774",13.53008214,1.49999610151195,1.50000642502795,2.25045441719368,4.50047369231883,0.999999648000168
"1775",13.53771332,1.49999608659711,1.50000639122194,2.25045393556847,4.50047310927513,0.999999647998948
"1776",13.5453445,1.49999607162526,1.50000635730156,2.25045345333897,4.50047252528405,0.999999647997735
"1777",13.55297568,1.49999605659617,1.50000632326696,2.25045297052229,4.50047194036316,0.999999647996516
"1778",13.56060686,1.49999604150963,1.50000628911727,2.25045248710118,4.50047135449255,0.999999647995301
"1779",13.56823804,1.49999602636541,1.50000625485199,2.25045200307042,4.50047076766551,0.999999647994093
"1780",13.57586922,1.4999960111633,1.50000622047098,2.25045151843851,4.50047017989014,0.999999647992883
"1781",13.5835004,1.49999599590307,1.50000618597378,2.25045103320215,4.50046959116176,0.999999647991671
"1782",13.59113158,1.49999598058451,1.50000615135948,2.25045054734188,4.50046900145816,0.99999964799047
"1783",13.59876276,1.49999596520739,1.50000611662817,2.25045006087383,4.50046841079575,0.999999647989267
"1784",13.60639394,1.49999594977148,1.50000608177917,2.25044957378756,4.50046781916206,0.999999647988066
"1785",13.61402512,1.49999593427656,1.50000604681216,2.25044908608505,4.5004672265581,0.999999647986864
"1786",13.6216563,1.49999591872241,1.50000601172666,2.25044859776205,4.50046663297818,0.999999647985664
"1787",13.62928748,1.4999959031088,1.50000597652206,2.25044810880993,4.50046603841182,0.999999647984468
"1788",13.63691866,1.4999958874355,1.50000594119788,2.25044761922611,4.50046544285504,0.999999647983277
"1789",13.64454984,1.49999587170228,1.5000059057539,2.250447129016,4.50046484631257,0.999999647982084
"1790",13.65218102,1.49999585590892,1.50000587018933,2.25044663816493,4.50046424876737,0.9999996479809
"1791",13.6598122,1.49999584005518,1.50000583450431,2.25044614669118,4.50046365023814,0.999999647979707
"1792",13.66744338,1.49999582414084,1.50000579869802,2.25044565458034,4.50046305070802,0.999999647978516
"1793",13.67507456,1.49999580816565,1.50000576276961,2.25044516181347,4.50046245015552,0.999999647977336
"1794",13.68270574,1.4999957921294,1.50000572671912,2.25044466840835,4.5004618485985,0.999999647976154
"1795",13.69033692,1.49999577603184,1.50000569054602,2.25044417435839,4.50046124602883,0.999999647974973
"1796",13.6979681,1.49999575987275,1.50000565424977,2.25044367965908,4.50046064244035,0.999999647973793
"1797",13.70559928,1.49999574365188,1.5000056178299,2.25044318430677,4.50046003782802,0.999999647972616
"1798",13.71323046,1.499995727369,1.50000558128574,2.25044268829317,4.50045943218156,0.999999647971444
"1799",13.72086164,1.49999571102388,1.50000554461747,2.25044219163648,4.50045882551962,0.999999647970263
"1800",13.72849282,1.49999569461627,1.50000550782367,2.25044169430209,4.50045821780343,0.999999647969096
"1801",13.736124,1.49999567814593,1.50000547090452,2.25044119630928,4.50045760905276,0.999999647967928
"1802",13.74375518,1.49999566161264,1.50000543385931,2.25044069764775,4.5004569992552,0.999999647966762
"1803",13.75138636,1.49999564501614,1.50000539668789,2.2504401983271,4.5004563884199,0.99999964796559
"1804",13.75901754,1.49999562835619,1.50000535938937,2.25043969832804,4.50045577652487,0.999999647964425
"1805",13.76664872,1.49999561163256,1.50000532196325,2.25043919764889,4.50045516356696,0.999999647963265
"1806",13.7742799,1.49999559484499,1.50000528440922,2.2504386962913,4.50045454954688,0.999999647962106
"1807",13.78191108,1.49999557799325,1.50000524672663,2.25043819424905,4.50045393445648,0.999999647960953
"1808",13.78954226,1.49999556107708,1.50000520891562,2.25043769153919,4.50045331831318,0.999999647959788
"1809",13.79717344,1.49999554409625,1.50000517097493,2.25043718813302,4.50045270108456,0.999999647958633
"1810",13.80480462,1.49999552705051,1.50000513290403,2.25043668402475,4.50045208276318,0.999999647957488
"1811",13.8124358,1.4999955099396,1.50000509470324,2.25043617924311,4.5004514633788,0.99999964795633
"1812",13.82006698,1.49999549276328,1.50000505637133,2.25043567375585,4.50045084289539,0.999999647955181
"1813",13.82769816,1.49999547552129,1.5000050179081,2.25043516757297,4.50045022132245,0.999999647954032
"1814",13.83532934,1.4999954582134,1.50000497931264,2.25043466067609,4.50044959863879,0.999999647952893
"1815",13.84296052,1.49999544083933,1.5000049405852,2.25043415308944,4.50044897486944,0.999999647951745
"1816",13.8505917,1.49999542339885,1.50000490172465,2.25043364478742,4.5004483499854,0.999999647950604
"1817",13.85822288,1.4999954058917,1.50000486273086,2.25043313578061,4.50044772399685,0.999999647949461
"1818",13.86585406,1.49999538831762,1.50000482360303,2.25043262605495,4.5004470968873,0.999999647948323
"1819",13.87348524,1.49999537067636,1.50000478434082,2.25043211561435,4.5004464686597,0.999999647947185
"1820",13.88111642,1.49999535296766,1.50000474494347,2.25043160444672,4.50044583929966,0.999999647946053
"1821",13.8887476,1.49999533519126,1.50000470541078,2.25043109256015,4.50044520881464,0.999999647944921
"1822",13.89637878,1.49999531734691,1.5000046657422,2.25043057995002,4.50044457719839,0.999999647943788
"1823",13.90400996,1.49999529943434,1.50000462593708,2.25043006660942,4.50044394444206,0.999999647942657
"1824",13.91164114,1.49999528145329,1.50000458599496,2.25042955253668,4.5004433105426,0.999999647941529
"1825",13.91927232,1.4999952634035,1.5000045459152,2.25042903772494,4.50044267549121,0.999999647940404
"1826",13.9269035,1.49999524528471,1.5000045056974,2.25042852217533,4.50044203928784,0.99999964793928
"1827",13.93453468,1.49999522709666,1.50000446534109,2.25042800588615,4.50044140192936,0.999999647938157
"1828",13.94216586,1.49999520883908,1.50000442484544,2.25042748884454,4.50044076340043,0.99999964793704
"1829",13.94979704,1.4999951905117,1.50000438421064,2.25042697107287,4.50044012372402,0.999999647935912
"1830",13.95742822,1.49999517211426,1.50000434343518,2.25042645253252,4.50043948285693,0.999999647934799
"1831",13.9650594,1.49999515364649,1.5000043025192,2.25042593324456,4.50043884082067,0.999999647933682
"1832",13.97269058,1.49999513510812,1.50000426146199,2.2504254132004,4.50043819760452,0.999999647932565
"1833",13.98032176,1.49999511649888,1.50000422026278,2.25042489238733,4.50043755319347,0.999999647931456
"1834",13.98795294,1.4999950978185,1.50000417892154,2.25042437082163,4.5004369076037,0.999999647930341
"1835",13.99558412,1.49999507906671,1.50000413743724,2.25042384848148,4.50043626081031,0.999999647929232
"1836",14.0032153,1.49999506024324,1.50000409580943,2.25042332536867,4.50043561281375,0.999999647928126
"1837",14.01084648,1.4999950413478,1.50000405403766,2.25042280148156,4.50043496361097,0.999999647927022
"1838",14.01847766,1.49999502238014,1.5000040121217,2.25042227682869,4.50043431320987,0.999999647925911
"1839",14.02610884,1.49999500333996,1.50000397005987,2.25042175136791,4.50043366156329,0.999999647924822
"1840",14.03374002,1.49999498422699,1.50000392785322,2.25042122515136,4.50043300872645,0.999999647923714
"1841",14.0413712,1.49999496504096,1.50000388550012,2.25042069813902,4.50043235465448,0.999999647922614
"1842",14.04900238,1.49999494578158,1.50000384300026,2.25042017033484,4.50043169935039,0.999999647921516
"1843",14.05663356,1.49999492644858,1.50000380035312,2.25041964173789,4.50043104281169,0.99999964792042
"1844",14.06426474,1.49999490704167,1.500003757558,2.25041911233954,4.50043038502765,0.999999647919328
"1845",14.07189592,1.49999488756058,1.50000371461448,2.25041858214186,4.5004297259991,0.999999647918237
"1846",14.0795271,1.49999486800501,1.50000367152191,2.2504180511378,4.500429065717,0.999999647917149
"1847",14.08715828,1.49999484837468,1.50000362828006,2.25041751933755,4.50042840419091,0.999999647916055
"1848",14.09478946,1.49999482866931,1.50000358488779,2.25041698671625,4.50042774139246,0.999999647914969
"1849",14.10242064,1.49999480888861,1.50000354134482,2.25041645328127,4.50042707732829,0.999999647913886
"1850",14.11005182,1.49999478903229,1.50000349765089,2.25041591903911,4.50042641200401,0.999999647912795
"1851",14.117683,1.49999476910006,1.5000034538047,2.25041538396307,4.50042574538908,0.999999647911717
"1852",14.12531418,1.49999474909164,1.50000340980608,2.25041484806264,4.50042507749252,0.999999647910639
"1853",14.13294536,1.49999472900672,1.50000336565472,2.25041431134426,4.50042440831974,0.999999647909556
"1854",14.14057654,1.49999470884503,1.50000332134938,2.2504137737813,4.50042373784047,0.999999647908484
"1855",14.14820772,1.49999468860626,1.50000327689029,2.25041323539862,4.50042306608023,0.999999647907402
"1856",14.1558389,1.49999466829012,1.50000323227621,2.25041269617134,4.50042239301042,0.999999647906327
"1857",14.16347008,1.49999464789632,1.50000318750672,2.25041215609978,4.50042171863009,0.999999647905254
"1858",14.17110126,1.49999462742455,1.50000314258138,2.25041161518749,4.5004210429415,0.99999964790418
"1859",14.17873244,1.49999460687453,1.5000030974993,2.25041107341946,4.50042036592695,0.999999647903112
"1860",14.18636362,1.49999458624595,1.50000305226005,2.25041053079911,4.50041968758858,0.999999647902045
"1861",14.1939948,1.4999945655385,1.50000300686292,2.25040998731784,4.50041900791564,0.999999647900984
"1862",14.20162598,1.4999945447519,1.50000296130768,2.25040944298538,4.50041832691718,0.999999647899917
"1863",14.20925716,1.49999452388583,1.50000291559349,2.25040889779045,4.50041764457941,0.999999647898852
"1864",14.21688834,1.49999450294,1.50000286971957,2.25040835172368,4.50041696089064,0.999999647897791
"1865",14.22451952,1.49999448191409,1.50000282368559,2.25040780479011,4.50041627585486,0.999999647896729
"1866",14.2321507,1.4999944608078,1.50000277749102,2.25040725698919,4.50041558946996,0.999999647895663
"1867",14.23978188,1.49999443962083,1.50000273113435,2.25040670828608,4.50041490169658,0.999999647894617
"1868",14.24741306,1.49999441835287,1.50000268461624,2.25040615872235,4.50041421257826,0.999999647893557
"1869",14.25504424,1.4999943970036,1.50000263793529,2.25040560826645,4.5004135220793,0.999999647892503
"1870",14.26267542,1.49999437557271,1.50000259109092,2.25040505691558,4.50041283019505,0.999999647891455
"1871",14.2703066,1.49999435405991,1.50000254408297,2.25040450468303,4.5004121369384,0.9999996478904
"1872",14.27793778,1.49999433246486,1.50000249691036,2.250403951549,4.5004114422863,0.999999647889351
"1873",14.28556896,1.49999431078725,1.50000244957276,2.25040339751982,4.50041074624409,0.999999647888299
"1874",14.29320014,1.49999428902678,1.50000240206911,2.25040284257692,4.50041004879001,0.999999647887255
"1875",14.30083132,1.49999426718312,1.50000235439893,2.25040228672275,4.50040934992509,0.999999647886216
"1876",14.3084625,1.49999424525596,1.50000230656219,2.25040172997264,4.50040864966454,0.999999647885167
"1877",14.31609368,1.49999422324497,1.50000225855746,2.25040117229675,4.50040794797422,0.999999647884127
"1878",14.32372486,1.49999420114984,1.50000221038443,2.25040061370267,4.50040724486086,0.999999647883087
"1879",14.33135604,1.49999417897024,1.50000216204245,2.2504000541858,4.50040654031783,0.999999647882049
"1880",14.33898722,1.49999415670586,1.50000211353064,2.25039949373412,4.50040583433052,0.999999647881017
"1881",14.3466184,1.49999413435636,1.50000206484915,2.25039893237163,4.50040512692334,0.999999647879973
"1882",14.35424958,1.49999411192142,1.50000201599641,2.25039837006265,4.50040441805593,0.999999647878939
"1883",14.36188076,1.49999408940072,1.50000196697205,2.25039780681293,4.50040370773293,0.999999647877907
"1884",14.36951194,1.49999406679393,1.5000019177753,2.25039724261531,4.50040299594489,0.999999647876882
"1885",14.37714312,1.49999404410071,1.50000186840612,2.25039667748611,4.50040228270797,0.999999647875846
"1886",14.3847743,1.49999402132074,1.50000181886311,2.25039611139571,4.50040156798834,0.99999964787482
"1887",14.39240548,1.49999399845369,1.50000176914608,2.25039554435808,4.50040085179946,0.99999964787379
"1888",14.40003666,1.49999397549923,1.50000171925406,2.2503949763571,4.50040013412224,0.999999647872766
"1889",14.40766784,1.49999395245701,1.50000166918641,2.25039440738994,4.50039941495194,0.999999647871745
"1890",14.41529902,1.4999939293267,1.50000161894272,2.25039383746265,4.50039869429343,0.999999647870722
"1891",14.4229302,1.49999390610798,1.50000156852202,2.2503932665605,4.50039797212903,0.999999647869703
"1892",14.43056138,1.49999388280049,1.50000151792398,2.25039269469027,4.5003972484645,0.999999647868681
"1893",14.43819256,1.4999938594039,1.50000146714745,2.25039212183303,4.50039652327754,0.999999647867667
"1894",14.44582374,1.49999383591787,1.50000141619227,2.25039154800229,4.50039579658111,0.999999647866648
"1895",14.45345492,1.49999381234206,1.50000136505737,2.25039097318039,4.50039506835436,0.999999647865633
"1896",14.4610861,1.49999378867612,1.50000131374208,2.25039039736386,4.50039433859183,0.999999647864623
"1897",14.46871728,1.49999376491971,1.50000126224584,2.25038982055296,4.50039360729207,0.999999647863614
"1898",14.47634846,1.49999374107249,1.50000121056819,2.25038924275191,4.50039287445794,0.9999996478626
"1899",14.48397964,1.4999937171341,1.50000115870792,2.25038866393805,4.50039214006315,0.999999647861595
"1900",14.49161082,1.4999936931042,1.50000110666478,2.25038808412408,4.50039140411966,0.999999647860585
"1901",14.499242,1.49999366898244,1.50000105443801,2.25038750330181,4.50039066661695,0.999999647859575
"1902",14.50687318,1.49999364476846,1.50000100202658,2.25038692145668,4.50038992753741,0.999999647858572
"1903",14.51450436,1.49999362046192,1.50000094943,2.25038633859195,4.50038918688284,0.99999964785757
"1904",14.52213554,1.49999359606246,1.50000089664758,2.25038575470334,4.50038844464687,0.999999647856569
"1905",14.52976672,1.49999357156973,1.50000084367868,2.25038516979036,4.50038770082711,0.999999647855566
"1906",14.5373979,1.49999354698336,1.50000079052246,2.25038458384338,4.5003869554114,0.999999647854567
"1907",14.54502908,1.49999352230301,1.50000073717822,2.25038399685874,4.50038620839395,0.999999647853569
"1908",14.55266026,1.4999934975283,1.50000068364525,2.25038340883245,4.50038545976867,0.999999647852573
"1909",14.56029144,1.49999347265889,1.50000062992294,2.25038281976399,4.50038470953322,0.999999647851576
"1910",14.56792262,1.49999344769441,1.5000005760103,2.25038222964045,4.50038395767167,0.999999647850585
"1911",14.5755538,1.49999342263449,1.50000052190705,2.25038163847145,4.50038320419286,0.999999647849589
"1912",14.58318498,1.49999339747877,1.50000046761193,2.25038104623554,4.50038244907154,0.9999996478486
"1913",14.59081616,1.49999337222689,1.50000041312456,2.25038045294064,4.50038169231448,0.99999964784761
"1914",14.59844734,1.49999334687847,1.50000035844399,2.25037985857427,4.50038093390637,0.999999647846624
"1915",14.60607852,1.49999332143315,1.50000030356968,2.25037926313867,4.50038017384779,0.999999647845639
"1916",14.6137097,1.49999329589056,1.50000024850085,2.25037866662858,4.50037941213119,0.999999647844653
"1917",14.62134088,1.49999327025033,1.50000019323669,2.25037806903757,4.50037864874767,0.999999647843669
"1918",14.62897206,1.49999324451207,1.5000001377766,2.25037747036521,4.50037788369502,0.999999647842684
"1919",14.63660324,1.49999321867543,1.50000008211959,2.25037687059969,4.50037711695848,0.999999647841703
"1920",14.64423442,1.49999319274002,1.50000002626508,2.25037626974154,4.50037634853677,0.999999647840723
"1921",14.6518656,1.49999316670546,1.49999997021227,2.25037566778556,4.50037557842238,0.999999647839744
"1922",14.65949678,1.49999314057137,1.4999999139603,2.25037506472302,4.50037480660393,0.999999647838769
"1923",14.66712796,1.49999311433738,1.49999985750855,2.25037446055426,4.50037403307992,0.999999647837794
"1924",14.67475914,1.4999930880031,1.49999980085634,2.25037385527811,4.50037325784716,0.999999647836817
"1925",14.68239032,1.49999306156815,1.49999974400264,2.25037324888044,4.50037248088841,0.999999647835846
"1926",14.6900215,1.49999303503215,1.49999968694684,2.2503726413628,4.50037170220342,0.999999647834874
"1927",14.69765268,1.4999930083947,1.49999962968829,2.25037203272346,4.50037092178847,0.999999647833902
"1928",14.70528386,1.49999298165542,1.49999957222589,2.25037142294838,4.50037013962625,0.999999647832934
"1929",14.71291504,1.49999295481393,1.49999951455914,2.25037081204095,4.50036935571861,0.999999647831966
"1930",14.72054622,1.49999292786982,1.49999945668737,2.25037020000073,4.50036857006315,0.999999647830994
"1931",14.7281774,1.49999290082271,1.49999939860927,2.25036958680551,4.50036778263369,0.999999647830032
"1932",14.73580858,1.49999287367221,1.4999993403244,2.25036897246142,4.50036699343506,0.999999647829071
"1933",14.74343976,1.49999284641791,1.49999928183213,2.25036835697054,4.50036620246745,0.999999647828105
"1934",14.75107094,1.49999281905943,1.49999922313139,2.25036774031752,4.5003654097123,0.999999647827144
"1935",14.75870212,1.49999279159636,1.49999916422132,2.25036712249625,4.50036461516091,0.999999647826188
"1936",14.7663333,1.49999276402831,1.49999910510156,2.25036650351641,4.5003638188219,0.999999647825226
"1937",14.77396448,1.49999273635486,1.49999904577089,2.25036588335936,4.50036302067294,0.999999647824269
"1938",14.78159566,1.49999270857563,1.49999898622855,2.25036526202154,4.50036222070822,0.999999647823316
"1939",14.78922684,1.4999926806902,1.49999892647401,2.25036463950754,4.50036141893071,0.999999647822359
"1940",14.79685802,1.49999265269818,1.49999886650615,2.25036401580198,4.50036061532171,0.999999647821407
"1941",14.8044892,1.49999262459914,1.4999988063244,2.25036339090927,4.50035980988391,0.999999647820452
"1942",14.81212038,1.49999259639269,1.49999874592763,2.25036276481167,4.50035900259614,0.999999647819505
"1943",14.81975156,1.49999256807841,1.49999868531547,2.25036213752134,4.50035819346947,0.999999647818551
"1944",14.82738274,1.49999253965589,1.49999862448676,2.25036150902272,4.50035738248489,0.999999647817601
"1945",14.83501392,1.49999251112471,1.49999856344056,2.25036087930506,4.50035656962879,0.999999647816657
"1946",14.8426451,1.49999248248447,1.49999850217648,2.25036024837923,4.50035575491091,0.999999647815707
"1947",14.85027628,1.49999245373474,1.49999844069326,2.25035961622633,4.50035493830856,0.999999647814764
"1948",14.85790746,1.49999242487511,1.49999837899033,2.25035898284916,4.50035411982277,0.999999647813819
"1949",14.86553864,1.49999239590515,1.49999831706678,2.25035834824154,4.50035329944471,0.999999647812875
"1950",14.87316982,1.49999236682445,1.49999825492137,2.25035771238365,4.50035247715079,0.999999647811943
"1951",14.880801,1.49999233763257,1.49999819255414,2.25035707530147,4.50035165296715,0.999999647810999
"1952",14.88843218,1.4999923083291,1.49999812996358,2.2503564369674,4.50035082686163,0.999999647810059
"1953",14.89606336,1.49999227891361,1.49999806714902,2.2503557973827,4.5003499988335,0.99999964780912
"1954",14.90369454,1.49999224938567,1.49999800410956,2.25035515654017,4.50034916887283,0.999999647808183
"1955",14.91132572,1.49999221974485,1.49999794084423,2.25035451443114,4.50034833696807,0.99999964780725
"1956",14.9189569,1.49999218999072,1.49999787735232,2.25035387105582,4.50034750311729,0.999999647806318
"1957",14.92658808,1.49999216012285,1.49999781363315,2.25035322641496,4.50034666731919,0.999999647805382
"1958",14.93421926,1.4999921301408,1.49999774968545,2.25035258049045,4.50034582955186,0.999999647804451
"1959",14.94185044,1.49999210004413,1.49999768550854,2.25035193328257,4.50034498981356,0.999999647803523
"1960",14.94948162,1.49999206983241,1.49999762110162,2.25035128478988,4.5003441481004,0.999999647802593
"1961",14.9571128,1.49999203950519,1.49999755646374,2.25035063500367,4.50034330440085,0.999999647801664
"1962",14.96474398,1.49999200906204,1.49999749159395,2.25034998391721,4.50034245870536,0.999999647800737
"1963",14.97237516,1.49999197850252,1.49999742649141,2.250349331526,4.50034161100686,0.999999647799813
"1964",14.98000634,1.49999194782616,1.49999736115515,2.25034867782241,4.50034076129482,0.999999647798892
"1965",14.98763752,1.49999191703254,1.4999972955847,2.25034802281513,4.50033990957656,0.999999647797964
"1966",14.9952687,1.49999188612121,1.4999972297787,2.25034736648347,4.50033905582725,0.999999647797041
"1967",15.00289988,1.4999918550917,1.4999971637363,2.25034670882369,4.50033820004064,0.999999647796121
"1968",15.01053106,1.49999182394358,1.4999970974568,2.25034604983682,4.50033734221564,0.9999996477952
"1969",15.01816224,1.49999179267638,1.49999703093918,2.25034538951403,4.50033648234037,0.99999964779428
"1970",15.02579342,1.49999176128965,1.49999696418219,2.25034472783856,4.50033562039434,0.99999964779337
"1971",15.0334246,1.49999172978294,1.49999689718569,2.25034406482992,4.50033475639661,0.99999964779245
"1972",15.04105578,1.49999169815579,1.49999682994811,2.25034340046219,4.50033389031657,0.999999647791536
"1973",15.04868696,1.49999166640773,1.49999676246867,2.25034273473416,4.50033302215066,0.999999647790626
"1974",15.05631814,1.4999916345383,1.49999669474682,2.25034206765217,4.50033215190356,0.99999964778971
"1975",15.06394932,1.49999160254705,1.49999662678128,2.25034139919862,4.50033127955384,0.999999647788796
"1976",15.0715805,1.4999915704335,1.49999655857099,2.25034072936483,4.50033040508965,0.999999647787889
"1977",15.07921168,1.49999153819718,1.49999649011528,2.25034005815293,4.50032952851108,0.999999647786981
"1978",15.08684286,1.49999150583763,1.49999642141305,2.25033938555238,4.50032864980433,0.999999647786076
"1979",15.09447404,1.49999147335438,1.49999635246371,2.25033871157007,4.5003277689745,0.999999647785165
"1980",15.10210522,1.49999144074696,1.49999628326597,2.25033803618795,4.50032688599967,0.999999647784258
"1981",15.1097364,1.49999140801488,1.49999621381894,2.25033735940261,4.50032600087377,0.999999647783352
"1982",15.11736758,1.49999137515767,1.49999614412159,2.25033668120455,4.50032511358419,0.999999647782451
"1983",15.12499876,1.49999134217486,1.49999607417315,2.25033600159638,4.50032422413125,0.999999647781548
"1984",15.13262994,1.49999130906596,1.49999600397266,2.25033532057089,4.50032333250484,0.999999647780644
"1985",15.14026112,1.49999127583049,1.49999593351884,2.25033463811205,4.5003224386851,0.999999647779748
"1986",15.1478923,1.49999124246797,1.49999586281109,2.25033395422693,4.50032154267733,0.999999647778849
"1987",15.15552348,1.49999120897791,1.49999579184838,2.25033326890662,4.50032064446947,0.99999964777795
"1988",15.16315466,1.49999117535983,1.49999572062965,2.2503325821432,4.50031974405047,0.999999647777052
"1989",15.17078584,1.49999114161323,1.49999564915393,2.25033189393134,4.50031884141206,0.999999647776155
"1990",15.17841702,1.49999110773762,1.49999557742013,2.25033120426118,4.50031793654114,0.999999647775262
"1991",15.1860482,1.49999107373252,1.49999550542758,2.25033051313702,4.50031702943995,0.999999647774365
"1992",15.19367938,1.49999103959742,1.49999543317497,2.25032982054292,4.5003161200887,0.999999647773472
"1993",15.20131056,1.49999100533183,1.49999536066123,2.25032912646947,4.50031520847468,0.999999647772586
"1994",15.20894174,1.49999097093525,1.49999528788591,2.25032843092993,4.50031429460987,0.999999647771691
"1995",15.21657292,1.49999093640718,1.49999521484751,2.25032773390203,4.50031337846746,0.999999647770801
"1996",15.2242041,1.49999090174712,1.49999514154523,2.25032703538455,4.50031246004383,0.999999647769911
"1997",15.23183528,1.49999086695456,1.49999506797788,2.25032633536734,4.50031153932531,0.999999647769026
"1998",15.23946646,1.49999083202899,1.49999499414462,2.25032563384961,4.50031061630854,0.99999964776814
"1999",15.24709764,1.49999079696991,1.4999949200445,2.25032493082692,4.50030969098623,0.999999647767252
"2000",15.25472882,1.49999076177681,1.49999484567629,2.25032422628678,4.50030876334223,0.999999647766368
"2001",15.26236,1.49999072644917,1.49999477103912,2.25032352022843,4.50030783337313,0.999999647765484
"2002",15.26999118,1.49999069098648,1.49999469613182,2.25032281264018,4.50030690106378,0.999999647764603
"2003",15.27762236,1.49999065538823,1.49999462095345,2.25032210351881,4.50030596640809,0.999999647763723
"2004",15.28525354,1.49999061965389,1.4999945455031,2.250321392864,4.50030502940305,0.99999964776284
"2005",15.29288472,1.49999058378295,1.49999446977956,2.25032068066171,4.50030409003097,0.99999964776196
"2006",15.3005159,1.49999054777488,1.49999439378166,2.25031996690261,4.50030314827901,0.999999647761086
"2007",15.30814708,1.49999051162916,1.49999431750868,2.25031925159151,4.50030220414985,0.999999647760208
"2008",15.31577826,1.49999047534526,1.49999424095939,2.25031853471553,4.50030125762685,0.999999647759332
"2009",15.32340944,1.49999043892266,1.49999416413288,2.25031781627408,4.50030030870677,0.999999647758453
"2010",15.33104062,1.49999040236082,1.4999940870277,2.25031709624744,4.5002993573655,0.999999647757582
"2011",15.3386718,1.49999036565921,1.49999400964302,2.25031637463622,4.50029840360117,0.999999647756714
"2012",15.34630298,1.4999903288173,1.49999393197803,2.25031565144358,4.5002974474145,0.99999964775584
"2013",15.35393416,1.49999029183455,1.4999938540314,2.25031492665456,4.50029648878654,0.999999647754969
"2014",15.36156534,1.49999025471043,1.49999377580215,2.25031420026451,4.50029552770971,0.999999647754097
"2015",15.36919652,1.49999021744439,1.49999369728927,2.25031347227172,4.50029456417926,0.999999647753221
"2016",15.3768277,1.49999018003589,1.49999361849096,2.25031274264369,4.50029359815728,0.999999647752363
"2017",15.38445888,1.49999014248438,1.49999353940713,2.25031201140863,4.50029262967177,0.999999647751495
"2018",15.39209006,1.49999010478932,1.49999346003632,2.25031127854734,4.50029165869907,0.999999647750626
"2019",15.39972124,1.49999006695016,1.49999338037728,2.25031054404801,4.50029068522368,0.999999647749761
"2020",15.40735242,1.49999002896636,1.49999330042896,2.25030980790513,4.5002897092369,0.999999647748899
"2021",15.4149836,1.49998999083735,1.49999322019037,2.2503090701167,4.50028873073378,0.999999647748036
"2022",15.42261478,1.49998995256258,1.49999313966041,2.25030833067648,4.50028774970477,0.999999647747172
"2023",15.43024596,1.49998991414149,1.49999305883778,2.25030758957111,4.50028676613263,0.999999647746312
"2024",15.43787714,1.49998987557353,1.49999297772162,2.25030684680276,4.50028578001695,0.99999964774545
"2025",15.44550832,1.49998983685813,1.49999289631061,2.25030610235894,4.50028479134122,0.99999964774459
"2026",15.4531395,1.49998979799473,1.49999281460361,2.25030535623055,4.50028380009301,0.999999647743734
"2027",15.46077068,1.49998975898277,1.49999273259971,2.25030460842016,4.50028280627212,0.999999647742874
"2028",15.46840186,1.49998971982167,1.49999265029762,2.25030385891451,4.50028180986138,0.999999647742015
"2029",15.47603304,1.49998968051087,1.49999256769599,2.25030310769999,4.50028081084319,0.999999647741164
"2030",15.48366422,1.49998964104979,1.49999248479412,2.25030235478501,4.50027980922385,0.999999647740307
"2031",15.4912954,1.49998960143786,1.49999240159059,2.25030160015402,4.50027880498352,0.999999647739452
"2032",15.49892658,1.49998956167451,1.49999231808426,2.25030084379915,4.50027779811095,0.9999996477386
"2033",15.50655776,1.49998952175914,1.49999223427416,2.25030008572074,4.50027678860353,0.999999647737744
"2034",15.51418894,1.49998948169119,1.49999215015884,2.25029932590214,4.50027577644028,0.999999647736893
"2035",15.52182012,1.49998944147007,1.4999920657373,2.25029856434201,4.50027476161687,0.999999647736042
"2036",15.5294513,1.4999894010952,1.49999198100815,2.25029780102456,4.5002737441133,0.999999647735198
"2037",15.53708248,1.49998936056598,1.49999189597076,2.25029703596457,4.50027272394253,0.999999647734344
"2038",15.54471366,1.49998931988182,1.49999181062335,2.25029626912991,4.50027170106701,0.9999996477335
"2039",15.55234484,1.49998927904214,1.49999172496513,2.2502955005307,4.50027067549456,0.999999647732651
"2040",15.55997602,1.49998923804634,1.49999163899473,2.25029473015187,4.50026964720597,0.999999647731805
"2041",15.5676072,1.49998919689382,1.49999155271073,2.25029395797957,4.50026861618313,0.999999647730967
"2042",15.57523838,1.49998915558399,1.49999146611259,2.2502931840274,4.50026758243799,0.99999964773012
"2043",15.58286956,1.49998911411623,1.49999137919867,2.25029240827543,4.50026654594574,0.999999647729274
"2044",15.59050074,1.49998907248996,1.49999129196769,2.25029163071139,4.50026550669028,0.999999647728433
"2045",15.59813192,1.49998903070456,1.4999912044186,2.25029085133639,4.50026446466956,0.999999647727592
"2046",15.6057631,1.49998898875942,1.4999911165501,2.25029007013806,4.50026341986727,0.999999647726753
"2047",15.61339428,1.49998894665393,1.49999102836109,2.25028928711452,4.50026237227827,0.999999647725913
"2048",15.62102546,1.49998890438749,1.49999093985035,2.25028850225797,4.50026132189112,0.999999647725071
"2049",15.62865664,1.49998886195947,1.49999085101657,2.25028771555797,4.50026026869139,0.999999647724231
"2050",15.63628782,1.49998881936926,1.4999907618583,2.25028692700075,4.50025921266099,0.999999647723398
"2051",15.643919,1.49998877661624,1.49999067237473,2.25028613659298,4.50025815380418,0.999999647722559
"2052",15.65155018,1.49998873369978,1.49999058256428,2.25028534431576,4.50025709209728,0.999999647721725
"2053",15.65918136,1.49998869061926,1.49999049242584,2.25028455016612,4.50025602753403,0.999999647720893
"2054",15.66681254,1.49998864737406,1.49999040195829,2.25028375414187,4.50025496010885,0.999999647720056
"2055",15.67444372,1.49998860396354,1.49999031115998,2.25028295622181,4.50025388979563,0.999999647719228
"2056",15.6820749,1.49998856038707,1.49999022003026,2.25028215641853,4.50025281660495,0.99999964771839
"2057",15.68970608,1.49998851664402,1.49999012856737,2.25028135470905,4.50025174050861,0.999999647717556
"2058",15.69733726,1.49998847273375,1.49999003677011,2.25028055108662,4.50025066149623,0.999999647716726
"2059",15.70496844,1.49998842865562,1.49998994463727,2.25027974554718,4.5002495795601,0.999999647715896
"2060",15.71259962,1.49998838440899,1.49998985216744,2.25027893807894,4.50024849468423,0.99999964771507
"2061",15.7202308,1.49998833999322,1.49998975935964,2.25027812868284,4.50024740686663,0.99999964771424
"2062",15.72786198,1.49998829540766,1.49998966621235,2.2502773173453,4.50024631608912,0.999999647713411
"2063",15.73549316,1.49998825065165,1.49998957272433,2.25027650405991,4.50024522234162,0.999999647712583
"2064",15.74312434,1.49998820572456,1.49998947889429,2.25027568881937,4.50024412561293,0.999999647711755
"2065",15.75075552,1.49998816062572,1.49998938472054,2.25027487160241,4.50024302587672,0.999999647710938
"2066",15.7583867,1.49998811535447,1.49998929020261,2.25027405243017,4.50024192315269,0.999999647710108
"2067",15.76601788,1.49998806991017,1.49998919533839,2.25027323126755,4.50024081739946,0.999999647709288
"2068",15.77364906,1.49998802429215,1.49998910012699,2.25027240812173,4.50023970862151,0.999999647708464
"2069",15.78128024,1.49998797849973,1.4999890045668,2.25027158297493,4.50023859679624,0.999999647707646
"2070",15.78891142,1.49998793253227,1.49998890865711,2.25027075583991,4.50023748193426,0.999999647706817
"2071",15.7965426,1.49998788638908,1.49998881239576,2.25026992668142,4.50023636399385,0.999999647705998
"2072",15.80417378,1.4999878400695,1.49998871578171,2.2502690955024,4.50023524297485,0.999999647705181
"2073",15.81180496,1.49998779357285,1.49998861881379,2.25026826229918,4.50023411887008,0.999999647704361
"2074",15.81943614,1.49998774689845,1.49998852149059,2.25026742706225,4.50023299166577,0.999999647703542
"2075",15.82706732,1.49998770004563,1.49998842381055,2.25026658977681,4.50023186134247,0.999999647702727
"2076",15.8346985,1.4999876530137,1.49998832577256,2.25026575044379,4.50023072789775,0.999999647701909
"2077",15.84232968,1.49998760580199,1.49998822737517,2.2502649090513,4.5002295913154,0.999999647701092
"2078",15.84996086,1.49998755840979,1.499988128617,2.25026406559117,4.5002284515831,0.999999647700274
"2079",15.85759204,1.49998751083642,1.49998802949661,2.25026322005419,4.50022730868731,0.999999647699459
"2080",15.86522322,1.4999874630812,1.49998793001261,2.25026237243046,4.50022616261397,0.999999647698646
"2081",15.8728544,1.49998741514341,1.49998783016375,2.25026152271685,4.50022501335621,0.999999647697831
"2082",15.88048558,1.49998736702237,1.49998772994846,2.25026067089922,4.50022386089515,0.999999647697019
"2083",15.88811676,1.49998731871738,1.49998762936531,2.25025981696799,4.50022270521695,0.999999647696212
"2084",15.89574794,1.49998727022773,1.49998752841329,2.25025896092831,4.50022154632372,0.999999647695397
"2085",15.90337912,1.49998722155272,1.49998742709058,2.2502581027584,4.50022038418823,0.999999647694586
"2086",15.9110103,1.49998717269163,1.49998732539597,2.25025724245595,4.50021921880452,0.999999647693774
"2087",15.91864148,1.49998712364376,1.49998722332774,2.25025638000292,4.50021805014939,0.99999964769297
"2088",15.92627266,1.4999870744084,1.49998712088496,2.25025551540639,4.50021687822713,0.999999647692158
"2089",15.93390384,1.49998702498481,1.4999870180657,2.25025464864302,4.50021570300866,0.999999647691354
"2090",15.94153502,1.4999869753723,1.49998691486887,2.25025377971376,4.5002145244916,0.999999647690547
"2091",15.9491662,1.49998692557013,1.49998681129313,2.2502529086151,4.50021334266842,0.999999647689734
"2092",15.95679738,1.49998687557757,1.49998670733657,2.25025203532236,4.50021215750877,0.999999647688929
"2093",15.96442856,1.49998682539391,1.49998660299792,2.25025115983303,4.50021096900627,0.999999647688127
"2094",15.97205974,1.49998677501841,1.49998649827589,2.25025028214376,4.50020977715371,0.999999647687321
"2095",15.97969092,1.49998672445034,1.49998639316879,2.25024940223884,4.50020858193036,0.99999964768652
"2096",15.9873221,1.49998667368896,1.49998628767532,2.25024852011513,4.50020738332911,0.999999647685717
"2097",15.99495328,1.49998662273353,1.49998618179413,2.25024763576665,4.50020618133997,0.999999647684911
"2098",16.00258446,1.49998657158331,1.49998607552332,2.25024674917327,4.50020497593713,0.999999647684111
"2099",16.01021564,1.49998652023756,1.49998596886177,2.25024586033616,4.50020376711835,0.999999647683309
"2100",16.01784682,1.49998646869552,1.49998586180773,2.25024496923865,4.50020255486172,0.99999964768251
"2101",16.025478,1.49998641695645,1.49998575436009,2.25024407588468,4.50020133916787,0.999999647681705
"2102",16.03310918,1.4999863650196,1.49998564651694,2.25024318025218,4.50020012000903,0.999999647680904
"2103",16.04074036,1.49998631288421,1.49998553827679,2.25024228233222,4.50019889737174,0.999999647680107
"2104",16.04837154,1.49998626054952,1.49998542963842,2.2502413821254,4.50019767125296,0.999999647679307
"2105",16.05600272,1.49998620801476,1.49998532059996,2.25024047961145,4.50019644162682,0.999999647678511
"2106",16.0636339,1.49998615527918,1.4999852111603,2.25023957479543,4.50019520849503,0.99999964767771
"2107",16.07126508,1.49998610234201,1.49998510131741,2.25023866765125,4.50019397182544,0.999999647676916
"2108",16.07889626,1.49998604920247,1.49998499106995,2.25023775817658,4.50019273161169,0.999999647676125
"2109",16.08652744,1.49998599585979,1.49998488041681,2.25023684637716,4.5001914878562,0.999999647675322
"2110",16.09415862,1.4999859423132,1.49998476935567,2.25023593221696,4.50019024051595,0.999999647674532
"2111",16.1017898,1.49998588856191,1.4999846578856,2.25023501570825,4.50018898960043,0.999999647673736
"2112",16.10942098,1.49998583460514,1.49998454600469,2.25023409683064,4.50018773508353,0.999999647672943
"2113",16.11705216,1.49998578044212,1.49998443371143,2.25023317557629,4.5001864769529,0.999999647672151
"2114",16.12468334,1.49998572607204,1.49998432100444,2.25023225194118,4.50018521520034,0.999999647671358
"2115",16.13231452,1.49998567149412,1.49998420788188,2.25023132590915,4.50018394980419,0.999999647670567
"2116",16.1399457,1.49998561670756,1.4999840943423,2.2502303974745,4.50018268075439,0.999999647669776
"2117",16.14757688,1.49998556171157,1.49998398038424,2.25022946663165,4.500181408041,0.999999647668981
"2118",16.15520806,1.49998550650534,1.49998386600581,2.25022853336193,4.50018013163967,0.999999647668191
"2119",16.16283924,1.49998545108808,1.49998375120561,2.2502275976628,4.50017885154366,0.9999996476674
"2120",16.17047042,1.49998539545897,1.49998363598181,2.25022665951685,4.50017756773005,0.999999647666613
"2121",16.1781016,1.4999853396172,1.49998352033299,2.25022571892111,4.50017628019165,0.999999647665825
"2122",16.18573278,1.49998528356197,1.49998340425763,2.25022477586992,4.50017498891822,0.999999647665034
"2123",16.19336396,1.49998522729245,1.49998328775387,2.25022383034523,4.50017369388615,0.999999647664245
"2124",16.20099514,1.49998517080783,1.49998317082034,2.25022288234613,4.50017239509036,0.999999647663451
"2125",16.20862632,1.49998511410729,1.49998305345485,2.25022193184539,4.50017109249713,0.999999647662668
"2126",16.2162575,1.49998505718999,1.49998293565635,2.25022097885227,4.50016978611251,0.999999647661879
"2127",16.22388868,1.49998500005512,1.49998281742285,2.25022002334579,4.50016847590957,0.999999647661094
"2128",16.23151986,1.49998494270183,1.49998269875279,2.25021906532024,4.50016716187793,0.999999647660308
"2129",16.23915104,1.4999848851293,1.49998257964433,2.25021810475922,4.50016584399566,0.999999647659528
"2130",16.24678222,1.49998482733668,1.49998246009611,2.25021714166346,4.50016452225944,0.999999647658744
"2131",16.2544134,1.49998476932314,1.49998234010636,2.25021617601931,4.50016319665026,0.999999647657959
"2132",16.26204458,1.49998471108783,1.49998221967307,2.25021520780669,4.50016186714203,0.999999647657183
"2133",16.26967576,1.4999846526299,1.49998209879538,2.2502142370431,4.50016053374971,0.99999964765639
"2134",16.27730694,1.49998459394851,1.49998197747065,2.25021326368682,4.5001591964236,0.999999647655609
"2135",16.28493812,1.49998453504279,1.49998185569732,2.25021228773347,4.50015785515465,0.999999647654834
"2136",16.2925693,1.49998447591189,1.4999817334745,2.25021130919907,4.50015650995624,0.999999647654043
"2137",16.30020048,1.49998441655495,1.49998161079943,2.25021032803894,4.50015516077539,0.999999647653266
"2138",16.30783166,1.4999843569711,1.49998148767099,2.25020934426341,4.50015380761908,0.999999647652484
"2139",16.31546284,1.49998429715949,1.49998136408727,2.25020835785592,4.50015245046502,0.999999647651703
"2140",16.32309402,1.49998423711923,1.49998124004661,2.25020736880942,4.5001510893012,0.999999647650921
"2141",16.3307252,1.49998417684945,1.49998111554737,2.25020637711535,4.50014972411409,0.999999647650135
"2142",16.33835638,1.49998411634928,1.49998099058732,2.25020538274893,4.50014835487224,0.999999647649358
"2143",16.34598756,1.49998405561783,1.4999808651649,2.25020438570638,4.50014698156724,0.999999647648585
"2144",16.35361874,1.49998399465423,1.49998073927866,2.25020338598698,4.50014560419393,0.999999647647806
"2145",16.36124992,1.49998393345757,1.49998061292693,2.25020238358331,4.50014422273996,0.999999647647019
"2146",16.3688811,1.49998387202698,1.49998048610713,2.25020137845795,4.50014283716013,0.999999647646248
"2147",16.37651228,1.49998381036156,1.49998035881812,2.2502003706235,4.50014144746364,0.999999647645472
"2148",16.38414346,1.49998374846041,1.4999802310581,2.25019936006667,4.50014005363177,0.999999647644692
"2149",16.39177464,1.49998368632263,1.49998010282499,2.25019834677002,4.50013865564089,0.999999647643916
"2150",16.39940582,1.49998362394732,1.49997997411723,2.25019733072879,4.5001372534815,0.999999647643138
"2151",16.407037,1.49998356133356,1.49997984493278,2.25019631192563,4.5001358471302,0.999999647642364
"2152",16.41466818,1.49998349848045,1.49997971527013,2.25019529035934,4.5001344365812,0.999999647641585
"2153",16.42229936,1.49998343538706,1.49997958512714,2.25019426600951,4.5001330218077,0.999999647640809
"2154",16.42993054,1.4999833720525,1.4999794545022,2.25019323887172,4.50013160280042,0.999999647640031
"2155",16.43756172,1.49998330847582,1.49997932339313,2.2501922089247,4.50013017953161,0.999999647639261
"2156",16.4451929,1.4999832446561,1.49997919179839,2.25019117616723,4.50012875199538,0.999999647638488
"2157",16.45282408,1.49998318059242,1.49997905971608,2.25019014058666,4.50012732017339,0.999999647637715
"2158",16.46045526,1.49998311628385,1.4999789271445,2.25018910217715,4.50012588405471,0.999999647636937
"2159",16.46808644,1.49998305172944,1.49997879408138,2.25018806091505,4.50012444360887,0.999999647636165
"2160",16.47571762,1.49998298692826,1.49997866052515,2.25018701679839,4.50012299882922,0.999999647635391
"2161",16.4833488,1.49998292187937,1.49997852647376,2.25018596981112,4.50012154969353,0.999999647634619
"2162",16.49097998,1.49998285658181,1.49997839192545,2.25018491994589,4.50012009618914,0.999999647633846
"2163",16.49861116,1.49998279103463,1.49997825687832,2.25018386719137,4.50011863829908,0.999999647633072
"2164",16.50624234,1.4999827252369,1.49997812133032,2.25018281153173,4.50011717600136,0.9999996476323
"2165",16.51387352,1.49998265918763,1.49997798527969,2.25018175296003,4.50011570928374,0.999999647631527
"2166",16.5215047,1.49998259288588,1.49997784872424,2.25018069145704,4.50011423812043,0.99999964763076
"2167",16.52913588,1.49998252633068,1.49997771166242,2.25017962702305,4.50011276250709,0.999999647629988
"2168",16.53676706,1.49998245952105,1.4999775740923,2.25017855964583,4.50011128242564,0.999999647629212
"2169",16.54439824,1.49998239245604,1.49997743601137,2.2501774892963,4.50010979783955,0.999999647628447
"2170",16.55202942,1.49998232513465,1.49997729741832,2.2501764159837,4.50010830875407,0.999999647627675
"2171",16.5596606,1.49998225755592,1.49997715831079,2.25017533968267,4.50010681513678,0.999999647626908
"2172",16.56729178,1.49998218971885,1.49997701868735,2.2501742603997,4.5001053169899,0.99999964762613
"2173",16.57492296,1.49998212162246,1.49997687854527,2.25017317809753,4.50010381426795,0.999999647625363
"2174",16.58255414,1.49998205326576,1.49997673788306,2.25017209278038,4.50010230697069,0.999999647624594
"2175",16.59018532,1.49998198464775,1.4999765966986,2.25017100443303,4.50010079507655,0.999999647623825
"2176",16.5978165,1.49998191576744,1.49997645499005,2.25016991304752,4.50009927857203,0.999999647623052
"2177",16.60544768,1.49998184662382,1.49997631275514,2.25016881860379,4.50009775743031,0.999999647622284
"2178",16.61307886,1.49998177721588,1.49997616999192,2.25016772109096,4.50009623163458,0.999999647621519
"2179",16.62071004,1.49998170754262,1.49997602669887,2.250166620515,4.50009470118633,0.999999647620741
"2180",16.62834122,1.49998163760302,1.49997588287298,2.25016551683052,4.50009316603109,0.99999964761998
"2181",16.6359724,1.49998156739606,1.49997573851313,2.25016441005555,4.50009162618357,0.999999647619208
"2182",16.64360358,1.49998149692072,1.49997559361696,2.25016330016667,4.50009008161322,0.999999647618436
"2183",16.65123476,1.49998142617598,1.49997544818207,2.25016218714069,4.50008853228969,0.999999647617674
"2184",16.65886594,1.4999813551608,1.49997530220668,2.25016107097568,4.50008697820572,0.999999647616913
"2185",16.66649712,1.49998128387416,1.49997515568903,2.25015995166754,4.50008541935188,0.999999647616144
"2186",16.6741283,1.499981212315,1.49997500862699,2.25015882920235,4.5000838557079,0.999999647615371
"2187",16.68175948,1.4999811404823,1.49997486101815,2.25015770355747,4.50008228724388,0.9999996476146
"2188",16.68939066,1.499981068375,1.49997471286034,2.25015657471752,4.50008071393797,0.999999647613837
"2189",16.69702184,1.49998099599206,1.49997456415175,2.25015544267923,4.50007913578145,0.999999647613071
"2190",16.70465302,1.49998092333243,1.49997441489036,2.25015430743312,4.50007755275879,0.999999647612301
"2191",16.7122842,1.49998085039504,1.49997426507387,2.25015316896028,4.50007596484417,0.999999647611532
"2192",16.71991538,1.49998077717883,1.49997411470013,2.25015202724773,4.50007437201816,0.999999647610764
"2193",16.72754656,1.49998070368274,1.49997396376717,2.25015088228703,4.50007277426644,0.999999647609994
"2194",16.73517774,1.4999806299057,1.49997381227246,2.25014973405237,4.50007117155555,0.999999647609233
"2195",16.74280892,1.49998055584663,1.49997366021439,2.25014858255028,4.50006956388724,0.999999647608464
"2196",16.7504401,1.49998048150446,1.49997350759052,2.250147427756,4.50006795122941,0.999999647607698
"2197",16.75807128,1.4999804068781,1.49997335439879,2.25014626966206,4.50006633356843,0.99999964760693
"2198",16.76570246,1.49998033196647,1.49997320063692,2.25014510825045,4.50006471087941,0.999999647606164
"2199",16.77333364,1.49998025676847,1.49997304630264,2.25014394350678,4.5000630831412,0.999999647605402
"2200",16.78096482,1.49998018128302,1.49997289139427,2.25014277543159,4.50006145034926,0.999999647604631
"2201",16.788596,1.49998010550901,1.49997273590916,2.25014160400103,4.50005981247183,0.999999647603862
"2202",16.79622718,1.49998002944534,1.4999725798451,2.25014042919882,4.50005816948599,0.999999647603097
"2203",16.80385836,1.49997995309091,1.49997242319988,2.25013925101281,4.50005652137292,0.999999647602335
"2204",16.81148954,1.4999798764446,1.49997226597175,2.25013806944486,4.50005486812928,0.999999647601562
"2205",16.81912072,1.49997979950529,1.4999721081578,2.25013688445986,4.50005320971121,0.999999647600799
"2206",16.8267519,1.49997972227187,1.49997194975617,2.2501356960558,4.50005154611112,0.999999647600035
"2207",16.83438308,1.49997964474321,1.49997179076476,2.25013450422533,4.50004987731538,0.999999647599264
"2208",16.84201426,1.49997956691819,1.49997163118109,2.25013330894582,4.50004820329388,0.999999647598495
"2209",16.84964544,1.49997948879566,1.49997147100277,2.25013211020195,4.50004652402415,0.99999964759773
"2210",16.85727662,1.4999794103745,1.49997131022765,2.25013090798298,4.50004483948903,0.999999647596967
"2211",16.8649078,1.49997933165356,1.49997114885374,2.25012970228339,4.50004314967699,0.999999647596197
"2212",16.87253898,1.4999792526317,1.4999709868783,2.25012849307785,4.5000414545545,0.999999647595431
"2213",16.88017016,1.49997917330776,1.49997082429942,2.25012728036267,4.50003975411216,0.999999647594661
"2214",16.88780134,1.4999790936806,1.49997066111463,2.25012606411939,4.50003804832404,0.99999964759389
"2215",16.89543252,1.49997901374904,1.49997049732137,2.25012484432732,4.50003633716184,0.999999647593126
"2216",16.9030637,1.49997893351194,1.49997033291755,2.25012362097932,4.5000346206121,0.999999647592361
"2217",16.91069488,1.49997885296811,1.49997016790097,2.25012239406558,4.50003289865844,0.999999647591593
"2218",16.91832606,1.4999787721164,1.49997000226899,2.25012116356332,4.50003117127017,0.999999647590829
"2219",16.92595724,1.49997869095561,1.49996983601956,2.25011992946719,4.50002943843572,0.999999647590061
"2220",16.93358842,1.49997860948458,1.4999696691502,2.25011869175983,4.50002770013039,0.999999647589293
"2221",16.9412196,1.49997852770211,1.49996950165857,2.25011745042819,4.50002595633405,0.999999647588523
"2222",16.94885078,1.49997844560701,1.49996933354234,2.250116205459,4.50002420702646,0.99999964758775
"2223",16.95648196,1.49997836319809,1.49996916479883,2.25011495682964,4.50002245217693,0.999999647586983
"2224",16.96411314,1.49997828047415,1.49996899542565,2.25011370452525,4.5000206917635,0.999999647586222
"2225",16.97174432,1.49997819743398,1.49996882542113,2.25011244855485,4.50001892579009,0.999999647585445
"2226",16.9793755,1.49997811407638,1.49996865478186,2.25011118887248,4.50001715420057,0.999999647584682
"2227",16.98700668,1.49997803040013,1.49996848350614,2.25010992548733,4.50001537699904,0.999999647583911
"2228",16.99463786,1.49997794640402,1.49996831159115,2.25010865837165,4.50001359414925,0.999999647583144
"2229",17.00226904,1.49997786208682,1.49996813903468,2.25010738751907,4.50001180563824,0.999999647582373
"2230",17.00990022,1.4999777774473,1.49996796583414,2.25010611290965,4.50001001143824,0.999999647581604
"2231",17.0175314,1.49997769248424,1.49996779198706,2.25010483452933,4.50000821152788,0.999999647580835
"2232",17.02516258,1.49997760719639,1.49996761749118,2.25010355236926,4.50000640589144,0.999999647580062
"2233",17.03279376,1.49997752158252,1.49996744234356,2.2501022664007,4.50000459449137,0.999999647579298
"2234",17.04042494,1.49997743564137,1.49996726654235,2.25010097662875,4.50000277732729,0.999999647578524
"2235",17.04805612,1.49997734937171,1.49996709008452,2.25009968302189,4.5000009543585,0.999999647577755
"2236",17.0556873,1.49997726277226,1.49996691296771,2.25009838556941,4.49999912556728,0.999999647576988
"2237",17.06331848,1.49997717584178,1.49996673518953,2.25009708426101,4.49999729093615,0.999999647576218
"2238",17.07094966,1.49997708857899,1.49996655674749,2.2500957790824,4.49999545044332,0.999999647575444
"2239",17.07858084,1.49997700098262,1.49996637763885,2.25009447001194,4.49999360405896,0.999999647574673
"2240",17.08621202,1.49997691305141,1.49996619786128,2.25009315704156,4.49999175176799,0.999999647573898
"2241",17.0938432,1.49997682478406,1.49996601741202,2.25009184014884,4.49998989353971,0.999999647573126
"2242",17.10147438,1.49997673617931,1.49996583628853,2.25009051932065,4.49998802935339,0.999999647572355
"2243",17.10910556,1.49997664723584,1.49996565448841,2.25008919454584,4.49998615919068,0.99999964757158
"2244",17.11673674,1.49997655795238,1.49996547200871,2.2500878657985,4.49998428301683,0.999999647570813
"2245",17.12436792,1.49997646832762,1.49996528884736,2.25008653307914,4.49998240082609,0.999999647570037
"2246",17.1319991,1.49997637836026,1.49996510500157,2.25008519636704,4.49998051258941,0.999999647569257
"2247",17.13963028,1.49997628804898,1.49996492046836,2.25008385563444,4.49997861827009,0.999999647568486
"2248",17.14726146,1.49997619739248,1.49996473524557,2.25008251087993,4.49997671786024,0.99999964756771
"2249",17.15489264,1.49997610638943,1.49996454933012,2.25008116207547,4.49997481132259,0.999999647566941
"2250",17.16252382,1.49997601503851,1.49996436272002,2.25007980922456,4.49997289865465,0.999999647566159
"2251",17.170155,1.49997592333839,1.49996417541194,2.25007845229002,4.49997097980923,0.999999647565386
"2252",17.17778618,1.49997583128773,1.49996398740348,2.25007709126526,4.49996905477261,0.999999647564613
"2253",17.18541736,1.4999757388852,1.49996379869239,2.25007572614713,4.49996712353482,0.999999647563828
"2254",17.19304854,1.49997564612945,1.49996360927511,2.25007435689235,4.49996518604197,0.999999647563056
"2255",17.20067972,1.49997555301912,1.4999634191495,2.25007298350271,4.49996324228936,0.999999647562281
"2256",17.2083109,1.49997545955287,1.49996322831292,2.250071605963,4.49996129225391,0.999999647561502
"2257",17.21594208,1.49997536572933,1.4999630367625,2.25007022425323,4.499959335907,0.999999647560722
"2258",17.22357326,1.49997527154714,1.49996284449542,2.25006883835355,4.49995737322034,0.999999647559945
"2259",17.23120444,1.49997517700493,1.49996265150919,2.25006744825679,4.49995540417928,0.999999647559162
"2260",17.23883562,1.49997508210131,1.49996245780075,2.25006605393538,4.49995342874704,0.999999647558385
"2261",17.2464668,1.49997498683492,1.49996226336769,2.25006465538458,4.49995144691171,0.999999647557601
"2262",17.25409798,1.49997489120436,1.49996206820687,2.25006325257551,4.49994945863494,0.999999647556823
"2263",17.26172916,1.49997479520824,1.49996187231576,2.25006184549996,4.49994746390097,0.999999647556043
"2264",17.26936034,1.49997469884516,1.49996167569155,2.25006043414047,4.49994546268388,0.999999647555261
"2265",17.27699152,1.49997460211372,1.49996147833133,2.25005901847721,4.49994345495511,0.999999647554482
"2266",17.2846227,1.49997450501252,1.49996128023263,2.25005759850423,4.49994144070135,0.999999647553693
"2267",17.29225388,1.49997440754013,1.49996108139228,2.25005617419359,4.49993941988508,0.999999647552907
"2268",17.29988506,1.49997430969515,1.49996088180732,2.25005474552376,4.49993739247595,0.999999647552127
"2269",17.30751624,1.49997421147614,1.49996068147537,2.25005331249357,4.49993535846562,0.999999647551338
"2270",17.31514742,1.49997411288168,1.49996048039286,2.25005187506261,4.49993331780298,0.999999647550564
"2271",17.3227786,1.49997401391033,1.49996027855797,2.25005043324755,4.49993127049925,0.999999647549771
"2272",17.33040978,1.49997391456065,1.49996007596701,2.2500489870055,4.49992921650047,0.999999647548984
"2273",17.33804096,1.49997381483119,1.49995987261718,2.25004753632058,4.49992715578231,0.999999647548203
"2274",17.34567214,1.49997371472051,1.49995966850605,2.25004608119188,4.49992508833666,0.999999647547411
"2275",17.35330332,1.49997361422714,1.49995946363038,2.2500446215918,4.49992301412613,0.999999647546619
"2276",17.3609345,1.49997351334963,1.49995925798696,2.25004315749248,4.49992093311328,0.999999647545836
"2277",17.36856568,1.4999734120865,1.49995905157344,2.25004168889602,4.49991884529311,0.999999647545044
"2278",17.37619686,1.49997331043628,1.49995884438648,2.25004021577122,4.49991675062445,0.999999647544255
"2279",17.38382804,1.4999732083975,1.49995863642324,2.25003873810519,4.49991464908585,0.999999647543466
"2280",17.39145922,1.49997310596865,1.49995842768087,2.25003725588411,4.49991254065499,0.999999647542673
"2281",17.3990904,1.49997300314827,1.49995821815626,2.25003576908422,4.49991042529871,0.999999647541882
"2282",17.40672158,1.49997289993484,1.49995800784654,2.25003427769372,4.49990830299669,0.999999647541086
"2283",17.41435276,1.49997279632687,1.49995779674856,2.25003278168813,4.49990617371491,0.999999647540292
"2284",17.42198394,1.49997269232285,1.49995758485943,2.25003128105453,4.49990403743185,0.999999647539497
"2285",17.42961512,1.49997258792126,1.49995737217592,2.25002977576826,4.49990189411316,0.999999647538705
"2286",17.4372463,1.49997248312059,1.49995715869535,2.2500282658212,4.49989974374262,0.999999647537907
"2287",17.44487748,1.4999723779193,1.49995694441441,2.25002675118926,4.49989758628627,0.99999964753711
"2288",17.45250866,1.49997227231588,1.49995672933025,2.25002523185787,4.49989542172096,0.999999647536309
"2289",17.46013984,1.49997216630877,1.49995651343966,2.25002370780663,4.49989325001668,0.999999647535508
"2290",17.46777102,1.49997205989644,1.4999562967394,2.25002217901118,4.49989107113935,0.99999964753471
"2291",17.4754022,1.49997195307734,1.4999560792265,2.25002064545724,4.49988888506578,0.999999647533914
"2292",17.48303338,1.49997184584992,1.49995586089826,2.25001910713839,4.49988669178142,0.999999647533107
"2293",17.49066456,1.49997173821261,1.49995564175082,2.25001756401367,4.49988449123377,0.999999647532311
"2294",17.49829574,1.49997163016384,1.49995542178175,2.25001601608607,4.49988228341853,0.999999647531504
"2295",17.50592692,1.49997152170205,1.49995520098708,2.25001446331106,4.49988006827925,0.999999647530713
"2296",17.5135581,1.49997141282566,1.49995497936488,2.25001290570711,4.4998778458286,0.9999996475299
"2297",17.52118928,1.49997130353307,1.49995475691113,2.25001134322958,4.4998756160099,0.999999647529092
"2298",17.52882046,1.49997119382271,1.49995453362264,2.25000977585836,4.49987337879347,0.999999647528289
"2299",17.53645164,1.49997108369296,1.49995430949653,2.25000820358565,4.49987113416288,0.99999964752748
"2300",17.54408282,1.49997097314224,1.49995408452942,2.25000662638437,4.49986888208085,0.999999647526674
"2301",17.551714,1.49997086216893,1.49995385871825,2.25000504424236,4.49986662252612,0.999999647525863
"2302",17.55934518,1.49997075077141,1.49995363205981,2.25000345713968,4.49986435546909,0.999999647525049
"2303",17.56697636,1.49997063894807,1.49995340455033,2.25000186504162,4.49986208086375,0.999999647524246
"2304",17.57460754,1.49997052669728,1.49995317618745,2.25000026795467,4.49985979870948,0.999999647523429
"2305",17.58223872,1.49997041401739,1.49995294696744,2.24999866584617,4.49985750896246,0.999999647522612
"2306",17.5898699,1.49997030090678,1.49995271688666,2.24999705868504,4.4998552115807,0.999999647521805
"2307",17.59750108,1.4999701873638,1.49995248594254,2.24999544647401,4.49985290655921,0.999999647520987
"2308",17.60513226,1.49997007338679,1.49995225413133,2.24999382917995,4.4998505938536,0.999999647520172
"2309",17.61276344,1.49996995897409,1.49995202144981,2.24999220678486,4.49984827343623,0.999999647519357
"2310",17.62039462,1.49996984412405,1.49995178789473,2.24999057927181,4.49984594528041,0.999999647518539
"2311",17.6280258,1.49996972883498,1.49995155346283,2.24998894662315,4.49984360935871,0.999999647517718
"2312",17.63565698,1.49996961310521,1.49995131815048,2.24998730881044,4.49984126563179,0.9999996475169
"2313",17.64328816,1.49996949693305,1.49995108195477,2.24998566582761,4.49983891408488,0.999999647516073
"2314",17.65091934,1.49996938031682,1.49995084487192,2.24998401764305,4.49983655467504,0.999999647515247
"2315",17.65855052,1.49996926325482,1.49995060689835,2.24998236422919,4.49983418736392,0.999999647514431
"2316",17.6661817,1.49996914574534,1.49995036803145,2.24998070559056,4.49983181214825,0.999999647513599
"2317",17.67381288,1.49996902778667,1.49995012826696,2.24997904168146,4.49982942896952,0.999999647512778
"2318",17.68144406,1.4999689093771,1.49994988760203,2.24997737249904,4.49982703781638,0.999999647511949
"2319",17.68907524,1.4999687905149,1.49994964603305,2.24997569801654,4.49982463865122,0.999999647511118
"2320",17.69670642,1.49996867119834,1.49994940355626,2.24997401820566,4.49982223143443,0.999999647510295
"2321",17.7043376,1.49996855142569,1.49994916016899,2.24997233306879,4.49981981616044,0.999999647509455
"2322",17.71196878,1.4999684311952,1.49994891586689,2.24997064255993,4.49981739277018,0.999999647508624
"2323",17.71959996,1.49996831050512,1.49994867064686,2.24996894666895,4.49981496124422,0.999999647507792
"2324",17.72723114,1.49996818935369,1.49994842450547,2.24996724537822,4.49981252155465,0.999999647506955
"2325",17.73486232,1.49996806773916,1.49994817743899,2.24996553866064,4.4998100736632,0.999999647506119
"2326",17.7424935,1.49996794565975,1.49994792944394,2.24996382649571,4.49980761753888,0.999999647505285
"2327",17.75012468,1.49996782311369,1.49994768051696,2.24996210886885,4.49980515315708,0.999999647504444
"2328",17.75775586,1.49996770009919,1.49994743065451,2.24996038575942,4.49980268048649,0.999999647503599
"2329",17.76538704,1.49996757661446,1.49994717985248,2.24995865712928,4.49980019947668,0.999999647502764
"2330",17.77301822,1.4999674526577,1.49994692810787,2.24995692297573,4.49979771011596,0.999999647501921
"2331",17.7806494,1.49996732822711,1.49994667541697,2.24995518327376,4.49979521236819,0.999999647501075
"2332",17.78828058,1.49996720332088,1.49994642177616,2.24995343800151,4.4997927062006,0.999999647500225
"2333",17.79591176,1.4999670779372,1.49994616718167,2.24995168713325,4.49979019157623,0.999999647499376
"2334",17.80354294,1.49996695207422,1.49994591162981,2.24994993064563,4.49978766846061,0.999999647498529
"2335",17.81117412,1.49996682573013,1.49994565511708,2.24994816852255,4.49978513682716,0.999999647497679
"2336",17.8188053,1.49996669890309,1.49994539763972,2.24994640073846,4.49978259663902,0.99999964749683
"2337",17.82643648,1.49996657159124,1.49994513919406,2.24994462727237,4.49978004786425,0.99999964749598
"2338",17.83406766,1.49996644379274,1.49994487977665,2.24994284810941,4.49977749047759,0.999999647495123
"2339",17.84169884,1.49996631550573,1.49994461938358,2.24994106322262,4.49977492444037,0.999999647494265
"2340",17.84933002,1.49996618672833,1.4999443580109,2.24993927258179,4.49977234971053,0.999999647493411
"2341",17.8569612,1.49996605745868,1.49994409565538,2.24993747618036,4.49976976627178,0.999999647492548
"2342",17.86459238,1.49996592769489,1.49994383231277,2.24993567398177,4.4997671740749,0.999999647491689
"2343",17.87222356,1.49996579743507,1.49994356797949,2.24993386596834,4.49976457309137,0.99999964749083
"2344",17.87985474,1.49996566667734,1.4999433026519,2.24993205212304,4.49976196329334,0.999999647489965
"2345",17.88748592,1.49996553541977,1.49994303632645,2.24993023242949,4.49975934465369,0.999999647489088
"2346",17.8951171,1.49996540366048,1.49994276899836,2.24992840683725,4.49975671710772,0.999999647488227
"2347",17.90274828,1.49996527139753,1.49994250066477,2.24992657535157,4.49975408065205,0.999999647487355
"2348",17.91037946,1.499965138629,1.4999422313214,2.2499247379368,4.49975143523821,0.999999647486483
"2349",17.91801064,1.49996500535296,1.49994196096429,2.24992289456723,4.49974878082862,0.999999647485615
"2350",17.92564182,1.49996487156746,1.49994168958988,2.24992104522906,4.49974611739881,0.999999647484742
"2351",17.933273,1.49996473727058,1.49994141719419,2.2499191898965,4.49974344491101,0.999999647483866
"2352",17.94090418,1.49996460246034,1.49994114377334,2.24991732854622,4.49974076333029,0.999999647482988
"2353",17.94853536,1.49996446713478,1.49994086932333,2.2499154611532,4.49973807261961,0.999999647482109
"2354",17.95616654,1.49996433129194,1.49994059384035,2.24991358769744,4.49973537274759,0.999999647481226
"2355",17.96379772,1.49996419492984,1.49994031732021,2.24991170814812,4.49973266367077,0.999999647480347
"2356",17.9714289,1.49996405804649,1.49994003975945,2.24990982249694,4.49972994537052,0.999999647479456
"2357",17.97906008,1.49996392063991,1.49993976115326,2.24990793069504,4.49972721778354,0.999999647478579
"2358",17.98669126,1.49996378270809,1.49993948149864,2.24990603274827,4.49972448090668,0.999999647477685
"2359",17.99432244,1.49996364424902,1.49993920079115,2.2499041286201,4.4997217346901,0.999999647476789
"2360",18.00195362,1.49996350526069,1.49993891902644,2.24990221827659,4.4997189790868,0.9999996474759
"2361",18.0095848,1.49996336574108,1.49993863620094,2.24990030170809,4.49971621407643,0.999999647475003
"2362",18.01721598,1.49996322568815,1.49993835231013,2.24989837887623,4.49971343960704,0.999999647474114
"2363",18.02484716,1.49996308509987,1.49993806735081,2.24989644978305,4.49971065567113,0.999999647473205
"2364",18.03247834,1.49996294397419,1.4999377813178,2.24989451437096,4.49970786219553,0.999999647472311
"2365",18.04010952,1.49996280230906,1.49993749420777,2.24989257263872,4.499705059169,0.999999647471408
"2366",18.0477407,1.49996266010241,1.4999372060165,2.24989062455906,4.49970224655164,0.999999647470499
"2367",18.05537188,1.49996251735218,1.49993691673957,2.24988867009844,4.49969942429666,0.999999647469594
"2368",18.06300306,1.49996237405629,1.49993662637287,2.24988670923375,4.49969659236857,0.99999964746869
"2369",18.07063424,1.49996223021265,1.49993633491263,2.2498847419519,4.49969375074302,0.999999647467777
"2370",18.07826542,1.49996208581917,1.49993604235452,2.24988276822321,4.49969089937735,0.999999647466858
"2371",18.0858966,1.49996194087374,1.49993574869383,2.24988078800754,4.49968803821726,0.99999964746595
"2372",18.09352778,1.49996179537426,1.4999354539271,2.24987880130218,4.49968516724968,0.999999647465031
"2373",18.10115896,1.49996164931862,1.4999351580494,2.24987680806127,4.49968228641396,0.99999964746412
"2374",18.10879014,1.49996150270467,1.49993486105725,2.24987480828134,4.49967939569618,0.999999647463197
"2375",18.11642132,1.4999613555303,1.49993456294618,2.24987280193146,4.499676495052,0.999999647462267
"2376",18.1240525,1.49996120779336,1.49993426371128,2.24987078896801,4.49967358442312,0.999999647461348
"2377",18.13168368,1.49996105949169,1.49993396334916,2.24986876939173,4.49967066380006,0.999999647460414
"2378",18.13931486,1.49996091062314,1.49993366185491,2.24986674315846,4.49966773312394,0.999999647459485
"2379",18.14694604,1.49996076118555,1.4999333592244,2.24986471024835,4.49966479236255,0.999999647458553
"2380",18.15457722,1.49996061117673,1.49993305545331,2.24986267063786,4.49966184147937,0.999999647457617
"2381",18.1622084,1.49996046059451,1.49993275053732,2.2498606243006,4.49965888043506,0.999999647456678
"2382",18.16983958,1.49996030943669,1.49993244447198,2.24985857120797,4.49965590918764,0.999999647455738
"2383",18.17747076,1.49996015770108,1.49993213725299,2.24985651133789,4.49965292770222,0.999999647454794
"2384",18.18510194,1.49996000538546,1.49993182887582,2.24985444466001,4.49964993593478,0.999999647453849
"2385",18.19273312,1.49995985248762,1.49993151933606,2.24985237114858,4.49964693384635,0.999999647452903
"2386",18.2003643,1.49995969900533,1.4999312086292,2.24985029077449,4.49964392139435,0.99999964745196
"2387",18.20799548,1.49995954493636,1.499930896751,2.24984820351793,4.49964089854618,0.999999647451011
"2388",18.21562666,1.49995939027847,1.49993058369726,2.24984610936139,4.4996378652718,0.999999647450049
"2389",18.22325784,1.4999592350294,1.49993026946296,2.24984400826099,4.49963482151222,0.999999647449091
"2390",18.23088902,1.4999590791869,1.49992995404351,2.24984190018863,4.49963176722559,0.999999647448138
"2391",18.2385202,1.4999589227487,1.49992963743486,2.24983978513184,4.49962870238732,0.999999647447176
"2392",18.24615138,1.49995876571252,1.49992931963233,2.24983766305864,4.49962562695134,0.999999647446209
"2393",18.25378256,1.49995860807607,1.49992900063142,2.24983553394356,4.49962254087873,0.999999647445237
"2394",18.26141374,1.49995844983707,1.49992868042717,2.24983339774896,4.49961944411696,0.99999964744427
"2395",18.26904492,1.49995829099321,1.49992835901545,2.24983125446078,4.49961633663955,0.999999647443294
"2396",18.2766761,1.49995813154217,1.49992803639122,2.24982910403951,4.49961321839195,0.999999647442323
"2397",18.28430728,1.49995797148164,1.49992771255022,2.24982694646758,4.49961008934372,0.999999647441346
"2398",18.29193846,1.49995781080928,1.49992738748781,2.2498247817187,4.49960694945471,0.999999647440361
"2399",18.29956964,1.49995764952276,1.49992706119902,2.24982260975597,4.49960379867311,0.999999647439379
"2400",18.30720082,1.49995748761974,1.49992673367931,2.24982043055542,4.4996006369613,0.999999647438395
"2401",18.314832,1.49995732509785,1.49992640492431,2.24981824409903,4.49959746428819,0.9999996474374
"2402",18.32246318,1.49995716195473,1.4999260749288,2.24981605034364,4.49959428059494,0.999999647436409
"2403",18.33009436,1.499956998188,1.49992574368815,2.249813849265,4.49959108584344,0.999999647435418
"2404",18.33772554,1.49995683379528,1.49992541119798,2.24981164084586,4.49958788000328,0.999999647434416
"2405",18.34535672,1.49995666877419,1.49992507745302,2.24980942504274,4.49958466301518,0.999999647433419
"2406",18.3529879,1.49995650312231,1.49992474244892,2.24980720184053,4.49958143485099,0.999999647432412
"2407",18.36061908,1.49995633683724,1.4999244061804,2.24980497119666,4.49957819545228,0.999999647431412
"2408",18.36825026,1.49995616991655,1.4999240686432,2.24980273310003,4.49957494479521,0.999999647430399
"2409",18.37588144,1.49995600235782,1.49992372983205,2.24980048750796,4.49957168282125,0.999999647429388
"2410",18.38351262,1.49995583415861,1.49992338974241,2.24979823440179,4.49956840949815,0.999999647428368
"2411",18.3911438,1.49995566531648,1.49992304836911,2.24979597374406,4.49956512477293,0.99999964742735
"2412",18.39877498,1.49995549582895,1.49992270570732,2.24979370550797,4.49956182860432,0.999999647426329
"2413",18.40640616,1.49995532569357,1.49992236175218,2.24979142966665,4.49955852095088,0.999999647425304
"2414",18.41403734,1.49995515490786,1.49992201649886,2.24978914619275,4.49955520177077,0.999999647424273
"2415",18.42166852,1.49995498346934,1.49992166994215,2.24978685505074,4.49955187101279,0.999999647423243
"2416",18.4292997,1.49995481137551,1.49992132207728,2.24978455621542,4.49954852863748,0.999999647422209
"2417",18.43693088,1.49995463862386,1.49992097289926,2.24978224965894,4.49954517460199,0.999999647421168
"2418",18.44456206,1.49995446521189,1.49992062240303,2.24977993534943,4.49954180885931,0.999999647420124
"2419",18.45219324,1.49995429113706,1.49992027058329,2.24977761324979,4.49953843135643,0.999999647419085
"2420",18.45982442,1.49995411639684,1.4999199174356,2.24977528334772,4.49953504206774,0.999999647418031
"2421",18.4674556,1.4999539409887,1.49991956295426,2.2497729455948,4.49953164092771,0.999999647416982
"2422",18.47508678,1.49995376491008,1.49991920713454,2.24977059997095,4.49952822790206,0.999999647415929
"2423",18.48271796,1.49995358815841,1.49991884997122,2.24976824644278,4.49952480294176,0.999999647414872
"2424",18.49034914,1.49995341073113,1.49991849145939,2.24976588498762,4.49952136600943,0.999999647413806
"2425",18.49798032,1.49995323262564,1.49991813159351,2.24976351556167,4.49951791704465,0.999999647412743
"2426",18.5056115,1.49995305383937,1.49991777036861,2.24976113814119,4.49951445600872,0.999999647411677
"2427",18.51324268,1.4999528743697,1.49991740777987,2.24975875270588,4.49951098286697,0.999999647410598
"2428",18.52087386,1.49995269421403,1.4999170438213,2.24975635920261,4.49950749754824,0.999999647409527
"2429",18.52850504,1.49995251336974,1.49991667848843,2.24975395762151,4.49950400002928,0.999999647408443
"2430",18.53613622,1.49995233183418,1.49991631177556,2.24975154791881,4.49950049024921,0.99999964740736
"2431",18.5437674,1.49995214960473,1.49991594367744,2.24974913006448,4.49949696816226,0.999999647406277
"2432",18.55139858,1.49995196667872,1.49991557418921,2.24974670403784,4.49949343373317,0.999999647405181
"2433",18.55902976,1.4999517830535,1.499915203305,2.2497442697931,4.49948988689858,0.999999647404089
"2434",18.56666094,1.49995159872639,1.4999148310198,2.24974182730757,4.49948632762074,0.999999647402991
"2435",18.57429212,1.49995141369472,1.4999144573282,2.24973937654607,4.49948275584822,0.999999647401892
"2436",18.5819233,1.49995122795578,1.49991408222499,2.24973691748342,4.49947917154026,0.999999647400783
"2437",18.58955448,1.49995104150688,1.49991370570442,2.24973445007649,4.49947557463646,0.999999647399677
"2438",18.59718566,1.4999508543453,1.49991332776149,2.24973197430508,4.49947196510161,0.999999647398561
"2439",18.60481684,1.49995066646831,1.4999129483905,2.24972949012935,4.49946834287884,0.999999647397444
"2440",18.61244802,1.49995047787319,1.49991256758605,2.24972699751805,4.49946470792063,0.999999647396324
"2441",18.6200792,1.49995028855719,1.49991218534292,2.24972449644674,4.49946106018693,0.999999647395194
"2442",18.62771038,1.49995009851756,1.4999118016552,2.24972198687052,4.49945739961506,0.999999647394066
"2443",18.63534156,1.49994990775152,1.49991141651784,2.24971946877023,4.49945372617078,0.999999647392927
"2444",18.64297274,1.4999497162563,1.49991102992488,2.24971694210039,4.4994500397907,0.999999647391789
"2445",18.65060392,1.49994952402912,1.49991064187077,2.24971440682876,4.49944634042595,0.999999647390653
"2446",18.6582351,1.49994933106718,1.49991025235039,2.24971186293547,4.49944262804128,0.999999647389503
"2447",18.66586628,1.49994913736767,1.49990986135779,2.24970931037751,4.49943890257586,0.999999647388351
"2448",18.67349746,1.49994894292777,1.49990946888723,2.24970674911751,4.49943516397509,0.999999647387201
"2449",18.68112864,1.49994874774465,1.49990907493363,2.24970417913784,4.4994314122061,0.999999647386038
"2450",18.68875982,1.49994855181547,1.49990867949073,2.24970160038914,4.49942764720077,0.999999647384876
"2451",18.696391,1.49994835513738,1.49990828255308,2.24969901284452,4.49942386891585,0.99999964738371
"2452",18.70402218,1.49994815770751,1.49990788411523,2.24969641647525,4.49942007730627,0.999999647382533
"2453",18.71165336,1.499947959523,1.49990748417105,2.24969381123837,4.4994162723107,0.999999647381357
"2454",18.71928454,1.49994776058097,1.49990708271496,2.2496911971037,4.49941245388221,0.999999647380176
"2455",18.72691572,1.4999475608785,1.49990667974118,2.24968857403696,4.49940862196917,0.999999647378991
"2456",18.7345469,1.49994736041271,1.49990627524407,2.24968594200771,4.49940477652424,0.999999647377798
"2457",18.74217808,1.49994715918066,1.49990586921747,2.2496833009723,4.49940091748532,0.999999647376607
"2458",18.74980926,1.49994695717944,1.49990546165599,2.24968065090954,4.49939704481501,0.999999647375404
"2459",18.75744044,1.4999467544061,1.49990505255341,2.24967799177288,4.49939315844813,0.999999647374201
"2460",18.76507162,1.4999465508577,1.49990464190407,2.24967532353564,4.49938925834101,0.999999647372989
"2461",18.7727028,1.49994634653126,1.49990422970202,2.24967264615982,4.49938534443782,0.999999647371773
"2462",18.78033398,1.49994614142383,1.49990381594118,2.24966995960738,4.49938141668228,0.999999647370556
"2463",18.78796516,1.4999459355324,1.49990340061587,2.24966726385019,4.49937747502925,0.999999647369329
"2464",18.79559634,1.49994572885399,1.49990298371971,2.2496645588411,4.49937351941238,0.999999647368106
"2465",18.80322752,1.49994552138559,1.4999025652471,2.24966184455636,4.49936954979119,0.999999647366874
"2466",18.8108587,1.49994531312417,1.49990214519206,2.24965912096154,4.49936556611328,0.999999647365632
"2467",18.81848988,1.49994510406672,1.4999017235482,2.24965638801004,4.4993615683129,0.999999647364392
"2468",18.82612106,1.49994489421018,1.49990130030972,2.24965364567495,4.49935755634575,0.999999647363144
"2469",18.83375224,1.4999446835515,1.49990087547072,2.24965089392406,4.49935353016189,0.999999647361884
"2470",18.84138342,1.49994447208762,1.49990044902465,2.24964813270956,4.4993494896939,0.999999647360626
"2471",18.8490146,1.49994425981546,1.49990002096544,2.2496453619969,4.49934543488903,0.999999647359366
"2472",18.85664578,1.49994404673193,1.49989959128746,2.24964258176476,4.49934136570904,0.999999647358088
"2473",18.86427696,1.49994383283393,1.49989915998376,2.24963979195392,4.4993372820739,0.99999964735682
"2474",18.87190814,1.49994361811834,1.49989872704865,2.24963699254339,4.49933318394555,0.999999647355541
"2475",18.87953932,1.49994340258205,1.49989829247584,2.24963418349394,4.49932907126588,0.999999647354256
"2476",18.8871705,1.49994318622191,1.49989785625896,2.24963136476509,4.4993249439753,0.999999647352967
"2477",18.89480168,1.49994296903478,1.49989741839187,2.24962853632394,4.49932080202252,0.999999647351672
"2478",18.90243286,1.49994275101749,1.49989697886824,2.24962569813258,4.49931664535065,0.999999647350369
"2479",18.91006404,1.49994253216688,1.49989653768168,2.2496228501508,4.49931247390028,0.999999647349064
"2480",18.91769522,1.49994231247976,1.49989609482596,2.24961999234514,4.4993082876193,0.999999647347751
"2481",18.9253264,1.49994209195293,1.49989565029479,2.24961712468025,4.49930408645347,0.999999647346427
"2482",18.93295758,1.49994187058319,1.49989520408134,2.24961424710516,4.49929987033135,0.999999647345108
"2483",18.94058876,1.4999416483673,1.49989475617974,2.24961135959878,4.49929563921427,0.999999647343776
"2484",18.94821994,1.49994142530205,1.49989430658326,2.24960846211373,4.4992913930346,0.999999647342439
"2485",18.95585112,1.49994120138417,1.49989385528542,2.24960555461206,4.49928713173501,0.999999647341098
"2486",18.9634823,1.49994097661042,1.49989340227971,2.24960263705443,4.49928285525662,0.999999647339755
"2487",18.97111348,1.49994075097752,1.4998929475599,2.24959970941157,4.49927856355149,0.999999647338398
"2488",18.97874466,1.4999405244822,1.49989249111906,2.24959677163273,4.49927425654806,0.999999647337043
"2489",18.98637584,1.49994029712114,1.49989203295097,2.2495938236891,4.49926993419888,0.999999647335677
"2490",18.99400702,1.49994006889105,1.49989157304877,2.24959086553433,4.49926559643703,0.999999647334309
"2491",19.0016382,1.49993983978861,1.49989111140617,2.24958789713984,4.49926124321507,0.999999647332926
"2492",19.00926938,1.49993960981047,1.49989064801615,2.24958491845266,4.49925687445897,0.999999647331546
"2493",19.01690056,1.4999393789533,1.49989018287228,2.24958192944266,4.49925249011931,0.999999647330157
"2494",19.02453174,1.49993914721373,1.49988971596773,2.24957893006531,4.49924809013105,0.999999647328765
"2495",19.03216292,1.49993891458839,1.49988924729599,2.24957592028773,4.49924367444187,0.999999647327363
"2496",19.0397941,1.4999386810739,1.49988877685027,2.24957290006864,4.49923924299005,0.999999647325951
"2497",19.04742528,1.49993844666686,1.49988830462368,2.24956986936401,4.49923479571092,0.999999647324535
"2498",19.05505646,1.49993821136385,1.49988783060964,2.2495668281395,4.49923033255038,0.999999647323109
"2499",19.06268764,1.49993797516146,1.49988735480081,2.24956377634088,4.49922585343227,0.999999647321689
"2500",19.07031882,1.49993773805625,1.49988687719097,2.24956071394544,4.49922135831512,0.999999647320253
"2501",19.07795,1.49993750004476,1.49988639777303,2.24955764090622,4.49921684713076,0.999999647318811
"2502",19.08558118,1.49993726112354,1.49988591654002,2.24955455718141,4.4992123198165,0.999999647317361
"2503",19.09321236,1.4999370212891,1.49988543348492,2.24955146272521,4.49920777630547,0.999999647315912
"2504",19.10084354,1.49993678053796,1.49988494860102,2.24954835750568,4.49920321654555,0.999999647314452
"2505",19.10847472,1.49993653886661,1.49988446188128,2.24954524147936,4.49919864047226,0.999999647312983
"2506",19.1161059,1.49993629627153,1.49988397331866,2.24954211460307,4.49919404802125,0.99999964731151
"2507",19.12373708,1.49993605274921,1.49988348290615,2.24953897683636,4.49918943913105,0.999999647310028
"2508",19.13136826,1.49993580829608,1.49988299063673,2.24953582813895,4.49918481374032,0.999999647308539
"2509",19.13899944,1.49993556290861,1.49988249650335,2.24953266847001,4.49918017178714,0.99999964730704
"2510",19.14663062,1.4999353165832,1.49988200049869,2.24952949778092,4.49917551320087,0.999999647305539
"2511",19.1542618,1.49993506931629,1.49988150261583,2.24952631603681,4.49917083792593,0.999999647304027
"2512",19.16189298,1.49993482110427,1.49988100284746,2.24952312319075,4.49916614589345,0.999999647302511
"2513",19.16952416,1.49993457194353,1.4998805011866,2.24951991920684,4.49916143704661,0.999999647300983
"2514",19.17715534,1.49993432183045,1.49987999762562,2.24951670402931,4.49915671130673,0.999999647299459
"2515",19.18478652,1.49993407076138,1.49987949215789,2.24951347763495,4.49915196863077,0.999999647297915
"2516",19.1924177,1.49993381873268,1.49987898477566,2.24951023996604,4.4991472089377,0.999999647296368
"2517",19.20004888,1.49993356574067,1.49987847547166,2.24950699098128,4.49914243216446,0.999999647294818
"2518",19.20768006,1.49993331178167,1.49987796423889,2.24950373064631,4.49913763825569,0.999999647293253
"2519",19.21531124,1.49993305685199,1.49987745106988,2.24950045891521,4.4991328271431,0.999999647291676
"2520",19.22294242,1.49993280094792,1.49987693595675,2.24949717572912,4.49912799874413,0.999999647290107
"2521",19.2305736,1.49993254406574,1.49987641889268,2.24949388106296,4.49912315301328,0.999999647288522
"2522",19.23820478,1.4999322862017,1.49987589987006,2.24949057486668,4.49911828987771,0.999999647286929
"2523",19.24583596,1.49993202735206,1.49987537888137,2.24948725709498,4.4991134092695,0.99999964728533
"2524",19.25346714,1.49993176751305,1.49987485591924,2.2494839277084,4.49910851112717,0.999999647283719
"2525",19.26109832,1.49993150668089,1.49987433097591,2.24948058665527,4.49910359537571,0.999999647282105
"2526",19.2687295,1.49993124485178,1.49987380404413,2.24947723390004,4.49909866195786,0.999999647280476
"2527",19.27636068,1.49993098202191,1.49987327511613,2.24947386939153,4.49909371079912,0.999999647278843
"2528",19.28399186,1.49993071818746,1.49987274418426,2.24947049308535,4.49908874183216,0.999999647277202
"2529",19.29162304,1.49993045334459,1.49987221124086,2.24946710493577,4.49908375498831,0.999999647275555
"2530",19.29925422,1.49993018748945,1.49987167627844,2.2494637049019,4.4990787502042,0.999999647273899
"2531",19.3068854,1.49992992061817,1.4998711392893,2.24946029293966,4.49907372741263,0.999999647272228
"2532",19.31451658,1.49992965272685,1.49987060026553,2.24945686899706,4.49906868653793,0.999999647270555
"2533",19.32214776,1.49992938381162,1.49987005919951,2.24945343303321,4.49906362751636,0.999999647268871
"2534",19.32977894,1.49992911386855,1.4998695160833,2.24944998499754,4.49905855027349,0.999999647267182
"2535",19.33741012,1.49992884289371,1.49986897090933,2.24944652485233,4.49905345474894,0.999999647265478
"2536",19.3450413,1.49992857088317,1.49986842366928,2.249443052536,4.49904834085617,0.99999964726378
"2537",19.35267248,1.49992829783297,1.49986787435592,2.24943956802123,4.49904320854617,0.999999647262062
"2538",19.36030366,1.49992802373912,1.49986732296116,2.24943607125745,4.49903805774413,0.999999647260329
"2539",19.36793484,1.49992774859765,1.49986676947679,2.24943256218861,4.49903288836935,0.999999647258594
"2540",19.37556602,1.49992747240455,1.49986621389491,2.24942904077082,4.49902770035426,0.999999647256853
"2541",19.3831972,1.4999271951558,1.49986565620781,2.2494255069654,4.49902249363708,0.999999647255094
"2542",19.39082838,1.49992691684737,1.49986509640707,2.24942196071264,4.49901726813284,0.999999647253336
"2543",19.39845956,1.49992663747521,1.49986453448505,2.24941840197799,4.49901202378405,0.999999647251559
"2544",19.40609074,1.49992635703525,1.49986397043318,2.24941483069983,4.49900676050341,0.999999647249783
"2545",19.41372192,1.49992607552342,1.4998634042439,2.24941124684687,4.49900147823698,0.999999647247986
"2546",19.4213531,1.49992579293561,1.49986283590843,2.24940765035223,4.4989961768915,0.999999647246194
"2547",19.42898428,1.49992550926771,1.49986226541936,2.24940404119081,4.49899085641969,0.999999647244376
"2548",19.43661546,1.49992522451561,1.49986169276765,2.24940041929085,4.49898551672269,0.999999647242561
"2549",19.44424664,1.49992493867515,1.49986111794569,2.24939678462047,4.49898015774576,0.99999964724073
"2550",19.45187782,1.49992465174217,1.49986054094479,2.24939313712095,4.49897477940416,0.999999647238894
"2551",19.459509,1.49992436371251,1.49985996175707,2.24938947675494,4.49896938163686,0.999999647237039
"2552",19.46714018,1.49992407458197,1.4998593803737,2.24938580345848,4.49896396435346,0.999999647235185
"2553",19.47477136,1.49992378434634,1.49985879678658,2.24938211719187,4.49895852748994,0.999999647233319
"2554",19.48240254,1.4999234930014,1.49985821098744,2.24937841790762,4.49895307097405,0.999999647231439
"2555",19.49003372,1.49992320054291,1.4998576229676,2.24937470555032,4.49894759472433,0.999999647229551
"2556",19.4976649,1.49992290696661,1.49985703271903,2.24937098008323,4.49894209867996,0.99999964722764
"2557",19.50529608,1.49992261226824,1.49985644023255,2.24936724143483,4.49893658274187,0.999999647225733
"2558",19.51292726,1.49992231644351,1.49985584549965,2.24936348955749,4.49893104683695,0.999999647223827
"2559",19.52055844,1.49992201948811,1.49985524851269,2.24935972442549,4.49892549091654,0.99999964722189
"2560",19.52818962,1.49992172139773,1.49985464926228,2.24935594596778,4.49891991488147,0.999999647219949
"2561",19.5358208,1.49992142216802,1.49985404773995,2.24935215413653,4.49891431865843,0.999999647217999
"2562",19.54345198,1.49992112179463,1.49985344393716,2.24934834888497,4.49890870217512,0.999999647216037
"2563",19.55108316,1.49992082027319,1.49985283784491,2.24934453015345,4.49890306534488,0.999999647214071
"2564",19.55871434,1.49992051759931,1.49985222945513,2.24934069790854,4.49889740811007,0.999999647212081
"2565",19.56634552,1.4999202137686,1.49985161875849,2.24933685208349,4.49889173037594,0.999999647210085
"2566",19.5739767,1.49991990877662,1.49985100574631,2.24933299262954,4.49888603206776,0.999999647208079
"2567",19.58160788,1.49991960261895,1.49985039040992,2.24932911949994,4.49888031311274,0.999999647206057
"2568",19.58923906,1.49991929529112,1.49984977274002,2.24932523262781,4.49887457341611,0.999999647204038
"2569",19.59687024,1.49991898678867,1.49984915272853,2.24932133198648,4.49886881292697,0.99999964720199
"2570",19.60450142,1.49991867710711,1.49984853036577,2.24931741750221,4.49886303154258,0.999999647199938
"2571",19.6121326,1.49991836624193,1.49984790564269,2.24931348911778,4.49885722917855,0.999999647197891
"2572",19.61976378,1.49991805418861,1.49984727855126,2.24930954680951,4.49885140578714,0.99999964719581
"2573",19.62739496,1.49991774094261,1.49984664908168,2.24930559050187,4.49884556126342,0.999999647193723
"2574",19.63502614,1.49991742649937,1.49984601722508,2.24930162014746,4.49883969553338,0.999999647191624
"2575",19.64265732,1.49991711085432,1.49984538297229,2.24929763569114,4.49883380851443,0.999999647189514
"2576",19.6502885,1.49991679400286,1.49984474631412,2.24929363707661,4.49882790012269,0.999999647187397
"2577",19.65791968,1.49991647594039,1.49984410724159,2.24928962425654,4.49882197028387,0.999999647185265
"2578",19.66555086,1.49991615666227,1.49984346574536,2.24928559717189,4.49881601891095,0.999999647183124
"2579",19.67318204,1.49991583616387,1.49984282181659,2.24928155578029,4.49881004593503,0.999999647180959
"2580",19.68081322,1.49991551444052,1.49984217544542,2.24927750001124,4.4988040512561,0.99999964717879
"2581",19.6884444,1.49991519148753,1.4998415266228,2.24927342981694,4.49879803479916,0.999999647176609
"2582",19.69607558,1.49991486730021,1.49984087533951,2.24926934514577,4.49879199648496,0.999999647174411
"2583",19.70370676,1.49991454187385,1.49984022158591,2.24926524593572,4.49878593622261,0.999999647172206
"2584",19.71133794,1.4999142152037,1.4998395653528,2.24926113213697,4.49877985393463,0.999999647169986
"2585",19.71896912,1.49991388728502,1.49983890663075,2.24925700369619,4.49877374953952,0.999999647167749
"2586",19.7266003,1.49991355811304,1.49983824541009,2.24925286055031,4.49876762294512,0.999999647165505
"2587",19.73423148,1.49991322768296,1.49983758168149,2.24924870265028,4.49876147407447,0.999999647163244
"2588",19.74186266,1.49991289598998,1.49983691543512,2.24924452993291,4.49875530283486,0.999999647160975
"2589",19.74949384,1.49991256302928,1.49983624666173,2.24924034235003,4.49874910915038,0.999999647158688
"2590",19.75712502,1.499912228796,1.49983557535142,2.24923613983975,4.49874289292947,0.99999964715639
"2591",19.7647562,1.49991189328529,1.4998349014947,2.24923192234744,4.49873665408907,0.99999964715408
"2592",19.77238738,1.49991155649226,1.49983422508187,2.2492276898185,4.49873039254542,0.999999647151752
"2593",19.78001856,1.49991121841202,1.49983354610297,2.24922344218958,4.49872410820539,0.999999647149416
"2594",19.78764974,1.49991087903965,1.49983286454851,2.24921917941089,4.49871780099069,0.999999647147061
"2595",19.79528092,1.4999105383702,1.49983218040841,2.24921490141733,4.49871147080598,0.999999647144697
"2596",19.8029121,1.49991019639873,1.49983149367294,2.2492106081548,4.49870511756801,0.99999964714232
"2597",19.81054328,1.49990985312026,1.49983080433241,2.24920629957156,4.49869874119597,0.999999647139921
"2598",19.81817446,1.49990950852979,1.49983011237658,2.24920197559954,4.49869234159107,0.999999647137513
"2599",19.82580564,1.49990916262232,1.4998294177957,2.24919763618616,4.49868591867155,0.999999647135091
"2600",19.83343682,1.4999088153928,1.49982872057958,2.24919328126966,4.49867947234504,0.999999647132653
"2601",19.841068,1.49990846683619,1.49982802071838,2.24918891079418,4.49867300252619,0.999999647130202
"2602",19.84869918,1.49990811694741,1.49982731820186,2.24918452469794,4.49866650912253,0.999999647127737
"2603",19.85633036,1.49990776572138,1.49982661302014,2.24918012292768,4.49865999205116,0.999999647125251
"2604",19.86396154,1.49990741315299,1.49982590516257,2.24917570541024,4.49865345120695,0.999999647122762
"2605",19.87159272,1.4999070592371,1.49982519461958,2.24917127210371,4.49864688651936,0.999999647120247
"2606",19.8792239,1.49990670396858,1.49982448138053,2.24916682293623,4.49864029788461,0.999999647117721
"2607",19.88685508,1.49990634734224,1.49982376543516,2.24916235784807,4.49863368521216,0.999999647115183
"2608",19.89448626,1.4999059893529,1.49982304677335,2.24915787678485,4.49862704841733,0.999999647112626
"2609",19.90211744,1.49990562999536,1.49982232538483,2.2491533796861,4.49862038740885,0.999999647110051
"2610",19.90974862,1.49990526926439,1.49982160125891,2.24914886648568,4.49861370208854,0.999999647107461
"2611",19.9173798,1.49990490715473,1.49982087438523,2.24914433712111,4.49860699236278,0.999999647104863
"2612",19.92501098,1.49990454366112,1.49982014475344,2.24913979153706,4.49860025814528,0.999999647102244
"2613",19.93264216,1.49990417877828,1.49981941235303,2.24913522967128,4.49859349934227,0.999999647099608
"2614",19.94027334,1.49990381250089,1.49981867717344,2.24913065146126,4.49858671585955,0.999999647096956
"2615",19.94790452,1.49990344482363,1.49981793920379,2.24912605683662,4.49857990759413,0.999999647094296
"2616",19.9555357,1.49990307574114,1.49981719843403,2.24912144575184,4.49857307447034,0.99999964709161
"2617",19.96316688,1.49990270524806,1.49981645485315,2.24911681813507,4.49856621638335,0.999999647088907
"2618",19.97079806,1.499902333339,1.4998157084504,2.24911217392233,4.49855933323692,0.999999647086191
"2619",19.97842924,1.49990196000855,1.49981495921514,2.24910751305339,4.49855242493892,0.999999647083457
"2620",19.98606042,1.49990158525127,1.49981420713644,2.24910283546179,4.4985454913901,0.99999964708071
"2621",19.9936916,1.49990120906172,1.49981345220372,2.24909814109048,4.49853853250172,0.999999647077941
"2622",20.00132278,1.49990083143442,1.4998126944057,2.24909342986558,4.49853154816606,0.999999647075163
"2623",20.00895396,1.49990045236388,1.4998119337321,2.24908870173972,4.49852453830495,0.999999647072356
"2624",20.01658514,1.49990007184459,1.49981117017126,2.24908395663034,4.49851750280083,0.999999647069543
"2625",20.02421632,1.499899689871,1.49981040371266,2.24907919448613,4.49851044157085,0.999999647066706
"2626",20.0318475,1.49989930643757,1.49980963434527,2.24907441524022,4.49850335451512,0.999999647063852
"2627",20.03947868,1.49989892153871,1.49980886205774,2.24906961882377,4.49849624153071,0.999999647060981
"2628",20.04710986,1.49989853516883,1.49980808683899,2.24906480517223,4.49848910251987,0.999999647058095
"2629",20.05474104,1.4998981473223,1.49980730867799,2.2490599742224,4.49848193738632,0.99999964705519
"2630",20.06237222,1.49989775799349,1.49980652756358,2.2490551259117,4.49847474603401,0.999999647052263
"2631",20.0700034,1.49989736717673,1.49980574348427,2.24905026016714,4.49846752835553,0.999999647049323
"2632",20.07763458,1.49989697486633,1.49980495642895,2.24904537692777,4.49846028425661,0.999999647046364
"2633",20.08526576,1.49989658105659,1.49980416638647,2.24904047613302,4.49845301364324,0.999999647043377
"2634",20.09289694,1.49989618574177,1.4998033733449,2.24903555769974,4.49844571639648,0.999999647040385
"2635",20.10052812,1.49989578891614,1.49980257729332,2.24903062157647,4.49843839243216,0.999999647037367
"2636",20.1081593,1.49989539057391,1.49980177822011,2.24902566769061,4.49843104164283,0.999999647034331
"2637",20.11579048,1.4998949907093,1.49980097611375,2.2490206959756,4.49842366392734,0.999999647031276
"2638",20.12342166,1.49989458931648,1.49980017096261,2.24901570636134,4.49841625918081,0.999999647028204
"2639",20.13105284,1.49989418638961,1.49979936275527,2.24901069878512,4.49840882730623,0.99999964702511
"2640",20.13868402,1.49989378192284,1.49979855147998,2.24900567317586,4.49840136819731,0.999999647021997
"2641",20.1463152,1.49989337591028,1.499797737125,2.24900062946397,4.49839388174926,0.999999647018866
"2642",20.15394638,1.49989296834603,1.49979691967882,2.24899556758601,4.49838636786407,0.999999647015712
"2643",20.16157756,1.49989255922415,1.49979609912948,2.24899048746941,4.49837882643343,0.999999647012539
"2644",20.16920874,1.4998921485387,1.49979527546538,2.24898538905004,4.49837125735831,0.99999964700934
"2645",20.17683992,1.4998917362837,1.49979444867416,2.24898027224539,4.49836366051922,0.999999647006132
"2646",20.1844711,1.49989132245316,1.4997936187446,2.24897513700516,4.49835603583219,0.999999647002891
"2647",20.19210228,1.49989090704105,1.49979278566396,2.24896998323735,4.49834838316701,0.999999646999646
"2648",20.19973346,1.49989049004134,1.49979194942099,2.24896481089282,4.49834070244084,0.999999646996368
"2649",20.20736464,1.49989007144795,1.49979111000334,2.24895961989229,4.49833299353734,0.99999964699307
"2650",20.21499582,1.4998896512548,1.49979026739892,2.24895441016614,4.49832525635067,0.999999646989749
"2651",20.222627,1.49988922945578,1.49978942159529,2.24894918163408,4.49831749076323,0.999999646986419
"2652",20.23025818,1.49988880604474,1.49978857258093,2.24894393424341,4.49830969668774,0.999999646983056
"2653",20.23788936,1.49988838101554,1.49978772034316,2.24893866791128,4.4983018740034,0.999999646979673
"2654",20.24552054,1.49988795436199,1.49978686486956,2.24893338256098,4.49829402259626,0.999999646976278
"2655",20.25315172,1.49988752607788,1.49978600614859,2.24892807814238,4.49828614238151,0.999999646972842
"2656",20.2607829,1.49988709615699,1.49978514416691,2.24892275455681,4.49827823322056,0.999999646969399
"2657",20.26841408,1.49988666459305,1.49978427891274,2.24891741174831,4.49827029502212,0.999999646965929
"2658",20.27604526,1.4998862313798,1.49978341037347,2.24891204964171,4.49826232767319,0.999999646962433
"2659",20.28367644,1.49988579651093,1.49978253853648,2.24890666816014,4.49825433105907,0.999999646958918
"2660",20.29130762,1.49988535998012,1.49978166338925,2.24890126723013,4.49824630506875,0.999999646955382
"2661",20.2989388,1.49988492178101,1.49978078491923,2.24889584678132,4.49823824959426,0.999999646951823
"2662",20.30656998,1.49988448190724,1.49977990311375,2.24889040673927,4.49823016452314,0.99999964694824
"2663",20.31420116,1.4998840403524,1.49977901796011,2.24888494702894,4.49822204974234,0.999999646944635
"2664",20.32183234,1.49988359711008,1.49977812944562,2.24887946757863,4.49821390514202,0.999999646941004
"2665",20.32946352,1.49988315217382,1.49977723755751,2.24887396831349,4.49820573060914,0.999999646937347
"2666",20.3370947,1.49988270553715,1.49977634228281,2.2488684491557,4.49819752602691,0.999999646933669
"2667",20.34472588,1.49988225719358,1.49977544360861,2.24886291002968,4.49818929128108,0.999999646929969
"2668",20.35235706,1.49988180713659,1.49977454152209,2.24885735086337,4.49818102626116,0.999999646926244
"2669",20.35998824,1.49988135535963,1.49977363601024,2.24885177157963,4.49817273085101,0.999999646922494
"2670",20.36761942,1.49988090185612,1.49977272705977,2.24884617209666,4.49816440492897,0.999999646918727
"2671",20.3752506,1.49988044661948,1.4997718146581,2.24884055235167,4.49815604839453,0.999999646914925
"2672",20.38288178,1.49987998964308,1.49977089879187,2.24883491226238,4.49814766112534,0.999999646911096
"2673",20.39051296,1.49987953092027,1.49976997944766,2.24882925174542,4.49813924299786,0.999999646907248
"2674",20.39814414,1.49987907044439,1.49976905661268,2.24882357073528,4.49813079390817,0.999999646903366
"2675",20.40577532,1.49987860820874,1.49976813027307,2.24881786913956,4.49812231372235,0.999999646899469
"2676",20.4134065,1.49987814420658,1.49976720041587,2.24881214689146,4.49811380233473,0.999999646895543
"2677",20.42103768,1.49987767843118,1.49976626702759,2.24880640390961,4.49810525962349,0.999999646891591
"2678",20.42866886,1.49987721087576,1.49976533009485,2.24880064011693,4.49809668547143,0.999999646887613
"2679",20.43630004,1.49987674153351,1.49976438960416,2.24879485543545,4.49808807976018,0.999999646883608
"2680",20.44393122,1.49987627039762,1.49976344554192,2.24878904978532,4.49807944236908,0.999999646879575
"2681",20.4515624,1.49987579746123,1.49976249789448,2.2487832230849,4.4980707731756,0.99999964687552
"2682",20.45919358,1.49987532271746,1.49976154664823,2.24877737525617,4.49806207206086,0.999999646871438
"2683",20.46682476,1.49987484615941,1.49976059178974,2.24877150622627,4.49805333891178,0.999999646867322
"2684",20.47445594,1.49987436778014,1.49975963330496,2.24876561590759,4.49804457359862,0.999999646863181
"2685",20.48208712,1.49987388757271,1.49975867118007,2.24875970421876,4.49803577599857,0.999999646859017
"2686",20.4897183,1.49987340553011,1.49975770540128,2.24875377108101,4.49802694599153,0.999999646854826
"2687",20.49734948,1.49987292164535,1.49975673595484,2.24874781641825,4.49801808346017,0.999999646850602
"2688",20.50498066,1.49987243591138,1.49975576282666,2.24874184014441,4.4980091882762,0.999999646846351
"2689",20.51261184,1.49987194832115,1.49975478600294,2.24873584218464,4.49800026032335,0.999999646842065
"2690",20.52024302,1.49987145886755,1.49975380546905,2.24872982244197,4.49799129946085,0.999999646837763
"2691",20.5278742,1.49987096754347,1.49975282121147,2.24872378085005,4.49798230558181,0.999999646833424
"2692",20.53550538,1.49987047434177,1.49975183321572,2.24871771731764,4.49797327855156,0.999999646829059
"2693",20.54313656,1.49986997925527,1.49975084146765,2.24871163176495,4.49796421824789,0.999999646824665
"2694",20.55076774,1.49986948227678,1.49974984595313,2.24870552411235,4.49795512454879,0.999999646820237
"2695",20.55839892,1.49986898339906,1.49974884665745,2.2486993942665,4.49794599731685,0.999999646815787
"2696",20.5660301,1.49986848261485,1.49974784356664,2.24869324215568,4.49793683643847,0.9999996468113
"2697",20.57366128,1.49986797991688,1.499746836666,2.24868706768728,4.49792764177697,0.999999646806787
"2698",20.58129246,1.49986747529784,1.49974582594137,2.24868087078726,4.49791841321582,0.999999646802235
"2699",20.58892364,1.49986696875038,1.49974481137763,2.24867465135607,4.49790915061019,0.999999646797662
"2700",20.59655482,1.49986646026714,1.49974379296059,2.24866840931952,4.49789985384335,0.999999646793054
"2701",20.604186,1.49986594984073,1.49974277067539,2.24866214458691,4.49789052278002,0.99999964678842
"2702",20.61181718,1.49986543746371,1.49974174450747,2.24865585707721,4.49788115729553,0.999999646783751
"2703",20.61944836,1.49986492312865,1.49974071444205,2.24864954670388,4.49787175725904,0.999999646779049
"2704",20.62707954,1.49986440682805,1.4997396804641,2.24864321337623,4.49786232253478,0.999999646774321
"2705",20.63471072,1.49986388855441,1.49973864255901,2.24863685701437,4.49785285299912,0.999999646769556
"2706",20.6423419,1.4998633683002,1.4997376007117,2.24863047752863,4.49784334851712,0.999999646764758
"2707",20.64997308,1.49986284605784,1.49973655490719,2.24862407483141,4.49783380895629,0.999999646759928
"2708",20.65760426,1.49986232181975,1.49973550513041,2.24861764883545,4.4978242341842,0.999999646755066
"2709",20.66523544,1.4998617955783,1.49973445136625,2.24861119945316,4.49781462406797,0.99999964675017
"2710",20.67286662,1.49986126732583,1.49973339359945,2.24860472659372,4.49780497847103,0.999999646745245
"2711",20.6804978,1.49986073705466,1.49973233181507,2.24859823017678,4.49779529726824,0.999999646740279
"2712",20.68812898,1.49986020475709,1.49973126599733,2.24859171009993,4.4977855803099,0.99999964673529
"2713",20.69576016,1.49985967042537,1.4997301961316,2.24858516629279,4.4977758274817,0.999999646730253
"2714",20.70339134,1.49985913405172,1.49972912220174,2.24857859864684,4.49776603862684,0.999999646725194
"2715",20.71102252,1.49985859562836,1.49972804419284,2.24857200708705,4.49775621362553,0.999999646720092
"2716",20.7186537,1.49985805514745,1.4997269620892,2.24856539151796,4.49774635233525,0.999999646714955
"2717",20.72628488,1.49985751260113,1.49972587587507,2.24855875184518,4.49773645461442,0.999999646709787
"2718",20.73391606,1.49985696798151,1.4997247855349,2.24855208798009,4.4977265203278,0.999999646704586
"2719",20.74154724,1.49985642128067,1.4997236910532,2.24854539983645,4.49771654934268,0.999999646699344
"2720",20.74917842,1.49985587249066,1.49972259241413,2.24853868732126,4.49770654151862,0.999999646694064
"2721",20.7568096,1.49985532160351,1.49972148960162,2.24853195033537,4.49769649670827,0.999999646688756
"2722",20.76444078,1.49985476861119,1.49972038260007,2.24852518879526,4.49768641478136,0.999999646683407
"2723",20.77207196,1.49985421350567,1.49971927139352,2.24851840260587,4.49767629559499,0.99999964667802
"2724",20.77970314,1.49985365627887,1.49971815596585,2.24851159167259,4.49766613900621,0.999999646672599
"2725",20.78733432,1.4998530969227,1.49971703630107,2.24850475590327,4.49765594487494,0.999999646667142
"2726",20.7949655,1.49985253542901,1.49971591238311,2.248497895206,4.4976457130611,0.999999646661646
"2727",20.80259668,1.49985197178965,1.49971478419584,2.24849100948835,4.49763544342391,0.999999646656109
"2728",20.81022786,1.49985140599642,1.49971365172274,2.24848409864871,4.49762513581227,0.99999964665054
"2729",20.81785904,1.49985083804109,1.49971251494808,2.24847716260705,4.49761479009896,0.999999646644921
"2730",20.82549022,1.49985026791539,1.49971137385492,2.24847020125368,4.49760440612351,0.999999646639271
"2731",20.8331214,1.49984969561105,1.49971022842711,2.24846321450058,4.49759398374948,0.99999964663358
"2732",20.84075258,1.49984912111974,1.49970907864811,2.2484562022505,4.49758352283006,0.99999964662785
"2733",20.84838376,1.4998485444331,1.49970792450122,2.24844916440393,4.49757302321569,0.999999646622085
"2734",20.85601494,1.49984796554275,1.49970676597024,2.24844210087513,4.49756248477205,0.999999646616272
"2735",20.86364612,1.49984738444027,1.49970560303813,2.24843501155826,4.49755190734224,0.999999646610422
"2736",20.8712773,1.49984680111721,1.49970443568819,2.24842789635688,4.49754129077971,0.999999646604534
"2737",20.87890848,1.4998462155651,1.49970326390376,2.24842075517727,4.49753063494088,0.999999646598604
"2738",20.88653966,1.4998456277754,1.49970208766783,2.2484135879185,4.49751993967375,0.999999646592635
"2739",20.89417084,1.49984503773959,1.49970090696366,2.24840639448649,4.4975092048341,0.999999646586621
"2740",20.90180202,1.49984444544907,1.49969972177423,2.24839917478301,4.49749843027271,0.999999646580563
"2741",20.9094332,1.49984385089524,1.49969853208229,2.24839192870347,4.49748761583324,0.999999646574468
"2742",20.91706438,1.49984325406946,1.49969733787088,2.24838465615381,4.49747676137082,0.999999646568328
"2743",20.92469556,1.49984265496303,1.49969613912298,2.2483773570377,4.49746586673807,0.999999646562139
"2744",20.93232674,1.49984205356726,1.49969493582097,2.24837003124655,4.49745493177362,0.999999646555913
"2745",20.93995792,1.49984144987339,1.49969372794756,2.24836267868032,4.49744395632557,0.999999646549649
"2746",20.9475891,1.49984084387265,1.49969251548576,2.24835529924895,4.49743294025297,0.999999646543333
"2747",20.95522028,1.49984023555623,1.49969129841794,2.248347892846,4.4974218833965,0.99999964653697
"2748",20.96285146,1.49983962491529,1.49969007672628,2.24834045936319,4.49741078559446,0.999999646530572
"2749",20.97048264,1.49983901194093,1.49968885039359,2.24833299870774,4.4973996467026,0.999999646524125
"2750",20.97811382,1.49983839662426,1.49968761940198,2.24832551077205,4.49738846655963,0.999999646517637
"2751",20.985745,1.49983777895633,1.49968638373408,2.24831799546194,4.49737724501934,0.999999646511095
"2752",20.99337618,1.49983715892814,1.49968514337176,2.24831045266572,4.49736598191568,0.999999646504512
"2753",21.00100736,1.4998365365307,1.49968389829735,2.24830288228512,4.49735467709746,0.99999964649788
"2754",21.00863854,1.49983591175494,1.49968264849269,2.2482952842095,4.49734333039956,0.99999964649121
"2755",21.01626972,1.49983528459179,1.49968139394011,2.24828765834366,4.49733194167382,0.999999646484488
"2756",21.0239009,1.49983465503213,1.49968013462145,2.24828000457971,4.49732051075794,0.999999646477719
"2757",21.03153208,1.4998340230668,1.49967887051858,2.24827232281308,4.49730903749298,0.999999646470902
"2758",21.03916326,1.49983338868661,1.4996776016135,2.24826461294285,4.49729752172406,0.999999646464031
"2759",21.04679444,1.49983275188235,1.49967632788762,2.24825687485513,4.49728596328162,0.999999646457118
"2760",21.05442562,1.49983211264475,1.49967504932278,2.24824910844877,4.49727436201006,0.999999646450156
"2761",21.0620568,1.49983147096451,1.49967376590069,2.24824131361919,4.49726271774994,0.999999646443142
"2762",21.06968798,1.49983082683232,1.4996724776026,2.24823349025339,4.49725103033212,0.999999646436084
"2763",21.07731916,1.4998301802388,1.49967118441031,2.24822563825143,4.49723929960205,0.999999646428972
"2764",21.08495034,1.49982953117455,1.4996698863051,2.24821775750431,4.49722752539467,0.999999646421807
"2765",21.09258152,1.49982887963014,1.4996685832681,2.24820984789846,4.49721570753982,0.999999646414599
"2766",21.1002127,1.49982822559609,1.49966727528078,2.24820190933068,4.49720384587877,0.999999646407338
"2767",21.10784388,1.49982756906289,1.49966596232439,2.24819394169459,4.49719194024894,0.999999646400022
"2768",21.11547506,1.49982691002101,1.49966464437994,2.24818594487781,4.49717999048101,0.999999646392654
"2769",21.12310624,1.49982624846085,1.49966332142832,2.24817791876801,4.49716799640542,0.999999646385239
"2770",21.13073742,1.49982558437281,1.49966199345073,2.24816986326077,4.49715595786139,0.999999646377768
"2771",21.1383686,1.49982491774721,1.49966066042805,2.24816177824443,4.49714387467993,0.999999646370243
"2772",21.14599978,1.49982424857439,1.49965932234094,2.24815366360501,4.49713174668909,0.999999646362668
"2773",21.15363096,1.49982357684459,1.4996579791704,2.24814551923755,4.49711957372699,0.999999646355035
"2774",21.16126214,1.49982290254807,1.49965663089695,2.24813734502598,4.49710735561917,0.999999646347349
"2775",21.16889332,1.49982222567501,1.49965527750089,2.24812914085103,4.49709509218728,0.99999964633962
"2776",21.1765245,1.49982154621558,1.49965391896353,2.24812090661985,4.49708278328254,0.999999646331821
"2777",21.18415568,1.49982086415989,1.49965255526487,2.24811264220806,4.4970704287205,0.999999646323967
"2778",21.19178686,1.49982017949804,1.49965118638507,2.24810434749686,4.497058028323,0.999999646316067
"2779",21.19941804,1.49981949222006,1.49964981230498,2.248096022386,4.49704558193238,0.9999996463081
"2780",21.20704922,1.49981880231597,1.4996484330044,2.24808766675055,4.49703308936311,0.999999646300082
"2781",21.2146804,1.49981810977574,1.49964704846358,2.24807928047828,4.4970205504438,0.999999646292011
"2782",21.22231158,1.4998174145893,1.49964565866287,2.24807086346075,4.49700796500713,0.999999646283875
"2783",21.22994276,1.49981671674654,1.49964426358192,2.24806241557386,4.49699533286803,0.999999646275688
"2784",21.23757394,1.49981601623732,1.49964286320103,2.2480539367113,4.4969826538611,0.999999646267435
"2785",21.24520512,1.49981531305145,1.49964145749974,2.24804542674766,4.49696992779961,0.99999964625913
"2786",21.2528363,1.49981460717871,1.4996400464581,2.24803688557442,4.49695715451526,0.999999646250761
"2787",21.26046748,1.49981389860885,1.49963863005557,2.24802831306787,4.49694433382281,0.999999646242337
"2788",21.26809866,1.49981318733156,1.49963720827203,2.24801970911596,4.49693146554988,0.999999646233849
"2789",21.27572984,1.49981247333649,1.49963578108692,2.24801107359965,4.49691854951583,0.9999996462253
"2790",21.28336102,1.49981175661328,1.49963434847976,2.24800240640031,4.49690558554063,0.99999964621669
"2791",21.2909922,1.4998110371515,1.49963291042997,2.24799370740033,4.496892573445,0.999999646208016
"2792",21.29862338,1.4998103149407,1.49963146691675,2.24798497647731,4.49687951304419,0.999999646199284
"2793",21.30625456,1.49980958997036,1.49963001791954,2.24797621351694,4.49686640416231,0.999999646190484
"2794",21.31388574,1.49980886222997,1.49962856341711,2.24796741838856,4.49685324660504,0.999999646181632
"2795",21.32151692,1.49980813170893,1.49962710338918,2.24795859098817,4.49684004020759,0.999999646172704
"2796",21.3291481,1.49980739839663,1.49962563781411,2.24794973117904,4.49682678476842,0.999999646163722
"2797",21.33677928,1.49980666228241,1.49962416667121,2.24794083884814,4.49681348011246,0.999999646154675
"2798",21.34441046,1.49980592335557,1.49962268993954,2.24793191387941,4.49680012606091,0.999999646145552
"2799",21.35204164,1.49980518160536,1.49962120759725,2.24792295613544,4.49678672241088,0.999999646136377
"2800",21.35967282,1.49980443702101,1.49961971962372,2.24791396551098,4.4967732689953,0.999999646127122
"2801",21.367304,1.49980368959169,1.49961822599699,2.24790494186833,4.49675976561069,0.99999964611781
"2802",21.37493518,1.49980293930654,1.49961672669568,2.24789588508619,4.49674621207167,0.999999646108436
"2803",21.38256636,1.49980218615465,1.49961522169866,2.24788679505084,4.49673260820115,0.999999646098985
"2804",21.39019754,1.49980143012507,1.49961371098399,2.24787767163071,4.49671895380187,0.999999646089466
"2805",21.39782872,1.49980067120682,1.49961219452993,2.24786851470039,4.49670524868326,0.999999646079881
"2806",21.4054599,1.49979990938886,1.49961067231466,2.24785932413337,4.49669149265341,0.99999964607023
"2807",21.41309108,1.49979914466012,1.49960914431651,2.24785009980919,4.4966776855269,0.999999646060505
"2808",21.42072226,1.49979837700948,1.49960761051322,2.24784084159408,4.49666382710326,0.999999646050716
"2809",21.42835344,1.49979760642579,1.49960607088302,2.24783154936825,4.49664991719746,0.999999646040853
"2810",21.43598462,1.49979683289784,1.49960452540369,2.24782222300255,4.49663595561377,0.999999646030919
"2811",21.4436158,1.49979605641439,1.49960297405307,2.24781286236952,4.49662194215832,0.999999646020911
"2812",21.45124698,1.49979527696416,1.49960141680885,2.24780346734211,4.49660787663722,0.999999646010829
"2813",21.45887816,1.49979449453582,1.49959985364847,2.24779403778565,4.49659375884815,0.999999646000681
"2814",21.46650934,1.49979370911799,1.49959828454974,2.24778457357897,4.49657958860349,0.999999645990454
"2815",21.47414052,1.49979292069925,1.49959670948991,2.24777507458736,4.49656536570031,0.999999645980156
"2816",21.4817717,1.49979212926816,1.49959512844653,2.24776554068529,4.49655108994587,0.99999964596978
"2817",21.48940288,1.4997913348132,1.49959354139663,2.24775597173554,4.49653676113403,0.999999645959335
"2818",21.49703406,1.49979053732283,1.4995919483176,2.2477463676124,4.49652237907137,0.999999645948812
"2819",21.50466524,1.49978973678546,1.49959034918661,2.24773672818629,4.49650794355992,0.999999645938208
"2820",21.51229642,1.49978893318945,1.49958874398042,2.2477270533176,4.49649345439036,0.999999645927535
"2821",21.5199276,1.49978812652312,1.49958713267623,2.24771734288136,4.49647891136947,0.999999645916781
"2822",21.52755878,1.49978731677475,1.49958551525084,2.24770759674344,4.49646431429356,0.999999645905946
"2823",21.53518996,1.49978650393256,1.49958389168093,2.24769781476857,4.49644966295751,0.999999645895034
"2824",21.54282114,1.49978568798476,1.49958226194312,2.24768799682077,4.49643495715522,0.999999645884047
"2825",21.55045232,1.49978486891947,1.49958062601416,2.2476781427703,4.49642019668731,0.999999645872977
"2826",21.5580835,1.49978404672479,1.49957898387034,2.24766825247731,4.49640538134292,0.999999645861831
"2827",21.56571468,1.49978322138877,1.4995773354882,2.24765832580882,4.4963905109187,0.999999645850606
"2828",21.57334586,1.49978239289943,1.49957568084434,2.24764836263716,4.49637558521693,0.999999645839288
"2829",21.58097704,1.49978156124471,1.49957401991447,2.24763836281179,4.49636060401424,0.999999645827898
"2830",21.58860822,1.49978072641253,1.49957235267511,2.24762832620633,4.4963455671139,0.99999964581642
"2831",21.5962394,1.49977988839076,1.49957067910215,2.24761825267935,4.49633047430223,0.99999964580486
"2832",21.60387058,1.49977904716721,1.49956899917175,2.24760814209711,4.49631532537408,0.999999645793211
"2833",21.61150176,1.49977820272967,1.49956731285951,2.24759799431525,4.49630012011194,0.99999964578148
"2834",21.61913294,1.49977735506587,1.49956562014125,2.24758780919624,4.49628485830586,0.999999645769667
"2835",21.62676412,1.49977650416347,1.49956392099273,2.24757758660141,4.49626953974449,0.999999645757769
"2836",21.6343953,1.49977565001012,1.49956221538953,2.24756732639132,4.49625416421527,0.999999645745785
"2837",21.64202648,1.4997747925934,1.49956050330737,2.24755702843113,4.49623873151058,0.999999645733705
"2838",21.64965766,1.49977393190085,1.49955878472129,2.24754669257057,4.49622324140537,0.999999645721544
"2839",21.65728884,1.49977306791997,1.49955705960689,2.24753631867467,4.49620769369154,0.999999645709292
"2840",21.66492002,1.49977220063819,1.49955532793928,2.24752590659909,4.49619208815016,0.999999645696951
"2841",21.6725512,1.49977133004292,1.4995535896935,2.24751545619925,4.49617642456192,0.999999645684523
"2842",21.68018238,1.4997704561215,1.49955184484468,2.24750496733421,4.49616070271128,0.999999645672007
"2843",21.68781356,1.49976957886124,1.49955009336811,2.24749443986929,4.4961449223896,0.999999645659386
"2844",21.69544474,1.49976869824938,1.49954833523807,2.24748387364631,4.49612908336159,0.999999645646683
"2845",21.70307592,1.49976781427313,1.49954657042957,2.24747326852648,4.49611318541355,0.999999645633888
"2846",21.7107071,1.49976692691964,1.49954479891726,2.24746262436591,4.49609722832571,0.999999645620998
"2847",21.71833828,1.49976603617602,1.49954302067579,2.24745194101927,4.49608121187674,0.999999645608013
"2848",21.72596946,1.49976514202933,1.4995412356794,2.24744121833654,4.49606513583944,0.999999645594938
"2849",21.73360064,1.49976424446656,1.49953944390278,2.24743045617779,4.49604899999805,0.999999645581762
"2850",21.74123182,1.49976334347468,1.49953764532012,2.247419654394,4.49603280412622,0.999999645568487
"2851",21.748863,1.4997624390406,1.49953583990548,2.2474088128349,4.49601654799594,0.999999645555117
"2852",21.75649418,1.49976153115117,1.49953402763291,2.24739793135121,4.49600023138018,0.999999645541652
"2853",21.76412536,1.4997606197932,1.49953220847654,2.24738700979767,4.4959838540562,0.999999645528087
"2854",21.77175654,1.49975970495345,1.4995303824101,2.24737604802116,4.49596741579214,0.999999645514426
"2855",21.77938772,1.49975878661862,1.49952854940761,2.24736504587766,4.49595091636615,0.99999964550066
"2856",21.7870189,1.49975786477537,1.49952670944258,2.24735400321276,4.49593435554445,0.999999645486794
"2857",21.79465008,1.4997569394103,1.49952486248872,2.24734291987741,4.49591773309924,0.999999645472825
"2858",21.80228126,1.49975601050998,1.49952300851942,2.24733179571823,4.49590104879737,0.999999645458755
"2859",21.80991244,1.4997550780609,1.49952114750807,2.24732063058356,4.49588430240747,0.999999645444583
"2860",21.81754362,1.4997541420495,1.49951927942805,2.24730942432219,4.4958674936986,0.999999645430305
"2861",21.8251748,1.49975320246221,1.49951740425239,2.24729817677828,4.49585062243412,0.999999645415926
"2862",21.83280598,1.49975225928535,1.49951552195427,2.24728688779866,4.49583368838045,0.999999645401443
"2863",21.84043716,1.49975131250522,1.49951363250687,2.24727555723488,4.49581669130883,0.999999645386847
"2864",21.84806834,1.49975036210808,1.49951173588276,2.2472641849242,4.49579963097433,0.999999645372149
"2865",21.85569952,1.49974940808011,1.49950983205506,2.24725277071944,4.49578250714922,0.999999645357337
"2866",21.8633307,1.49974845040744,1.49950792099597,2.24724131445302,4.49576531958268,0.999999645342426
"2867",21.87096188,1.49974748907617,1.49950600267858,2.24722981598047,4.49574806804956,0.999999645327398
"2868",21.87859306,1.49974652407233,1.49950407707515,2.24721827513986,4.49573075230484,0.99999964531226
"2869",21.88622424,1.49974555538189,1.49950214415807,2.24720669177402,4.49571337210868,0.99999964529701
"2870",21.89385542,1.49974458299078,1.4995002038995,2.24719506572172,4.49569592721637,0.999999645281651
"2871",21.9014866,1.49974360688488,1.49949825627171,2.24718339682741,4.49567841738933,0.999999645266178
"2872",21.90911778,1.49974262705,1.49949630124687,2.2471716849334,4.49566084238644,0.999999645250588
"2873",21.91674896,1.4997416434719,1.49949433879657,2.24715992987201,4.49564320195499,0.999999645234892
"2874",21.92438014,1.4997406561363,1.49949236889302,2.24714813149073,4.49562549585912,0.999999645219076
"2875",21.93201132,1.49973966502885,1.49949039150795,2.24713628962863,4.49560772385329,0.999999645203139
"2876",21.9396425,1.49973867013516,1.49948840661277,2.2471244041183,4.4955898856844,0.99999964518709
"2877",21.94727368,1.49973767144076,1.4994864141791,2.24711247479969,4.4955719811074,0.999999645170924
"2878",21.95490486,1.49973666893115,1.49948441417848,2.24710050151333,4.49555400987751,0.999999645154635
"2879",21.96253604,1.49973566259176,1.49948240658216,2.24708848409323,4.49553597174267,0.999999645138225
"2880",21.97016722,1.49973465240797,1.49948039136131,2.24707642237522,4.49551786645229,0.999999645121696
"2881",21.9777984,1.49973363836512,1.4994783684871,2.24706431619606,4.49549969375681,0.999999645105042
"2882",21.98542958,1.49973262044846,1.49947633793039,2.24705216538694,4.49548145340007,0.999999645088269
"2883",21.99306076,1.4997315986432,1.49947429966229,2.24703996978875,4.49546314513646,0.999999645071366
"2884",22.00069194,1.49973057293452,1.49947225365304,2.24702772922121,4.49544476869653,0.999999645054353
"2885",22.00832312,1.49972954330749,1.49947019987406,2.24701544353611,4.49542632384646,0.9999996450372
"2886",22.0159543,1.49972850974717,1.49946813829546,2.24700311255541,4.49540781031865,0.999999645019922
"2887",22.02358548,1.49972747223854,1.49946606888763,2.24699073610901,4.49538922785432,0.999999645002521
"2888",22.03121666,1.49972643076652,1.49946399162095,2.24697831403025,4.4953705761981,0.999999644984993
"2889",22.03884784,1.499725385316,1.49946190646568,2.24696584614881,4.4953518550905,0.999999644967339
"2890",22.04647902,1.49972433587178,1.49945981339211,2.24695333230149,4.49533306427939,0.999999644949546
"2891",22.0541102,1.49972328241861,1.49945771237016,2.24694077231428,4.49531420350065,0.999999644931618
"2892",22.06174138,1.4997222249412,1.49945560336942,2.24692816600959,4.49529527248554,0.999999644913565
"2893",22.06937256,1.49972116342418,1.49945348635989,2.24691551322115,4.49527627097799,0.999999644895377
"2894",22.07700374,1.49972009785213,1.49945136131098,2.24690281376927,4.49525719870661,0.999999644877064
"2895",22.08463492,1.49971902820958,1.49944922819286,2.2468900674978,4.49523805542597,0.999999644858598
"2896",22.0922661,1.49971795448098,1.49944708697442,2.24687727421894,4.49521884085501,0.99999964484
"2897",22.09989728,1.49971687665074,1.49944493762496,2.24686443375863,4.49519955472776,0.999999644821269
"2898",22.10752846,1.49971579470321,1.49944278011377,2.24685154594369,4.49518019677899,0.999999644802401
"2899",22.11515964,1.49971470862266,1.49944061440999,2.24683861060035,4.49516076674255,0.999999644783391
"2900",22.12279082,1.49971361839332,1.49943844048244,2.24682562754831,4.49514126434473,0.999999644764245
"2901",22.130422,1.49971252399935,1.49943625830032,2.24681259662019,4.49512168932586,0.999999644744946
"2902",22.13805318,1.49971142542486,1.49943406783199,2.24679951762786,4.49510204140304,0.999999644725511
"2903",22.14568436,1.4997103226539,1.4994318690461,2.24678639039531,4.49508232030638,0.999999644705934
"2904",22.15331554,1.49970921567043,1.49942966191128,2.24677321474712,4.49506252576649,0.999999644686209
"2905",22.16094672,1.4997081044584,1.49942744639592,2.24675999050351,4.49504265750889,0.999999644666336
"2906",22.1685779,1.49970698900164,1.49942522246804,2.2467467174787,4.49502271525204,0.999999644646321
"2907",22.17620908,1.49970586928397,1.49942299009617,2.24673339550163,4.49500269873055,0.999999644626149
"2908",22.18384026,1.49970474528911,1.49942074924787,2.2467200243795,4.49498260765453,0.999999644605837
"2909",22.19147144,1.49970361700075,1.49941849989144,2.24670660394054,4.49496244175725,0.999999644585366
"2910",22.19910262,1.4997024844025,1.49941624199435,2.24669313399391,4.49494220075038,0.999999644564749
"2911",22.2067338,1.4997013474779,1.49941397552445,2.246679614361,4.49492188435904,0.999999644543976
"2912",22.21436498,1.49970020621045,1.4994117004491,2.2466660448538,4.49490149229747,0.999999644523053
"2913",22.22199616,1.49969906058356,1.4994094167359,2.24665242529175,4.49488102428805,0.999999644501971
"2914",22.22962734,1.4996979105806,1.4994071243519,2.24663875548434,4.49486048004157,0.999999644480739
"2915",22.23725852,1.49969675618487,1.49940482326462,2.24662503525327,4.49483985928247,0.999999644459341
"2916",22.2448897,1.49969559737959,1.49940251344086,2.24661126440607,4.49481916171884,0.999999644437786
"2917",22.25252088,1.49969443414795,1.49940019484765,2.24659744275835,4.49479838706753,0.999999644416068
"2918",22.26015206,1.49969326647305,1.49939786745151,2.24658357011489,4.49477753503303,0.999999644394197
"2919",22.26778324,1.49969209433792,1.4993955312195,2.24656964629684,4.49475660533784,0.999999644372156
"2920",22.27541442,1.49969091772555,1.49939318611797,2.24655567110926,4.49473559768626,0.999999644349952
"2921",22.2830456,1.49968973661885,1.4993908321133,2.24654164436197,4.49471451178738,0.999999644327584
"2922",22.29067678,1.49968855100066,1.49938846917183,2.24652756586491,4.49469334735035,0.99999964430505
"2923",22.29830796,1.49968736085377,1.49938609725967,2.24651343542465,4.49467210408023,0.999999644282351
"2924",22.30593914,1.4996861661609,1.49938371634295,2.2464992528517,4.49465078168608,0.999999644259481
"2925",22.31357032,1.49968496690468,1.49938132638757,2.24648501795292,4.49462937987266,0.999999644236441
"2926",22.3212015,1.49968376306772,1.49937892735913,2.24647073053046,4.49460789833909,0.999999644213235
"2927",22.32883268,1.49968255463252,1.49937651922366,2.24645639039809,4.49458633679735,0.999999644189848
"2928",22.33646386,1.49968134158153,1.49937410194642,2.24644199735511,4.49456469494275,0.99999964416629
"2929",22.34409504,1.49968012389715,1.49937167549286,2.24642755120704,4.49454297247732,0.999999644142555
"2930",22.35172622,1.49967890156169,1.49936923982832,2.24641305175909,4.49452116910245,0.999999644118642
"2931",22.3593574,1.49967767455739,1.49936679491774,2.24639849880952,4.4944992845114,0.999999644094555
"2932",22.36698858,1.49967644286645,1.49936434072622,2.24638389216265,4.49447731840404,0.99999964407029
"2933",22.37461976,1.49967520647097,1.49936187721867,2.24636923162122,4.49445527047792,0.999999644045843
"2934",22.38225094,1.499673965353,1.49935940436,2.24635451698933,4.4944331404321,0.999999644021208
"2935",22.38988212,1.49967271949452,1.49935692211458,2.24633974806142,4.49441092795434,0.999999643996392
"2936",22.3975133,1.49967146887744,1.4993544304467,2.24632492463271,4.49438863273285,0.999999643971401
"2937",22.40514448,1.4996702134836,1.4993519293212,2.24631004651304,4.49436625447225,0.999999643946215
"2938",22.41277566,1.49966895329477,1.49934941870217,2.24629511349809,4.49434379286061,0.999999643920835
"2939",22.42040684,1.49966768829265,1.4993468985534,2.24628012537778,4.49432124757949,0.999999643895273
"2940",22.42803802,1.49966641845888,1.49934436883904,2.24626508195332,4.49429861832265,0.999999643869519
"2941",22.4356692,1.49966514377501,1.49934182952271,2.24624998301624,4.49427590477275,0.999999643843578
"2942",22.44330038,1.49966386422254,1.49933928056826,2.24623482836599,4.49425310662094,0.999999643817442
"2943",22.45093156,1.49966257978289,1.49933672193922,2.24621961779573,4.49423022355117,0.99999964379111
"2944",22.45856274,1.4996612904374,1.49933415359911,2.24620435110301,4.49420725525177,0.999999643764576
"2945",22.46619392,1.49965999616737,1.49933157551097,2.24618902807464,4.49418420139886,0.999999643737846
"2946",22.4738251,1.49965869695399,1.49932898763779,2.24617364849981,4.49416106167077,0.999999643710924
"2947",22.48145628,1.49965739277841,1.49932638994288,2.24615821217731,4.49413783575647,0.999999643683796
"2948",22.48908746,1.49965608362169,1.49932378238917,2.2461427188995,4.49411452333726,0.999999643656457
"2949",22.49671864,1.49965476946481,1.49932116493885,2.24612716844406,4.49409112407765,0.999999643628927
"2950",22.50434982,1.49965345028871,1.49931853755491,2.24611156060988,4.49406763766567,0.999999643601186
"2951",22.511981,1.49965212607423,1.49931590019972,2.24609589518393,4.49404406377562,0.999999643573236
"2952",22.51961218,1.49965079680214,1.49931325283541,2.24608017195063,4.49402040207851,0.99999964354508
"2953",22.52724336,1.49964946245314,1.49931059542441,2.24606439070235,4.49399665225426,0.999999643516706
"2954",22.53487454,1.49964812300787,1.49930792792823,2.24604855121426,4.4939728139627,0.999999643488132
"2955",22.54250572,1.49964677844688,1.49930525030912,2.24603265327991,4.49394888688439,0.999999643459341
"2956",22.5501369,1.49964542875064,1.49930256252895,2.24601669668844,4.49392487069431,0.999999643430325
"2957",22.55776808,1.49964407389957,1.49929986454877,2.2460006812107,4.49390076504667,0.999999643401103
"2958",22.56539926,1.49964271387399,1.49929715633019,2.24598460663343,4.49387656961321,0.999999643371667
"2959",22.57303044,1.49964134865416,1.49929443783491,2.2459684727489,4.49385228407159,0.999999643341997
"2960",22.58066162,1.49963997822026,1.49929170902371,2.24595227932984,4.49382790807707,0.999999643312108
"2961",22.5882928,1.49963860255239,1.49928896985747,2.24593602615433,4.49380344129059,0.999999643282001
"2962",22.59592398,1.4996372216306,1.49928622029732,2.24591971300843,4.49377888338187,0.999999643251664
"2963",22.60355516,1.49963583543482,1.49928346030375,2.24590333966617,4.49375423400656,0.999999643221103
"2964",22.61118634,1.49963444394494,1.49928068983734,2.24588690590638,4.49372949282551,0.999999643190316
"2965",22.61881752,1.49963304714076,1.49927790885865,2.24587041151,4.49370465950156,0.999999643159295
"2966",22.6264487,1.499631645002,1.49927511732791,2.24585385625317,4.4936797336918,0.999999643128039
"2967",22.63407988,1.49963023750831,1.49927231520496,2.24583723990512,4.49365471504517,0.999999643096557
"2968",22.64171106,1.49962882463926,1.49926950245024,2.24582056225193,4.49362960322933,0.999999643064829
"2969",22.64934224,1.49962740637434,1.49926667902319,2.24580382305981,4.49360439788904,0.999999643032867
"2970",22.65697342,1.49962598269295,1.49926384488341,2.24578702209972,4.49357909867431,0.999999643000672
"2971",22.6646046,1.49962455357445,1.49926099999075,2.24577015915304,4.4935537052463,0.999999642968228
"2972",22.67223578,1.49962311899808,1.49925814430422,2.24575323398335,4.49352821724587,0.999999642935546
"2973",22.67986696,1.49962167894302,1.49925527778332,2.24573624636787,4.493502634329,0.999999642902616
"2974",22.68749814,1.49962023338837,1.49925240038698,2.24571919607434,4.49347695614048,0.999999642869437
"2975",22.69512932,1.49961878231314,1.4992495120739,2.24570208286711,4.49345118232094,0.999999642836018
"2976",22.7027605,1.49961732569629,1.49924661280304,2.24568490652029,4.49342531252169,0.999999642802347
"2977",22.71039168,1.49961586351665,1.49924370253313,2.24566766680436,4.4933993463896,0.999999642768417
"2978",22.71802286,1.49961439575301,1.49924078122236,2.24565036348028,4.49337328356051,0.999999642734235
"2979",22.72565404,1.49961292238408,1.4992378488292,2.2456329963184,4.49334712368041,0.999999642699793
"2980",22.73328522,1.49961144338846,1.49923490531161,2.24561556508074,4.49332086638547,0.999999642665094
"2981",22.7409164,1.49960995874468,1.49923195062757,2.24559806953071,4.49329451131325,0.999999642630138
"2982",22.74854758,1.49960846843121,1.49922898473475,2.24558050942983,4.49326805809861,0.999999642594926
"2983",22.75617876,1.49960697242641,1.4992260075912,2.24556288454921,4.49324150638706,0.999999642559441
"2984",22.76380994,1.49960547070857,1.49922301915413,2.24554519464379,4.4932148558054,0.999999642523693
"2985",22.77144112,1.49960396325589,1.499220019381,2.24552743947869,4.49318810599146,0.999999642487674
"2986",22.7790723,1.49960245004651,1.49921700822881,2.24550961880848,4.49316125657103,0.99999964245139
"2987",22.78670348,1.49960093105845,1.49921398565478,2.24549173239806,4.49313430718094,0.999999642414829
"2988",22.79433466,1.49959940626968,1.49921095161555,2.24547378000044,4.49310725744445,0.999999642378
"2989",22.80196584,1.49959787565806,1.4992079060682,2.24545576138214,4.49308010699954,0.999999642340883
"2990",22.80959702,1.49959633920138,1.49920484896882,2.24543767628985,4.49305285546148,0.999999642303495
"2991",22.8172282,1.49959479687736,1.49920178027403,2.24541952448456,4.49302550246137,0.999999642265824
"2992",22.82485938,1.49959324866359,1.49919869993992,2.24540130571954,4.4929980476211,0.999999642227872
"2993",22.83249056,1.49959169453763,1.4991956079227,2.24538301975132,4.49297049056604,0.99999964218963
"2994",22.84012174,1.49959013447691,1.49919250417788,2.24536466632576,4.49294283090891,0.999999642151111
"2995",22.84775292,1.4995885684588,1.49918938866156,2.24534624520415,4.49291506827958,0.999999642112296
"2996",22.8553841,1.49958699646058,1.49918626132916,2.24532775613377,4.49288720229186,0.99999964207319
"2997",22.86301528,1.49958541845942,1.49918312213596,2.24530919886412,4.49285923256144,0.999999642033793
"2998",22.87064646,1.49958383443244,1.49917997103732,2.24529057314744,4.4928311587069,0.999999641994099
"2999",22.87827764,1.49958224435665,1.49917680798825,2.24527187873197,4.4928029803418,0.999999641954105
"3000",22.88590882,1.49958064820898,1.49917363294369,2.24525311536712,4.4927746970807,0.999999641913807
"3001",22.89354,1.49957904596626,1.49917044585817,2.2452342827954,4.49274630852998,0.99999964187321
"3002",22.90117118,1.49957743760526,1.49916724668636,2.24521538076596,4.49271781430313,0.999999641832306
"3003",22.90880236,1.49957582310262,1.49916403538267,2.24519640902446,4.4926892140093,0.999999641791094
"3004",22.91643354,1.49957420243493,1.49916081190117,2.24517736731302,4.49266050725318,0.999999641749573
"3005",22.92406472,1.49957257557868,1.4991575761959,2.24515825537454,4.49263169364011,0.999999641707743
"3006",22.9316959,1.49957094251025,1.49915432822082,2.24513907295405,4.49260277277728,0.999999641665596
"3007",22.93932708,1.49956930320596,1.4991510679296,2.2451198197926,4.49257374426705,0.999999641623131
"3008",22.94695826,1.49956765764201,1.49914779527577,2.24510049563149,4.4925446077117,0.999999641580345
"3009",22.95458944,1.49956600579454,1.49914451021262,2.24508110020886,4.49251536270949,0.999999641537237
"3010",22.96222062,1.49956434763958,1.49914121269309,2.24506163325877,4.49248600885367,0.999999641493814
"3011",22.9698518,1.49956268315307,1.49913790267053,2.24504209452729,4.49245654575068,0.999999641450059
"3012",22.97748298,1.49956101231087,1.49913458009773,2.24502248375056,4.49242697299536,0.99999964140597
"3013",22.98511416,1.49955933508873,1.49913124492708,2.24500280065878,4.49239729017539,0.999999641361556
"3014",22.99274534,1.49955765146232,1.49912789711138,2.24498304499492,4.49236749689252,0.999999641316799
"3015",23.00037652,1.49955596140722,1.49912453660255,2.24496321648476,4.49233759272857,0.999999641271712
"3016",23.0080077,1.49955426489891,1.49912116335296,2.24494331486752,4.49230757728025,0.999999641226282
"3017",23.01563888,1.49955256191278,1.49911777731439,2.24492333987169,4.49227745013172,0.999999641180514
"3018",23.02327006,1.49955085242411,1.49911437843867,2.24490329123101,4.49224721087255,0.999999641134399
"3019",23.03090124,1.49954913640813,1.49911096667718,2.24488316867148,4.49221685908328,0.999999641087943
"3020",23.03853242,1.49954741383992,1.49910754198159,2.24486297192849,4.49218639435456,0.999999641041133
"3021",23.0461636,1.49954568469451,1.49910410430319,2.24484270073259,4.49215581627127,0.999999640993963
"3022",23.05379478,1.4995439489468,1.49910065359264,2.24482235480307,4.49212512440496,0.999999640946443
"3023",23.06142596,1.49954220657163,1.49909718980095,2.24480193387027,4.49209431833936,0.999999640898566
"3024",23.06905714,1.49954045754372,1.4990937128787,2.24478143765801,4.49206339765046,0.999999640850331
"3025",23.07668832,1.49953870183769,1.49909022277655,2.24476086589474,4.492032361919,0.999999640801728
"3026",23.0843195,1.49953693942808,1.49908671944474,2.24474021830319,4.49200121071879,0.999999640752756
"3027",23.09195068,1.49953517028933,1.49908320283307,2.24471949459846,4.49196994361472,0.999999640703426
"3028",23.09958186,1.49953339439578,1.49907967289187,2.24469869451274,4.49193856019034,0.999999640653717
"3029",23.10721304,1.49953161172166,1.49907612957082,2.24467781776464,4.49190706001366,0.999999640603629
"3030",23.11484422,1.49952982224113,1.4990725728192,2.24465686406824,4.49187544264703,0.999999640553169
"3031",23.1224754,1.49952802592822,1.49906900258659,2.24463583314716,4.49184370766312,0.999999640502325
"3032",23.13010658,1.49952622275688,1.49906541882197,2.24461472471452,4.4918118546224,0.999999640451104
"3033",23.13773776,1.49952441270097,1.49906182147452,2.24459353849195,4.49177988309445,0.999999640399494
"3034",23.14536894,1.49952259573422,1.49905821049297,2.24457227419415,4.49174779264055,0.999999640347492
"3035",23.15300012,1.49952077183028,1.49905458582589,2.2445509315346,4.49171558282024,0.999999640295098
"3036",23.1606313,1.49951894096271,1.49905094742149,2.24452951022287,4.49168325318813,0.999999640242318
"3037",23.16826248,1.49951710310495,1.49904729522832,2.24450800997938,4.49165080331073,0.999999640189134
"3038",23.17589366,1.49951525823035,1.49904362919436,2.24448643051447,4.49161823274266,0.999999640135544
"3039",23.18352484,1.49951340631215,1.49903994926718,2.24446477153365,4.49158554103261,0.999999640081557
"3040",23.19115602,1.49951154732349,1.49903625539476,2.24444303275387,4.49155272774181,0.999999640027155
"3041",23.1987872,1.49950968123742,1.49903254752425,2.24442121387728,4.49151979241432,0.999999639972347
"3042",23.20641838,1.49950780802688,1.49902882560297,2.24439931461377,4.49148673460238,0.999999639917125
"3043",23.21404956,1.49950592766469,1.49902508957789,2.24437733466766,4.49145355385166,0.999999639861492
"3044",23.22168074,1.49950404012359,1.49902133939609,2.24435527375017,4.49142024971503,0.999999639805432
"3045",23.22931192,1.49950214537622,1.4990175750041,2.24433313156258,4.49138682173376,0.99999963974895
"3046",23.2369431,1.49950024339509,1.49901379634832,2.24431090780747,4.49135326945008,0.999999639692042
"3047",23.24457428,1.49949833415262,1.49901000337503,2.24428860218775,4.49131959240615,0.999999639634706
"3048",23.25220546,1.49949641762114,1.49900619603031,2.24426621440585,4.4912857901431,0.999999639576936
"3049",23.25983664,1.49949449377284,1.49900237426002,2.24424374416184,4.49125186219901,0.999999639518729
"3050",23.26746782,1.49949256257984,1.49899853800991,2.24422119115738,4.49121780811323,0.999999639460078
"3051",23.275099,1.49949062401413,1.498994687225,2.24419855508093,4.4911836274097,0.999999639400997
"3052",23.28273018,1.4994886780476,1.49899082185106,2.24417583564193,4.49114931963563,0.99999963934146
"3053",23.29036136,1.49948672465204,1.49898694183293,2.24415303253137,4.491114884317,0.999999639281473
"3054",23.29799254,1.49948476379913,1.49898304711535,2.24413014544256,4.49108032098177,0.999999639221037
"3055",23.30562372,1.49948279546043,1.49897913764306,2.24410717407163,4.49104562916075,0.999999639160142
"3056",23.3132549,1.49948081960741,1.49897521336041,2.24408411811,4.49101080837887,0.99999963909879
"3057",23.32088608,1.49947883621142,1.4989712742117,2.24406097725151,4.49097585816335,0.999999639036973
"3058",23.32851726,1.49947684524371,1.4989673201408,2.24403775118325,4.49094077803336,0.999999638974693
"3059",23.33614844,1.4994748466754,1.49896335109168,2.24401443959842,4.49090556751443,0.999999638911941
"3060",23.34377962,1.49947284047753,1.49895936700789,2.24399104218505,4.49087022612575,0.999999638848714
"3061",23.3514108,1.49947082662101,1.49895536783295,2.24396755863372,4.49083475338893,0.999999638785003
"3062",23.35904198,1.49946880507664,1.49895135350972,2.24394398862371,4.49079914881234,0.999999638720817
"3063",23.36667316,1.49946677581513,1.49894732398137,2.2439203318444,4.49076341191531,0.999999638656145
"3064",23.37430434,1.49946473880704,1.49894327919075,2.24389658798317,4.49072754221429,0.999999638590978
"3065",23.38193552,1.49946269402285,1.49893921908013,2.24387275671637,4.49069153921293,0.999999638525324
"3066",23.3895667,1.49946064143292,1.49893514359197,2.24384883772882,4.49065540242389,0.999999638459175
"3067",23.39719788,1.4994585810075,1.4989310526684,2.24382483070262,4.49061913135621,0.999999638392523
"3068",23.40482906,1.49945651271671,1.49892694625109,2.24380073531231,4.49058272550994,0.999999638325376
"3069",23.41246024,1.49945443653058,1.49892282428223,2.24377655124687,4.49054618440108,0.99999963825771
"3070",23.42009142,1.49945235241901,1.49891868670281,2.24375227817444,4.4905095075213,0.999999638189538
"3071",23.4277226,1.49945026035179,1.49891453345428,2.24372791577583,4.4904726943763,0.999999638120848
"3072",23.43535378,1.4994481602986,1.49891036447766,2.24370346372563,4.49043574446417,0.999999638051638
"3073",23.44298496,1.49944605222899,1.49890617971376,2.24367892169831,4.4903986572824,0.999999637981903
"3074",23.45061614,1.49944393611242,1.498901979103,2.24365428936333,4.49036143232221,0.999999637911646
"3075",23.45824732,1.49944181191821,1.4988977625859,2.24362956639508,4.49032406908011,0.999999637840858
"3076",23.4658785,1.49943967961557,1.49889353010268,2.24360475246646,4.49028656705015,0.99999963776953
"3077",23.47350968,1.49943753917359,1.49888928159316,2.2435798472447,4.49024892571956,0.999999637697663
"3078",23.48114086,1.49943539056127,1.49888501699692,2.24355485039565,4.49021114457352,0.999999637625258
"3079",23.48877204,1.49943323374744,1.49888073625369,2.24352976159196,4.49017322310437,0.9999996375523
"3080",23.49640322,1.49943106870087,1.49887643930263,2.24350458049726,4.49013516079378,0.99999963747879
"3081",23.5040344,1.49942889539016,1.49887212608275,2.24347930677685,4.49009695712466,0.999999637404722
"3082",23.51166558,1.49942671378383,1.49886779653267,2.24345394008974,4.49005861157245,0.999999637330102
"3083",23.51929676,1.49942452385025,1.49886345059133,2.24342848010729,4.49002012362582,0.999999637254908
"3084",23.52692794,1.4994223255577,1.49885908819678,2.24340292648391,4.48998149275398,0.99999963717915
"3085",23.53455912,1.49942011887431,1.49885470928726,2.24337727888255,4.48994271843515,0.999999637102818
"3086",23.5421903,1.4994179037681,1.49885031380067,2.24335153696273,4.48990380014309,0.999999637025907
"3087",23.54982148,1.49941568020698,1.49884590167461,2.24332570038059,4.48986473734736,0.999999636948415
"3088",23.55745266,1.49941344815873,1.49884147284661,2.24329976879544,4.48982552952045,0.999999636870333
"3089",23.56508384,1.49941120759099,1.49883702725359,2.24327374185697,4.48978617612335,0.999999636791668
"3090",23.57271502,1.49940895847131,1.49883256483301,2.24324761922963,4.48974667663353,0.999999636712395
"3091",23.5803462,1.4994067007671,1.49882808552094,2.24322140055258,4.48970703049896,0.999999636632537
"3092",23.58797738,1.49940443444564,1.49882358925454,2.24319508549227,4.48966723719812,0.999999636552062
"3093",23.59560856,1.49940215947408,1.49881907596969,2.24316867369131,4.48962729618195,0.999999636470979
"3094",23.60323974,1.49939987581948,1.49881454560232,2.24314216479662,4.48958720690573,0.999999636389289
"3095",23.61087092,1.49939758344874,1.49880999808858,2.24311555846461,4.48954696883489,0.999999636306973
"3096",23.6185021,1.49939528232865,1.49880543336367,2.24308885433494,4.4895065814154,0.999999636224038
"3097",23.62613328,1.49939297242587,1.49880085136295,2.24306205205407,4.48946604410037,0.99999963614048
"3098",23.63376446,1.49939065370693,1.49879625202179,2.24303515127374,4.48942535634831,0.999999636056279
"3099",23.64139564,1.49938832613824,1.49879163527481,2.24300815163234,4.48938451760208,0.99999963597144
"3100",23.64902682,1.49938598968608,1.49878700105643,2.24298105276875,4.48934352730446,0.999999635885964
"3101",23.656658,1.49938364431659,1.49878234930116,2.24295385432677,4.48930238490349,0.999999635799842
"3102",23.66428918,1.4993812899958,1.49877767994303,2.24292655594486,4.48926108984026,0.999999635713069
"3103",23.67192036,1.49937892668961,1.49877299291608,2.2428991572655,4.48921964156013,0.999999635625634
"3104",23.67955154,1.49937655436378,1.49876828815397,2.24287165792655,4.48917803950253,0.999999635537529
"3105",23.68718272,1.49937417298394,1.4987635655895,2.24284405755173,4.48913628309029,0.999999635448773
"3106",23.6948139,1.49937178251559,1.4987588251564,2.24281635578849,4.48909437177266,0.999999635359337
"3107",23.70244508,1.4993693829241,1.49875406678736,2.24278855226686,4.48905230497851,0.99999963526922
"3108",23.71007626,1.49936697417473,1.49874929041494,2.24276064661734,4.48901008213662,0.999999635178421
"3109",23.71770744,1.49936455623257,1.49874449597147,2.24273263846919,4.48896770267396,0.999999635086938
"3110",23.72533862,1.4993621290626,1.49873968338929,2.24270452745722,4.48892516602305,0.999999634994756
"3111",23.7329698,1.49935969262967,1.49873485260018,2.24267631320749,4.48888247160598,0.999999634901872
"3112",23.74060098,1.49935724689848,1.49873000353557,2.24264799534258,4.48883961884031,0.99999963480829
"3113",23.74823216,1.49935479183362,1.49872513612687,2.2426195734893,4.48879660714781,0.999999634714003
"3114",23.75586334,1.49935232739951,1.49872025030538,2.24259104727614,4.48875343595157,0.999999634618998
"3115",23.76349452,1.49934985356048,1.49871534600206,2.242562416328,4.48871010467006,0.999999634523263
"3116",23.7711257,1.49934737028068,1.49871042314706,2.24253368025695,4.48866661270659,0.999999634426815
"3117",23.77875688,1.49934487752416,1.49870548167097,2.24250483868897,4.48862295947959,0.999999634329635
"3118",23.78638806,1.49934237525481,1.49870052150401,2.24247589124593,4.48857914440233,0.999999634231714
"3119",23.79401924,1.4993398634364,1.4986955425759,2.24244683754293,4.4885351668798,0.99999963413305
"3120",23.80165042,1.49933734203254,1.49869054481618,2.24241767719623,4.48849102631764,0.999999634033639
"3121",23.8092816,1.49933481100672,1.49868552815419,2.2423884098213,4.48844672212011,0.999999633933474
"3122",23.81691278,1.49933227032229,1.49868049251895,2.24235903503139,4.48840225368823,0.999999633832551
"3123",23.82454396,1.49932971994246,1.49867543783937,2.24232955244228,4.48835762042531,0.999999633730857
"3124",23.83217514,1.4993271598303,1.49867036404379,2.24229996166043,4.48831282172356,0.999999633628396
"3125",23.83980632,1.49932458994873,1.49866527106048,2.24227026229644,4.48826785697923,0.999999633525161
"3126",23.8474375,1.49932201026054,1.49866015881755,2.24224045396093,4.48822272558799,0.999999633421142
"3127",23.85506868,1.49931942072838,1.49865502724275,2.24221053626183,4.48817742694179,0.99999963331633
"3128",23.86269986,1.49931682131475,1.4986498762634,2.2421805088016,4.48813196042592,0.999999633210727
"3129",23.87033104,1.49931421198201,1.49864470580691,2.24215037118914,4.48808632543222,0.999999633104318
"3130",23.87796222,1.49931159269239,1.49863951580002,2.24212012302442,4.48804052134174,0.999999632997102
"3131",23.8855934,1.49930896340795,1.49863430616942,2.24208976390925,4.48799454753716,0.999999632889074
"3132",23.89322458,1.49930632409064,1.49862907684145,2.24205929344297,4.48794840339762,0.99999963278023
"3133",23.90085576,1.49930367470223,1.49862382774235,2.2420287112279,4.48790208830505,0.999999632670556
"3134",23.90848694,1.49930101520438,1.49861855879792,2.24199801686047,4.48785560163403,0.999999632560048
"3135",23.91611812,1.49929834555857,1.49861326993368,2.24196720993571,4.48780894275703,0.999999632448702
"3136",23.9237493,1.49929566572615,1.49860796107489,2.24193629004772,4.48776211104475,0.999999632336515
"3137",23.93138048,1.49929297566834,1.49860263214661,2.24190525679115,4.48771510586788,0.999999632223476
"3138",23.93901166,1.49929027534619,1.49859728307349,2.24187410975662,4.48766792659186,0.999999632109582
"3139",23.94664284,1.49928756472061,1.49859191378033,2.241842848541,4.48762057258879,0.999999631994814
"3140",23.95427402,1.49928484375236,1.49858652419103,2.24181147272828,4.48757304321524,0.999999631879176
"3141",23.9619052,1.49928211240205,1.49858111422941,2.24177998190405,4.4875253378291,0.999999631762666
"3142",23.96953638,1.49927937063014,1.49857568381924,2.24174837565843,4.48747745579272,0.999999631645271
"3143",23.97716756,1.49927661839695,1.49857023288375,2.24171665357403,4.4874293964593,0.999999631526987
"3144",23.98479874,1.49927385566264,1.49856476134625,2.24168481523887,4.48738115918762,0.999999631407799
"3145",23.99242992,1.49927108238722,1.49855926912912,2.24165286022773,4.48733274332054,0.999999631287715
"3146",24.0000611,1.49926829853054,1.49855375615534,2.24162078813132,4.48728414821861,0.999999631166709
"3147",24.00769228,1.49926550405233,1.49854822234675,2.24158859852143,4.48723537322002,0.999999631044788
"3148",24.01532346,1.49926269891212,1.49854266762537,2.2415562909784,4.48718641767218,0.999999630921941
"3149",24.02295464,1.49925988306933,1.49853709191292,2.24152386507972,4.48713728091855,0.999999630798158
"3150",24.03058582,1.49925705648319,1.49853149513043,2.24149132039417,4.48708796229201,0.999999630673445
"3151",24.038217,1.49925421911281,1.49852587719927,2.24145865650252,4.48703846113837,0.999999630547779
"3152",24.04584818,1.49925137091711,1.49852023804006,2.24142587297298,4.48698877678861,0.999999630421162
"3153",24.05347936,1.49924851185488,1.49851457757342,2.24139296938053,4.48693890858059,0.999999630293578
"3154",24.06111054,1.49924564188475,1.49850889571949,2.24135994529205,4.48688885584251,0.999999630165023
"3155",24.06874172,1.49924276096518,1.49850319239787,2.24132680027047,4.48683861789709,0.999999630035499
"3156",24.0763729,1.49923986905448,1.49849746752842,2.24129353388733,4.48678819407641,0.99999962990499
"3157",24.08400408,1.4992369661108,1.49849172103038,2.24126014570635,4.48673758370294,0.999999629773488
"3158",24.09163526,1.49923405209215,1.49848595282286,2.2412266352933,4.48668678610073,0.999999629640981
"3159",24.09926644,1.49923112695635,1.4984801628244,2.24119300220602,4.48663580058425,0.99999962950747
"3160",24.10689762,1.49922819066108,1.49847435095311,2.24115924599957,4.48658462646391,0.999999629372958
"3161",24.1145288,1.49922524316386,1.4984685171276,2.24112536624333,4.48653326306591,0.999999629237415
"3162",24.12215998,1.49922228442203,1.49846266126572,2.24109136249537,4.48648170970292,0.999999629100831
"3163",24.12979116,1.49921931439279,1.49845678328448,2.24105723430143,4.48642996567269,0.99999962896322
"3164",24.13742234,1.49921633303317,1.49845088310127,2.24102298122034,4.48637803028733,0.999999628824564
"3165",24.14505352,1.49921334030003,1.49844496063296,2.24098860280397,4.48632590285028,0.999999628684856
"3166",24.1526847,1.49921033615008,1.49843901579622,2.24095409860594,4.48627358266629,0.999999628544084
"3167",24.16031588,1.49920732053985,1.49843304850739,2.24091946817727,4.48622106903643,0.999999628402237
"3168",24.16794706,1.49920429342573,1.49842705868216,2.24088471106014,4.48616836125102,0.999999628259319
"3169",24.17557824,1.49920125476391,1.49842104623634,2.24084982680435,4.48611545860837,0.999999628115315
"3170",24.18320942,1.49919820451045,1.49841501108543,2.24081481495837,4.48606236040453,0.999999627970209
"3171",24.1908406,1.49919514262121,1.49840895314402,2.24077967505639,4.48600906591856,0.999999627824014
"3172",24.19847178,1.49919206905191,1.49840287232737,2.24074440665165,4.48595557445055,0.999999627676697
"3173",24.20610296,1.49918898375809,1.49839676854946,2.24070900927551,4.48590188527497,0.999999627528268
"3174",24.21373414,1.49918588669512,1.49839064172458,2.24067348247176,4.48584799767956,0.999999627378708
"3175",24.22136532,1.4991827778182,1.49838449176675,2.24063782578148,4.48579391094859,0.999999627228002
"3176",24.2289965,1.49917965708237,1.49837831858908,2.24060203873396,4.4857396243518,0.999999627076153
"3177",24.23662768,1.49917652444248,1.49837212210455,2.24056612085902,4.4856851371591,0.999999626923163
"3178",24.24425886,1.49917337985324,1.49836590222647,2.24053007170051,4.48563044865546,0.999999626768998
"3179",24.25189004,1.49917022326917,1.49835965886717,2.24049389078499,4.48557555810554,0.999999626613659
"3180",24.25952122,1.4991670546446,1.4983533919387,2.24045757763962,4.48552046477383,0.999999626457143
"3181",24.2671524,1.49916387393372,1.49834710135296,2.24042113179251,4.48546516792531,0.999999626299439
"3182",24.27478358,1.49916068109053,1.49834078702155,2.24038455277123,4.48540966682358,0.999999626140535
"3183",24.28241476,1.49915747606885,1.49833444885561,2.24034784009936,4.48535396072679,0.999999625980425
"3184",24.29004594,1.49915425882234,1.49832808676595,2.2403109932981,4.4852980488898,0.999999625819103
"3185",24.29767712,1.49915102930448,1.49832170066366,2.24027401189954,4.48524193057917,0.999999625656537
"3186",24.3053083,1.49914778746856,1.49831529045836,2.24023689541116,4.48518560503249,0.999999625492744
"3187",24.31293948,1.49914453326771,1.49830885606003,2.24019964335247,4.48512907150038,0.999999625327711
"3188",24.32057066,1.49914126665487,1.49830239737853,2.24016225524589,4.48507232923613,0.999999625161417
"3189",24.32820184,1.49913798758282,1.49829591432284,2.24012473060122,4.48501537747774,0.999999624993864
"3190",24.33583302,1.49913469600414,1.49828940680197,2.24008706893388,4.48495821546889,0.999999624825035
"3191",24.3434642,1.49913139187124,1.49828287472463,2.24004926975762,4.48490084245072,0.999999624654919
"3192",24.35109538,1.49912807513635,1.49827631799898,2.24001133258135,4.48484325765794,0.999999624483506
"3193",24.35872656,1.49912474575152,1.49826973653296,2.23997325691437,4.48478546032492,0.999999624310785
"3194",24.36635774,1.49912140366861,1.49826313023384,2.23993504225694,4.48472744967506,0.999999624136759
"3195",24.37398892,1.49911804883931,1.49825649900898,2.23989668811666,4.48466922493931,0.999999623961415
"3196",24.3816201,1.49911468121513,1.49824984276557,2.23985819400346,4.48461078535051,0.999999623784726
"3197",24.38925128,1.49911130074737,1.49824316140978,2.23981955941152,4.4845521301227,0.999999623606699
"3198",24.39688246,1.49910790738717,1.49823645484802,2.23978078384391,4.48449325847947,0.999999623427317
"3199",24.40451364,1.49910450108549,1.498229722986,2.23974186679727,4.48443416963598,0.999999623246573
"3200",24.41214482,1.49910108179307,1.49822296572945,2.23970280777168,4.48437486281082,0.99999962306445
"3201",24.419776,1.49909764946051,1.49821618298347,2.23966360626129,4.48431533721484,0.999999622880938
"3202",24.42740718,1.49909420403819,1.49820937465273,2.23962426175589,4.48425559205323,0.999999622696035
"3203",24.43503836,1.4990907454763,1.4982025406419,2.23958477375117,4.48419562653701,0.999999622509722
"3204",24.44266954,1.49908727372487,1.49819568085491,2.23954514173256,4.48413543986485,0.999999622321996
"3205",24.45030072,1.49908378873371,1.49818879519557,2.23950536518951,4.48407503123907,0.999999622132844
"3206",24.4579319,1.49908029045246,1.49818188356769,2.2394654436161,4.48401439986652,0.999999621942239
"3207",24.46556308,1.49907677883056,1.49817494587372,2.23942537648458,4.4839535449283,0.999999621750196
"3208",24.47319426,1.49907325381727,1.49816798201676,2.23938516328565,4.48389246562582,0.999999621556688
"3209",24.48082544,1.49906971536164,1.49816099189929,2.23934480350265,4.48383116115131,0.999999621361699
"3210",24.48845662,1.49906616341254,1.49815397542282,2.23930429660571,4.48376963068092,0.999999621165239
"3211",24.4960878,1.49906259791865,1.4981469324893,2.23926364207881,4.48370787340592,0.999999620967281
"3212",24.50371898,1.49905901882843,1.49813986300011,2.23922283939941,4.48364588850939,0.999999620767812
"3213",24.51135016,1.49905542609018,1.49813276685586,2.23918188803561,4.4835836751628,0.999999620566835
"3214",24.51898134,1.49905181965199,1.4981256439576,2.23914078747008,4.48352123255347,0.999999620364313
"3215",24.52661252,1.49904819946174,1.49811849420505,2.2390995371635,4.4834585598427,0.999999620160259
"3216",24.5342437,1.49904456546713,1.49811131749818,2.23905813658837,4.48339565620449,0.999999619954653
"3217",24.54187488,1.49904091761566,1.49810411373662,2.2390165852141,4.4833325208087,0.999999619747477
"3218",24.54950606,1.49903725585462,1.49809688281932,2.23897488250338,4.48326915281633,0.999999619538726
"3219",24.55713724,1.49903358013111,1.49808962464492,2.23893302791863,4.48320555138739,0.999999619328391
"3220",24.56476842,1.49902989039204,1.49808233911213,2.23889102092852,4.4831417156882,0.999999619116444
"3221",24.5723996,1.4990261865841,1.49807502611859,2.23884886098555,4.48307764486577,0.99999961890289
"3222",24.58003078,1.49902246865378,1.49806768556199,2.23880654754984,4.4830133380749,0.999999618687712
"3223",24.58766196,1.49901873654738,1.49806031733976,2.2387640800814,4.48294879446952,0.99999961847089
"3224",24.59529314,1.49901499021099,1.49805292134863,2.23872145803215,4.48288401319333,0.999999618252418
"3225",24.60292432,1.49901122959049,1.4980454974849,2.23867868085098,4.48281899338578,0.999999618032291
"3226",24.6105555,1.49900745463157,1.498038045645,2.23863574799465,4.48275373419455,0.999999617810484
"3227",24.61818668,1.4990036652797,1.49803056572456,2.23859265891121,4.48268823475624,0.999999617586987
"3228",24.62581786,1.49899986148016,1.49802305761887,2.23854941304617,4.48262249420396,0.999999617361791
"3229",24.63344904,1.498996043178,1.49801552122327,2.23850600985224,4.48255651167807,0.999999617134867
"3230",24.64108022,1.49899221031809,1.49800795643163,2.23846244875873,4.48249028629119,0.999999616906234
"3231",24.6487114,1.49898836284506,1.49800036313886,2.23841872922126,4.48242381718541,0.999999616675847
"3232",24.65634258,1.49898450070336,1.49799274123839,2.23837485067251,4.48235710347542,0.99999961644371
"3233",24.66397376,1.49898062383721,1.49798509062376,2.23833081255201,4.48229014428308,0.999999616209806
"3234",24.67160494,1.49897673219063,1.49797741118784,2.23828661429304,4.48222293872207,0.999999615974128
"3235",24.67923612,1.49897282570742,1.49796970282373,2.23824225533846,4.48215548591627,0.999999615736644
"3236",24.6868673,1.49896890433118,1.49796196542341,2.23819773511477,4.48208778496993,0.999999615497353
"3237",24.69449848,1.49896496800528,1.49795419887861,2.23815305305053,4.48201983498859,0.999999615256245
"3238",24.70212966,1.4989610166729,1.49794640308127,2.23810820858299,4.48195163508711,0.999999615013289
"3239",24.70976084,1.49895705027697,1.49793857792188,2.23806320112703,4.48188318435365,0.999999614768497
"3240",24.71739202,1.49895306876024,1.49793072329151,2.23801803011574,4.48181448189636,0.999999614521836
"3241",24.7250232,1.49894907206522,1.49792283908056,2.23797269497351,4.48174552681266,0.999999614273288
"3242",24.73265438,1.49894506013421,1.49791492517849,2.23792719511367,4.48167631818614,0.999999614022858
"3243",24.74028556,1.4989410329093,1.49790698147506,2.23788152996056,4.48160685511229,0.999999613770519
"3244",24.74791674,1.49893699033235,1.49789900785946,2.23783569893305,4.48153713667941,0.999999613516252
"3245",24.75554792,1.498932932345,1.49789100422021,2.23778970144402,4.48146716196786,0.99999961326005
"3246",24.7631791,1.49892885888868,1.49788297044564,2.23774353690676,4.48139693005781,0.999999613001897
"3247",24.77081028,1.49892476990458,1.49787490642363,2.23769720473396,4.48132644002757,0.999999612741776
"3248",24.77844146,1.49892066533369,1.49786681204155,2.23765070433244,4.48125569094794,0.999999612479677
"3249",24.78607264,1.49891654511677,1.49785868718673,2.23760403511564,4.48118468189638,0.999999612215573
"3250",24.79370382,1.49891240919435,1.49785053174539,2.23755719648099,4.48111341193093,0.999999611949467
"3251",24.801335,1.49890825750673,1.4978423456042,2.23751018784019,4.48104188012528,0.999999611681326
"3252",24.80896618,1.498904089994,1.49783412864864,2.23746300858853,4.48097008553316,0.999999611411148
"3253",24.81659736,1.49889990659601,1.49782588076431,2.23741565812971,4.48089802721709,0.999999611138909
"3254",24.82422854,1.4988957072524,1.49781760183609,2.23736813585893,4.48082570422894,0.999999610864599
"3255",24.83185972,1.49889149190256,1.49780929174856,2.23732044117263,4.48075311562096,0.999999610588201
"3256",24.8394909,1.49888726048567,1.49780095038624,2.23727257347152,4.48068026044945,0.999999610309683
"3257",24.84712208,1.49888301294067,1.4977925776323,2.23722453213662,4.48060713774704,0.999999610029054
"3258",24.85475326,1.49887874920627,1.49778417337034,2.23717631656241,4.48053374656106,0.999999609746286
"3259",24.86238444,1.49887446922095,1.49777573748328,2.23712792613862,4.48046008593219,0.99999960946136
"3260",24.87001562,1.49887017292295,1.49776726985351,2.23707936024935,4.48038615489378,0.999999609174262
"3261",24.8776468,1.49886586025031,1.49775877036297,2.23703061827588,4.48031195247506,0.999999608884983
"3262",24.88527798,1.49886153114078,1.4977502388934,2.23698169960362,4.48023747770886,0.999999608593496
"3263",24.89290916,1.49885718553193,1.49774167532612,2.23693260361398,4.48016272962267,0.999999608299781
"3264",24.90054034,1.49885282336105,1.49773307954153,2.23688332967823,4.48008770723118,0.999999608003836
"3265",24.90817152,1.49884844456523,1.49772445142022,2.23683387717763,4.48001240955962,0.999999607705631
"3266",24.9158027,1.49884404908129,1.49771579084193,2.23678424548305,4.47993683562031,0.999999607405155
"3267",24.92343388,1.49883963684584,1.49770709768613,2.23673443396642,4.47986098442584,0.99999960710239
"3268",24.93106506,1.49883520779523,1.49769837183179,2.23668444199635,4.47978485498395,0.999999606797321
"3269",24.93869624,1.49883076186557,1.49768961315779,2.23663426894657,4.47970844630729,0.999999606489915
"3270",24.94632742,1.49882629899276,1.49768082154183,2.23658391417378,4.47963175738799,0.999999606180175
"3271",24.9539586,1.49882181911241,1.4976719968618,2.23653337704559,4.4795547872296,0.999999605868074
"3272",24.96158978,1.49881732215992,1.49766313899499,2.23648265692386,4.4794775348282,0.99999960555359
"3273",24.96922096,1.49881280807044,1.49765424781806,2.2364317531649,4.47939999917239,0.999999605236714
"3274",24.97685214,1.49880827677887,1.49764532320757,2.23638066512989,4.47932217925539,0.999999604917417
"3275",24.98448332,1.49880372821986,1.49763636503923,2.23632939216987,4.47924407405779,0.99999960459569
"3276",24.9921145,1.49879916232783,1.4976273731886,2.23627793363949,4.47916568256326,0.99999960427151
"3277",24.99974568,1.49879457903694,1.49761834753062,2.23622628888853,4.47908700374887,0.999999603944861
"3278",25.00737686,1.49878997828111,1.49760928793997,2.23617445726807,4.47900803659214,0.999999603615718
"3279",25.01500804,1.49878535999399,1.49760019429073,2.23612243812365,4.47892878006327,0.999999603284064
"3280",25.02263922,1.498780724109,1.49759106645644,2.23607023079779,4.47884923312792,0.999999602949885
"3281",25.0302704,1.49877607055931,1.49758190431036,2.23601783463456,4.47876939475239,0.999999602613157
"3282",25.03790158,1.49877139927782,1.49757270772523,2.23596524897366,4.47868926389715,0.999999602273862
"3283",25.04553276,1.4987667101972,1.4975634765733,2.23591247315286,4.47860883951917,0.99999960193198
"3284",25.05316394,1.49876200324984,1.4975542107264,2.23585950650837,4.47852812057275,0.999999601587492
"3285",25.06079512,1.49875727836791,1.49754491005593,2.23580634837503,4.47844710600944,0.999999601240373
"3286",25.0684263,1.49875253548328,1.49753557443261,2.23575299808128,4.4783657947725,0.999999600890612
"3287",25.07605748,1.49874777452759,1.49752620372696,2.23569945495793,4.47828418580681,0.999999600538185
"3288",25.08368866,1.49874299543224,1.49751679780888,2.23564571833132,4.47820227805108,0.999999600183074
"3289",25.09131984,1.49873819812832,1.49750735654815,2.2355917875327,4.47812007044852,0.999999599825242
"3290",25.09895102,1.49873338254671,1.49749787981331,2.23553766187563,4.47803756192098,0.999999599464692
"3291",25.1065822,1.498728548618,1.49748836747316,2.23548334068592,4.47795475140336,0.99999959910139
"3292",25.11421338,1.49872369627253,1.49747881939571,2.23542882328053,4.47787163781931,0.999999598735319
"3293",25.12184456,1.49871882544037,1.49746923544848,2.23537410897459,4.47778822008923,0.999999598366459
"3294",25.12947574,1.49871393605133,1.49745961549884,2.23531919708827,4.47770449713821,0.999999597994776
"3295",25.13710692,1.49870902803497,1.49744995941298,2.23526408692372,4.47762046786966,0.99999959762027
"3296",25.1447381,1.49870410132056,1.49744026705737,2.23520877779728,4.47753613120214,0.999999597242905
"3297",25.15236928,1.49869915583711,1.49743053829777,2.23515326901752,4.47745148604427,0.999999596862653
"3298",25.16000046,1.49869419151337,1.4974207729991,2.23509755988496,4.47736653129419,0.999999596479506
"3299",25.16763164,1.49868920827782,1.4974109710259,2.23504164969959,4.47728126584832,0.999999596093448
"3300",25.17526282,1.49868420605867,1.4974011322429,2.23498553777219,4.47719568861451,0.999999595704432
"3301",25.182894,1.49867918478385,1.49739125651329,2.23492922339082,4.47710979847328,0.99999959531246
"3302",25.19052518,1.49867414438103,1.4973813437008,2.23487270586111,4.47702359432433,0.999999594917486
"3303",25.19815636,1.49866908477761,1.49737139366763,2.23481598446693,4.47693707504108,0.999999594519512
"3304",25.20578754,1.4986640059007,1.49736140627653,2.23475905850927,4.47685023951571,0.999999594118492
"3305",25.21341872,1.49865890767715,1.49735138138893,2.234701927272,4.47676308661934,0.999999593714416
"3306",25.2210499,1.49865379003352,1.49734131886612,2.23464459004235,4.4766756152261,0.999999593307261
"3307",25.22868108,1.49864865289612,1.497331218569,2.23458704610848,4.4765878242098,0.999999592896993
"3308",25.23631226,1.49864349619095,1.49732108035747,2.23452929474577,4.47649971242862,0.999999592483607
"3309",25.24394344,1.49863831984376,1.49731090409158,2.23447133524058,4.47641127875213,0.999999592067063
"3310",25.25157462,1.49863312377999,1.49730068963062,2.2344131668715,4.47632252203982,0.999999591647335
"3311",25.2592058,1.49862790792483,1.49729043683306,2.23435478890904,4.47623344114077,0.999999591224411
"3312",25.26683698,1.49862267220316,1.4972801455573,2.23429620062991,4.47614403491002,0.999999590798259
"3313",25.27446816,1.49861741653961,1.49726981566085,2.23423740130094,4.47605430219001,0.999999590368863
"3314",25.28209934,1.49861214085849,1.49725944700137,2.23417839019898,4.47596424183382,0.999999589936178
"3315",25.28973052,1.49860684508385,1.49724903943499,2.2341191665803,4.47587385266931,0.999999589500203
"3316",25.2973617,1.49860152913944,1.49723859281836,2.23405972971682,4.47578313354151,0.999999589060892
"3317",25.30499288,1.49859619294874,1.49722810700673,2.23400007886312,4.47569208327407,0.999999588618239
"3318",25.31262406,1.49859083643492,1.49721758185546,2.23394021328204,4.47560070069916,0.999999588172207
"3319",25.32025524,1.49858545952088,1.4972070172192,2.23388013223078,4.47550898464121,0.99999958772277
"3320",25.32788642,1.49858006212921,1.49719641295198,2.23381983496266,4.47541693391895,0.999999587269905
"3321",25.3355176,1.49857464418223,1.49718576890751,2.23375932073279,4.47532454735198,0.999999586813577
"3322",25.34314878,1.49856920560195,1.49717508493857,2.23369858878422,4.47523182374503,0.999999586353776
"3323",25.35077996,1.4985637463101,1.49716436089773,2.23363763836638,4.47513876190871,0.999999585890471
"3324",25.35841114,1.4985582662281,1.49715359663726,2.23357646872878,4.47504536065266,0.999999585423622
"3325",25.36604232,1.49855276527709,1.49714279200833,2.23351507910827,4.47495161877077,0.999999584953217
"3326",25.3736735,1.49854724337791,1.49713194686211,2.23345346874969,4.47485753506481,0.999999584479216
"3327",25.38130468,1.4985417004511,1.49712106104862,2.23339163688349,4.47476310831885,0.99999958400161
"3328",25.38893586,1.49853613641688,1.49711013441831,2.23332958275584,4.47466833733385,0.999999583520343
"3329",25.39656704,1.49853055119522,1.49709916681986,2.23326730558738,4.4745732208801,0.999999583035418
"3330",25.40419822,1.49852494470573,1.49708815810256,2.23320480461847,4.4744777577494,0.999999582546782
"3331",25.4118294,1.49851931686776,1.49707710811435,2.23314207907039,4.47438194671041,0.999999582054422
"3332",25.41946058,1.49851366760033,1.49706601670301,2.23307912817062,4.47428578653764,0.999999581558306
"3333",25.42709176,1.49850799682219,1.49705488371585,2.23301595114539,4.47418927600287,0.999999581058396
"3334",25.43472294,1.49850230445174,1.49704370899905,2.23295254720682,4.47409241386045,0.999999580554684
"3335",25.44235412,1.49849659040711,1.49703249239896,2.23288891557895,4.4739951988772,0.999999580047126
"3336",25.4499853,1.4984908546061,1.49702123376128,2.23282505548039,4.47389762981254,0.999999579535685
"3337",25.45761648,1.4984850969662,1.49700993293068,2.23276096611948,4.47379970541259,0.999999579020343
"3338",25.46524766,1.49847931740462,1.49699858975149,2.23269664670537,4.47370142442333,0.999999578501074
"3339",25.47287884,1.49847351583821,1.49698720406777,2.23263209645035,4.47360278559299,0.999999577977838
"3340",25.48051002,1.49846769218355,1.49697577572273,2.23256731455837,4.47350378765903,0.999999577450607
"3341",25.4881412,1.49846184635689,1.49696430455909,2.23250230023216,4.47340442935623,0.999999576919353
"3342",25.49577238,1.49845597827415,1.49695279041884,2.23243705267028,4.47330470941303,0.99999957638405
"3343",25.50340356,1.49845008785097,1.49694123314393,2.23237157107655,4.47320462656304,0.999999575844652
"3344",25.51103474,1.49844417500263,1.49692963257515,2.23230585464207,4.47310417952365,0.999999575301139
"3345",25.51866592,1.49843823964413,1.49691798855293,2.23223990255924,4.47300336701258,0.999999574753481
"3346",25.5262971,1.49843228169013,1.49690630091715,2.23217371401845,4.47290218774391,0.999999574201647
"3347",25.53392828,1.49842630105497,1.49689456950735,2.23210728821163,4.47280064043223,0.999999573645593
"3348",25.54155946,1.49842029765267,1.49688279416211,2.23204062432104,4.4726987237796,0.999999573085297
"3349",25.54919064,1.49841427139693,1.49687097471959,2.23197372152927,4.47259643648724,0.999999572520726
"3350",25.55682182,1.49840822220112,1.49685911101751,2.2319065790183,4.47249377725443,0.999999571951843
"3351",25.564453,1.49840214997829,1.4968472028927,2.231839195963,4.47239074477069,0.999999571378621
"3352",25.57208418,1.49839605464117,1.49683525018194,2.23177157154486,4.47228733773209,0.999999570801012
"3353",25.57971536,1.49838993610213,1.49682325272058,2.23170370492675,4.47218355481177,0.999999570219007
"3354",25.58734654,1.49838379427326,1.49681121034421,2.23163559528457,4.47207939469667,0.999999569632556
"3355",25.59497772,1.49837762906628,1.49679912288746,2.23156724178483,4.47197485606151,0.999999569041627
"3356",25.6026089,1.4983714403926,1.49678699018437,2.23149864359131,4.4718699375765,0.999999568446188
"3357",25.61024008,1.49836522816328,1.49677481206863,2.23142979986935,4.47176463791241,0.999999567846198
"3358",25.61787126,1.49835899228906,1.49676258837284,2.23136070977324,4.47165895572581,0.999999567241633
"3359",25.62550244,1.49835273268033,1.49675031892959,2.23129137246442,4.47155288968024,0.999999566632447
"3360",25.63313362,1.49834644924717,1.49673800357032,2.23122178709243,4.47144643842408,0.999999566018618
"3361",25.6407648,1.49834014189931,1.49672564212634,2.23115195281182,4.47133960061031,0.999999565400101
"3362",25.64839598,1.49833381054611,1.49671323442805,2.2310818687705,4.47123237488257,0.999999564776863
"3363",25.65602716,1.49832745509664,1.49670078030565,2.23101153411864,4.47112475988618,0.999999564148858
"3364",25.66365834,1.4983210754596,1.49668827958799,2.23094094799258,4.47101675424865,0.999999563516069
"3365",25.67128952,1.49831467154334,1.49667573210419,2.23087010954022,4.47090835660983,0.999999562878441
"3366",25.6789207,1.4983082432559,1.49666313768216,2.23079901789694,4.47079956559354,0.999999562235944
"3367",25.68655188,1.49830179050493,1.49665049614937,2.23072767219812,4.47069037982226,0.999999561588541
"3368",25.69418306,1.49829531319778,1.49663780733258,2.2306560715742,4.47058079791146,0.999999560936202
"3369",25.70181424,1.49828881124141,1.49662507105817,2.23058421515853,4.4704708184784,0.999999560278881
"3370",25.70944542,1.49828228454245,1.49661228715186,2.23051210207942,4.47036044013333,0.999999559616536
"3371",25.7170766,1.4982757330072,1.4965994554385,2.23043973145909,4.47024966147791,0.999999558949137
"3372",25.72470778,1.49826915654156,1.49658657574268,2.2303671024229,4.4701384811161,0.999999558276636
"3373",25.73233896,1.49826255505113,1.4965736478878,2.23029421408381,4.47002689763601,0.999999557599012
"3374",25.73997014,1.49825592844111,1.49656067169755,2.2302210655677,4.46991490963953,0.9999995569162
"3375",25.74760132,1.49824927661637,1.496547646994,2.23014765598085,4.46980251570414,0.999999556228181
"3376",25.7552325,1.49824259948143,1.49653457359919,2.23007398443703,4.46968971441475,0.999999555534908
"3377",25.76286368,1.49823589694042,1.49652145133436,2.23000005004402,4.4695765043479,0.999999554836343
"3378",25.77049486,1.49822916889715,1.49650828002025,2.22992585191051,4.46946288407969,0.999999554132437
"3379",25.77812604,1.49822241525504,1.4964950594766,2.22985138913386,4.46934885217173,0.999999553423164
"3380",25.78575722,1.49821563591715,1.49648178952311,2.22977666082086,4.46923440719515,0.999999552708466
"3381",25.7933884,1.4982088307862,1.4964684699781,2.22970166606193,4.46911954770054,0.999999551988319
"3382",25.80101958,1.49820199976451,1.49645510065994,2.229626403957,4.46900427224814,0.999999551262667
"3383",25.80865076,1.49819514275407,1.49644168138599,2.22955087359674,4.46888857938608,0.999999550531471
"3384",25.81628194,1.49818825965647,1.49642821197284,2.22947507406682,4.46877246765504,0.999999549794699
"3385",25.82391312,1.49818135037296,1.49641469223692,2.22939900445843,4.46865593560094,0.999999549052292
"3386",25.8315443,1.4981744148044,1.49640112199355,2.22932266385245,4.46853898175599,0.999999548304216
"3387",25.83917548,1.49816745285129,1.49638750105743,2.22924605132709,4.46842160464799,0.999999547550433
"3388",25.84680666,1.49816046441374,1.49637382924297,2.22916916596459,4.46830380280786,0.999999546790888
"3389",25.85443784,1.4981534493915,1.49636010636361,2.22909200683808,4.46818557475459,0.999999546025541
"3390",25.86206902,1.49814640768395,1.49634633223209,2.22901457301785,4.46806691900229,0.999999545254353
"3391",25.8697002,1.49813933919008,1.49633250666076,2.2289368635757,4.46794783406537,0.999999544477271
"3392",25.87733138,1.4981322438085,1.49631862946102,2.22885887757595,4.46782831844805,0.999999543694258
"3393",25.88496256,1.49812512143746,1.49630470044377,2.22878061408275,4.46770837065288,0.999999542905265
"3394",25.89259374,1.49811797197481,1.49629071941944,2.22870207216032,4.46758798918106,0.999999542110237
"3395",25.90022492,1.49811079531801,1.49627668619721,2.22862325086118,4.46746717251849,0.999999541309142
"3396",25.9078561,1.49810359136416,1.49626260058606,2.22854414924168,4.46734591915424,0.99999954050193
"3397",25.91548728,1.49809636000997,1.49624846239424,2.22846476635543,4.46722422757254,0.999999539688551
"3398",25.92311846,1.49808910115174,1.49623427142908,2.22838510124868,4.46710209624758,0.999999538868964
"3399",25.93074964,1.4980818146854,1.49622002749766,2.22830515297189,4.46697952365697,0.999999538043111
"3400",25.93838082,1.4980745005065,1.49620573040594,2.22822492056537,4.46685650826494,0.999999537210951
"3401",25.946012,1.49806715851018,1.49619137995948,2.22814440307124,4.4667330485363,0.999999536372434
"3402",25.95364318,1.49805978859119,1.4961769759631,2.22806359952747,4.46660914292957,0.999999535527507
"3403",25.96127436,1.4980523906439,1.49616251822072,2.22798250896612,4.4664847898947,0.999999534676129
"3404",25.96890554,1.49804496456227,1.49614800653572,2.22790113041791,4.46635998787873,0.999999533818254
"3405",25.97653672,1.49803751023986,1.49613344071101,2.22781946291574,4.46623473532951,0.99999953295382
"3406",25.9841679,1.49803002756986,1.49611882054847,2.22773750548314,4.46610903068248,0.999999532082784
"3407",25.99179908,1.49802251644502,1.49610414584941,2.22765525714249,4.46598287237027,0.999999531205095
"3408",25.99943026,1.49801497675772,1.49608941641452,2.22757271691525,4.46585625882279,0.999999530320699
"3409",26.00706144,1.49800740839993,1.49607463204362,2.22748988381651,4.46572918846095,0.99999952942955
"3410",26.01469262,1.49799981126319,1.49605979253607,2.22740675686246,4.46560165970551,0.999999528531588
"3411",26.0223238,1.49799218523868,1.49604489769024,2.22732333506249,4.46547367096749,0.999999527626767
"3412",26.02995498,1.49798453021715,1.49602994730386,2.22723961742262,4.46534522065261,0.999999526715039
"3413",26.03758616,1.49797684608892,1.4960149411742,2.22715560295171,4.46521630716816,0.999999525796341
"3414",26.04521734,1.49796913274393,1.49599987909761,2.22707129065063,4.46508692891069,0.999999524870623
"3415",26.05284852,1.4979613900717,1.49598476086955,2.22698667951549,4.46495708426943,0.999999523937837
"3416",26.0604797,1.49795361796134,1.4959695862852,2.22690176854564,4.46482677163594,0.999999522997922
"3417",26.06811088,1.49794581630153,1.49595435513854,2.22681655673023,4.46469598938819,0.999999522050833
"3418",26.07574206,1.49793798498056,1.49593906722335,2.22673104306442,4.46456473590948,0.999999521096499
"3419",26.08337324,1.49793012388627,1.49592372233216,2.22664522653045,4.46443300956656,0.999999520134879
"3420",26.09100442,1.49792223290611,1.49590832025722,2.22655910611524,4.46430080873001,0.999999519165909
"3421",26.0986356,1.49791431192709,1.49589286078972,2.22647268079813,4.46416813175979,0.999999518189535
"3422",26.10626678,1.49790636083581,1.49587734372021,2.22638594955568,4.46403497701113,0.999999517205704
"3423",26.11389796,1.49789837951844,1.49586176883866,2.22629891136419,4.46390134283731,0.999999516214355
"3424",26.12152914,1.49789036786072,1.49584613593409,2.22621156519396,4.46376722758291,0.999999515215434
"3425",26.12916032,1.49788232574798,1.49583044479484,2.22612391001314,4.46363262958828,0.999999514208883
"3426",26.1367915,1.4978742530651,1.49581469520872,2.2260359447895,4.46349754719184,0.999999513194637
"3427",26.14442268,1.49786614969654,1.49579888696268,2.22594766848654,4.46336197872533,0.999999512172634
"3428",26.15205386,1.49785801552633,1.49578301984262,2.22585908005926,4.46322592250876,0.999999511142827
"3429",26.15968504,1.49784985043807,1.495767093634,2.22577017846465,4.46308937686296,0.999999510105154
"3430",26.16731622,1.49784165431492,1.4957511081216,2.22568096265787,4.46295234010487,0.999999509059547
"3431",26.1749474,1.4978334270396,1.4957350630891,2.225591431585,4.46281481053914,0.999999508005957
"3432",26.18257858,1.4978251684944,1.49571895831976,2.2255015841951,4.46267678647224,0.999999506944317
"3433",26.19020976,1.49781687856117,1.49570279359594,2.2254114194314,4.46253826620211,0.999999505874565
"3434",26.19784094,1.49780855712131,1.49568656869948,2.2253209362377,4.46239924802571,0.99999950479663
"3435",26.20547212,1.49780020405578,1.49567028341089,2.22523013354565,4.46225973022408,0.999999503710466
"3436",26.2131033,1.4977918192451,1.49565393751051,2.22513901029359,4.46211971108427,0.999999502615997
"3437",26.22073448,1.49778340256935,1.49563753077747,2.22504756540842,4.46197918887855,0.999999501513173
"3438",26.22836566,1.49777495390815,1.49562106299061,2.22495579782389,4.46183816188506,0.999999500401911
"3439",26.23599684,1.49776647314068,1.49560453392752,2.22486370646052,4.46169662836509,0.999999499282159
"3440",26.24362802,1.49775796014566,1.49558794336507,2.22477129023746,4.46155458657641,0.999999498153858
"3441",26.2512592,1.49774941480136,1.49557129107974,2.22467854807745,4.46141203477937,0.999999497016932
"3442",26.25889038,1.4977408369856,1.49555457684696,2.22458547889491,4.46126897122278,0.999999495871314
"3443",26.26652156,1.49773222657575,1.49553780044132,2.22449208160106,4.46112539414993,0.999999494716941
"3444",26.27415274,1.49772358344871,1.49552096163678,2.22439835510479,4.46098130179979,0.999999493553745
"3445",26.28178392,1.49771490748093,1.49550406020638,2.22430429831094,4.4608366924047,0.99999949238166
"3446",26.2894151,1.49770619854839,1.49548709592236,2.22420991012067,4.46069156419096,0.999999491200622
"3447",26.29704628,1.49769745652661,1.4954700685564,2.22411518943583,4.46054591538392,0.999999490010552
"3448",26.30467746,1.49768868129066,1.4954529778791,2.22402013514978,4.46039974419725,0.99999948881139
"3449",26.31230864,1.49767987271512,1.49543582366031,2.22392474615401,4.4602530488406,0.999999487603068
"3450",26.31993982,1.49767103067413,1.49541860566938,2.22382902134174,4.46010582752388,0.999999486385505
"3451",26.327571,1.49766215504133,1.49540132367451,2.22373295959651,4.45995807844398,0.999999485158637
"3452",26.33520218,1.49765324568992,1.49538397744312,2.22363655979973,4.45980979979334,0.999999483922396
"3453",26.34283336,1.4976443024926,1.49536656674207,2.22353982083326,4.45966098976323,0.999999482676705
"3454",26.35046454,1.49763532532162,1.49534909133713,2.22344274157087,4.45951164653365,0.999999481421497
"3455",26.35809572,1.49762631404873,1.49533155099349,2.22334532088775,4.45936176828435,0.999999480156692
"3456",26.3657269,1.49761726854523,1.49531394547545,2.22324755765365,4.45921135318701,0.999999478882218
"3457",26.37335808,1.49760818868191,1.49529627454641,2.2231494507343,4.45906039940669,0.999999477598001
"3458",26.38098926,1.4975990743291,1.49527853796878,2.223050998988,4.45890890509806,0.99999947630398
"3459",26.38862044,1.49758992535665,1.49526073550475,2.22295220128183,4.45875686842404,0.99999947500006
"3460",26.39625162,1.4975807416339,1.4952428669151,2.22285305646832,4.45860428752881,0.999999473686174
"3461",26.4038828,1.49757152302972,1.49522493196001,2.22275356340115,4.45845116055598,0.999999472362245
"3462",26.41151398,1.49756226941251,1.49520693039862,2.22265372092631,4.45829748563838,0.999999471028207
"3463",26.41914516,1.49755298065015,1.49518886198986,2.22255352789801,4.45814326091655,0.999999469683958
"3464",26.42677634,1.49754365661003,1.49517072649114,2.22245298315501,4.45798848451105,0.999999468329434
"3465",26.43440752,1.49753429715907,1.49515252365904,2.22235208553278,4.45783315453678,0.999999466964568
"3466",26.4420387,1.49752490216368,1.49513425324983,2.22225083387274,4.45767726911366,0.999999465589264
"3467",26.44966988,1.49751547148977,1.4951159150187,2.22214922700896,4.45752082635116,0.999999464203441
"3468",26.45730106,1.49750600500275,1.49509750871962,2.2220472637656,4.45736382434523,0.999999462807033
"3469",26.46493224,1.49749650256753,1.49507903410619,2.22194494297112,4.45720626119502,0.999999461399952
"3470",26.47256342,1.49748696404854,1.49506049093114,2.22184226345101,4.45704813499426,0.999999459982107
"3471",26.4801946,1.49747738930967,1.49504187894585,2.22173922401877,4.4568894438207,0.999999458553435
"3472",26.48782578,1.49746777821433,1.49502319790146,2.22163582349522,4.45673018575873,0.999999457113837
"3473",26.49545696,1.49745813062541,1.49500444754793,2.22153206069125,4.45657035887935,0.999999455663235
"3474",26.50308814,1.49744844640529,1.49498562763448,2.22142793441789,4.45640996125155,0.999999454201538
"3475",26.51071932,1.49743872541585,1.4949667379092,2.22132344347712,4.45624899093199,0.999999452728672
"3476",26.5183505,1.49742896751843,1.49494777811956,2.22121858667249,4.45608744597711,0.999999451244549
"3477",26.52598168,1.49741917257389,1.49492874801211,2.22111336280242,4.45592532443547,0.999999449749082
"3478",26.53361286,1.49740934044254,1.49490964733263,2.22100777066472,4.4557626243529,0.999999448242177
"3479",26.54124404,1.4973994709842,1.4948904758259,2.22090180905073,4.45559934376571,0.999999446723749
"3480",26.54887522,1.49738956405814,1.49487123323547,2.22079547674279,4.45543548069771,0.999999445193728
"3481",26.5565064,1.49737961952314,1.49485191930487,2.22068877253416,4.45527103318362,0.999999443651999
"3482",26.56413758,1.49736963723742,1.49483253377586,2.22058169519964,4.45510599923439,0.999999442098493
"3483",26.57176876,1.49735961705869,1.49481307639,2.22047424352305,4.45494037686958,0.999999440533102
"3484",26.57939994,1.49734955884415,1.49479354688764,2.22036641627755,4.45477416409447,0.999999438955739
"3485",26.58703112,1.49733946245044,1.49477394500799,2.22025821223039,4.45460735890515,0.999999437366324
"3486",26.5946623,1.49732932773367,1.49475427048962,2.22014963014804,4.45443995929499,0.999999435764768
"3487",26.60229348,1.49731915454944,1.49473452307056,2.22004066880137,4.45427196326035,0.999999434150957
"3488",26.60992466,1.49730894275279,1.49471470248738,2.21993132694686,4.4541033687788,0.999999432524809
"3489",26.61755584,1.49729869219823,1.49469480847594,2.21982160334077,4.45393417382569,0.999999430886231
"3490",26.62518702,1.49728840273974,1.49467484077125,2.21971149673804,4.45376437637261,0.999999429235124
"3491",26.6328182,1.49727807423074,1.49465479910743,2.21960100588851,4.45359397438339,0.999999427571392
"3492",26.64044938,1.49726770652411,1.49463468321756,2.219490129538,4.45342296581484,0.99999942589494
"3493",26.64808056,1.49725729947219,1.49461449283379,2.21937886642788,4.45325134861667,0.999999424205675
"3494",26.65571174,1.49724685292678,1.49459422768757,2.21926721529921,4.45307912073622,0.999999422503492
"3495",26.66334292,1.49723636673912,1.49457388750934,2.21915517488896,4.45290628011373,0.999999420788289
"3496",26.6709741,1.49722584075988,1.4945534720283,2.21904274392421,4.45273282467607,0.999999419059982
"3497",26.67860528,1.49721527483922,1.49453298097317,2.21892992113651,4.45255875235306,0.999999417318461
"3498",26.68623646,1.4972046688267,1.49451241407157,2.21881670525068,4.45238406106471,0.999999415563625
"3499",26.69386764,1.49719402257135,1.49449177105024,2.21870309498945,4.45220874872632,0.999999413795368
"3500",26.70149882,1.49718333592163,1.49447105163482,2.21858908906873,4.45203281324322,0.999999412013592
"3501",26.70913,1.49717260872544,1.4944502555502,2.21847468620351,4.45185625251758,0.999999410218192
"3502",26.71676118,1.49716184083012,1.49442938252031,2.21835988510568,4.45167906444573,0.999999408409058
"3503",26.72439236,1.49715103208243,1.4944084322678,2.21824468447719,4.4515012469103,0.999999406586101
"3504",26.73202354,1.49714018232858,1.49438740451482,2.21812908302462,4.45132279779716,0.999999404749205
"3505",26.73965472,1.4971292914142,1.49436629898234,2.21801307944614,4.45114371498033,0.999999402898268
"3506",26.7472859,1.49711835918435,1.49434511539063,2.21789667244113,4.45096399633297,0.999999401033171
"3507",26.75491708,1.49710738548351,1.4943238534588,2.21777986070189,4.45078363971783,0.999999399153806
"3508",26.76254826,1.49709637015561,1.49430251290467,2.21766264291133,4.45060264298455,0.999999397260083
"3509",26.77017944,1.49708531304396,1.49428109344577,2.21754501775971,4.45042100398921,0.999999395351874
"3510",26.77781062,1.49707421399132,1.49425959479827,2.21742698392722,4.4502387205739,0.999999393429072
"3511",26.7854418,1.49706307283986,1.49423801667733,2.21730854008984,4.45005579057363,0.999999391491572
"3512",26.79307298,1.49705188943117,1.49421635879736,2.21718968492378,4.44987221182141,0.999999389539254
"3513",26.80070416,1.49704066360624,1.4941946208716,2.2170704170973,4.44968798213892,0.99999938757201
"3514",26.80833534,1.49702939520549,1.49417280261253,2.21695073527972,4.4495030993467,0.999999385589719
"3515",26.81596652,1.49701808406873,1.49415090373136,2.21683063813051,4.44931756125175,0.999999383592275
"3516",26.8235977,1.4970067300352,1.49412892393857,2.21671012431096,4.44913136566079,0.999999381579557
"3517",26.83122888,1.49699533294351,1.49410686294368,2.21658919247787,4.44894451037327,0.999999379551443
"3518",26.83886006,1.49698389263172,1.49408472045482,2.21646784127881,4.44875699317537,0.999999377507829
"3519",26.84649124,1.49697240893725,1.49406249617971,2.21634606936634,4.44856881185707,0.999999375448582
"3520",26.85412242,1.49696088169693,1.49404018982462,2.21622387538214,4.44837996419333,0.99999937337359
"3521",26.8617536,1.49694931074701,1.49401780109511,2.21610125796883,4.44819044795791,0.999999371282728
"3522",26.86938478,1.4969376959231,1.49399532969556,2.21597821576228,4.44800026091443,0.999999369175876
"3523",26.87701596,1.49692603706023,1.49397277532928,2.21585474739348,4.44780940081857,0.999999367052919
"3524",26.88464714,1.4969143339928,1.49395013769897,2.21573085149601,4.44761786542678,0.99999936491372
"3525",26.89227832,1.4969025865546,1.49392741650584,2.21560652669213,4.44742565247994,0.999999362758165
"3526",26.8999095,1.49689079457883,1.49390461145036,2.2154817716048,4.44723275971744,0.999999360586126
"3527",26.90754068,1.49687895789803,1.49388172223188,2.21535658485119,4.44703918486969,0.99999935839748
"3528",26.91517186,1.49686707634417,1.49385874854894,2.21523096504796,4.44684492566417,0.99999935619209
"3529",26.92280304,1.49685514974857,1.49383569009869,2.21510491080235,4.44664997981498,0.99999935396984
"3530",26.93043422,1.49684317794192,1.49381254657768,2.21497842072428,4.44645434503716,0.999999351730589
"3531",26.9380654,1.49683116075431,1.49378931768095,2.21485149341286,4.44625801903059,0.999999349474221
"3532",26.94569658,1.49681909801519,1.49376600310299,2.2147241274705,4.44606099949679,0.999999347200593
"3533",26.95332776,1.49680698955337,1.49374260253702,2.21459632149136,4.44586328412544,0.999999344909576
"3534",26.96095894,1.49679483519705,1.49371911567519,2.21446807406648,4.44566487059996,0.999999342601039
"3535",26.96859012,1.49678263477378,1.4936955422088,2.21433938378582,4.44546575660026,0.99999934027484
"3536",26.9762213,1.49677038811047,1.49367188182765,2.21421024922717,4.44526593978974,0.999999337930863
"3537",26.98385248,1.49675809503341,1.49364813422099,2.21408066897399,4.44506541783584,0.99999933556896
"3538",26.99148366,1.49674575536823,1.49362429907706,2.21395064160478,4.44486418839822,0.999999333188987
"3539",26.99911484,1.49673336893993,1.49360037608271,2.21382016569081,4.44466224912524,0.999999330790808
"3540",27.00674602,1.49672093557286,1.49357636492374,2.21368923979731,4.44445959765613,0.999999328374294
"3541",27.0143772,1.49670845509071,1.49355226528517,2.21355786249158,4.44425623163004,0.999999325939295
"3542",27.02200838,1.49669592731655,1.49352807685065,2.21342603233217,4.44405214867337,0.999999323485677
"3543",27.02963956,1.49668335207276,1.49350379930311,2.21329374787818,4.44384734641099,0.999999321013289
"3544",27.03727074,1.49667072918109,1.49347943232415,2.21316100768172,4.44364182245699,0.999999318521991
"3545",27.04490192,1.49665805846263,1.49345497559433,2.21302781029104,4.44343557441848,0.99999931601164
"3546",27.0525331,1.4966453397378,1.49343042879316,2.2128941542504,4.44322859989572,0.999999313482093
"3547",27.06016428,1.49663257282638,1.49340579159919,2.21276003810314,4.44302089648515,0.999999310933195
"3548",27.06779546,1.49661975754746,1.49338106368971,2.21262546038497,4.44281246177199,0.999999308364805
"3549",27.07542664,1.49660689371947,1.49335624474108,2.21249041963009,4.44260329333726,0.999999305776769
"3550",27.08305782,1.49659398116019,1.49333133442836,2.2123549143658,4.44239338875138,0.999999303168945
"3551",27.090689,1.49658101968671,1.49330633242583,2.2122189431204,4.4421827455835,0.999999300541171
"3552",27.09832018,1.49656800911544,1.49328123840647,2.21208250441435,4.4419713613911,0.999999297893299
"3553",27.10595136,1.49655494926215,1.4932560520424,2.21194559676888,4.44175923373014,0.999999295225164
"3554",27.11358254,1.49654183994188,1.49323077300406,2.21180821869131,4.44154636013761,0.99999929253663
"3555",27.12121372,1.49652868096904,1.4932054009614,2.21167036869444,4.44133273815474,0.999999289827532
"3556",27.1288449,1.49651547215731,1.49317993558302,2.21153204528485,4.44111836531255,0.99999928709771
"3557",27.13647608,1.49650221331973,1.49315437653642,2.21139324696311,4.44090323913298,0.999999284347009
"3558",27.14410726,1.49648890426862,1.49312872348799,2.21125397222765,4.44068735713254,0.999999281575268
"3559",27.15173844,1.49647554481562,1.49310297610296,2.2111142195711,4.44047071681862,0.99999927878233
"3560",27.15936962,1.49646213477168,1.49307713404558,2.21097398748497,4.44025331569473,0.999999275968026
"3561",27.1670008,1.49644867394704,1.4930511969788,2.21083327445351,4.44003515125335,0.9999992731322
"3562",27.17463198,1.49643516215127,1.49302516456478,2.21069207896262,4.4398162209863,0.999999270274673
"3563",27.18226316,1.49642159919321,1.49299903646398,2.21055039948477,4.43959652236713,0.999999267395297
"3564",27.18989434,1.49640798488102,1.49297281233628,2.21040823449779,4.43937605287309,0.999999264493892
"3565",27.19752552,1.49639431902215,1.49294649184016,2.21026558247057,4.4391548099684,0.999999261570294
"3566",27.2051567,1.49638060142332,1.49292007463303,2.21012244186953,4.43893279111182,0.999999258624329
"3567",27.21278788,1.49636683189058,1.49289356037097,2.20997881115401,4.43870999375111,0.999999255655836
"3568",27.22041906,1.49635301022923,1.49286694870917,2.20983468878312,4.43848641533134,0.999999252664638
"3569",27.22805024,1.49633913624388,1.49284023930171,2.20969007321306,4.43826205329146,0.999999249650553
"3570",27.23568142,1.49632520973841,1.49281343180128,2.20954496289181,4.43803690505814,0.999999246613413
"3571",27.2433126,1.49631123051598,1.4927865258595,2.2093993562642,4.43781096805189,0.999999243553043
"3572",27.25094378,1.49629719837903,1.49275952112693,2.20925325177369,4.4375842396888,0.99999924046926
"3573",27.25857496,1.49628311312929,1.49273241725276,2.20910664785525,4.4373567173725,0.999999237361895
"3574",27.26620614,1.49626897456772,1.49270521388534,2.20895954294594,4.43712839850641,0.999999234230754
"3575",27.27383732,1.4962547824946,1.49267791067161,2.20881193547434,4.4368992804813,0.999999231075659
"3576",27.2814685,1.49624053670945,1.49265050725734,2.20866382386511,4.43666936068071,0.999999227896429
"3577",27.28909968,1.49622623701105,1.49262300328711,2.20851520653839,4.43643863648023,0.999999224692884
"3578",27.29673086,1.49621188319746,1.49259539840456,2.2083660819141,4.43620710525256,0.999999221464829
"3579",27.30436204,1.49619747506598,1.49256769225192,2.20821644840495,4.43597476435918,0.999999218212079
"3580",27.31199322,1.49618301241319,1.49253988447021,2.20806630441803,4.43574161115238,0.99999921493445
"3581",27.3196244,1.4961684950349,1.49251197469967,2.20791564836417,4.43550764298607,0.999999211631732
"3582",27.32725558,1.4961539227262,1.49248396257844,2.20776447863478,4.43527285718862,0.999999208303767
"3583",27.33488676,1.49613929528139,1.4924558477445,2.20761279363402,4.43503725110077,0.999999204950336
"3584",27.34251794,1.49612461249405,1.49242762983395,2.20746059175054,4.43480082204231,0.999999201571258
"3585",27.35014912,1.49610987415699,1.49239930848208,2.20730787137613,4.43456356733394,0.999999198166325
"3586",27.3577803,1.49609508006227,1.49237088332288,2.20715463089542,4.43432548428532,0.99999919473534
"3587",27.36541148,1.49608023000117,1.49234235398886,2.20700086868621,4.43408657019521,0.999999191278111
"3588",27.37304266,1.49606532376423,1.49231372011159,2.20684658312548,4.43384682235878,0.999999187794436
"3589",27.38067384,1.4960503611412,1.4922849813214,2.20669177258622,4.43360623806362,0.999999184284108
"3590",27.38830502,1.49603534192107,1.49225613724733,2.20653643543518,4.43336481458749,0.999999180746928
"3591",27.3959362,1.49602026589206,1.49222718751736,2.20638057003906,4.43312254920502,0.999999177182679
"3592",27.40356738,1.49600513284163,1.49219813175781,2.20622417475236,4.43287943917386,0.999999173591174
"3593",27.41119856,1.49598994255642,1.49216896959433,2.20606724793429,4.43263548175449,0.999999169972189
"3594",27.41882974,1.49597469482233,1.49213970065104,2.20590978793624,4.43239067419523,0.999999166325515
"3595",27.42646092,1.49595938942447,1.49211032455096,2.20575179310607,4.43214501373765,0.999999162650937
"3596",27.4340921,1.49594402614714,1.49208084091551,2.20559326178301,4.43189849761015,0.999999158948255
"3597",27.44172328,1.49592860477388,1.49205124936537,2.20543419230969,4.43165112304244,0.99999915521724
"3598",27.44935446,1.49591312508742,1.49202154951958,2.20527458301812,4.43140288724892,0.999999151457684
"3599",27.45698564,1.49589758686971,1.49199174099611,2.20511443223897,4.43115378743959,0.999999147669369
"3600",27.46461682,1.49588198990189,1.49196182341187,2.20495373830192,4.43090382082039,0.999999143852061
"3601",27.472248,1.49586633396431,1.4919317963821,2.20479249952581,4.43065298458172,0.999999140005551
"3602",27.47987918,1.49585061883651,1.4919016595209,2.20463071422771,4.43040127590894,0.999999136129617
"3603",27.48751036,1.49583484429724,1.49187141244136,2.20446838072391,4.4301486919837,0.999999132224026
"3604",27.49514154,1.49581901012441,1.49184105475509,2.20430549732276,4.42989522997554,0.999999128288553
"3605",27.50277272,1.49580311609517,1.4918105860723,2.20414206232727,4.42964088704465,0.999999124322979
"3606",27.5104039,1.4957871619858,1.49178000600245,2.20397807404448,4.42938566035316,0.999999120327051
"3607",27.51803508,1.4957711475718,1.49174931415296,2.20381353076392,4.42912954703974,0.999999116300562
"3608",27.52566626,1.49575507262785,1.49171851013055,2.20364843078163,4.42887254424774,0.999999112243266
"3609",27.53329744,1.49573893692779,1.49168759354066,2.20348277238857,4.42861464911169,0.999999108154919
"3610",27.54092862,1.49572274024465,1.49165656398701,2.20331655386524,4.42835585875078,0.999999104035295
"3611",27.5485598,1.49570648235061,1.49162542107224,2.20314977349012,4.42809617027906,0.99999909988416
"3612",27.55619098,1.49569016301706,1.49159416439797,2.20298242954332,4.42783558080941,0.999999095701256
"3613",27.56382216,1.49567378201452,1.49156279356401,2.20281452029159,4.42757408743608,0.999999091486357
"3614",27.57145334,1.49565733911269,1.49153130816959,2.20264604400908,4.42731168725918,0.999999087239193
"3615",27.57908452,1.49564083408042,1.49149970781167,2.20247699895074,4.42704837735303,0.999999082959545
"3616",27.5867157,1.49562426668574,1.49146799208671,2.20230738337971,4.42678415479886,0.999999078647148
"3617",27.59434688,1.4956076366958,1.4914361605894,2.20213719554766,4.42651901666132,0.99999907430176
"3618",27.60197806,1.49559094387693,1.49140421291342,2.2019664337071,4.42625296000302,0.999999069923121
"3619",27.60960924,1.49557418799461,1.49137214865098,2.20179509610358,4.42598598187543,0.999999065510978
"3620",27.61724042,1.49555736881345,1.49133996739286,2.20162318097687,4.4257180793202,0.999999061065078
"3621",27.6248716,1.49554048609721,1.49130766872863,2.20145068656451,4.42544924937334,0.999999056585164
"3622",27.63250278,1.49552353960879,1.49127525224655,2.20127761109975,4.42517948906277,0.999999052070974
"3623",27.64013396,1.49550652911022,1.49124271753377,2.20110395281492,4.42490879541242,0.999999047522231
"3624",27.64776514,1.49548945436269,1.49121006417544,2.2009297099284,4.42463716542651,0.999999042938693
"3625",27.65539632,1.49547231512649,1.491177291756,2.20075488066366,4.42436459611241,0.999999038320082
"3626",27.6630275,1.49545511116106,1.49114439985832,2.20057946323654,4.42409108446536,0.999999033666129
"3627",27.67065868,1.49543784222496,1.49111138806383,2.20040345585659,4.42381662747022,0.999999028976569
"3628",27.67828986,1.49542050807586,1.49107825595275,2.20022685673251,4.4235412221076,0.999999024251126
"3629",27.68592104,1.49540310847056,1.49104500310382,2.20004966406536,4.42326486534624,0.999999019489531
"3630",27.69355222,1.49538564316497,1.49101162909487,2.19987187605961,4.42298755415574,0.999999014691484
"3631",27.7011834,1.49536811191414,1.49097813350147,2.19969349090153,4.42270928548104,0.999999009856737
"3632",27.70881458,1.49535051447219,1.49094451589853,2.19951450678414,4.42243005627203,0.999999004984997
"3633",27.71644576,1.49533285059238,1.49091077585959,2.19933492189586,4.4221498634701,0.999999000075971
"3634",27.72407694,1.49531512002705,1.49087691295633,2.19915473441299,4.42186870399919,0.99999899512939
"3635",27.73170812,1.49529732252765,1.4908429267596,2.19897394251663,4.42158657478575,0.999998990144953
"3636",27.7393393,1.49527945784473,1.49080881683838,2.19879254437611,4.42130347273917,0.999998985122381
"3637",27.74697048,1.49526152572795,1.49077458276087,2.1986105381646,4.42101939477045,0.999998980061364
"3638",27.75460166,1.49524352592603,1.49074022409307,2.19842792203966,4.42073433776872,0.999998974961631
"3639",27.76223284,1.49522545818679,1.49070574040033,2.19824469416521,4.42044829862771,0.999998969822871
"3640",27.76986402,1.49520732225716,1.49067113124616,2.19806085269428,4.42016127422499,0.999998964644791
"3641",27.7774952,1.49518911788312,1.49063639619286,2.19787639577906,4.4198732614339,0.999998959427087
"3642",27.78512638,1.49517084480974,1.49060153480134,2.19769132156639,4.41958425711851,0.999998954169453
"3643",27.79275756,1.49515250278118,1.49056654663092,2.19750562819695,4.41929425813219,0.99999894887159
"3644",27.80038874,1.49513409154065,1.49053143123969,2.1973193138095,4.41900326132294,0.999998943533187
"3645",27.80801992,1.49511561083045,1.49049618818425,2.19713237653695,4.41871126352873,0.999998938153933
"3646",27.8156511,1.49509706039194,1.49046081701979,2.19694481450823,4.41841826157952,0.999998932733518
"3647",27.82328228,1.49507843996553,1.49042531730006,2.19675662584855,4.41812425229753,0.999998927271624
"3648",27.83091346,1.4950597492907,1.49038968857752,2.19656780867909,4.41782923249727,0.999998921767931
"3649",27.83854464,1.49504098810601,1.49035393040298,2.19637836111472,4.41753319898233,0.999998916222123
"3650",27.84617582,1.49502215614903,1.49031804232598,2.19618828126765,4.41723614854998,0.999998910633875
"3651",27.853807,1.49500325315642,1.49028202389451,2.19599756724446,4.41693807798759,0.999998905002865
"3652",27.86143818,1.49498427886387,1.49024587465527,2.19580621714941,4.41663898407646,0.999998899328759
"3653",27.86906936,1.4949652330061,1.49020959415317,2.19561422907709,4.41633886358326,0.999998893611243
"3654",27.87670054,1.49494611531691,1.49017318193228,2.19542160112688,4.41603771327704,0.999998887849964
"3655",27.88433172,1.49492692552909,1.49013663753451,2.19522833138387,4.41573552990653,0.999998882044605
"3656",27.8919629,1.49490766337451,1.49009996050095,2.19503441793677,4.41543231022171,0.999998876194815
"3657",27.89959408,1.49488832858403,1.49006315037073,2.19483985886388,4.41512805095663,0.999998870300264
"3658",27.90722526,1.49486892088758,1.49002620668197,2.19464465224524,4.4148227488443,0.999998864360595
"3659",27.91485644,1.49484944001408,1.48998912897089,2.19444879615021,4.41451640060164,0.999998858375474
"3660",27.92248762,1.49482988569148,1.48995191677248,2.19425228864704,4.41420900294103,0.999998852344552
"3661",27.9301188,1.49481025764676,1.48991456962011,2.19405512779803,4.41390055256432,0.99999884626748
"3662",27.93774998,1.49479055560591,1.48987708704595,2.19385731166394,4.41359104616845,0.999998840143899
"3663",27.94538116,1.49477077929391,1.48983946858034,2.19365883829793,4.41328048043767,0.999998833973459
"3664",27.95301234,1.49475092843479,1.48980171375253,2.19345970575328,4.41296885205326,0.999998827755787
"3665",27.96064352,1.49473100275155,1.48976382208965,2.19325991206927,4.41265615767645,0.999998821490548
"3666",27.9682747,1.4947110019662,1.48972579311824,2.193059455295,4.41234239397676,0.999998815177347
"3667",27.97590588,1.49469092579975,1.48968762636244,2.19285833346164,4.41202755759899,0.999998808815839
"3668",27.98353706,1.4946707739722,1.48964932134536,2.19265654460256,4.41171164518724,0.999998802405651
"3669",27.99116824,1.49465054620257,1.48961087758861,2.19245408674729,4.41139465337759,0.999998795946404
"3670",27.99879942,1.49463024220881,1.48957229461232,2.19225095792073,4.41107657879734,0.999998789437718
"3671",28.0064306,1.49460986170792,1.48953357193473,2.19204715613814,4.41075741805878,0.99999878287923
"3672",28.01406178,1.49458940441583,1.48949470907314,2.19184267941936,4.41043716777623,0.99999877627054
"3673",28.02169296,1.49456887004747,1.48945570554269,2.19163752576938,4.41011582454307,0.999998769611284
"3674",28.02932414,1.49454825831674,1.48941656085764,2.19143169319921,4.40979338495622,0.999998762901055
"3675",28.03695532,1.49452756893652,1.48937727453023,2.19122517970727,4.40946984559436,0.999998756139475
"3676",28.0445865,1.49450680161864,1.48933784607136,2.19101798329131,4.40914520303179,0.99999874932615
"3677",28.05221768,1.4944859560739,1.48929827499053,2.19081010194567,4.40881945383543,0.999998742460675
"3678",28.05984886,1.49446503201208,1.48925856079543,2.19060153365737,4.40849259455984,0.999998735542659
"3679",28.06748004,1.49444402914188,1.48921870299234,2.19039227641033,4.40816462175253,0.999998728571697
"3680",28.07511122,1.49442294717099,1.48917870108589,2.19018232818226,4.4078355319501,0.999998721547392
"3681",28.0827424,1.49440178580602,1.48913855457942,2.18997168695105,4.40750532168594,0.999998714469324
"3682",28.09037358,1.49438054475254,1.48909826297454,2.18976035068661,4.40717398748039,0.999998707337083
"3683",28.09800476,1.49435922371507,1.48905782577125,2.18954831735466,4.40684152584525,0.999998700150258
"3684",28.10563594,1.49433782239706,1.4890172424681,2.18933558491797,4.40650793328528,0.999998692908426
"3685",28.11326712,1.49431634050089,1.4889765125619,2.18912215133135,4.40617320629235,0.999998685611176
"3686",28.1208983,1.49429477772788,1.4889356355482,2.18890801455089,4.40583734135621,0.999998678258071
"3687",28.12852948,1.49427313377829,1.4888946109206,2.1886931725219,4.40550033495029,0.999998670848697
"3688",28.13616066,1.49425140835128,1.48885343817151,2.18847762319209,4.40516218354721,0.999998663382607
"3689",28.14379184,1.49422960114495,1.48881211679154,2.18826136449994,4.40482288360525,0.999998655859372
"3690",28.15142302,1.4942077118563,1.48877064626954,2.1880443943782,4.40448243157202,0.999998648278565
"3691",28.1590542,1.49418574018128,1.48872902609297,2.1878267107577,4.40414082388943,0.999998640639745
"3692",28.16668538,1.49416368581471,1.48868725574798,2.18760831156831,4.40379805699475,0.999998632942451
"3693",28.17431656,1.49414154845033,1.48864533471865,2.18738919472999,4.40345412730959,0.999998625186247
"3694",28.18194774,1.49411932778081,1.48860326248767,2.18716935816019,4.40310903124913,0.999998617370679
"3695",28.18957892,1.49409702349767,1.48856103853605,2.18694879977153,4.40276276521906,0.999998609495296
"3696",28.1972101,1.49407463529137,1.48851866234347,2.18672751747514,4.40241532561993,0.99999860155963
"3697",28.20484128,1.49405216285124,1.4884761333875,2.18650550917189,4.40206670883609,0.999998593563232
"3698",28.21247246,1.4940296058655,1.48843345114444,2.18628277276256,4.40171691124832,0.999998585505633
"3699",28.22010364,1.49400696402128,1.48839061508907,2.18605930614459,4.4013659292298,0.999998577386356
"3700",28.22773482,1.49398423700454,1.48834762469407,2.18583510720496,4.40101375913744,0.999998569204946
"3701",28.235366,1.49396142450018,1.48830447943108,2.18561017383421,4.40066039732883,0.99999856096091
"3702",28.24299718,1.49393852619192,1.48826117876976,2.18538450391309,4.40030584014625,0.999998552653773
"3703",28.25062836,1.49391554176238,1.48821772217802,2.1851580953169,4.39995008392163,0.999998544283063
"3704",28.25825954,1.49389247089304,1.48817410912255,2.18493094592238,4.39959312498508,0.999998535848277
"3705",28.26589072,1.49386931326425,1.48813033906814,2.18470305359826,4.39923495965333,0.999998527348927
"3706",28.2735219,1.4938460685552,1.4880864114777,2.18447441620463,4.3988755842292,0.999998518784535
"3707",28.28115308,1.49382273644395,1.48804232581298,2.1842450316056,4.39851499501649,0.999998510154587
"3708",28.28878426,1.49379931660741,1.48799808153378,2.18401489765556,4.39815318830378,0.999998501458584
"3709",28.29641544,1.49377580872134,1.48795367809822,2.18378401220449,4.3977901603705,0.999998492696027
"3710",28.30404662,1.49375221246033,1.48790911496304,2.1835523731023,4.3974259074924,0.999998483866392
"3711",28.3116778,1.49372852749783,1.48786439158288,2.18331997818755,4.39706042592786,0.999998474969181
"3712",28.31930898,1.49370475350611,1.48781950741105,2.18308682530014,4.39669371193299,0.99999846600387
"3713",28.32694016,1.49368089015628,1.48777446189924,2.18285291227592,4.39632576175551,0.999998456969925
"3714",28.33457134,1.49365693711828,1.48772925449691,2.18261823693817,4.39595657162412,0.999998447866847
"3715",28.34220252,1.49363289406088,1.48768388465253,2.18238279711569,4.39558613777053,0.999998438694088
"3716",28.3498337,1.49360876065165,1.48763835181243,2.18214659062658,4.39521445640979,0.999998429451124
"3717",28.35746488,1.49358453655699,1.48759265542154,2.18190961528942,4.39484152375353,0.999998420137406
"3718",28.36509606,1.49356022144213,1.48754679492292,2.18167186891452,4.39446733599998,0.999998410752398
"3719",28.37272724,1.49353581497109,1.48750076975795,2.18143334930846,4.39409188933895,0.999998401295555
"3720",28.38035842,1.49351131680668,1.48745457936623,2.18119405427263,4.39371517995021,0.999998391766333
"3721",28.3879896,1.49348672661056,1.48740822318609,2.18095398161016,4.39333720401176,0.999998382164157
"3722",28.39562078,1.49346204404313,1.48736170065338,2.18071312910836,4.39295795767888,0.999998372488496
"3723",28.40325196,1.49343726876364,1.487315011203,2.18047149456196,4.39257743711175,0.999998362738766
"3724",28.41088314,1.49341240043008,1.48726815426764,2.18022907575284,4.3921956384515,0.999998352914413
"3725",28.41851432,1.49338743869926,1.48722112927854,2.17998587046388,4.39181255783642,0.999998343014857
"3726",28.4261455,1.49336238322675,1.48717393566499,2.1797418764689,4.39142819139018,0.999998333039532
"3727",28.43377668,1.49333723366692,1.48712657285486,2.17949709154316,4.39104253523421,0.999998322987844
"3728",28.44140786,1.4933119896729,1.48707904027404,2.17925151345272,4.39065558547508,0.999998312859216
"3729",28.44903904,1.49328665089659,1.48703133734662,2.17900513995922,4.3902673382101,0.999998302653064
"3730",28.45667022,1.49326121698866,1.48698346349518,2.17875796882288,4.38987778953099,0.99999829236879
"3731",28.4643014,1.49323568759854,1.4869354181405,2.17850999779888,4.38948693551955,0.999998282005791
"3732",28.47193258,1.49321006237442,1.48688720070175,2.1782612246393,4.38909477224999,0.999998271563457
"3733",28.47956376,1.49318434096323,1.48683881059571,2.17801164708381,4.38870129577746,0.999998261041207
"3734",28.48719494,1.49315852301069,1.48679024723824,2.17776126287921,4.38830650216195,0.999998250438406
"3735",28.49482612,1.49313260816121,1.48674151004292,2.17751006976034,4.38791038744504,0.999998239754445
"3736",28.5024573,1.49310659605799,1.48669259842175,2.17725806546034,4.38751294766235,0.999998228988702
"3737",28.51008848,1.49308048634295,1.48664351178489,2.17700524770733,4.38711417883944,0.999998218140552
"3738",28.51771966,1.49305427865673,1.48659424954087,2.17675161422626,4.38671407699425,0.999998207209359
"3739",28.52535084,1.49302797263872,1.48654481109624,2.17649716273518,4.38631263813233,0.999998196194495
"3740",28.53298202,1.49300156792702,1.48649519585602,2.17624189095234,4.38590985825536,0.999998185095307
"3741",28.5406132,1.49297506415847,1.48644540322303,2.1759857965843,4.38550573334719,0.999998173911167
"3742",28.54824438,1.49294846096862,1.48639543259878,2.17572887734077,4.38510025939129,0.999998162641414
"3743",28.55587556,1.49292175799172,1.48634528338277,2.17547113092345,4.38469343235767,0.999998151285392
"3744",28.56350674,1.49289495486074,1.48629495497286,2.17521255503269,4.38428524821046,0.999998139842433
"3745",28.57113792,1.49286805120736,1.48624444676474,2.17495314735868,4.3838757028977,0.999998128311886
"3746",28.5787691,1.49284104666195,1.48619375815254,2.17469290559098,4.38346479236255,0.99999811669308
"3747",28.58640028,1.49281394085359,1.4861428885288,2.17443182741766,4.38305251254239,0.999998104985325
"3748",28.59403146,1.49278673341004,1.48609183728391,2.17416991051796,4.38263885935983,0.999998093187949
"3749",28.60166264,1.49275942395776,1.48604060380649,2.17390715256716,4.38222382872873,0.999998081300269
"3750",28.60929382,1.49273201212188,1.48598918748362,2.1736435512402,4.38180741655842,0.999998069321584
"3751",28.616925,1.49270449752622,1.48593758770017,2.1733791042021,4.38138961874229,0.999998057251208
"3752",28.62455618,1.49267687979327,1.4858858038395,2.17311380911859,4.38097043117036,0.999998045088431
"3753",28.63218736,1.4926491585442,1.48583383528304,2.17284766364904,4.38054984972095,0.999998032832546
"3754",28.63981854,1.49262133339884,1.48578168141041,2.17258066544924,4.38012787026398,0.999998020482836
"3755",28.64744972,1.49259340397569,1.48572934159909,2.17231281216617,4.37970448865465,0.9999980080386
"3756",28.6550809,1.49256536989191,1.48567681522536,2.17204410145207,4.37927970075025,0.999997995499091
"3757",28.66271208,1.49253723076329,1.48562410166291,2.1717745309433,4.37885350238502,0.999997982863604
"3758",28.67034326,1.4925089862043,1.48557120028426,2.17150409828282,4.37842588939682,0.999997970131384
"3759",28.67797444,1.49248063582805,1.48551811045979,2.17123280110457,4.3779968576086,0.999997957301689
"3760",28.68560562,1.49245217924628,1.48546483155779,2.17096063703517,4.37756640283019,0.999997944373787
"3761",28.6932368,1.49242361606938,1.485411362945,2.17068760370073,4.37713452086685,0.999997931346923
"3762",28.70086798,1.49239494590636,1.48535770398627,2.17041369872388,4.37670120751525,0.999997918220333
"3763",28.70849916,1.49236616836488,1.48530385404449,2.17013891972052,4.37626645855993,0.999997904993257
"3764",28.71613034,1.4923372830512,1.48524981248076,2.16986326430443,4.37583026977856,0.999997891664922
"3765",28.72376152,1.49230828957022,1.48519557865427,2.16958673008427,4.37539263693845,0.999997878234553
"3766",28.7313927,1.49227918752544,1.48514115192228,2.16930931466315,4.37495355579617,0.999997864701373
"3767",28.73902388,1.49224997651898,1.48508653164013,2.16903101564056,4.37451302209948,0.999997851064599
"3768",28.74665506,1.49222065615156,1.48503171716158,2.16875183061563,4.37407103159149,0.999997837323424
"3769",28.75428624,1.49219122602253,1.4849767078382,2.16847175717855,4.37362758000052,0.999997823477055
"3770",28.76191742,1.49216168572979,1.48492150301975,2.16819079291763,4.37318266304806,0.999997809524684
"3771",28.7695486,1.49213203486989,1.48486610205399,2.16790893541417,4.37273627644319,0.99999779546551
"3772",28.77717978,1.49210227303791,1.484810504287,2.16762618224922,4.37228841589024,0.999997781298706
"3773",28.78481096,1.49207239982757,1.48475470906281,2.16734253099796,4.37183907708213,0.99999776702345
"3774",28.79244214,1.49204241483113,1.48469871572368,2.16705797923256,4.37138825570411,0.999997752638906
"3775",28.80007332,1.49201231763945,1.48464252360983,2.1667725245195,4.37093594743006,0.999997738144239
"3776",28.8077045,1.49198210784195,1.48458613205946,2.16648616441983,4.37048214792309,0.999997723538614
"3777",28.81533568,1.49195178502663,1.48452954040919,2.16619889649542,4.37002685284294,0.999997708821167
"3778",28.82296686,1.49192134878004,1.48447274799326,2.16591071829681,4.36957005783147,0.99999769399106
"3779",28.83059804,1.49189079868729,1.48441575414441,2.16562162737754,4.36911175852966,0.999997679047417
"3780",28.83822922,1.49186013433204,1.48435855819325,2.16533162128294,4.36865195056447,0.999997663989374
"3781",28.8458604,1.49182935529653,1.48430115946849,2.16504069755584,4.36819062955534,0.999997648816052
"3782",28.85349158,1.4917984611615,1.48424355729691,2.16474885373451,4.3677277911119,0.999997633526569
"3783",28.86112276,1.49176745150625,1.48418575100333,2.16445608735297,4.36726343083429,0.999997618120036
"3784",28.86875394,1.49173632590863,1.48412773991076,2.1641623959433,4.36679754431591,0.999997602595548
"3785",28.87638512,1.49170508394501,1.48406952333985,2.16386777702742,4.36633012713357,0.999997586952221
"3786",28.8840163,1.49167372519027,1.48401110060976,2.16357222812989,4.36586117486287,0.999997571189133
"3787",28.89164748,1.49164224921784,1.48395247103758,2.16327574676928,4.3653906830678,0.999997555305366
"3788",28.89927866,1.49161065559965,1.48389363393833,2.16297833045933,4.36491864730204,0.999997539299996
"3789",28.90690984,1.49157894390616,1.48383458862528,2.16267997671163,4.36444506311238,0.999997523172084
"3790",28.91454102,1.49154711370631,1.4837753344091,2.16238068302596,4.36396992602681,0.999997506920723
"3791",28.9221722,1.49151516456756,1.48371587059957,2.1620804469127,4.36349323158175,0.999997490544926
"3792",28.92980338,1.49148309605589,1.48365619650352,2.16177926586446,4.36301497528774,0.999997474043768
"3793",28.93743456,1.49145090773574,1.48359631142623,2.16147713737617,4.36253515265368,0.999997457416283
"3794",28.94506574,1.49141859917005,1.48353621467108,2.16117405893986,4.36205375918046,0.999997440661496
"3795",28.95269692,1.49138616992027,1.4834759055392,2.16087002803963,4.36157079035497,0.999997423778441
"3796",28.9603281,1.49135361954629,1.48341538333005,2.16056504216023,4.36108624166047,0.999997406766125
"3797",28.96795928,1.49132094760651,1.48335464734073,2.16025909877722,4.36060010856456,0.99999738962357
"3798",28.97559046,1.49128815365778,1.48329369686665,2.159952195367,4.36011238653134,0.99999737234977
"3799",28.98322164,1.49125523725544,1.48323253120104,2.15964432939875,4.35962307101178,0.999997354943726
"3800",28.99085282,1.49122219795326,1.4831711496351,2.15933549833829,4.35913215744819,0.999997337404428
"3801",28.998484,1.49118903530349,1.48310955145832,2.15902569965001,4.3586396412769,0.999997319730847
"3802",29.00611518,1.49115574885684,1.48304773595803,2.15871493079436,4.35814551792459,0.999997301921949
"3803",29.01374636,1.49112233816244,1.48298570241915,2.15840318922106,4.35764978280066,0.999997283976722
"3804",29.02137754,1.49108880276789,1.48292345012529,2.15809047238616,4.35715243131765,0.999997265894097
"3805",29.02900872,1.49105514221921,1.48286097835766,2.15777677773654,4.35665345887238,0.999997247673025
"3806",29.0366399,1.49102135606087,1.48279828639513,2.15746210271087,4.35615286084721,0.999997229312467
"3807",29.04427108,1.49098744383575,1.48273537351532,2.15714644475485,4.35565063262846,0.999997210811328
"3808",29.05190226,1.49095340508517,1.48267223899306,2.1568298012996,4.3551467695803,0.999997192168551
"3809",29.05953344,1.49091923934887,1.48260888210163,2.15651216977942,4.35464126706607,0.999997173383043
"3810",29.06716462,1.49088494616499,1.48254530211212,2.15619354762218,4.35413412043691,0.999997154453711
"3811",29.0747958,1.4908505250701,1.48248149829364,2.1558739322535,4.35362532503646,0.999997135379447
"3812",29.08242698,1.49081597559915,1.48241746991301,2.15555332109129,4.35311487619457,0.999997116159157
"3813",29.09005816,1.49078129728552,1.48235321623531,2.15523171155475,4.35260276923791,0.99999709679171
"3814",29.09768934,1.49074648966097,1.48228873652344,2.15490910105597,4.35208899948022,0.999997077275985
"3815",29.10532052,1.49071155225564,1.48222403003834,2.15458548700626,4.35157356222935,0.999997057610838
"3816",29.1129517,1.49067648459807,1.48215909603863,2.15426086680863,4.35105645277869,0.999997037795137
"3817",29.12058288,1.49064128621519,1.48209393378113,2.15393523786646,4.3505376664173,0.999997017827724
"3818",29.12821406,1.49060595663229,1.48202854252069,2.15360859758054,4.35001719842654,0.999996997707425
"3819",29.13584524,1.49057049537303,1.48196292150957,2.15328094334051,4.34949504406969,0.999996977433093
"3820",29.14347642,1.49053490195945,1.48189706999846,2.15295227253998,4.34897119861001,0.999996957003537
"3821",29.1511076,1.49049917591194,1.48183098723608,2.15262258256927,4.34844565730233,0.999996936417554
"3822",29.15873878,1.49046331674926,1.4817646724685,2.15229187080832,4.34791841538401,0.999996915673966
"3823",29.16636996,1.49042732398851,1.48169812494004,2.15196013463748,4.34738946808831,0.999996894771563
"3824",29.17400114,1.49039119714513,1.48163134389318,2.15162737143635,4.34685881064307,0.999996873709115
"3825",29.18163232,1.49035493573293,1.48156432856771,2.15129357857363,4.34632643825791,0.999996852485419
"3826",29.1892635,1.49031853926403,1.48149707820203,2.15095875342342,4.34579234614458,0.999996831099214
"3827",29.19689468,1.49028200724889,1.48142959203189,2.15062289334867,4.34525652949645,0.999996809549273
"3828",29.20452586,1.49024533919631,1.48136186929114,2.15028599571166,4.3447189835014,0.99999678783434
"3829",29.21215704,1.49020853461339,1.48129390921156,2.14994805787156,4.34417970333883,0.999996765953151
"3830",29.21978822,1.49017159300557,1.48122571102295,2.14960907718555,4.343638684181,0.999996743904423
"3831",29.2274194,1.49013451387659,1.48115727395268,2.14926905100287,4.34309592118581,0.999996721686886
"3832",29.23505058,1.4900972967285,1.48108859722624,2.14892797667247,4.34255140950606,0.999996699299242
"3833",29.24268176,1.49005994106165,1.48101968006696,2.14858585153952,4.34200514428517,0.99999667674019
"3834",29.25031294,1.49002244637469,1.48095052169607,2.14824267294546,4.34145712065731,0.999996654008414
"3835",29.25794412,1.48998481216456,1.48088112133273,2.14789843822884,4.34090733374852,0.999996631102589
"3836",29.2655753,1.4899470379265,1.4808114781939,2.14755314472442,4.34035577867521,0.999996608021382
"3837",29.27320648,1.48990912315401,1.48074159149421,2.14720678976038,4.33980245054119,0.999996584763465
"3838",29.28083766,1.48987106733889,1.48067146044671,2.14685937066877,4.33924734445017,0.999996561327461
"3839",29.28846884,1.4898328699712,1.48060108426173,2.1465108847702,4.3386904554872,0.999996537712025
"3840",29.29610002,1.48979453053927,1.48053046214779,2.14616132938711,4.33813177873466,0.999996513915778
"3841",29.3037312,1.4897560485297,1.48045959331133,2.14581070183834,4.33757130926588,0.999996489937328
"3842",29.31136238,1.48971742342733,1.48038847695627,2.14545899943521,4.3370090421401,0.999996465775294
"3843",29.31899356,1.48967865471527,1.48031711228504,2.1451062194941,4.33644497241801,0.999996441428245
"3844",29.32662474,1.48963974187486,1.48024549849707,2.14475235931631,4.33587909513715,0.999996416894795
"3845",29.33425592,1.4896006843857,1.48017363479038,2.14439741621024,4.33531140533881,0.999996392173498
"3846",29.3418871,1.48956148172563,1.48010152036046,2.14404138747593,4.33474189804927,0.99999636726292
"3847",29.34951828,1.48952213337069,1.4800291544008,2.14368427041219,4.33417056828853,0.999996342161609
"3848",29.35714946,1.48948263879519,1.47995653610274,2.14332606231461,4.33359741106782,0.999996316868098
"3849",29.36478064,1.48944299747162,1.47988366465529,2.1429667604733,4.33302242138687,0.999996291380924
"3850",29.37241182,1.48940320887072,1.47981053924528,2.14260636217536,4.33244559423675,0.999996265698609
"3851",29.380043,1.48936327246143,1.47973715905764,2.14224486470804,4.33186692460401,0.99999623981965
"3852",29.38767418,1.48932318771089,1.47966352327496,2.14188226535305,4.33128640746351,0.999996213742542
"3853",29.39530536,1.48928295408445,1.47958963107761,2.14151856138848,4.33070403778086,0.999996187465772
"3854",29.40293654,1.48924257104566,1.479515481644,2.14115375009219,4.33011981051648,0.9999961609878
"3855",29.41056772,1.48920203805623,1.47944107415007,2.14078782873494,4.32953372061724,0.999996134307095
"3856",29.4181989,1.48916135457611,1.47936640776979,2.14042079458748,4.32894576302517,0.9999961074221
"3857",29.42583008,1.48912052006338,1.47929148167475,2.14005264491457,4.32835593267006,0.999996080331259
"3858",29.43346126,1.48907953397432,1.47921629503466,2.13968337698253,4.3277642244786,0.999996053032983
"3859",29.44109244,1.48903839576339,1.47914084701688,2.13931298805146,4.32717063336527,0.999996025525683
"3860",29.44872362,1.48899710488318,1.47906513678625,2.13894147537586,4.3265751542324,0.999995997807777
"3861",29.4563548,1.48895566078449,1.47898916350604,2.1385688362136,4.32597778198188,0.999995969877633
"3862",29.46398598,1.48891406291622,1.47891292633696,2.13819506781641,4.32537851150298,0.999995941733626
"3863",29.47161716,1.48887231072546,1.47883642443741,2.13782016743082,4.32477733767363,0.99999591337413
"3864",29.47924834,1.48883040365744,1.47875965696376,2.13744413230268,4.32417425536625,0.999995884797493
"3865",29.48687952,1.4887883411555,1.47868262307043,2.13706695967866,4.32356925944911,0.999995856002034
"3866",29.4945107,1.48874612266115,1.47860532190902,2.13668864679419,4.32296234477187,0.9999958269861
"3867",29.50214188,1.488703747614,1.47852775262929,2.13630919088721,4.32235350618225,0.999995797747999
"3868",29.50977306,1.48866121545181,1.47844991437908,2.13592858919573,4.32174273852323,0.999995768286009
"3869",29.51740424,1.48861852561044,1.47837180630341,2.13554683894856,4.32113003662138,0.999995738598431
"3870",29.52503542,1.48857567752386,1.4782934275453,2.13516393737276,4.32051539529638,0.999995708683547
"3871",29.5326666,1.48853267062417,1.47821477724578,2.13477988169737,4.31989880936517,0.999995678539598
"3872",29.54029778,1.48848950434155,1.47813585454349,2.13439466914502,4.31928027363202,0.999995648164833
"3873",29.54792896,1.48844617810428,1.47805665857465,2.13400829693436,4.31865978289121,0.999995617557495
"3874",29.55556014,1.48840269133874,1.47797718847356,2.13362076228452,4.31803733193273,0.999995586715796
"3875",29.56319132,1.48835904346941,1.47789744337226,2.13323206241193,4.3174129155382,0.999995555637934
"3876",29.5708225,1.48831523391881,1.47781742240028,2.13284219452642,4.31678652847623,0.999995524322113
"3877",29.57845368,1.48827126210758,1.4777371246852,2.13245115583945,4.31615816551233,0.999995492766503
"3878",29.58608486,1.4882271274544,1.47765654935217,2.13205894355684,4.3155278214002,0.999995460969275
"3879",29.59371604,1.48818282937604,1.47757569552435,2.13166555488535,4.31489549088961,0.999995428928567
"3880",29.60134722,1.4881383672873,1.47749456232246,2.13127098702646,4.31426116871889,0.999995396642517
"3881",29.6089784,1.48809374060107,1.47741314886492,2.13087523717887,4.31362484961783,0.99999536410925
"3882",29.61660958,1.48804894872827,1.47733145426787,2.13047830253772,4.31298652830695,0.999995331326884
"3883",29.62424076,1.48800399107785,1.47724947764576,2.13008018030319,4.31234619950786,0.999995298293479
"3884",29.63187194,1.48795886705683,1.47716721810991,2.12968086766153,4.31170385792011,0.999995265007145
"3885",29.63950312,1.48791357607025,1.47708467476994,2.12928036180401,4.31105949824424,0.999995231465934
"3886",29.6471343,1.48786811752116,1.4770018467333,2.12887865991981,4.31041311517338,0.999995197667884
"3887",29.65476548,1.48782249081067,1.47691873310473,2.12847575919096,4.30976470338665,0.999995163611043
"3888",29.66239666,1.48777669533787,1.47683533298721,2.1280716568027,4.30911425756215,0.999995129293413
"3889",29.67002784,1.48773073049989,1.47675164548095,2.12766634993199,4.30846177236267,0.999995094713013
"3890",29.67765902,1.48768459569185,1.47666766968439,2.12725983575918,4.3078072424503,0.999995059867817
"3891",29.6852902,1.48763829030687,1.47658340469326,2.12685211145723,4.30715066247277,0.999995024755808
"3892",29.69292138,1.48759181373609,1.47649884960128,2.12644317419995,4.30649202707386,0.999994989374941
"3893",29.70055256,1.48754516536861,1.47641400350006,2.12603302116079,4.30583133089187,0.999994953723142
"3894",29.70818374,1.48749834459153,1.47632886547835,2.12562164950362,4.30516856854821,0.999994917798362
"3895",29.71581492,1.48745135078994,1.47624343462337,2.12520905639954,4.30450373466813,0.999994881598484
"3896",29.7234461,1.48740418334687,1.47615771001946,2.12479523901013,4.30383682386003,0.999994845121417
"3897",29.73107728,1.48735684164336,1.47607169074905,2.12438019449893,4.30316783072968,0.99999480836503
"3898",29.73870846,1.48730932505839,1.4759853758921,2.12396392002516,4.30249674987249,0.999994771327187
"3899",29.74633964,1.48726163296891,1.47589876452619,2.1235464127453,4.30182357587525,0.999994734005741
"3900",29.75397082,1.4872137647498,1.47581185572705,2.12312766981794,4.30114830332245,0.999994696398505
"3901",29.761602,1.48716571977392,1.47572464856757,2.1227076883941,4.30047092678398,0.999994658503304
"3902",29.76923318,1.48711749741204,1.47563714211888,2.12228646562859,4.29979144082935,0.999994620317917
"3903",29.77686436,1.48706909703289,1.47554933544939,2.1218639986691,4.29910984001422,0.999994581840132
"3904",29.78449554,1.48702051800313,1.47546122762541,2.12144028466346,4.29842611888933,0.999994543067711
"3905",29.79212672,1.48697175968732,1.47537281771096,2.12101532075801,4.29774027199838,0.999994503998394
"3906",29.7997579,1.48692282144798,1.47528410476782,2.12058910409765,4.29705229387824,0.999994464629902
"3907",29.80738908,1.48687370264551,1.47519508785525,2.12016163182219,4.29636217905444,0.999994424959957
"3908",29.81502026,1.48682440263823,1.4751057660305,2.11973290107457,4.29566992205098,0.999994384986234
"3909",29.82265144,1.48677492078238,1.47501613834824,2.1193029089906,4.29497551737834,0.999994344706422
"3910",29.83028262,1.48672525643207,1.47492620386117,2.11887165270961,4.29427895954593,0.999994304118162
"3911",29.8379138,1.48667540893933,1.47483596161933,2.11843912936427,4.29358024304988,0.999994263219103
"3912",29.84554498,1.48662537765406,1.47474541067072,2.11800533608902,4.29287936238337,0.999994222006859
"3913",29.85317616,1.48657516192405,1.4746545500609,2.11757027001498,4.29217631203029,0.999994180479031
"3914",29.86080734,1.48652476109496,1.47456337883326,2.11713392827275,4.29147108646891,0.999994138633199
"3915",29.86843852,1.48647417451033,1.4744718960286,2.11669630798846,4.29076368016662,0.999994096466937
"3916",29.8760697,1.48642340151155,1.47438010068562,2.11625740628905,4.2900540875868,0.999994053977791
"3917",29.88370088,1.48637244143789,1.47428799184074,2.11581722029975,4.28934230318557,0.999994011163284
"3918",29.89133206,1.48632129362647,1.47419556852822,2.11537574714656,4.28862832141478,0.99999396802091
"3919",29.89896324,1.48626995741225,1.4741028297795,2.11493298394808,4.28791213671201,0.999993924548176
"3920",29.90659442,1.48621843212803,1.4740097746241,2.11448892782535,4.28719374351273,0.999993880742548
"3921",29.9142256,1.48616671710448,1.47391640208913,2.11404357589783,4.28647313624521,0.999993836601474
"3922",29.92185678,1.48611481167005,1.47382271119936,2.11359692528201,4.28575030932904,0.999993792122389
"3923",29.92948796,1.48606271515107,1.47372870097728,2.11314897309464,4.28502525717882,0.9999937473027
"3924",29.93711914,1.48601042687165,1.47363437044319,2.11269971645209,4.2842979742036,0.99999370213979
"3925",29.94475032,1.48595794615376,1.47353971861464,2.11224915246399,4.2835684547989,0.99999365663105
"3926",29.9523815,1.48590527231713,1.47344474450727,2.11179727824448,4.28283669336057,0.999993610773821
"3927",29.96001268,1.48585240467934,1.47334944713437,2.11134409090502,4.28210268427616,0.999993564565428
"3928",29.96764386,1.48579934255575,1.47325382550665,2.11088958755343,4.28136642192342,0.999993518003192
"3929",29.97527504,1.4857460852595,1.47315787863277,2.11043376529924,4.28062790067705,0.999993471084396
"3930",29.98290622,1.48569263210155,1.47306160551898,2.10997662125029,4.27988711490446,0.999993423806304
"3931",29.9905374,1.48563898239062,1.47296500516897,2.10951815250986,4.2791440589623,0.999993376166181
"3932",29.99816858,1.48558513543322,1.47286807658448,2.109058356185,4.27839872720666,0.999993328161241
"3933",30.00579976,1.48553109053363,1.47277081876464,2.10859722937812,4.27765111398279,0.999993279788697
"3934",30.01343094,1.48547684699389,1.47267323070653,2.10813476919423,4.27690121363382,0.999993231045721
"3935",30.02106212,1.48542240411381,1.47257531140452,2.10767097273223,4.27614902049035,0.999993181929493
"3936",30.0286933,1.48536776119096,1.47247705985103,2.10720583709523,4.27539452888276,0.999993132437139
"3937",30.03632448,1.48531291752064,1.47237847503587,2.10673935938118,4.27463773313012,0.99999308256579
"3938",30.04395566,1.48525787239591,1.47227955594663,2.10627153668971,4.2738786275481,0.999993032312539
"3939",30.05158684,1.48520262510758,1.47218030156862,2.1058023661186,4.27311720644527,0.999992981674461
"3940",30.05921802,1.48514717494416,1.47208071088478,2.10533184476591,4.27235346412494,0.999992930648604
"3941",30.0668492,1.48509152119193,1.47198078287569,2.10485996972772,4.27158739488304,0.999992879232001
"3942",30.07448038,1.48503566313487,1.47188051651957,2.10438673809862,4.27081899300854,0.999992827421663
"3943",30.08211156,1.48497960005467,1.47177991079244,2.10391214697477,4.27004825278696,0.999992775214568
"3944",30.08974274,1.48492333123076,1.47167896466775,2.10343619344916,4.26927516849469,0.999992722607684
"3945",30.09737392,1.48486685594024,1.47157767711682,2.10295887461494,4.26849973440347,0.999992669597951
"3946",30.1050051,1.48481017345794,1.47147604710864,2.10248018756682,4.26772194478129,0.999992616182271
"3947",30.11263628,1.48475328305638,1.47137407360976,2.10200012939567,4.26694179388666,0.999992562357544
"3948",30.12026746,1.48469618400575,1.47127175558444,2.10151869719371,4.26615927597424,0.999992508120635
"3949",30.12789864,1.48463887557396,1.47116909199462,2.10103588805211,4.26537438529238,0.999992453468386
"3950",30.13552982,1.48458135702656,1.47106608179989,2.10055169906187,4.26458711608396,0.999992398397613
"3951",30.143161,1.48452362762682,1.47096272395741,2.10006612731178,4.26379746258398,0.999992342905122
"3952",30.15079218,1.48446568663562,1.47085901742224,2.0995791698937,4.26300541902602,0.999992286987668
"3953",30.15842336,1.48440753331155,1.47075496114682,2.09909082389514,4.26221097963313,0.99999223064201
"3954",30.16605454,1.48434916691085,1.47065055408149,2.09860108640653,4.26141413862673,0.999992173864859
"3955",30.17368572,1.48429058668738,1.47054579517409,2.09810995451567,4.26061489021988,0.999992116652917
"3956",30.1813169,1.48423179189269,1.47044068337028,2.0976174253123,4.25981322862275,0.999992059002847
"3957",30.18894808,1.48417278177594,1.47033521761333,2.09712349588483,4.25900914803889,0.999992000911292
"3958",30.19657926,1.48411355558394,1.47022939684411,2.09662816332095,4.25820264266553,0.999991942374874
"3959",30.20421044,1.48405411256112,1.47012322000097,2.09613142470645,4.25739370669248,0.999991883390199
"3960",30.21184162,1.48399445194954,1.47001668602061,2.09563327713428,4.25658233431329,0.999991823953804
"3961",30.2194728,1.48393457298889,1.46990979383648,2.09513371768707,4.25576851970348,0.99999176406226
"3962",30.22710398,1.48387447491645,1.4698025423804,2.09463274345549,4.25495225704338,0.999991703712063
"3963",30.23473516,1.48381415696712,1.46969493058161,2.09413035152719,4.25413354050446,0.999991642899702
"3964",30.24236634,1.4837536183734,1.46958695736688,2.09362653898869,4.25331236425154,0.999991581621645
"3965",30.24999752,1.48369285836541,1.46947862166091,2.09312130292934,4.2524887224478,0.999991519874317
"3966",30.2576287,1.48363187617082,1.46936992238592,2.0926146404368,4.25166260924921,0.999991457654126
"3967",30.26525988,1.48357067101492,1.46926085846185,2.09210654859961,4.25083401880765,0.999991394957448
"3968",30.27289106,1.48350924212057,1.46915142880624,2.09159702450614,4.25000294526956,0.999991331780636
"3969",30.28052224,1.48344758870819,1.4690416323343,2.09108606524402,4.24916938277544,0.999991268120018
"3970",30.28815342,1.48338570999581,1.468931467959,2.09057366790326,4.24833332546344,0.999991203971882
"3971",30.2957846,1.48332360519897,1.46882093459091,2.09005982957272,4.24749476746525,0.999991139332498
"3972",30.30341578,1.48326127353083,1.46871003113843,2.08954454734315,4.24665370290981,0.999991074198096
"3973",30.31104696,1.48319871420205,1.46859875650744,2.08902781830458,4.24581012591977,0.999991008564886
"3974",30.31867814,1.48313592642087,1.46848710960148,2.08850963954644,4.24496403061215,0.999990942429054
"3975",30.32630932,1.48307290939307,1.46837508932187,2.08799000815996,4.24411541110097,0.99999087578675
"3976",30.3339405,1.48300966232195,1.46826269456766,2.08746892123789,4.24326426149698,0.999990808634089
"3977",30.34157168,1.48294618440836,1.46814992423548,2.08694637587194,4.24241057590457,0.999990740967163
"3978",30.34920286,1.48288247485067,1.46803677721965,2.08642236915527,4.24155434842474,0.999990672782033
"3979",30.35683404,1.48281853284478,1.46792325241205,2.08589689817948,4.24069557315144,0.999990604074741
"3980",30.36446522,1.4827543575841,1.46780934870261,2.0853699600415,4.23983424418028,0.999990534841272
"3981",30.3720964,1.48268994825955,1.46769506497857,2.0848415518352,4.23897035559766,0.999990465077601
"3982",30.37972758,1.48262530405954,1.46758040012502,2.0843116706564,4.23810390148753,0.999990394779669
"3983",30.38735876,1.48256042417002,1.46746535302462,2.08378031360085,4.23723487592853,0.999990323943388
"3984",30.39498994,1.48249530777441,1.46734992255789,2.08324747776676,4.23636327299741,0.999990252564631
"3985",30.40262112,1.4824299540536,1.46723410760296,2.08271316025325,4.23548908676671,0.99999018063924
"3986",30.4102523,1.48236436218601,1.46711790703563,2.08217735815926,4.23461231130387,0.999990108163028
"3987",30.41788348,1.4822985313475,1.46700131972951,2.08164006858659,4.23373294067473,0.999990035131771
"3988",30.42551466,1.48223246071143,1.46688434455553,2.08110128863351,4.23285096893561,0.999989961541237
"3989",30.43314584,1.48216614944861,1.46676698038279,2.08056101540538,4.23196639014664,0.999989887387125
"3990",30.44077702,1.48209959672732,1.46664922607777,2.08001924600449,4.23107919835901,0.999989812665128
"3991",30.4484082,1.48203280171331,1.46653108050493,2.07947597753781,4.23018938762476,0.999989737370883
"3992",30.45603938,1.48196576356975,1.46641254252601,2.07893120710904,4.22929695198665,0.999989661500026
"3993",30.46367056,1.4818984814573,1.46629361100088,2.07838493182725,4.22840188548925,0.999989585048127
"3994",30.47130174,1.48183095453404,1.46617428478691,2.0778371488017,4.22750418217211,0.999989508010736
"3995",30.47893292,1.48176318195547,1.4660545627391,2.07728785514097,4.2266038360691,0.999989430383378
"3996",30.4865641,1.48169516287456,1.4659344437104,2.07673704795846,4.22570084121497,0.999989352161524
"3997",30.49419528,1.48162689644169,1.46581392655122,2.07618472436609,4.22479519163759,0.999989273340627
"3998",30.50182646,1.48155838180463,1.46569301010989,2.07563088148013,4.22388688136512,0.999989193916091
"3999",30.50945764,1.48148961810863,1.46557169323227,2.075075516415,4.22297590441869,0.999989113883302
"4000",30.51708882,1.48142060449629,1.46544997476211,2.07451862629034,4.22206225482063,0.999989033237592
"4001",30.52472,1.48135134010766,1.46532785354067,2.07396020822379,4.2211459265859,0.999988951974278
"4002",30.53235118,1.48128182408016,1.46520532840712,2.07340025933747,4.22022691373008,0.999988870088623
"4003",30.53998236,1.48121205554862,1.46508239819836,2.07283877675536,4.21930521026602,0.999988787575856
"4004",30.54761354,1.48114203364527,1.46495906174886,2.07227575760112,4.21838081020121,0.999988704431181
"4005",30.55524472,1.4810717574997,1.46483531789096,2.07171119900191,4.21745370754261,0.999988620649755
"4006",30.5628759,1.48100122623891,1.46471116545463,2.07114509808623,4.2165238962937,0.999988536226701
"4007",30.57050708,1.48093043898725,1.4645866032677,2.0705774519852,4.21559137045641,0.999988451157102
"4008",30.57813826,1.48085939486645,1.46446163015563,2.07000825783106,4.21465612402915,0.999988365436007
"4009",30.58576944,1.48078809299561,1.46433624494167,2.06943751275853,4.2137181510084,0.999988279058427
"4010",30.59340062,1.48071653249119,1.46421044644674,2.06886521390391,4.21277744538766,0.999988192019335
"4011",30.6010318,1.480644712467,1.4640842334895,2.06829135840501,4.21183400115754,0.999988104313674
"4012",30.60866298,1.4805726320342,1.46395760488661,2.06771594340547,4.2108878123108,0.999988015936319
"4013",30.61629416,1.48050029030129,1.4638305594523,2.06713896604839,4.20993887283482,0.999987926882129
"4014",30.62392534,1.48042768637412,1.46370309599841,2.06656042347806,4.20898717671338,0.999987837145928
"4015",30.63155652,1.48035481935587,1.46357521333476,2.06598031284338,4.20803271793128,0.999987746722488
"4016",30.6391877,1.48028168834707,1.4634469102688,2.06539863129398,4.20707549046927,0.999987655606549
"4017",30.64681888,1.48020829244553,1.46331818560584,2.06481537598326,4.20611548830804,0.999987563792805
"4018",30.65445006,1.48013463074642,1.46318903814892,2.06423054406684,4.20515270542602,0.999987471275909
"4019",30.66208124,1.48006070234222,1.46305946669889,2.06364413270309,4.20418713580034,0.999987378050473
"4020",30.66971242,1.47998650632271,1.46292947005427,2.06305613905156,4.20321877340484,0.999987284111077
"4021",30.6773436,1.47991204177497,1.46279904701151,2.06246656027672,4.2022476122145,0.999987189452245
"4022",30.68497478,1.4798373077834,1.46266819636467,2.06187539354353,4.20127364620021,0.999987094068473
"4023",30.69260596,1.47976230342968,1.46253691690569,2.06128263602062,4.20029686933263,0.999986997954209
"4024",30.70023714,1.47968702779279,1.46240520742442,2.06068828488119,4.19931727558325,0.999986901103847
"4025",30.70786832,1.479611479949,1.46227306670822,2.06009233729783,4.1983348589181,0.999986803511763
"4026",30.7154995,1.47953565897184,1.46214049354256,2.05949479044923,4.19734961330612,0.999986705172266
"4027",30.72313068,1.47945956393215,1.46200748671047,2.05889564151519,4.19636153271266,0.999986606079635
"4028",30.73076186,1.47938319389801,1.46187404499286,2.05829488767853,4.19537061110231,0.999986506228106
"4029",30.73839304,1.47930654793479,1.4617401671686,2.05769252612737,4.19437684244146,0.999986405611855
"4030",30.74602422,1.47922962510511,1.46160585201408,2.05708855404959,4.1933802206914,0.999986304225037
"4031",30.7536554,1.47915242446885,1.46147109830381,2.05648296863942,4.19238073981676,0.99998620206174
"4032",30.76128658,1.47907494508315,1.46133590480989,2.05587576709195,4.19137839377851,0.999986099116025
"4033",30.76891776,1.47899718600239,1.46120027030256,2.05526694660865,4.19037317654092,0.999985995381882
"4034",30.77654894,1.4789191462782,1.46106419354943,2.05465650439005,4.18936508206229,0.999985890853291
"4035",30.78418012,1.47884082495945,1.46092767331627,2.05404443764273,4.18835410430401,0.999985785524163
"4036",30.7918113,1.47876222109224,1.46079070836661,2.05343074357665,4.18734023722687,0.999985679388365
"4037",30.79944248,1.47868333371989,1.46065329746189,2.05281541940527,4.18632347479156,0.999985572439715
"4038",30.80707366,1.47860416188297,1.46051543936129,2.0521984623453,4.18530381095801,0.999985464671988
"4039",30.81470484,1.47852470461926,1.46037713282198,2.05157986961773,4.18428123968708,0.999985356078908
"4040",30.82233602,1.47844496096376,1.4602383765988,2.05095963844507,4.18325575493695,0.999985246654163
"4041",30.8299672,1.47836492994866,1.46009916944462,2.05033776605651,4.18222735066939,0.999985136391374
"4042",30.83759838,1.47828461060338,1.45995951011004,2.04971424968265,4.18119602084339,0.99998502528413
"4043",30.84522956,1.47820400195455,1.45981939734389,2.04908908656166,4.18016175942315,0.999984913325944
"4044",30.85286074,1.47812310302597,1.4596788298923,2.04846227392975,4.1791245603655,0.999984800510321
"4045",30.86049192,1.47804191283866,1.45953780649969,2.04783380903156,4.17808441763348,0.999984686830687
"4046",30.8681231,1.47796043041083,1.4593963259084,2.04720368911576,4.1770413251907,0.999984572280414
"4047",30.87575428,1.47787865475785,1.45925438685842,2.04657191143263,4.17599527699817,0.999984456852843
"4048",30.88338546,1.4777965848923,1.4591119880878,2.04593847323833,4.17494626701986,0.999984340541252
"4049",30.89101664,1.47771421982392,1.4589691283325,2.04530337179314,4.17389428922044,0.999984223338868
"4050",30.89864782,1.47763155855963,1.45882580632629,2.04466660436023,4.17283933756378,0.999984105238874
"4051",30.906279,1.47754860010351,1.45868202080103,2.04402816820964,4.1717814060178,0.999983986234385
"4052",30.91391018,1.47746534345682,1.45853777048636,2.04338806061385,4.17072048854917,0.999983866318475
"4053",30.92154136,1.47738178761797,1.45839305410973,2.04274627884852,4.16965657912403,0.999983745484179
"4054",30.92917254,1.47729793158252,1.45824787039691,2.04210282019756,4.16858967171467,0.999983623724444
"4055",30.93680372,1.47721377434319,1.45810221807137,2.0414576819477,4.16751976029234,0.999983501032182
"4056",30.9444349,1.47712931488985,1.45795609585455,2.04081086138958,4.16644683882902,0.999983377400252
"4057",30.95206608,1.47704455220952,1.45780950246555,2.04016235581607,4.16537090129491,0.999983252821479
"4058",30.95969726,1.47695948528632,1.45766243662217,2.03951216253232,4.16429194167159,0.999983127288576
"4059",30.96732844,1.47687411310156,1.45751489703949,2.03886027884115,4.16320995393318,0.999983000794254
"4060",30.97495962,1.47678843463365,1.4573668824308,2.03820670205236,4.16212493205841,0.99998287333115
"4061",30.9825908,1.47670244885813,1.45721839150747,2.03755142948275,4.16103687003036,0.999982744891832
"4062",30.99022198,1.47661615474768,1.45706942297865,2.03689445845025,4.15994576182959,0.999982615468838
"4063",30.99785316,1.47652955127206,1.45691997555177,2.03623578628251,4.15885160144429,0.999982485054616
"4064",31.00548434,1.4764426373982,1.45677004793193,2.03557541030778,4.15775438285938,0.999982353641587
"4065",31.01311552,1.4763554120901,1.45661963882238,2.03491332786153,4.15665410006458,0.999982221222101
"4066",31.0207467,1.47626787430889,1.45646874692447,2.03424953628497,4.1555507470527,0.999982087788444
"4067",31.02837788,1.4761800230128,1.45631737093759,2.03358403292507,4.15444431781966,0.99998195333284
"4068",31.03600906,1.47609185715714,1.45616550955894,2.03291681513186,4.15333480636092,0.999981817847471
"4069",31.04364024,1.47600337569435,1.45601316148385,2.03224788026159,4.1522222066758,0.999981681324452
"4070",31.05127142,1.47591457757395,1.45586032540584,2.03157722567767,4.15110651276846,0.999981543755827
"4071",31.0589026,1.47582546174253,1.45570700001616,2.03090484874581,4.14998771864185,0.999981405133601
"4072",31.06653378,1.4757360271438,1.45555318400458,2.03023074684211,4.14886581830798,0.999981265449682
"4073",31.07416496,1.47564627271853,1.4553988760585,2.02955491734359,4.14774080577594,0.999981124695955
"4074",31.08179614,1.47555619740457,1.45524407486353,2.02887735763451,4.14661267505992,0.999980982864226
"4075",31.08942732,1.47546580013684,1.45508877910365,2.02819806510841,4.14548142018175,0.999980839946217
"4076",31.0970585,1.47537507984736,1.45493298746026,2.02751703715699,4.14434703515704,0.999980695933642
"4077",31.10468968,1.47528403546519,1.4547766986137,2.02683427118739,4.14320951401677,0.99998055081808
"4078",31.11232086,1.47519266591645,1.45461991124161,2.02614976460378,4.14206885078434,0.999980404591114
"4079",31.11995204,1.47510097012436,1.45446262402028,2.02546351482239,4.14092503949435,0.999980257244215
"4080",31.12758322,1.47500894700915,1.454304835624,2.02477551926394,4.13977807418329,0.999980108768803
"4081",31.1352144,1.47491659548813,1.45414654472502,2.02408577535422,4.13862794888993,0.99997995915624
"4082",31.14284558,1.47482391447567,1.45398774999385,2.02339428052592,4.13747465765809,0.999979808397816
"4083",31.15047676,1.47473090288317,1.4538284500991,2.02270103221802,4.13631819453558,0.999979656484756
"4084",31.15810794,1.47463755961908,1.45366864370768,2.02200602787706,4.13515855357599,0.999979503408208
"4085",31.16573912,1.47454388358889,1.45350832948458,2.02130926495524,4.13399572883629,0.999979349159256
"4086",31.1733703,1.47444987369514,1.45334750609262,2.0206107409083,4.13282971437395,0.999979193728943
"4087",31.18100148,1.47435552883739,1.45318617219341,2.01991045320415,4.13166050425829,0.999979037108195
"4088",31.18863266,1.47426084791224,1.45302432644627,2.01920839931243,4.13048809255708,0.99997887928791
"4089",31.19626384,1.47416582981332,1.45286196750899,2.01850457671321,4.12931247334732,0.999978720258887
"4090",31.20389502,1.47407047343129,1.45269909403732,2.01779898288972,4.12813364070657,0.99997856001188
"4091",31.2115262,1.47397477765383,1.45253570468533,2.01709161533392,4.12695158871963,0.999978398537561
"4092",31.21915738,1.47387874136562,1.4523717981056,2.01638247154686,4.12576631147934,0.99997823582651
"4093",31.22678856,1.4737823634484,1.45220737294842,2.01567154903195,4.1245778030777,0.999978071869273
"4094",31.23441974,1.47368564278089,1.45204242786264,2.01495884530257,4.12338605761582,0.999977906656299
"4095",31.24205092,1.47358857823884,1.45187696149536,2.01424435787918,4.12219106920016,0.999977740177966
"4096",31.2496821,1.473491168695,1.45171097249176,2.01352808428745,4.12099283194042,0.999977572424591
"4097",31.25731328,1.47339341301913,1.45154445949561,2.01281002206374,4.11979133995614,0.999977403386392
"4098",31.26494446,1.473295310078,1.4513774211486,2.01209016874834,4.11858658736831,0.999977233053537
"4099",31.27257564,1.47319685873538,1.45120985609085,2.01136852188956,4.11737856830479,0.999977061416115
"4100",31.28020682,1.47309805785202,1.45104176296084,2.01064507904444,4.11616727690094,0.999976888464127
"4101",31.287838,1.47299890628569,1.45087314039532,2.00991983777681,4.11495270729739,0.999976714187503
"4102",31.29546918,1.47289940289114,1.45070398702935,2.00919279565803,4.11373485364087,0.999976538576099
"4103",31.30310036,1.47279954652013,1.4505343014963,2.0084639502673,4.11251371008467,0.999976361619689
"4104",31.31073154,1.47269933602139,1.450364082428,2.00773329919201,4.11128927078922,0.999976183307964
"4105",31.31836272,1.47259877024064,1.45019332845426,2.00700084002418,4.11006152991744,0.999976003630565
"4106",31.3259939,1.47249784802059,1.45002203820382,2.00626657036914,4.10883048164591,0.999975822577006
"4107",31.33362508,1.47239656820094,1.44985021030324,2.00553048783479,4.10759612015115,0.999975640136766
"4108",31.34125626,1.47229492961834,1.44967784337786,2.00479259004065,4.10635843962132,0.999975456299212
"4109",31.34888744,1.47219293110646,1.44950493605127,2.00405287461372,4.10511743425072,0.999975271053636
"4110",31.35651862,1.47209057149591,1.44933148694539,2.00331133918708,4.10387309823841,0.999975084389263
"4111",31.3641498,1.47198784961429,1.44915749468047,2.00256798140241,4.10262542579099,0.999974896295234
"4112",31.37178098,1.47188476428618,1.4489829578757,2.00182279891396,4.10137441112816,0.99997470676057
"4113",31.37941216,1.47178131433312,1.44880787514793,2.00107578937699,4.10012004846765,0.999974515774267
"4114",31.38704334,1.47167749857361,1.44863224511309,2.0003269504615,4.09886233204289,0.999974323325188
"4115",31.39467452,1.47157331582313,1.44845606638522,1.99957627984231,4.09760125609045,0.999974129402137
"4116",31.4023057,1.47146876489413,1.44827933757717,1.99882377520603,4.09633681485898,0.999973933993807
"4117",31.40993688,1.47136384459599,1.44810205729979,1.99806943424318,4.09506900259906,0.999973737088844
"4118",31.41756806,1.47125855373509,1.44792422416283,1.99731325465759,4.09379781357513,0.999973538675767
"4119",31.42519924,1.47115289111476,1.44774583677433,1.99655523415878,4.09252324205617,0.999973338743034
"4120",31.43283042,1.47104685553526,1.44756689374082,1.99579537046546,4.09124528231991,0.99997313727901
"4121",31.4404616,1.47094044579385,1.44738739366769,1.99503366130825,4.08996392865641,0.999972934271947
"4122",31.44809278,1.4708336606847,1.44720733515842,1.99427010442235,4.08867917535868,0.999972729710043
"4123",31.45572396,1.47072649899898,1.44702671681535,1.99350469755502,4.08739101673241,0.999972523581379
"4124",31.46335514,1.47061895952478,1.44684553723931,1.99273743846206,4.08609944709137,0.999972315873953
"4125",31.47098632,1.47051104104714,1.44666379502959,1.99196832490691,4.08480446075634,0.99997210657568
"4126",31.4786175,1.47040274234807,1.44648148878416,1.99119735466344,4.08350605205867,0.999971895674375
"4127",31.48624868,1.47029406220652,1.44629861709972,1.99042452551606,4.08220421534062,0.999971683157747
"4128",31.49387986,1.47018499939837,1.44611517857128,1.98964983525555,4.08089894494978,0.99997146901344
"4129",31.50151104,1.47007555269649,1.44593117179294,1.98887328168668,4.07959023524918,0.999971253228961
"4130",31.50914222,1.46996572087064,1.44574659535687,1.9880948626181,4.07827808060408,0.999971035791773
"4131",31.5167734,1.46985550268756,1.4455614478542,1.9873145758713,4.07696247539363,0.999970816689212
"4132",31.52440458,1.46974489691094,1.44537572787489,1.98653241927855,4.07564341400843,0.999970595908509
"4133",31.53203576,1.46963390230138,1.44518943400727,1.9857483906796,4.07432089084586,0.999970373436818
"4134",31.53966694,1.46952251761644,1.44500256483854,1.98496248792516,4.07299490031511,0.999970149261183
"4135",31.54729812,1.46941074161064,1.44481511895448,1.98417470887478,4.07166543683423,0.999969923368558
"4136",31.5549293,1.46929857303541,1.44462709493972,1.9833850513992,4.07033249483318,0.999969695745789
"4137",31.56256048,1.46918601063912,1.44443849137752,1.98259351337833,4.06899606875129,0.999969466379625
"4138",31.57019166,1.46907305316712,1.44424930684999,1.98180009270293,4.0676561530396,0.999969235256709
"4139",31.57782284,1.46895969936164,1.44405953993805,1.98100478727492,4.06631274216101,0.999969002363574
"4140",31.58545402,1.46884594796191,1.44386918922104,1.98020759500263,4.06496583058445,0.999968767686682
"4141",31.5930852,1.46873179770405,1.44367825327755,1.97940851380914,4.06361541279567,0.999968531212354
"4142",31.60071638,1.46861724732113,1.44348673068466,1.97860754162509,4.06226148328776,0.99996829292683
"4143",31.60834756,1.46850229554319,1.44329462001845,1.97780467639362,4.06090403656783,0.999968052816227
"4144",31.61597874,1.46838694109716,1.44310191985359,1.97699991606521,4.05954306715032,0.999967810866585
"4145",31.62360992,1.46827118270693,1.44290862876389,1.97619325860519,4.05817856956649,0.999967567063799
"4146",31.6312411,1.46815501909334,1.44271474532186,1.97538470198634,4.05681053835545,0.999967321393684
"4147",31.63887228,1.46803844897416,1.44252026809897,1.97457424419457,4.05543896807091,0.999967073841928
"4148",31.64650346,1.46792147106408,1.44232519566543,1.97376188322442,4.05406385327574,0.999966824394127
"4149",31.65413464,1.46780408407474,1.44212952659059,1.9729476170838,4.0526851885482,0.999966573035744
"4150",31.66176582,1.46768628671474,1.44193325944243,1.9721314437887,4.05130296847497,0.99996631975216
"4151",31.669397,1.46756807768958,1.4417363927881,1.97131336136853,4.04991718765818,0.999966064528621
"4152",31.67702818,1.46744945570174,1.44153892519351,1.9704933678618,4.04852784070986,0.999965807350277
"4153",31.68465936,1.4673304194506,1.44134085522375,1.96967146132087,4.047134922258,0.999965548202143
"4154",31.69229054,1.46721096763251,1.4411421814429,1.96884763980886,4.04573842694287,0.999965287069124
"4155",31.69992172,1.46709109894075,1.44094290241371,1.96802190139745,4.0443383494139,0.999965023936033
"4156",31.7075529,1.46697081206554,1.44074301669827,1.96719424417253,4.04293468433737,0.999964758787543
"4157",31.71518408,1.46685010569405,1.44054252285755,1.96636466623064,4.04152742639144,0.999964491608217
"4158",31.72281526,1.46672897851039,1.4403414194516,1.96553316568021,4.04011657026807,0.999964222382497
"4159",31.73044644,1.46660742919561,1.44013970503961,1.96469974064115,4.03870211067271,0.999963951094709
"4160",31.73807762,1.4664854564277,1.4399373781796,1.96386438924405,4.03728404232279,0.999963677729066
"4161",31.7457088,1.46636305888163,1.43973443742912,1.96302710963467,4.03586235995402,0.999963402269633
"4162",31.75333998,1.46624023522928,1.43953088134438,1.96218789996677,4.0344370583109,0.999963124700385
"4163",31.76097116,1.46611698413949,1.43932670848096,1.96134675840791,4.03300813215456,0.999962845005159
"4164",31.76860234,1.46599330427806,1.43912191739337,1.96050368313614,4.03157557625811,0.999962563167683
"4165",31.77623352,1.46586919430773,1.43891650663566,1.95965867234517,4.03013938541374,0.999962279171529
"4166",31.7838647,1.4657446528882,1.43871047476082,1.95881172423847,4.02869955442497,0.999961993000162
"4167",31.79149588,1.46561967867612,1.43850382032094,1.95796283703115,4.02725607810908,0.999961704636929
"4168",31.79912706,1.46549427032511,1.43829654186744,1.95711200895136,4.02580895129918,0.999961414065043
"4169",31.80675824,1.46536842648574,1.43808863795097,1.95625923824029,4.02435816884397,0.999961121267581
"4170",31.81438942,1.46524214580552,1.43788010712138,1.95540452315051,4.02290372560591,0.999960826227503
"4171",31.8220206,1.46511542692896,1.43767094792799,1.95454786194981,4.02144561646596,0.999960528927612
"4172",31.82965178,1.4649882684975,1.43746115891904,1.95368925291471,4.01998383631559,0.999960229350617
"4173",31.83728296,1.46486066914958,1.43725073864237,1.95282869433758,4.01851838006562,0.999959927479065
"4174",31.84491414,1.46473262752056,1.43703968564502,1.95196618452232,4.01704924264106,0.999959623295381
"4175",31.85254532,1.46460414224283,1.43682799847323,1.95110172178449,4.01557641898108,0.999959316781867
"4176",31.8601765,1.4644752119457,1.43661567567292,1.95023530445571,4.01409990404487,0.999959007920661
"4177",31.86780768,1.46434583525549,1.43640271578909,1.94936693087814,4.01261969280441,0.999958696693787
"4178",31.87543886,1.46421601079548,1.43618911736623,1.94849659940752,4.01113578024872,0.999958383083126
"4179",31.88307004,1.46408573718593,1.43597487894828,1.94762430841338,4.00964816138392,0.999958067070416
"4180",31.89070122,1.46395501304411,1.43575999907861,1.94675005627853,4.00815683123276,0.999957748637254
"4181",31.8983324,1.46382383698422,1.43554447629987,1.94587384139776,4.00666178483283,0.99995742776511
"4182",31.90596358,1.46369220761752,1.43532830915441,1.9449956621813,4.00516301724135,0.99995710443529
"4183",31.91359476,1.4635601235522,1.43511149618392,1.94411551705155,4.00366052353081,0.999956778628973
"4184",31.92122594,1.46342758339347,1.43489403592963,1.94323340444477,4.0021542987912,0.99995645032719
"4185",31.92885712,1.46329458574355,1.43467592693213,1.94234932280929,4.00064433812785,0.999956119510838
"4186",31.9364883,1.46316112920163,1.43445716773196,1.94146327061132,3.99913063666892,0.999955786160634
"4187",31.94411948,1.46302721236394,1.43423775686883,1.94057524632715,3.9976131895553,0.999955450257178
"4188",31.95175066,1.46289283382369,1.43401769288218,1.93968524844754,3.99609199194667,0.999955111780918
"4189",31.95938184,1.46275799217111,1.43379697431111,1.9387932754792,3.99456703902289,0.999954770712132
"4190",31.96701302,1.46262268599345,1.43357559969406,1.93789932593909,3.99303832597728,0.999954427030984
"4191",31.9746442,1.46248691387497,1.4333535675695,1.93700339836228,3.99150584802649,0.999954080717446
"4192",31.98227538,1.46235067439696,1.43313087647533,1.93610549129607,3.98996960040303,0.999953731751357
"4193",31.98990656,1.46221396613773,1.43290752494908,1.9352056033012,3.9884295783569,0.999953380112409
"4194",31.99753774,1.46207678767263,1.4326835115282,1.93430373295497,3.98688577715973,0.999953025780115
"4195",32.00516892,1.46193913757402,1.43245883474957,1.93339987884653,3.98533819209862,0.999952668733859
"4196",32.0128001,1.46180101441133,1.43223349315017,1.93249403958269,3.98378681848382,0.999952308952833
"4197",32.02043128,1.46166241675101,1.43200748526654,1.93158621378274,3.98223165164215,0.999951946416092
"4198",32.02806246,1.46152334315657,1.4317808096348,1.93067640007915,3.98067268691762,0.999951581102543
"4199",32.03569364,1.46138379218856,1.43155346479104,1.92976459712039,3.97910991967563,0.999951212990921
"4200",32.04332482,1.4612437624046,1.43132544927165,1.92885080357388,3.97754334530656,0.999950842059754
"4201",32.050956,1.46110325235936,1.43109676161182,1.92793501811279,3.97597295920861,0.999950468287499
"4202",32.05858718,1.46096226060458,1.43086740034776,1.92701723943557,3.97439875681354,0.999950091652342
"4203",32.06621836,1.46082078568907,1.43063736401477,1.92609746624835,3.97282073356349,0.999949712132378
"4204",32.07384954,1.46067882615871,1.43040665114822,1.92517569727377,3.97123888492284,0.999949329705517
"4205",32.08148072,1.46053638055647,1.43017526028363,1.92425193125134,3.96965320637868,0.999948944349484
"4206",32.0891119,1.4603934474224,1.42994318995633,1.9233261669353,3.96806369343779,0.999948556041839
"4207",32.09674308,1.46025002529364,1.42971043870177,1.92239840309595,3.96647034162875,0.999948164759963
"4208",32.10437426,1.46010611270444,1.42947700505492,1.92146863851472,3.96487314649552,0.999947770481104
"4209",32.11200544,1.45996170818613,1.42924288755141,1.92053687199415,3.96327210361044,0.999947373182281
"4210",32.11963662,1.45981681026716,1.42900808472658,1.91960310234955,3.96166720856347,0.999946972840363
"4211",32.1272678,1.4596714174731,1.42877259511578,1.91866732841153,3.9600584569654,0.999946569432049
"4212",32.13489898,1.45952552832663,1.42853641725459,1.91772954902735,3.95844584444993,0.999946162933845
"4213",32.14253016,1.45937914134755,1.42829954967876,1.91678976306059,3.95682936667315,0.999945753322074
"4214",32.15016134,1.45923225505281,1.42806199092376,1.91584796938692,3.95520901930805,0.999945340572915
"4215",32.15779252,1.45908486795647,1.42782373952575,1.91490416690314,3.95358479805643,0.999944924662312
"4216",32.1654237,1.45893697856977,1.42758479402083,1.9139583545196,3.95195669863908,0.999944505566049
"4217",32.17305488,1.45878858540107,1.42734515294535,1.91301053116314,3.95032471679972,0.999944083259719
"4218",32.18068606,1.45863968695591,1.42710481483568,1.91206069577475,3.94868884830193,0.999943657718751
"4219",32.18831724,1.45849028173696,1.42686377822862,1.9111088473135,3.94704908893437,0.999943228918364
"4220",32.19594842,1.4583403682441,1.42662204166119,1.9101549847542,3.94540543450774,0.999942796833596
"4221",32.2035796,1.45818994497437,1.42637960367098,1.90919910709061,3.94375788085919,0.999942361439263
"4222",32.21121078,1.45803901042198,1.42613646279543,1.90824121332857,3.94210642384322,0.999941922710037
"4223",32.21884196,1.45788756307836,1.42589261757258,1.90728130249281,3.94045105934078,0.999941480620369
"4224",32.22647314,1.45773560143211,1.4256480665408,1.90631937362399,3.9387917832555,0.99994103514452
"4225",32.23410432,1.45758312396906,1.42540280823891,1.90535542578057,3.93712859151594,0.999940586256546
"4226",32.2417355,1.45743012917224,1.42515684120613,1.90438945803712,3.93546148007375,0.999940133930308
"4227",32.24936668,1.45727661552191,1.42491016398195,1.90342146948346,3.93379044490254,0.999939678139481
"4228",32.25699786,1.45712258149554,1.42466277510666,1.90245145922965,3.93211548200426,0.999939218857508
"4229",32.26462904,1.45696802556787,1.42441467312067,1.90147942639911,3.93043658740057,0.999938756057664
"4230",32.27226022,1.45681294621085,1.42416585656524,1.90050537013538,3.92875375714157,0.999938289712984
"4231",32.2798914,1.45665734189371,1.42391632398163,1.89952928959409,3.92706698729544,0.999937819796355
"4232",32.28752258,1.45650121108292,1.42366607391254,1.89855118395612,3.92537627396565,0.999937346280365
"4233",32.29515376,1.45634455224223,1.42341510490051,1.8975710524129,3.92368161327184,0.999936869137467
"4234",32.30278494,1.45618736383267,1.42316341548891,1.89658889417473,3.92198300136078,0.999936388339885
"4235",32.31041612,1.45602964431255,1.42291100422179,1.89560470847009,3.92028043440557,0.999935903859622
"4236",32.3180473,1.45587139213748,1.42265786964411,1.89461849454676,3.91857390860707,0.999935415668447
"4237",32.32567848,1.45571260576038,1.4224040103009,1.89363025166477,3.91686342018487,0.99993492373797
"4238",32.33330966,1.45555328363147,1.42214942473852,1.8926399791069,3.91514896539102,0.999934428039526
"4239",32.34094084,1.4553934241983,1.4218941115039,1.89164767617243,3.9134305405019,0.999933928544247
"4240",32.34857202,1.45523302590575,1.42163806914453,1.89065334217607,3.91170814181705,0.999933425223065
"4241",32.3562032,1.45507208719604,1.42138129620875,1.88965697645122,3.90998176566329,0.999932918046682
"4242",32.36383438,1.45491060650874,1.42112379124615,1.88865857835293,3.90825140839878,0.999932406985536
"4243",32.37146556,1.45474858228079,1.42086555280674,1.88765814724997,3.90651706640277,0.999931892009881
"4244",32.37909674,1.45458601294648,1.42060657944134,1.886655682529,3.90477873608101,0.999931373089748
"4245",32.38672792,1.45442289693751,1.4203468697019,1.88565118359673,3.90303641386871,0.999930850194918
"4246",32.3943591,1.45425923268293,1.42008642214133,1.8846446498782,3.90129009622836,0.999930323294935
"4247",32.40199028,1.45409501860923,1.41982523531339,1.88363608081566,3.89953977964838,0.999929792359123
"4248",32.40962146,1.45393025314029,1.41956330777293,1.88262547587087,3.89778546064608,0.999929257356561
"4249",32.41725264,1.45376493469741,1.4193006380756,1.88161283452193,3.89602713576373,0.999928718256109
"4250",32.42488382,1.45359906169932,1.41903722477819,1.88059815626628,3.89426480157247,0.999928175026381
"4251",32.432515,1.45343263256221,1.41877306643879,1.87958144062192,3.89249845467404,0.999927627635728
"4252",32.44014618,1.45326564569971,1.41850816161624,1.87856268712265,3.89072809169453,0.99992707605229
"4253",32.44777736,1.45309809952291,1.41824250887056,1.87754189532111,3.88895370928856,0.99992652024396
"4254",32.45540854,1.45292999244038,1.41797610676316,1.87651906479101,3.88717530414223,0.999925960178361
"4255",32.46303972,1.45276132285819,1.41770895385648,1.87549419512346,3.88539287296831,0.999925395822882
"4256",32.4706709,1.45259208917988,1.41744104871408,1.87446728592772,3.88360641250738,0.99992482714467
"4257",32.47830208,1.45242228980654,1.41717238990093,1.87343833683355,3.88181591953108,0.999924254110605
"4258",32.48593326,1.45225192313674,1.41690297598301,1.87240734748733,3.88002139083684,0.999923676687339
"4259",32.49356444,1.45208098756661,1.41663280552802,1.87137431755856,3.87822282325674,0.999923094841222
"4260",32.50119562,1.45190948148982,1.41636187710456,1.87033924673209,3.87642021364724,0.999922508538392
"4261",32.5088268,1.45173740329759,1.41609018928278,1.86930213471338,3.87461355889631,0.999921917744708
"4262",32.51645798,1.45156475137872,1.41581774063413,1.86826298122707,3.87280285592139,0.999921322425773
"4263",32.52408916,1.4513915241196,1.41554452973157,1.86722178601759,3.87098810167055,0.999920722546918
"4264",32.53172034,1.45121771990419,1.4152705551492,1.86617854884642,3.86916929311874,0.999920118073237
"4265",32.53935152,1.45104333711408,1.4149958154633,1.86513326950084,3.86734642727949,0.999919508969486
"4266",32.5469827,1.45086837412848,1.41472030925064,1.86408594777824,3.86551950118447,0.999918895200255
"4267",32.55461388,1.45069282932422,1.41444403509042,1.86303658350456,3.86368851190744,0.999918276729765
"4268",32.56224506,1.45051670107579,1.41416699156302,1.86198517652136,3.86185345654777,0.999917653522007
"4269",32.56987624,1.45033998775535,1.4138891772502,1.86093172668841,3.86001433223366,0.999917025540713
"4270",32.57750742,1.45016268773271,1.41361059073551,1.85987623388663,3.85817113612624,0.999916392749325
"4271",32.5851386,1.44998479937538,1.41333123060457,1.85881869802105,3.85632386542328,0.999915755110954
"4272",32.59276978,1.44980632104858,1.4130510954438,1.8577591190083,3.85447251734323,0.999915112588525
"4273",32.60040096,1.44962725111524,1.41277018384227,1.85669749679377,3.8526170891475,0.999914465144578
"4274",32.60803214,1.44944758793602,1.41248849439001,1.85563383133576,3.85075757811992,0.999913812741449
"4275",32.61566332,1.44926732986932,1.41220602567922,1.85456812261663,3.84889398158133,0.999913155341141
"4276",32.6232945,1.44908647527132,1.41192277630395,1.85350037063902,3.84702629688487,0.999912492905363
"4277",32.63092568,1.44890502249594,1.41163874485978,1.85243057542341,3.84515452141271,0.99991182539556
"4278",32.63855686,1.44872296989492,1.41135392994434,1.85135873701217,3.8432786525815,0.999911152772865
"4279",32.64618804,1.44854031581779,1.41106833015725,1.85028485546911,3.84139868784189,0.999910474998098
"4280",32.65381922,1.4483570586119,1.41078194409993,1.84920893087703,3.8395146246754,0.999909792031799
"4281",32.6614504,1.44817319662244,1.41049477037572,1.84813096333947,3.83762646059673,0.999909103834201
"4282",32.66908158,1.44798872819245,1.41020680758984,1.84705095297896,3.83573419315168,0.99990841036525
"4283",32.67671276,1.44780365166281,1.40991805434985,1.84596889994232,3.833837819924,0.999907711584547
"4284",32.68434394,1.44761796537233,1.40962850926518,1.84488480439463,3.83193733852779,0.999907007451407
"4285",32.69197512,1.44743166765767,1.40933817094732,1.84379866652228,3.83003274661141,0.99990629792483
"4286",32.6996063,1.44724475685344,1.40904703800989,1.84271048653205,3.82812404185649,0.999905582963506
"4287",32.70723748,1.44705723129215,1.40875510906868,1.84162026465222,3.82621122197933,0.9999048625258
"4288",32.71486866,1.44686908930429,1.40846238274163,1.84052800113158,3.82429428472981,0.999904136569765
"4289",32.72249984,1.44668032921827,1.40816885764888,1.83943369623988,3.82237322789202,0.999903405053134
"4290",32.73013102,1.44649094936052,1.40787453241271,1.83833735026681,3.8204480492831,0.999902667933327
"4291",32.7377622,1.44630094805545,1.40757940565814,1.83723896352784,3.81851874676076,0.999901925167383
"4292",32.74539338,1.44611032362548,1.40728347601189,1.83613853635362,3.81658531820972,0.999901176712084
"4293",32.75302456,1.44591907439106,1.40698674210336,1.83503606909939,3.81464776155401,0.999900422523841
"4294",32.76065574,1.44572719867072,1.40668920256421,1.83393156214057,3.81270607475131,0.999899662558743
"4295",32.76828692,1.44553469478101,1.40639085602855,1.83282501587424,3.81076025579494,0.999898896772541
"4296",32.7759181,1.44534156103659,1.40609170113311,1.83171643072068,3.80881030271607,0.999898125120623
"4297",32.78354928,1.44514779575024,1.40579173651667,1.83060580711773,3.80685621357629,0.999897347558084
"4298",32.79118046,1.44495339723281,1.40549096082079,1.82949314552718,3.80489798647614,0.999896564039646
"4299",32.79881164,1.44475836379335,1.40518937268973,1.82837844643381,3.80293561955396,0.999895774519665
"4300",32.80644282,1.44456269373902,1.4048869707698,1.82726171033951,3.80096911097826,0.999894978952203
"4301",32.814074,1.44436638537519,1.40458375371061,1.82614293777377,3.79899845896157,0.999894177290899
"4302",32.82170518,1.44416943700539,1.40427972016393,1.8250221292835,3.79702366174718,0.999893369489088
"4303",32.82933636,1.44397184693141,1.40397486878419,1.82389928543777,3.79504471761535,0.999892555499744
"4304",32.83696754,1.44377361345323,1.40366919822865,1.82277440682806,3.79306162488391,0.999891735275474
"4305",32.84459872,1.44357473486912,1.40336270715756,1.82164749406996,3.79107438191056,0.999890908768493
"4306",32.8522299,1.4433752094756,1.4030553942336,1.82051854779819,3.78908298708619,0.999890075930687
"4307",32.85986108,1.44317503556749,1.40274725812228,1.81938756866953,3.78708743883911,0.999889236713571
"4308",32.86749226,1.44297421143792,1.40243829749219,1.81825455736455,3.78508773563734,0.999888391068267
"4309",32.87512344,1.44277273537837,1.40212851101464,1.81711951458496,3.78308387598509,0.999887538945535
"4310",32.88275462,1.44257060567865,1.40181789736378,1.81598244105368,3.78107585842309,0.999886680295771
"4311",32.8903858,1.44236782062695,1.40150645521685,1.81484333751715,3.77906368153164,0.999885815068971
"4312",32.89801698,1.44216437850988,1.40119418325422,1.81370220474526,3.77704734393071,0.999884943214735
"4313",32.90564816,1.44196027761244,1.40088108015877,1.81255904352582,3.77502684427263,0.999884064682334
"4314",32.91327934,1.44175551621806,1.40056714461708,1.81141385467442,3.77300218125526,0.999883179420578
"4315",32.92091052,1.44155009260867,1.40025237531839,1.81026663902549,3.77097335361028,0.999882287377932
"4316",32.9285417,1.44134400506463,1.39993677095511,1.80911739743625,3.76894036010848,0.999881388502461
"4317",32.93617288,1.44113725186483,1.39962033022291,1.80796613078709,3.76690319956039,0.999880482741825
"4318",32.94380406,1.4409298312867,1.39930305182077,1.80681283998202,3.76486187081695,0.999879570043268
"4319",32.95143524,1.44072174160617,1.39898493445049,1.805657525944,3.76281637276343,0.999878650353676
"4320",32.95906642,1.44051298109778,1.39866597681772,1.804500189624,3.76076670433146,0.99987772361946
"4321",32.9666976,1.44030354803464,1.39834617763106,1.80334083199194,3.75871286448734,0.999876789786668
"4322",32.97432878,1.44009344068849,1.3980255356024,1.80217945404046,3.75665485223684,0.999875848800935
"4323",32.98195996,1.43988265732968,1.39770404944709,1.8010160567856,3.7545926666264,0.999874900607471
"4324",32.98959114,1.43967119622725,1.39738171788409,1.79985064126781,3.7525263067445,0.999873945151046
"4325",32.99722232,1.4394590556489,1.39705853963538,1.79868320854672,3.75045577171486,0.999872982376054
"4326",33.0048535,1.43924623386105,1.39673451342695,1.79751375970932,3.74838106070733,0.999872012226404
"4327",33.01248468,1.43903272912884,1.39640963798785,1.79634229586178,3.74630217292713,0.999871034645628
"4328",33.02011586,1.43881853971617,1.39608391205107,1.79516881813625,3.74421910762408,0.999870049576781
"4329",33.02774704,1.43860366388572,1.39575733435285,1.79399332768481,3.74213186408458,0.999869056962526
"4330",33.03537822,1.43838809989897,1.39542990363338,1.7928158256858,3.74004044164006,0.999868056745044
"4331",33.0430094,1.43817184601623,1.39510161863614,1.79163631333693,3.73794483965811,0.999867048866121
"4332",33.05064058,1.43795490049666,1.39477247810883,1.79045479186371,3.73584505755356,0.999866033267037
"4333",33.05827176,1.43773726159828,1.39444248080247,1.78927126251097,3.73374109477752,0.999865009888671
"4334",33.06590294,1.43751892757804,1.3941116254719,1.78808572654728,3.73163295082319,0.999863978671445
"4335",33.07353412,1.4372998966918,1.39377991087605,1.78689818526669,3.72952062522834,0.999862939555294
"4336",33.0811653,1.43708016719438,1.39344733577738,1.78570863998379,3.72740411756886,0.999861892479729
"4337",33.08879648,1.43685973733957,1.39311389894268,1.78451709204005,3.72528342746731,0.999860837383748
"4338",33.09642766,1.43663860538017,1.392779599142,1.78332354279491,3.72315855458105,0.999859774205959
"4339",33.10405884,1.436416769568,1.39244443515002,1.7821279936367,3.72102949861697,0.999858702884423
"4340",33.11169002,1.43619422815396,1.39210840574514,1.78093044597438,3.71889625932065,0.999857623356762
"4341",33.1193212,1.435970979388,1.39177150970983,1.7797309012412,3.71675883648119,0.999856535560114
"4342",33.12695238,1.43574702151921,1.39143374583047,1.77852936089196,3.71461722992777,0.999855439431159
"4343",33.13458356,1.4355223527958,1.39109511289794,1.77732582640849,3.71247143953702,0.999854334906043
"4344",33.14221474,1.43529697146515,1.39075560970691,1.77612029929291,3.71032146522415,0.999853221920471
"4345",33.14984592,1.43507087577382,1.39041523505642,1.7749127810725,3.7081673069495,0.999852100409632
"4346",33.1574771,1.43484406396761,1.39007398774976,1.77370327329825,3.70600896471677,0.999850970308218
"4347",33.16510828,1.43461653429154,1.38973186659459,1.7724917775456,3.70384643857407,0.999849831550409
"4348",33.17273946,1.43438828498993,1.38938887040256,1.77127829541106,3.70167972860954,0.999848684069917
"4349",33.18037064,1.43415931430639,1.38904499798992,1.77006282851685,3.69950883495768,0.99984752779992
"4350",33.18800182,1.43392962048386,1.38870024817719,1.76884537850799,3.69733375779539,0.999846362673097
"4351",33.195633,1.43369920176465,1.38835461978948,1.76762594705452,3.6951544973453,0.999845188621592
"4352",33.20326418,1.43346805639044,1.38800811165625,1.76640453584962,3.69297105387316,0.99984400557704
"4353",33.21089536,1.43323618260234,1.38766072261154,1.76518114661056,3.69078342768934,0.999842813470548
"4354",33.21852654,1.43300357864092,1.38731245149364,1.76395578107624,3.68859161914553,0.999841612232729
"4355",33.22615772,1.43277024274619,1.38696329714585,1.76272844101304,3.68639562864273,0.999840401793609
"4356",33.2337889,1.43253617315771,1.38661325841585,1.76149912820889,3.6841954566235,0.999839182082715
"4357",33.24142008,1.43230136811454,1.38626233415605,1.76026784447665,3.68199110357642,0.999837953029019
"4358",33.24905126,1.43206582585533,1.38591052322349,1.75903459165233,3.67978257003395,0.99983671456096
"4359",33.25668244,1.43182954461832,1.38555782447997,1.75779937159605,3.67756985657373,0.999835466606426
"4360",33.26431362,1.43159252264136,1.38520423679209,1.75656218619217,3.67535296381892,0.99983420909275
"4361",33.2719448,1.43135475816198,1.38484975903148,1.75532303735082,3.67313189244036,0.999832941946684
"4362",33.27957598,1.4311162494174,1.38449439007419,1.75408192700271,3.67090664314962,0.999831665094468
"4363",33.28720716,1.43087699464454,1.38413812880142,1.75283885710433,3.66867721670624,0.99983037846175
"4364",33.29483834,1.4306369920801,1.38378097409934,1.75159382963691,3.66644361391625,0.999829081973603
"4365",33.30246952,1.43039623996053,1.38342292485913,1.75034684660572,3.6642058356315,0.999827775554524
"4366",33.3101007,1.43015473652212,1.38306397997668,1.74909791003793,3.66196388274686,0.999826459128463
"4367",33.31773188,1.429912480001,1.38270413835327,1.74784702198736,3.65971775620661,0.999825132618753
"4368",33.32536306,1.42966946863319,1.38234339889511,1.74659418453088,3.65746745699978,0.999823795948154
"4369",33.33299424,1.42942570065459,1.38198176051371,1.74533939977053,3.65521298616309,0.999822449038821
"4370",33.34062542,1.42918117430108,1.38161922212543,1.74408266983002,3.65295434477649,0.999821091812348
"4371",33.3482566,1.42893588780851,1.38125578265207,1.74282399685943,3.65069153396921,0.999819724189697
"4372",33.35588778,1.42868983941273,1.38089144102085,1.74156338303372,3.64842455491838,0.999818346091214
"4373",33.36351896,1.42844302734965,1.38052619616404,1.74030083055064,3.64615340884579,0.999816957436657
"4374",33.37115014,1.42819544985523,1.38016004701919,1.73903634163125,3.64387809701926,0.999815558145182
"4375",33.37878132,1.42794710516558,1.37979299252934,1.73776991852242,3.64159862075548,0.999814148135303
"4376",33.3864125,1.42769799151694,1.37942503164293,1.73650156349457,3.63931498141767,0.999812727324918
"4377",33.39404368,1.42744810714571,1.37905616331407,1.73523127884438,3.63702718041889,0.99981129563127
"4378",33.40167486,1.42719745028855,1.37868638650181,1.73395906688826,3.63473521921367,0.999809852971033
"4379",33.40930604,1.42694601918233,1.37831570017139,1.73268492997223,3.63243909931118,0.999808399260162
"4380",33.41693722,1.42669381206423,1.37794410329316,1.73140887046244,3.63013882226284,0.999806934414034
"4381",33.4245684,1.42644082717173,1.37757159484329,1.73013089075163,3.62783438967071,0.999805458347341
"4382",33.43219958,1.42618706274269,1.37719817380364,1.72885099325671,3.6255258031848,0.999803970974122
"4383",33.43983076,1.42593251701534,1.37682383916161,1.72756918041753,3.62321306450125,0.99980247220778
"4384",33.44746194,1.42567718822835,1.37644858991031,1.72628545469838,3.62089617536445,0.999800961961053
"4385",33.45509312,1.42542107462085,1.37607242504888,1.72499981858947,3.61857513756939,0.999799440145984
"4386",33.4627243,1.42516417443247,1.37569534358224,1.72371227460514,3.616249952959,0.999797906673946
"4387",33.47035548,1.42490648590338,1.3753173445208,1.72242282528127,3.613920623421,0.999796361455675
"4388",33.47798666,1.42464800727432,1.37493842688127,1.72113147318116,3.61158715089592,0.999794804401177
"4389",33.48561784,1.42438873678664,1.37455858968619,1.71983822089135,3.60924953737145,0.999793235419783
"4390",33.49324902,1.42412867268235,1.37417783196402,1.71854307102233,3.60690778488365,0.999791654420136
"4391",33.5008802,1.42386781320413,1.37379615274938,1.7172460262099,3.60456189551889,0.999790061310162
"4392",33.50851138,1.42360615659538,1.37341355108262,1.71594708911184,3.60221187140922,0.999788455997121
"4393",33.51614256,1.42334370110029,1.3730300260107,1.71464626241386,3.59985771474082,0.999786838387504
"4394",33.52377374,1.42308044496382,1.37264557658622,1.71334354882209,3.5974994277438,0.999785208387147
"4395",33.53140492,1.42281638643178,1.37226020186826,1.71203895106946,3.59513701270099,0.999783565901123
"4396",33.5390361,1.42255152375085,1.37187390092216,1.71073247191306,3.59277047194443,0.999781910833783
"4397",33.54666728,1.42228585516865,1.37148667281947,1.70942411413427,3.59039980785569,0.999780243088744
"4398",33.55429846,1.42201937893372,1.37109851663771,1.70811388053596,3.5880250228621,0.999778562568928
"4399",33.56192964,1.42175209329562,1.37070943146134,1.70680177394951,3.58564611944658,0.999776869176446
"4400",33.56956082,1.42148399650494,1.37031941638077,1.70548779722752,3.58326310013765,0.999775162812709
"4401",33.577192,1.42121508681332,1.36992847049311,1.70417195324894,3.58087596751653,0.999773443378336
"4402",33.58482318,1.42094536247355,1.3695365929016,1.70285424491409,3.57848472421063,0.999771710773233
"4403",33.59245436,1.42067482173955,1.36914378271644,1.70153467515097,3.57608937290205,0.999769964896484
"4404",33.60008554,1.42040346286645,1.36875003905414,1.70021324691032,3.57368991632104,0.999768205646422
"4405",33.60771672,1.4201312841106,1.36835536103757,1.6988899631646,3.57128635724486,0.999766432920641
"4406",33.6153479,1.41985828372963,1.36795974779667,1.69756482691449,3.56887869850643,0.999764646615888
"4407",33.62297908,1.41958445998251,1.36756319846788,1.6962378411829,3.56646694298659,0.999762846628147
"4408",33.63061026,1.41930981112954,1.36716571219419,1.69490900901609,3.56405109361555,0.999761032852619
"4409",33.63824144,1.41903433543242,1.36676728812572,1.69357833348677,3.5616311533773,0.999759205183665
"4410",33.64587262,1.41875803115433,1.36636792541912,1.69224581769028,3.55920712530443,0.999757363514861
"4411",33.6535038,1.4184808965599,1.36596762323774,1.69091146474462,3.55677901247837,0.999755507738991
"4412",33.66113498,1.4182029299153,1.36556638075207,1.68957527779402,3.55434681803434,0.999753637747982
"4413",33.66876616,1.41792412948826,1.36516419713959,1.68823726000705,3.55191054515883,0.99975175343293
"4414",33.67639734,1.41764449354814,1.36476107158449,1.68689741457461,3.54947019708704,0.99974985468412
"4415",33.68402852,1.41736402036595,1.36435700327813,1.68555574471296,3.54702577710703,0.999747941390981
"4416",33.6916597,1.41708270821439,1.36395199141872,1.68421225366055,3.54457728855563,0.999746013442119
"4417",33.69929088,1.41680055536792,1.36354603521182,1.68286694468213,3.542124734824,0.999744070725251
"4418",33.70692206,1.41651756010277,1.36313913386993,1.68151982106476,3.53966811935241,0.99974211312726
"4419",33.71455324,1.41623372069701,1.36273128661284,1.68017088612049,3.53720744563397,0.999740140534143
"4420",33.72218442,1.41594903543059,1.36232249266737,1.67882014318375,3.53474271721117,0.99973815283105
"4421",33.7298156,1.41566350258536,1.36191275126772,1.67746759561408,3.5322739376797,0.999736149902231
"4422",33.73744678,1.41537712044515,1.36150206165543,1.67611324679494,3.52980111068693,0.999734131631046
"4423",33.74507796,1.41508988729581,1.36109042307922,1.67475710013265,3.52732423993062,0.999732097899978
"4424",33.75270914,1.41480180142523,1.36067783479524,1.67339915905765,3.5248433291607,0.999730048590603
"4425",33.76034032,1.41451286112339,1.36026429606705,1.67203942702428,3.52235838217906,0.999727983583588
"4426",33.7679715,1.41422306468243,1.35984980616569,1.67067790751064,3.51986940283951,0.999725902758683
"4427",33.77560268,1.41393241039669,1.35943436436968,1.66931460401846,3.51737639504765,0.99972380599472
"4428",33.78323386,1.41364089656272,1.35901796996513,1.66794952007346,3.51487936276161,0.999721693169592
"4429",33.79086504,1.41334852147938,1.35860062224546,1.66658265922319,3.51237830998895,0.999719564160293
"4430",33.79849622,1.41305528344785,1.35818232051196,1.66521402504045,3.50987324079171,0.999717418842839
"4431",33.8061274,1.41276118077169,1.35776306407359,1.66384362112177,3.50736415928426,0.999715257092298
"4432",33.81375858,1.41246621175689,1.35734285224676,1.66247145108546,3.50485106963082,0.999713078782807
"4433",33.82138976,1.41217037471188,1.35692168435598,1.66109751857589,3.50233397605135,0.999710883787493
"4434",33.82902094,1.41187366794766,1.35649955973302,1.65972182725724,3.49981288281312,0.999708671978576
"4435",33.83665212,1.41157608977776,1.35607647771813,1.65834438082145,3.49728779424187,0.999706443227218
"4436",33.8442833,1.41127763851833,1.35565243765866,1.65696518297859,3.49475871470844,0.999704197403684
"4437",33.85191448,1.41097831248819,1.35522743891047,1.65558423746678,3.49222564864261,0.999701934377165
"4438",33.85954566,1.41067811000888,1.35480148083714,1.65420154804541,3.48968860052393,0.99969965401588
"4439",33.86717684,1.41037702940468,1.35437456280991,1.65281711849472,3.48714757488126,0.999697356187081
"4440",33.87480802,1.41007506900269,1.35394668420862,1.65143095262263,3.48460257630213,0.999695040756923
"4441",33.8824392,1.40977222713286,1.35351784442083,1.65004305425762,3.48205360942323,0.99969270759058
"4442",33.89007038,1.40946850212807,1.35308804284196,1.64865342724951,3.47950067893139,0.999690356552223
"4443",33.89770156,1.40916389232412,1.35265727887611,1.64726207547509,3.4769437895716,0.999687987504911
"4444",33.90533274,1.40885839605985,1.35222555193519,1.64586900283149,3.47438294613793,0.999685600310701
"4445",33.91296392,1.40855201167715,1.35179286143919,1.64447421323772,3.47181815347568,0.99968319483061
"4446",33.9205951,1.40824473752099,1.35135920681682,1.64307771063889,3.46924941648746,0.999680770924532
"4447",33.92822628,1.40793657193953,1.3509245875047,1.64167949900065,3.46667674012539,0.999678328451329
"4448",33.93585746,1.40762751328412,1.35048900294783,1.64027958231116,3.46410012939418,0.999675867268782
"4449",33.94348864,1.40731755990937,1.3500524525996,1.63887796458169,3.46151958935188,0.999673387233579
"4450",33.95111982,1.40700671017321,1.34961493592189,1.63747464984671,3.45893512511015,0.999670888201295
"4451",33.958751,1.40669496243693,1.34917645238498,1.63606964216291,3.45634674183304,0.999668370026407
"4452",33.96638218,1.40638231506521,1.34873700146767,1.63466294560968,3.45375444473768,0.999665832562272
"4453",33.97401336,1.40606876642622,1.34829658265702,1.63325456428694,3.45115823909153,0.999663275661158
"4454",33.98164454,1.40575431489164,1.34785519544904,1.63184450231992,3.4485581302189,0.999660699174149
"4455",33.98927572,1.40543895883671,1.34741283934812,1.63043276385433,3.4459541234945,0.999658102951219
"4456",33.9969069,1.40512269664029,1.34696951386736,1.62901935305878,3.44334622434684,0.999655486841181
"4457",34.00453808,1.40480552668494,1.34652521852827,1.62760427412231,3.44073443825491,0.999652850691724
"4458",34.01216926,1.4044874473569,1.34607995286159,1.62618753125945,3.4381187707553,0.999650194349306
"4459",34.01980044,1.40416845704624,1.34563371640628,1.6247691287032,3.43549922743258,0.999647517659273
"4460",34.02743162,1.40384855414681,1.34518650871058,1.62334907071186,3.43287581392883,0.999644820465727
"4461",34.0350628,1.4035277370564,1.34473832933092,1.62192736156125,3.43024853593296,0.999642102611657
"4462",34.04269398,1.40320600417671,1.34428917783342,1.62050400555487,3.42761739919494,0.999639363938738
"4463",34.05032516,1.40288335391342,1.34383905379236,1.61907900701256,3.42498240951012,0.999636604287535
"4464",34.05795634,1.40255978467629,1.34338795679124,1.617652370278,3.42234357272975,0.999633823497352
"4465",34.06558752,1.40223529487916,1.34293588642278,1.61622409971811,3.41970089476023,0.999631021406229
"4466",34.0732187,1.40190988294004,1.34248284228822,1.61479419971806,3.41705438155634,0.999628197851029
"4467",34.08084988,1.40158354728113,1.34202882399836,1.61336267468762,3.41440403913005,0.999625352667304
"4468",34.08848106,1.40125628632893,1.34157383117262,1.61192952905512,3.41174987354229,0.999622485689403
"4469",34.09611224,1.40092809851424,1.34111786343988,1.61049476727243,3.40909189090997,0.99961959675036
"4470",34.10374342,1.40059898227222,1.34066092043801,1.60905839381137,3.40643009740106,0.999616685681956
"4471",34.1113746,1.40026893604251,1.34020300181412,1.60762041316519,3.40376449923678,0.999613752314679
"4472",34.11900578,1.39993795826919,1.33974410722466,1.60618082984892,3.40109510269212,0.999610796477702
"4473",34.12663696,1.3996060474009,1.33928423633523,1.60473964839806,3.39842191409409,0.999607817998902
"4474",34.13426814,1.39927320189091,1.33882338882061,1.60329687336766,3.39574493982076,0.99960481670486
"4475",34.14189932,1.39893942019709,1.33836156436518,1.60185250933586,3.39306418630587,0.99960179242079
"4476",34.1495305,1.39860470078207,1.33789876266263,1.60040656090068,3.39037966003488,0.999598744970578
"4477",34.15716168,1.39826904211323,1.33743498341593,1.59895903268007,3.38769136754482,0.999595674176777
"4478",34.16479286,1.39793244266279,1.33697022633754,1.59750992931281,3.38499931542586,0.999592579860577
"4479",34.17242404,1.39759490090783,1.33650449114958,1.59605925545931,3.3823035103223,0.999589461841772
"4480",34.18005522,1.39725641533039,1.33603777758351,1.59460701579928,3.37960395892957,0.9995863199388
"4481",34.1876864,1.39691698441751,1.33557008538024,1.59315321503178,3.37690066799438,0.999583153968724
"4482",34.19531758,1.39657660666128,1.33510141429061,1.59169785787847,3.37419364431924,0.999579963747161
"4483",34.20294876,1.3962352805589,1.33463176407476,1.59024094907924,3.37148289475654,0.999576749088348
"4484",34.21057994,1.39589300461275,1.33416113450258,1.58878249339418,3.36876842621138,0.999573509805101
"4485",34.21821112,1.39554977733045,1.33368952535381,1.58732249560462,3.36605024564308,0.999570245708771
"4486",34.2258423,1.39520559722489,1.33321693641767,1.58586096051009,3.36332836006101,0.999566956609298
"4487",34.23347348,1.39486046281431,1.33274336749338,1.58439789293122,3.3606027765288,0.999563642315138
"4488",34.24110466,1.39451437262238,1.33226881838957,1.58293329770602,3.35787350215916,0.999560302633325
"4489",34.24873584,1.39416732517822,1.33179328892518,1.58146717969508,3.35514054412123,0.999556937369354
"4490",34.25636702,1.39381931901646,1.33131677892869,1.57999954377641,3.35240390963347,0.999553546327268
"4491",34.2639982,1.39347035267734,1.33083928823856,1.57853039484768,3.349663605967,0.999550129309604
"4492",34.27162938,1.39312042470674,1.33036081670312,1.57705973782564,3.34691964044464,0.999546686117389
"4493",34.27926056,1.39276953365622,1.32988136418076,1.57558757764682,3.34417202044209,0.99954321655011
"4494",34.28689174,1.39241767808315,1.32940093053969,1.57411391926564,3.34142075338543,0.999539720405743
"4495",34.29452292,1.39206485655067,1.32891951565833,1.57263876765663,3.33866584675421,0.999536197480692
"4496",34.3021541,1.39171106762784,1.32843711942516,1.57116212781316,3.33590730807979,0.999532647569797
"4497",34.30978528,1.39135630988966,1.3279537417385,1.56968400474562,3.33314514494289,0.999529070466365
"4498",34.31741646,1.39100058191713,1.32746938250701,1.56820440348469,3.33037936497824,0.999525465962081
"4499",34.32504764,1.39064388229732,1.32698404164949,1.56672332907912,3.32760997587154,0.999521833847044
"4500",34.33267882,1.39028620962341,1.32649771909471,1.56524078659482,3.32483698535828,0.999518173909768
"4501",34.34031,1.38992756249479,1.32601041478187,1.56375678111753,3.32206040122752,0.999514485937115
"4502",34.34794118,1.38956793951709,1.32552212866034,1.56227131775043,3.31928023131868,0.99951076971433
"4503",34.35557236,1.38920733930226,1.32503286068972,1.56078440161451,3.3164964835221,0.999507025025014
"4504",34.36320354,1.38884576046861,1.32454261083999,1.55929603784922,3.31370916578003,0.9995032516511
"4505",34.37083472,1.38848320164089,1.3240513790913,1.55780623161076,3.31091828608435,0.999499449372871
"4506",34.3784659,1.38811966145035,1.32355916543437,1.55631498807425,3.30812385247957,0.999495617968902
"4507",34.38609708,1.38775513853478,1.32306596987026,1.55482231243219,3.30532587306092,0.999491757216074
"4508",34.39372826,1.38738963153862,1.32257179241023,1.55332820989291,3.30252435597211,0.999487866889591
"4509",34.40135944,1.38702313911297,1.32207663307624,1.55183268568382,3.29971930941003,0.9994839467629
"4510",34.40899062,1.38665565991569,1.3215804919007,1.55033574504925,3.29691074162174,0.999479996607716
"4511",34.4166218,1.38628719261142,1.32108336892625,1.54883739324883,3.29409866090235,0.999476016194041
"4512",34.42425298,1.38591773587171,1.32058526420649,1.54733763556186,3.29128307560119,0.999472005290059
"4513",34.43188416,1.38554728837503,1.32008617780533,1.54583647728286,3.28846399411554,0.99946796366221
"4514",34.43951534,1.38517584880682,1.31958610979706,1.54433392372164,3.28564142489097,0.999463891075175
"4515",34.44714652,1.38480341585962,1.31908506026717,1.54282998020843,3.28281537642848,0.99945978729175
"4516",34.4547777,1.38442998823307,1.31858302931115,1.54132465208555,3.27998585727292,0.999455652073004
"4517",34.46240888,1.384055564634,1.31808001703556,1.53981794471431,3.27715287602276,0.999451485178121
"4518",34.47004006,1.3836801437765,1.31757602355759,1.53830986347182,3.27431644132563,0.999447286364443
"4519",34.47767124,1.38330372438196,1.31707104900494,1.53680041374963,3.2714765618766,0.999443055387491
"4520",34.48530242,1.38292630517915,1.31656509351636,1.53528960095735,3.26863324642309,0.999438792000863
"4521",34.4929336,1.38254788490431,1.31605815724123,1.5337774305192,3.26578650376038,0.999434495956296
"4522",34.50056478,1.38216846230114,1.31555024033961,1.53226390787443,3.26293634273203,0.999430167003638
"4523",34.50819596,1.38178803612094,1.31504134298265,1.53074903847952,3.26008277223314,0.999425804890779
"4524",34.51582714,1.38140660512265,1.31453146535205,1.52923282780408,3.25722580120468,0.999421409363731
"4525",34.52345832,1.38102416807289,1.31402060764051,1.52771528133405,3.25436543863797,0.999416980166529
"4526",34.5310895,1.38064072374606,1.31350877005179,1.52619640457131,3.25150169357426,0.999412517041233
"4527",34.53872068,1.38025627092438,1.31299595280023,1.52467620303053,3.24863457510032,0.999408019727969
"4528",34.54635186,1.37987080839795,1.31248215611143,1.52315468224308,3.24576409235398,0.999403487964834
"4529",34.55398304,1.37948433496487,1.31196738022177,1.52163184775395,3.24289025451993,0.999398921487938
"4530",34.56161422,1.37909684943122,1.31145162537868,1.52010770512285,3.24001307083123,0.999394320031363
"4531",34.5692454,1.3787083506112,1.31093489184056,1.51858225992351,3.23713255056852,0.999389683327164
"4532",34.57687658,1.37831883732714,1.31041717987684,1.5170555177441,3.23424870306048,0.999385011105335
"4533",34.58450776,1.3779283084096,1.30989848976814,1.51552748418722,3.23136153768409,0.999380303093792
"4534",34.59213894,1.37753676269743,1.30937882180605,1.5139981648691,3.22847106386329,0.999375559018375
"4535",34.59977012,1.37714419903782,1.30885817629312,1.51246756541869,3.22557729106805,0.999370778602844
"4536",34.6074013,1.37675061628639,1.30833655354327,1.51093569148,3.22268022881749,0.999365961568811
"4537",34.61503248,1.37635601330722,1.30781395388129,1.50940254870896,3.21977988667557,0.99936110763579
"4538",34.62266366,1.37596038897297,1.30729037764349,1.50786814277685,3.2168762742561,0.999356216521096
"4539",34.63029484,1.37556374216488,1.30676582517714,1.50633247936687,3.21396940121776,0.999351287939907
"4540",34.63792602,1.37516607177288,1.30624029684047,1.5047955641735,3.21105927726339,0.99934632160526
"4541",34.6455572,1.37476737669566,1.30571379300336,1.50325740290694,3.20814591214616,0.999341317227924
"4542",34.65318838,1.3743676558407,1.3051863140467,1.50171800128841,3.20522931566322,0.999336274516488
"4543",34.66081956,1.37396690812438,1.30465786036273,1.50017736505249,3.20230949765876,0.999331193177293
"4544",34.66845074,1.37356513247201,1.30412843235477,1.49863549994459,3.1993864680207,0.999326072914463
"4545",34.67608192,1.3731623278179,1.30359803043765,1.4970924117238,3.19646023668472,0.999320913429817
"4546",34.6837131,1.37275849310546,1.3030666550374,1.49554810616055,3.19353081363092,0.99931571442291
"4547",34.69134428,1.37235362728723,1.30253430659131,1.49400258903668,3.19059820888398,0.999310475591002
"4548",34.69897546,1.37194772932496,1.30200098554814,1.49245586614659,3.18766243251492,0.999305196629015
"4549",34.70660664,1.37154079818969,1.30146669236806,1.4909079432963,3.18472349463975,0.999299877229527
"4550",34.71423782,1.37113283286178,1.30093142752225,1.48935882630122,3.18178140541629,0.999294517082814
"4551",34.721869,1.37072383233101,1.30039519149382,1.48780852099116,3.17883617505141,0.999289115876696
"4552",34.72950018,1.37031379559664,1.29985798477671,1.48625703320319,3.17588781379097,0.999283673296694
"4553",34.73713136,1.36990272166748,1.29931980787675,1.48470436878852,3.17293633192939,0.99927818902584
"4554",34.74476254,1.36949060956193,1.29878066131087,1.48315053360664,3.16998173980175,0.999272662744793
"4555",34.75239372,1.36907745830808,1.29824054560769,1.48159553352929,3.16702404778905,0.999267094131728
"4556",34.7600249,1.36866326694376,1.29769946130714,1.48003937443739,3.16406326631422,0.999261482862375
"4557",34.76765608,1.36824803451661,1.2971574089606,1.4784820622221,3.16109940584347,0.999255828609984
"4558",34.77528726,1.36783176008415,1.29661438913105,1.47692360278515,3.15813247688683,0.999250131045283
"4559",34.78291844,1.36741444271385,1.29607040239284,1.4753640020373,3.15516248999603,0.999244389836498
"4560",34.79054962,1.36699608148319,1.29552544933186,1.47380326589905,3.15218945576557,0.999238604649309
"4561",34.7981808,1.3665766754797,1.29497953054558,1.47224140030083,3.14921338483288,0.999232775146823
"4562",34.80581198,1.3661562238011,1.29443264664308,1.47067841118274,3.14623428787814,0.999226900989554
"4563",34.81344316,1.36573472555529,1.29388479824458,1.46911430449167,3.14325217562008,0.999220981835477
"4564",34.82107434,1.36531217986047,1.29333598598231,1.46754908618605,3.14026705882288,0.999215017339875
"4565",34.82870552,1.36488858584517,1.29278621049991,1.46598276223205,3.13727894829076,0.999209007155418
"4566",34.8363367,1.36446394264835,1.29223547245237,1.46441533860328,3.13428785486749,0.999202950932141
"4567",34.84396788,1.36403824941945,1.29168377250655,1.46284682128333,3.13129378944009,0.999196848317356
"4568",34.85159906,1.36361150531843,1.29113111134083,1.4612772162635,3.1282967629357,0.999190698955686
"4569",34.85923024,1.36318370951589,1.29057748964493,1.45970652954169,3.1252967863199,0.999184502489066
"4570",34.86686142,1.36275486119313,1.29002290812053,1.45813476712572,3.12229387060147,0.999178258556631
"4571",34.8744926,1.36232495954215,1.28946736748061,1.45656193502903,3.1192880268264,0.999171966794807
"4572",34.88212378,1.36189400376581,1.28891086845003,1.4549880392743,3.11627926608292,0.999165626837181
"4573",34.88975496,1.36146199307783,1.28835341176511,1.45341308589012,3.11326759949691,0.999159238314571
"4574",34.89738614,1.36102892670289,1.28779499817369,1.45183708091195,3.11025303823313,0.99915280085497
"4575",34.90501732,1.36059480387668,1.28723562843543,1.45026003038291,3.10723559349647,0.9991463140835
"4576",34.9126485,1.36015962384598,1.2866753033216,1.4486819403527,3.10421527653043,0.99913977762241
"4577",34.92027968,1.35972338586872,1.28611402361508,1.44710281687724,3.1011920986166,0.999133191091063
"4578",34.92791086,1.35928608921404,1.2855517901102,1.44552266601779,3.09816607107333,0.999126554105929
"4579",34.93554204,1.35884773316238,1.28498860361319,1.44394149384283,3.0951372052586,0.999119866280511
"4580",34.94317322,1.35840831700552,1.28442446494189,1.44235930642686,3.09210551256813,0.999113127225343
"4581",34.9508044,1.35796784004665,1.28385937492574,1.44077610984944,3.08907100443417,0.999106336547994
"4582",34.95843558,1.35752630160048,1.28329333440567,1.43919191019484,3.08603369232488,0.999099493853046
"4583",34.96606676,1.35708370099322,1.28272634423449,1.43760671355392,3.08299358774711,0.999092598742016
"4584",34.97369794,1.35664003756274,1.28215840527659,1.43602052602207,3.07995070224347,0.999085650813381
"4585",34.98132912,1.35619531065859,1.28158951840794,1.43443335369927,3.07690504739236,0.999078649662551
"4586",34.9889603,1.35574951964204,1.28101968451622,1.43284520269048,3.07385663480853,0.999071594881828
"4587",34.99659148,1.3553026638862,1.28044890450081,1.43125607910524,3.07080547614257,0.999064486060385
"4588",35.00422266,1.35485474277608,1.27987717927249,1.42966598905613,3.06775158307863,0.999057322784282
"4589",35.01185384,1.3544057557086,1.27930450975412,1.42807493866209,3.06469496733932,0.999050104636343
"4590",35.01948502,1.35395570209274,1.27873089687979,1.42648293404376,3.06163564067876,0.999042831196257
"4591",35.0271162,1.35350458134952,1.27815634159538,1.42488998132588,3.05857361488636,0.999035502040477
"4592",35.03474738,1.35305239291214,1.27758084485854,1.42329608663778,3.05550890178723,0.999028116742182
"4593",35.04237856,1.35259913622599,1.2770044076382,1.4217012561098,3.05244151323719,0.999020674871339
"4594",35.05000974,1.35214481074877,1.27642703091534,1.42010549587764,3.04937146112899,0.999013175994557
"4595",35.05764092,1.3516894159505,1.27584871568226,1.41850881207813,3.04629875738619,0.999005619675171
"4596",35.0652721,1.35123295131361,1.27526946294299,1.41691121085149,3.04322341396639,0.998998005473147
"4597",35.07290328,1.35077541633302,1.27468927371316,1.41531269833987,3.04014544285924,0.998990332945092
"4598",35.08053446,1.35031681051619,1.27410814901986,1.41371328068716,3.03706485608597,0.998982601644231
"4599",35.08816564,1.34985713338318,1.2735260899021,1.41211296404086,3.03398166570219,0.998974811120315
"4600",35.09579682,1.34939638446673,1.27294309741018,1.41051175454842,3.03089588379266,0.998966960919698
"4601",35.103428,1.34893456331231,1.27235917260611,1.40890965835959,3.0278075224745,0.998959050585235
"4602",35.11105918,1.3484716694782,1.27177431656338,1.4073066816251,3.02471659389535,0.99895107965629
"4603",35.11869036,1.34800770253554,1.2711885303671,1.40570283049681,3.02162311023367,0.998943047668694
"4604",35.12632154,1.3475426620684,1.27060181511388,1.40409811112739,3.01852708369806,0.998934954154726
"4605",35.13395272,1.34707654767385,1.27001417191209,1.40249252967131,3.01542852652885,0.998926798643046
"4606",35.1415839,1.34660935896204,1.2694256018812,1.40088609228092,3.01232745099237,0.998918580658777
"4607",35.14921508,1.3461410955562,1.26883610615259,1.39927880511122,3.00922386938769,0.998910299723336
"4608",35.15684626,1.34567175709278,1.26824568586894,1.39767067431587,3.00611779404104,0.998901955354506
"4609",35.16447744,1.34520134322149,1.26765434218449,1.39606170604882,3.00300923730801,0.998893547066365
"4610",35.17210862,1.34472985360533,1.2670620762649,1.39445190646307,2.99989821157179,0.998885074369282
"4611",35.1797398,1.34425728792069,1.26646888928739,1.39284128171169,2.99678472924454,0.998876536769851
"4612",35.18737098,1.34378364585741,1.26587478244038,1.39122983794526,2.99366880276373,0.998867933770934
"4613",35.19500216,1.34330892711883,1.26527975692402,1.38961758131504,2.99055044459675,0.998859264871529
"4614",35.20263334,1.34283313142187,1.26468381394978,1.38800451797033,2.98742966723689,0.998850529566817
"4615",35.21026452,1.34235625849706,1.26408695474043,1.3863906540583,2.98430648320324,0.998841727348122
"4616",35.2178957,1.34187830808864,1.26348918053014,1.38477599572435,2.98118090504108,0.998832857702877
"4617",35.22552688,1.34139927995462,1.26289049256457,1.38316054911275,2.97805294532274,0.998823920114554
"4618",35.23315806,1.3409191738668,1.26229089210066,1.38154432036481,2.97492261664509,0.998814914062694
"4619",35.24078924,1.34043798961088,1.26169038040652,1.3799273156188,2.97178993162914,0.998805839022862
"4620",35.24842042,1.3399557269865,1.26108895876178,1.37830954101126,2.96865490292212,0.998796694466581
"4621",35.2560516,1.33947238580732,1.26048662845723,1.37669100267519,2.96551754319467,0.998787479861336
"4622",35.26368278,1.33898796590103,1.25988339079505,1.37507170674098,2.96237786514222,0.998778194670522
"4623",35.27131396,1.33850246710949,1.25927924708842,1.37345165933428,2.95923588148184,0.998768838353457
"4624",35.27894514,1.33801588928872,1.25867419866191,1.3718308665782,2.95609160495541,0.998759410365288
"4625",35.28657632,1.33752823230901,1.25806824685143,1.37020933459244,2.95294504832826,0.998749910156968
"4626",35.2942075,1.33703949605494,1.25746139300361,1.3685870694904,2.94979622438497,0.998740337175316
"4627",35.30183868,1.33654968042548,1.25685363847679,1.36696407738398,2.94664514593633,0.99873069086282
"4628",35.30946986,1.33605878533402,1.25624498463993,1.36534036437785,2.94349182581084,0.998720970657783
"4629",35.31710104,1.33556681070844,1.25563543287343,1.3637159365737,2.94033627686096,0.998711175994146
"4630",35.32473222,1.33507375649118,1.25502498456866,1.36209080006749,2.93717851195906,0.998701306301531
"4631",35.3323634,1.33457962263929,1.25441364112791,1.36046496094935,2.93401854399715,0.998691361005213
"4632",35.33999458,1.33408440912447,1.25380140396459,1.35883842530428,2.93085638588785,0.998681339526046
"4633",35.34762576,1.33358811593317,1.2531882745032,1.35721119921232,2.92769205056463,0.998671241280426
"4634",35.35525694,1.33309074306661,1.25257425417894,1.35558328874578,2.92452555097771,0.998661065680329
"4635",35.36288812,1.33259229054087,1.25195934443829,1.35395469997272,2.92135690009907,0.998650812133162
"4636",35.3705193,1.33209275838693,1.25134354673819,1.35232543895246,2.91818611091578,0.998640480041869
"4637",35.37815048,1.33159214665072,1.25072686254682,1.3506955117393,2.91501319643551,0.998630068804759
"4638",35.38578166,1.3310904553932,1.25010929334312,1.3490649243804,2.91183816968324,0.998619577815541
"4639",35.39341284,1.33058768469039,1.24949084061668,1.34743368291479,2.90866104369977,0.998609006463307
"4640",35.40104402,1.33008383463346,1.24887150586795,1.34580179337439,2.90548183154326,0.99859835413246
"4641",35.4086752,1.32957890532877,1.24825129060822,1.3441692617842,2.90230054628929,0.998587620202658
"4642",35.41630638,1.3290728968979,1.24763019635931,1.34253609416014,2.8991172010277,0.998576804048848
"4643",35.42393756,1.32856580947776,1.24700822465382,1.34090229651067,2.89593180886494,0.998565905041161
"4644",35.43156874,1.32805764322061,1.24638537703497,1.33926787483556,2.89274438292216,0.998554922544914
"4645",35.43919992,1.3275483982941,1.24576165505646,1.33763283512552,2.88955493633453,0.998543855920574
"4646",35.4468311,1.32703807488139,1.24513706028275,1.33599718336324,2.88636348225281,0.99853270452368
"4647",35.45446228,1.32652667318112,1.24451159428873,1.33436092552184,2.88317003384092,0.998521467704844
"4648",35.46209346,1.32601419340754,1.24388525865965,1.33272406756432,2.87997460427511,0.998510144809731
"4649",35.46972464,1.3255006357905,1.24325805499138,1.33108661544492,2.87677720674587,0.998498735178961
"4650",35.47735582,1.32498600057557,1.24262998489014,1.32944857510784,2.87357785445592,0.998487238148109
"4651",35.484987,1.32447028802403,1.2420010499725,1.32780995248689,2.87037656061968,0.998475653047667
"4652",35.49261818,1.32395349841296,1.24137125186534,1.32617075350547,2.86717333846319,0.998463979202999
"4653",35.50024936,1.32343563203528,1.24074059220577,1.32453098407621,2.86396820122334,0.998452215934306
"4654",35.50788054,1.32291668919983,1.24010907264131,1.32289065010153,2.86076116214882,0.998440362556557
"4655",35.51551172,1.32239667023136,1.23947669482946,1.32124975747174,2.8575522344971,0.998428418379507
"4656",35.5231429,1.32187557547065,1.23884346043803,1.31960831206659,2.85434143153666,0.998416382707596
"4657",35.53077408,1.32135340527452,1.23820937114488,1.31796631975384,2.85112876654484,0.998404254839946
"4658",35.53840526,1.3208301600159,1.2375744286378,1.31632378638872,2.84791425280689,0.998392034070333
"4659",35.54603644,1.32030584008385,1.23693863461489,1.31468071781595,2.84469790361891,0.998379719687067
"4660",35.55366762,1.31978044588367,1.23630199078393,1.31303711986624,2.84147973228254,0.998367310973061
"4661",35.5612988,1.31925397783688,1.23566449886274,1.31139299835849,2.8382597521082,0.998354807205709
"4662",35.56892998,1.31872643638132,1.23502616057903,1.30974835909865,2.83503797641323,0.998342207656869
"4663",35.57656116,1.31819782197118,1.23438697767024,1.30810320787912,2.83181441852098,0.998329511592837
"4664",35.58419234,1.31766813507704,1.23374695188369,1.30645755047963,2.82858909176193,0.998316718274261
"4665",35.59182352,1.31713737618594,1.23310608497619,1.30481139266489,2.82536200947019,0.998303826956178
"4666",35.5994547,1.3166055458014,1.23246437871454,1.30316474018759,2.8221331849878,0.998290836887849
"4667",35.60708588,1.31607264444351,1.23182183487496,1.30151759878504,2.81890263165975,0.998277747312828
"4668",35.61471706,1.31553867264892,1.23117845524325,1.29986997418049,2.81567036283565,0.998264557468863
"4669",35.62234824,1.31500363097094,1.23053424161469,1.29822187208234,2.81243639186859,0.998251266587872
"4670",35.62997942,1.31446751997955,1.22988919579412,1.2965732981846,2.80920073211572,0.998237873895866
"4671",35.6376106,1.31393034026146,1.22924331959559,1.29492425816517,2.80596339693554,0.998224378612967
"4672",35.64524178,1.31339209242015,1.22859661484268,1.29327475768768,2.80272439969058,0.998210779953278
"4673",35.65287296,1.31285277707594,1.22794908336819,1.29162480239959,2.79948375374435,0.998197077124902
"4674",35.66050414,1.31231239486598,1.22730072701407,1.2899743979322,2.79624147246148,0.998183269329883
"4675",35.66813532,1.31177094644436,1.22665154763146,1.28832354990067,2.79299756920733,0.998169355764156
"4676",35.6757665,1.3112284324821,1.2260015470807,1.28667226390436,2.78975205734861,0.998155335617468
"4677",35.68339768,1.31068485366721,1.22535072723108,1.28502054552541,2.78650495025116,0.998141208073384
"4678",35.69102886,1.31014021070474,1.22469908996096,1.2833684003293,2.7832562612805,0.998126972309201
"4679",35.69866004,1.30959450431683,1.22404663715743,1.28171583386369,2.78000600380011,0.998112627495942
"4680",35.70629122,1.30904773524273,1.22339337071673,1.28006285166014,2.7767541911738,0.998098172798227
"4681",35.7139224,1.30849990423885,1.22273929254362,1.2784094592309,2.77350083676098,0.998083607374338
"4682",35.72155358,1.3079510120788,1.22208440455181,1.27675566207167,2.77024595392042,0.998068930376057
"4683",35.72918476,1.30740105955343,1.22142870866349,1.27510146565899,2.76698955600635,0.998054140948706
"4684",35.73681594,1.30685004747088,1.22077220680959,1.27344687545149,2.76373165637023,0.998039238231038
"4685",35.74444712,1.30629797665659,1.22011490092948,1.27179189688871,2.76047226835885,0.998024221355224
"4686",35.7520783,1.30574484795339,1.21945679297115,1.27013653539208,2.75721140531556,0.998009089446754
"4687",35.75970948,1.30519066222149,1.21879788489078,1.26848079636259,2.75394908057682,0.997993841624467
"4688",35.76734066,1.30463542033851,1.21813817865296,1.26682468518239,2.75068530747434,0.997978477000429
"4689",35.77497184,1.30407912319959,1.21747767623063,1.26516820721417,2.7474200993341,0.997962994679891
"4690",35.78260302,1.30352177171735,1.21681637960486,1.26351136780041,2.74415346947508,0.99794739376126
"4691",35.7902342,1.30296336682194,1.2161542907648,1.26185417226327,2.74088543120889,0.997931673336044
"4692",35.79786538,1.30240390946113,1.21549141170764,1.26019662590427,2.7376159978393,0.997915832488793
"4693",35.80549656,1.30184340060027,1.21482774443857,1.25853873400447,2.73434518266219,0.997899870297036
"4694",35.81312774,1.30128184122237,1.2141632909708,1.25688050182436,2.73107299896541,0.997883785831218
"4695",35.82075892,1.30071923232813,1.21349805332507,1.25522193460194,2.72779946002568,0.997867578154713
"4696",35.8283901,1.30015557493597,1.21283203353014,1.25356303755492,2.72452457911178,0.997851246323674
"4697",35.83602128,1.29959087008203,1.21216523362234,1.25190381587883,2.72124836948153,0.997834789387038
"4698",35.84365246,1.29902511882028,1.21149765564553,1.25024427474692,2.71797084438154,0.997818206386469
"4699",35.85128364,1.29845832222246,1.21082930165128,1.24858441931098,2.71469201704832,0.997801496356258
"4700",35.85891482,1.29789048137817,1.21016017369835,1.24692425469924,2.71141190070485,0.997784658323342
"4701",35.866546,1.2973215973949,1.20949027385309,1.24526378601828,2.70813050856351,0.997767691307155
"4702",35.87417718,1.29675167139802,1.20881960418883,1.24360301835017,2.70484785382142,0.997750594319686
"4703",35.88180836,1.29618070453086,1.20814816678647,1.24194195675561,2.70156394966513,0.997733366365273
"4704",35.88943954,1.2956086979547,1.20747596373374,1.24028060627026,2.69827880926498,0.997716006440689
"4705",35.89707072,1.29503565284881,1.20680299712545,1.23861897190651,2.69499244577748,0.997698513535008
"4706",35.9047019,1.29446157041049,1.20612926906346,1.23695705865301,2.69170487234456,0.997680886629541
"4707",35.91233308,1.29388645185508,1.20545478165634,1.23529487147356,2.6884161020917,0.997663124697823
"4708",35.91996426,1.29331029841601,1.20477953701959,1.23363241530802,2.68512614812916,0.997645226705499
"4709",35.92759544,1.29273311134477,1.2041035372753,1.23196969507117,2.68183502355006,0.997627191610305
"4710",35.93522662,1.29215489191102,1.20342678455216,1.23030671565266,2.6785427414302,0.997609018361997
"4711",35.9428578,1.29157564140255,1.20274928098543,1.22864348191725,2.67524931482823,0.997590705902269
"4712",35.95048898,1.29099536112532,1.20207102871675,1.2269799987038,2.67195475678394,0.997572253164724
"4713",35.95812016,1.2904140524035,1.20139202989405,1.22531627082534,2.66865908031828,0.997553659074797
"4714",35.96575134,1.28983171657947,1.20071228667158,1.22365230306917,2.66536229843326,0.99753492254968
"4715",35.97338252,1.28924835501387,1.2000318012097,1.22198810019615,2.66206442411073,0.997516042498276
"4716",35.9810137,1.28866396908557,1.19935057567481,1.22032366694057,2.65876547031207,0.997497017821133
"4717",35.98864488,1.28807856019177,1.19866861223938,1.2186590080103,2.65546544997817,0.99747784741036
"4718",35.99627606,1.28749212974794,1.19798591308159,1.21699412808565,2.65216437602757,0.997458530149604
"4719",36.00390724,1.2869046791879,1.19730248038551,1.21532903182006,2.64886226135735,0.99743906491394
"4720",36.01153842,1.28631620996381,1.19661831634077,1.21366372383895,2.64555911884117,0.99741945056985
"4721",36.0191696,1.28572672354617,1.19593342314272,1.21199820874068,2.64225496133055,0.997399685975103
"4722",36.02680078,1.2851362214239,1.19524780299216,1.21033249109522,2.6389498016528,0.997379769978729
"4723",36.03443196,1.28454470510429,1.19456145809509,1.20866657544378,2.63564365261004,0.997359701420972
"4724",36.04206314,1.28395217611307,1.19387439066313,1.2070004663004,2.63233652698167,0.997339479133122
"4725",36.04969432,1.28335863599437,1.19318660291272,1.20533416814873,2.62902843751913,0.9973191019376
"4726",36.0573255,1.28276408631079,1.19249809706573,1.20366768544498,2.62571939695035,0.997298568647728
"4727",36.06495668,1.28216852864339,1.19180887534867,1.20200102261475,2.62240941797461,0.997277878067804
"4728",36.07258786,1.2815719645917,1.19111893999318,1.20033418405518,2.61909851326566,0.99725702899292
"4729",36.08021904,1.28097439577374,1.19042829323551,1.19866717413284,2.61578669546844,0.997236020208974
"4730",36.08785022,1.28037582382602,1.18973693731669,1.19699999718515,2.61247397720084,0.997214850492528
"4731",36.0954814,1.27977625040357,1.18904487448234,1.1953326575192,2.60916037105192,0.997193518610776
"4732",36.10311258,1.27917567717997,1.18835210698234,1.19366515941084,2.6058458895802,0.997172023321506
"4733",36.11074376,1.27857410584729,1.187658637071,1.19199750710569,2.60253054531504,0.997150363372969
"4734",36.11837494,1.27797153811617,1.18696446700702,1.19032970481897,2.59921435075623,0.9971285375038
"4735",36.12600612,1.27736797571581,1.18626959905306,1.18866175673409,2.59589731837159,0.997106544443004
"4736",36.1336373,1.27676342039395,1.18557403547581,1.18699366700312,2.59257946059751,0.997084382909844
"4737",36.14126848,1.27615787391692,1.18487777854597,1.18532543974683,2.58926078983886,0.997062051613757
"4738",36.14889966,1.27555133806961,1.18418083053779,1.1836570790532,2.58594131846638,0.997039549254335
"4739",36.15653084,1.27494381465551,1.18348319372958,1.18198858897956,2.58262105881992,0.99701687452114
"4740",36.16416202,1.27433530549669,1.18278487040282,1.18031997354934,2.57930002320316,0.996994026093768
"4741",36.1717932,1.27372581243381,1.1820858628427,1.17865123675441,2.57597822388697,0.99697100264165
"4742",36.17942438,1.27311533732614,1.18138617333763,1.17698238255329,2.57265567310662,0.996947802824051
"4743",36.18705556,1.27250388205155,1.18068580417932,1.17531341487191,2.56933238306248,0.99692442528994
"4744",36.19468674,1.27189144850649,1.17998475766249,1.17364433760237,2.56600836591819,0.996900868677963
"4745",36.20231792,1.27127803860606,1.17928303608491,1.17197515460363,2.56268363380128,0.99687713161632
"4746",36.2099491,1.27066365428393,1.17858064174712,1.17030586970044,2.55935819880148,0.996853212722724
"4747",36.21758028,1.2700482974924,1.17787757695247,1.16863648668394,2.55603207297137,0.996829110604276
"4748",36.22521146,1.26943197020236,1.17717384400698,1.16696700931113,2.55270526832529,0.996804823857408
"4749",36.23284264,1.26881467440334,1.17646944521906,1.16529744130429,2.54937779683834,0.99678035106781
"4750",36.24047382,1.26819641210343,1.17576438289946,1.16362778635068,2.54604967044563,0.996755690810355
"4751",36.248105,1.26757718532937,1.17505865936139,1.16195804810366,2.54272090104384,0.996730841648951
"4752",36.25573618,1.26695699612648,1.17435227691995,1.1602882301805,2.53939150048758,0.996705802136548
"4753",36.26336736,1.26633584655866,1.17364523789235,1.1586183361634,2.53606148059078,0.996680570815
"4754",36.27099854,1.26571373870843,1.17293754459759,1.15694836959889,2.53273085312551,0.996655146214992
"4755",36.27862972,1.2650906746769,1.17222919935655,1.15527833399808,2.52939962982217,0.996629526855936
"4756",36.2862609,1.26446665658373,1.17152020449161,1.15360823283565,2.52606782236772,0.996603711245921
"4757",36.29389208,1.26384168656718,1.17081056232667,1.15193806955013,2.52273544240583,0.996577697881601
"4758",36.30152326,1.26321576678407,1.17010027518696,1.15026784754343,2.51940250153603,0.996551485248121
"4759",36.30915444,1.26258889940978,1.16938934539896,1.14859757018109,2.5160690113137,0.996525071819005
"4760",36.31678562,1.26196108663823,1.1686777752902,1.14692724079135,2.5127349832486,0.996498456056103
"4761",36.3244168,1.26133233068191,1.16796556718922,1.14525686266566,2.5094004288053,0.996471636409463
"4762",36.33204798,1.2607026337718,1.16725272342529,1.14358643905771,2.50606535940148,0.996444611317282
"4763",36.33967916,1.26007199815742,1.16653924632843,1.14191597318387,2.50272978640837,0.996417379205778
"4764",36.34731034,1.25944042610679,1.16582513822921,1.14024546822282,2.49939372114998,0.99638993848911
"4765",36.35494152,1.25880791990642,1.16511040145851,1.13857492731469,2.4960571749015,0.996362287569315
"4766",36.3625727,1.25817448186133,1.16439503834765,1.13690435356222,2.49272015889083,0.996334424836146
"4767",36.37020388,1.25754011429495,1.16367905122798,1.13523375002926,2.48938268429612,0.996306348667045
"4768",36.37783506,1.2569048195492,1.16296244243078,1.13356311974076,2.48604476224533,0.99627805742704
"4769",36.38546624,1.25626859998443,1.16224521428729,1.1318924656832,2.48270640381691,0.996249549468611
"4770",36.39309742,1.2556314579794,1.16152736912838,1.13022179080381,2.47936762003811,0.996220823131629
"4771",36.4007286,1.25499339593126,1.1608089092845,1.12855109801058,2.47602842188483,0.996191876743248
"4772",36.40835978,1.25435441625557,1.16008983708565,1.12688039017252,2.47268882028193,0.996162708617775
"4773",36.41599096,1.25371452138622,1.15937015486082,1.12520967011784,2.46934882609985,0.996133317056672
"4774",36.42362214,1.25307371377547,1.15864986493844,1.12353894063606,2.46600845015794,0.996103700348316
"4775",36.43125332,1.25243199589387,1.15792896964562,1.12186820447548,2.46266770322005,0.996073856768042
"4776",36.4388845,1.25178937023031,1.15720747130862,1.12019746434534,2.45932659599783,0.996043784577899
"4777",36.44651568,1.25114583929194,1.1564853722521,1.11852672291329,2.45598513914637,0.996013482026689
"4778",36.45414686,1.25050140560415,1.15576267479945,1.116855982807,2.45264334326657,0.995982947349755
"4779",36.46177804,1.24985607171059,1.15503938127232,1.11518524661281,2.44930121890275,0.995952178768949
"4780",36.46940922,1.24920984017309,1.15431549399061,1.11351451687612,2.4459587765429,0.995921174492493
"4781",36.4770404,1.24856271357169,1.1535910152724,1.1118437961013,2.44261602661851,0.995889932714868
"4782",36.48467158,1.24791469450456,1.15286594743359,1.11017308675094,2.43927297950289,0.995858451616743
"4783",36.49230276,1.24726578558801,1.15214029278779,1.10850239124565,2.43592964551077,0.995826729364866
"4784",36.49993394,1.24661598945647,1.15141405364643,1.10683171196512,2.43258603489961,0.99579476411189
"4785",36.50756512,1.2459653087624,1.15068723231819,1.1051610512461,2.42924215786621,0.995762553996364
"4786",36.5151963,1.24531374617634,1.14995983110913,1.10349041138333,2.42589802454787,0.995730097142569
"4787",36.52282748,1.24466130438682,1.14923185232249,1.10181979462946,2.42255364502203,0.995697391660395
"4788",36.53045866,1.24400798610038,1.14850329825842,1.10014920319422,2.4192090293047,0.99566443564527
"4789",36.53808984,1.24335379404148,1.14777417121398,1.0984786392447,2.41586418735064,0.995631227178024
"4790",36.54572102,1.24269873095251,1.14704447348276,1.09680810490472,2.41251912905206,0.995597764324803
"4791",36.5533522,1.24204279959376,1.14631420735489,1.09513760225511,2.40917386423879,0.995564045136929
"4792",36.56098338,1.24138600274334,1.14558337511686,1.09346713333336,2.40582840267749,0.995530067650794
"4793",36.56861456,1.2407283431972,1.14485197905143,1.09179670013389,2.40248275407186,0.995495829887724
"4794",36.57624574,1.24006982376907,1.14412002143709,1.0901263046064,2.39913692805961,0.995461329853945
"4795",36.58387692,1.2394104472904,1.14338750454833,1.08845594865737,2.39579093421462,0.995426565540376
"4796",36.5915081,1.23875021661039,1.14265443065541,1.0867856341496,2.39244478204604,0.995391534922519
"4797",36.59913928,1.23808913459585,1.14192080202385,1.0851153629007,2.3890984809955,0.995356235960426
"4798",36.60677046,1.23742720413127,1.14118662091471,1.08344513668481,2.38575204043954,0.995320666598471
"4799",36.61440164,1.23676442811871,1.14045188958408,1.08177495723101,2.38240546968689,0.995284824765306
"4800",36.62203282,1.23610080947778,1.13971661028297,1.08010482622337,2.37905877797827,0.995248708373737
"4801",36.629664,1.23543635114559,1.13898078525749,1.0784347453021,2.37571197448787,0.995212315320514
"4802",36.63729518,1.23477105607673,1.13824441674807,1.07676471606127,2.37236506831943,0.995175643486346
"4803",36.64492636,1.23410492724321,1.13750750698975,1.07509474005021,2.36901806850824,0.995138690735676
"4804",36.65255754,1.2334379676344,1.13677005821186,1.07342481877286,2.36567098401985,0.995101454916587
"4805",36.66018872,1.23277018025705,1.13603207263778,1.07175495368746,2.36232382374916,0.995063933860689
"4806",36.6678199,1.23210156813515,1.13529355248492,1.07008514620683,2.35897659652067,0.995026125382963
"4807",36.67545108,1.23143213430996,1.13455449996435,1.06841539769762,2.35562931108698,0.994988027281672
"4808",36.68308226,1.23076188183993,1.13381491728082,1.06674570948083,2.35228197612934,0.994949637338191
"4809",36.69071344,1.23009081380067,1.13307480663235,1.0650760828309,2.34893460025584,0.994910953316923
"4810",36.69834462,1.22941893328487,1.13233417021023,1.06340651897614,2.34558719200183,0.994871972965137
"4811",36.7059758,1.22874624340229,1.13159301019878,1.06173701909834,2.34223975982907,0.994832694012843
"4812",36.71360698,1.22807274727968,1.13085132877523,1.06006758433305,2.33889231212576,0.994793114172646
"4813",36.72123816,1.22739844806075,1.13010912810931,1.0583982157683,2.33554485720429,0.994753231139673
"4814",36.72886934,1.2267233489061,1.12936641036343,1.05672891444612,2.3321974033033,0.994713042591338
"4815",36.73650052,1.22604745299318,1.12862317769206,1.05505968136064,2.32884995858436,0.994672546187322
"4816",36.7441317,1.22537076351624,1.12787943224205,1.05339051745975,2.32550253113439,0.994631739569312
"4817",36.75176288,1.22469328368625,1.12713517615186,1.05172142364304,2.32215512896192,0.994590620360997
"4818",36.75939406,1.22401501673089,1.12639041155183,1.05005240076317,2.31880775999906,0.994549186167831
"4819",36.76702524,1.22333596589446,1.1256451405639,1.04838344962546,2.31546043210057,0.994507434576904
"4820",36.77465642,1.22265613443782,1.12489936530121,1.04671457098703,2.31211315304209,0.994465363156856
"4821",36.7822876,1.22197552563836,1.12415308786811,1.04504576555744,2.30876593052085,0.994422969457685
"4822",36.78991878,1.22129414278993,1.12340631035987,1.04337703399801,2.30541877215439,0.994380251010636
"4823",36.79754996,1.22061198920275,1.12265903486251,1.04170837692209,2.30207168548052,0.994337205328035
"4824",36.80518114,1.21992906820343,1.12191126345276,1.04003979489533,2.29872467795749,0.994293829903119
"4825",36.81281232,1.21924538313481,1.12116299819742,1.03837128843394,2.29537775696098,0.994250122209991
"4826",36.8204435,1.21856093735598,1.12041424115377,1.03670285800679,2.29203092978697,0.994206079703334
"4827",36.82807468,1.21787573424218,1.11966499436883,1.03503450403345,2.2886842036484,0.994161699818379
"4828",36.83570586,1.21718977718472,1.11891525987947,1.03336622688498,2.28533758567612,0.994116979970697
"4829",36.84333704,1.21650306959098,1.11816503971211,1.0316980268837,2.28199108291808,0.994071917556059
"4830",36.85096822,1.21581561488429,1.11741433588255,1.03002990430297,2.2786447023388,0.994026509950286
"4831",36.8585994,1.21512741650387,1.11666315039574,1.02836185936723,2.27529845081897,0.993980754509092
"4832",36.86623058,1.21443847790478,1.11591148524555,1.02669389225152,2.27195233515445,0.993934648567953
"4833",36.87386176,1.21374880255787,1.11515934241462,1.02502600308182,2.26860636205642,0.993888189441922
"4834",36.88149294,1.21305839394966,1.11440672387415,1.02335819193492,2.26526053815085,0.99384137442547
"4835",36.88912412,1.21236725558234,1.11365363158364,1.02169045883776,2.26191486997718,0.993794200792377
"4836",36.8967553,1.21167539097365,1.11290006749074,1.02002280376819,2.25856936398909,0.993746665795501
"4837",36.90438648,1.21098280365681,1.11214603353096,1.01835522665403,2.25522402655268,0.993698766666691
"4838",36.91201766,1.21028949718049,1.11139153162767,1.01668772737392,2.25187886394761,0.993650500616545
"4839",36.91964884,1.20959547510871,1.11063656369141,1.01502030575569,2.24853388236395,0.993601864834371
"4840",36.92728002,1.20890074102077,1.1098811316204,1.01335296157858,2.24518908790555,0.993552856487845
"4841",36.9349112,1.20820529851119,1.10912523729957,1.01168569457058,2.24184448658541,0.993503472723041
"4842",36.94254238,1.20750915118962,1.10836888260095,1.01001850441058,2.23850008432866,0.9934537106641
"4843",36.95017356,1.20681230268077,1.10761206938306,1.00835139072675,2.23515588696978,0.993403567413173
"4844",36.95780474,1.20611475662435,1.10685479949085,1.00668435309709,2.23181190025302,0.993353040050207
"4845",36.96543592,1.205416516675,1.10609707475552,1.00501739104954,2.22846812983226,0.993302125632763
"4846",36.9730671,1.20471758650216,1.10533889699422,1.00335050406145,2.22512458126984,0.993250821195876
"4847",36.98069828,1.20401796979006,1.10458026800979,1.00168369155961,2.2217812600362,0.993199123751876
"4848",36.98832946,1.20331767023761,1.10382118959069,1.00001695292048,2.21843817150988,0.993147030290192
"4849",36.99596064,1.20261669155833,1.10306166351069,0.998350287470057,2.21509532097704,0.993094537777181
"4850",37.00359182,1.20191503748026,1.10230169152855,0.996683694483216,2.21175271362992,0.993041643155996
"4851",37.011223,1.20121271174589,1.10154127538803,0.995017173184659,2.20841035456815,0.992988343346332
"4852",37.01885418,1.20050971811207,1.10078041681737,0.993350722747839,2.20506824879646,0.992934635244325
"4853",37.02648536,1.19980606034997,1.10001911752937,0.991684342295789,2.20172640122588,0.992880515722299
"4854",37.03411654,1.19910174224491,1.09925737922086,0.990018030900231,2.19838481667173,0.992825981628657
"4855",37.04174772,1.19839676759639,1.0984952035727,0.988351787582217,2.19504349985444,0.992771029787634
"4856",37.0493789,1.1976911402179,1.09773259224946,0.986685611311776,2.19170245539851,0.992715656999143
"4857",37.05701008,1.19698486393693,1.0969695468992,0.985019501007879,2.18836168783212,0.992659860038584
"4858",37.06464126,1.1962779425948,1.09620606915321,0.983353455538435,2.18502120158677,0.992603635656655
"4859",37.07227244,1.19557038004664,1.09544216062585,0.981687473720353,2.18168100099698,0.992546980579153
"4860",37.07990362,1.19486218016129,1.0946778229141,0.980021554318928,2.17834109029889,0.992489891506834
"4861",37.0875348,1.19415334682118,1.09391305759778,0.978355696049088,2.17500147363202,0.992432365115109
"4862",37.09516598,1.19344388392227,1.09314786623873,0.976689897573771,2.17166215503606,0.992374398053988
"4863",37.10279716,1.19273379537397,1.09238225038097,0.975024157504897,2.1683231384523,0.9923159869478
"4864",37.11042834,1.19202308509904,1.09161621155041,0.973358474403367,2.16498442772304,0.992257128394991
"4865",37.11805952,1.1913117570335,1.09084975125446,0.971692846778534,2.16164602659044,0.992197818967975
"4866",37.1256907,1.19059981512652,1.09008287098189,0.970027273088422,2.15830793869654,0.992138055212909
"4867",37.13332188,1.18988726334039,1.08931557220264,0.968361751739971,2.15497016758314,0.992077833649468
"4868",37.14095306,1.18917410565035,1.08854785636741,0.966696281088401,2.15163271669048,0.992017150770704
"4869",37.14858424,1.18846034604457,1.08777972490759,0.965030859437932,2.14829558935796,0.991956003042768
"4870",37.15621542,1.187745988524,1.08701117923487,0.963365485041056,2.14495878882264,0.991894386904774
"4871",37.1638466,1.18703103710233,1.08624222074111,0.961700156099193,2.14162231821977,0.991832298768534
"4872",37.17147778,1.18631549580584,1.08547285079808,0.96003487076249,2.1382861805822,0.99176973501836
"4873",37.17910896,1.18559936867335,1.08470307075696,0.958369627129003,2.13495037883857,0.991706692010931
"4874",37.18674014,1.18488265975612,1.08393288194859,0.956704423246415,2.13161491581578,0.99164316607493
"4875",37.19437132,1.18416537311772,1.08316228568271,0.955039257110323,2.12827979423571,0.991579153510979
"4876",37.2020025,1.18344751283397,1.08239128324801,0.953374126665328,2.1249450167166,0.99151465059133
"4877",37.20963368,1.18272908299285,1.08161987591168,0.951709029804225,2.12161058577141,0.991449653559719
"4878",37.21726486,1.18201008769435,1.08084806491941,0.950043964369124,2.11827650380915,0.991384158631051
"4879",37.22489604,1.18129053105043,1.08007585149487,0.948378928150405,2.11494277313277,0.991318161991274
"4880",37.23252722,1.18057041718489,1.07930323683963,0.946713918887357,2.11160939593986,0.9912516597971
"4881",37.2401584,1.17984975023329,1.0785302221327,0.945048934267687,2.1082763743213,0.991184648175832
"4882",37.24778958,1.17912853434281,1.07775680853058,0.943383971928349,2.10494371026238,0.991117123225061
"4883",37.25542076,1.17840677367222,1.07698299716667,0.941719029454693,2.1016114056408,0.991049081012521
"4884",37.26305194,1.17768447239171,1.07620878915122,0.940054104381145,2.09827946222749,0.990980517575803
"4885",37.27068312,1.17696163468282,1.07543418557099,0.938389194190927,2.09494788168567,0.990911428922151
"4886",37.2783143,1.17623826473834,1.07465918748899,0.936724296316208,2.09161666557069,0.990841811028221
"4887",37.28594548,1.17551436676221,1.07388379594418,0.935059408138057,2.08828581532953,0.990771659839853
"4888",37.29357666,1.17478994496941,1.07310801195123,0.933394526986484,2.0849553323004,0.99070097127184
"4889",37.30120784,1.17406500358583,1.07233183650031,0.93172965014079,2.08162521771293,0.990629741207656
"4890",37.30883902,1.17333954684822,1.07155527055675,0.930064774829257,2.0782954726872,0.990557965499257
"4891",37.3164702,1.17261357900405,1.07077831506076,0.928399898229501,2.07496609823387,0.99048563996681
"4892",37.32410138,1.17188710431142,1.07000097092713,0.926735017468003,2.071637095253,0.990412760398495
"4893",37.33173256,1.17116012703892,1.06922323904504,0.925070129620853,2.06830846453482,0.990339322550202
"4894",37.33936374,1.17043265146559,1.06844512027781,0.923405231713662,2.06498020675913,0.990265322145295
"4895",37.34699492,1.16970468188074,1.06766661546244,0.921740320721126,2.06165232249415,0.990190754874415
"4896",37.3546261,1.16897622258389,1.06688772540953,0.920075393567757,2.05832481219728,0.990115616395163
"4897",37.36225728,1.16824727788466,1.0661084509028,0.918410447127326,2.0549976762137,0.990039902331907
"4898",37.36988846,1.16751785210264,1.06532879269909,0.91674547822381,2.05167091477751,0.989963608275451
"4899",37.37751964,1.16678794956729,1.0645487515278,0.915080483630632,2.04834452801003,0.989886729782854
"4900",37.38515082,1.16605757461784,1.06376832809073,0.913415460071139,2.04501851592009,0.989809262377135
"4901",37.392782,1.16532673160318,1.06298752306179,0.911750404218687,2.04169287840373,0.989731201547016
"4902",37.40041318,1.16459542488173,1.06220633708672,0.910085312696708,2.03836761524389,0.989652542746657
"4903",37.40804436,1.16386365882135,1.06142477078274,0.908420182078812,2.03504272611001,0.9895732813954
"4904",37.41567554,1.16313143779923,1.06064282473829,0.906755008888678,2.03171821055749,0.989493412877516
"4905",37.42330672,1.16239876620176,1.05986049951288,0.905089789600878,2.02839406802856,0.989412932541867
"4906",37.4309379,1.16166564842443,1.05907779563646,0.903424520639881,2.02507029785007,0.989331835701748
"4907",37.43856908,1.16093208887173,1.05829471360959,0.901759198381401,2.0217468992354,0.98925011763449
"4908",37.44620026,1.16019809195702,1.05751125390263,0.900093819151318,2.01842387128203,0.989167773581306
"4909",37.45383144,1.15946366210241,1.05672741695589,0.89842837922683,2.01510121297311,0.989084798746909
"4910",37.46146262,1.15872880373868,1.05594320317907,0.896762874835889,2.01177892317597,0.989001188299306
"4911",37.4690938,1.15799352130511,1.05515861295102,0.895097302157637,2.00845700064235,0.988916937369481
"4912",37.47672498,1.15725781924945,1.0543736466195,0.893431657322636,2.00513544400834,0.988832041051109
"4913",37.48435616,1.1565217020277,1.05358830450081,0.891765936412731,2.00181425179362,0.988746494400293
"4914",37.49198734,1.15578517410409,1.0528025868795,0.890100135461351,1.99849342240151,0.988660292435265
"4915",37.49961852,1.1550482399509,1.05201649400808,0.888434250453703,1.99517295411875,0.988573430136084
"4916",37.5072497,1.1543109040484,1.05123002610666,0.886768277326748,1.99185284511497,0.988485902444375
"4917",37.51488088,1.15357317088468,1.05044318336282,0.885102211969762,1.98853309344317,0.988397704262978
"4918",37.52251206,1.15283504495554,1.049655965931,0.883436050223896,1.98521369703843,0.988308830455724
"4919",37.53014324,1.15209653076443,1.04886837393243,0.88176978788278,1.98189465371843,0.988219275847088
"4920",37.53777442,1.15135763282226,1.0480804074548,0.880103420692802,1.97857596118341,0.988129035221875
"4921",37.5454056,1.15061835564732,1.04729206655173,0.878436944352624,1.97525761701483,0.988038103324987
"4922",37.55303678,1.14987870376518,1.04650335124281,0.87677035451427,1.97193961867669,0.987946474861022
"4923",37.56066796,1.14913868170852,1.04571426151295,0.875103646782629,1.96862196351419,0.987854144494034
"4924",37.56829914,1.14839829401704,1.04492479731223,0.873436816715851,1.96530464875385,0.987761106847207
"4925",37.57593032,1.14765754523736,1.04413495855551,0.871769859825479,1.96198767150319,0.987667356502542
"4926",37.5835615,1.14691643992287,1.04334474512226,0.870102771577053,1.95867102875128,0.987572888000502
"4927",37.59119268,1.14617498263362,1.04255415685599,0.868435547389689,1.9553547173674,0.987477695839761
"4928",37.59882386,1.14543317793621,1.0417631935641,0.866768182636551,1.95203873410143,0.987381774476853
"4929",37.60645504,1.14469103040365,1.04097185501754,0.865100672645344,1.948723075584,0.987285118325819
"4930",37.61408622,1.14394854461526,1.04018014095044,0.863433012698195,1.94540773832588,0.987187721757924
"4931",37.6217174,1.14320572515654,1.03938805105972,0.861765198031729,1.94209271871744,0.987089579101335
"4932",37.62934858,1.14246257661905,1.03859558500492,0.860097223837879,1.93877801302959,0.986990684640736
"4933",37.63697976,1.14171910360029,1.03780274240776,0.858429085263631,1.93546361741271,0.986891032617044
"4934",37.64461094,1.14097531070357,1.03700952285175,0.856760777411241,1.93214952789646,0.986790617227077
"4935",37.65224212,1.14023120253791,1.03621592588203,0.855092295338925,1.92883574039047,0.986689432623165
"4936",37.6598733,1.13948678371788,1.0354219510048,0.853423634060476,1.92552225068306,0.986587472912883
"4937",37.66750448,1.13874205886352,1.03462759768729,0.85175478854631,1.92220905444248,0.986484732158612
"4938",37.67513566,1.13799703260021,1.03383286535706,0.850085753722844,1.91889614721523,0.986381204377302
"4939",37.68276684,1.1372517095585,1.03303775340187,0.84841652447324,1.91558352442683,0.986276883540061
"4940",37.69039802,1.13650609437407,1.03224226116943,0.846747095637925,1.91227118138211,0.986171763571773
"4941",37.6980292,1.13576019168751,1.03144638796676,0.845077462014157,1.90895911326382,0.986065838350837
"4942",37.70566038,1.1350140061443,1.03065013306006,0.843407618356863,1.90564731513359,0.985959101708731
"4943",37.71329156,1.13426754239459,1.02985349567436,0.841737559378808,1.9023357819315,0.985851547429679
"4944",37.72092274,1.13352080509314,1.02905647499301,0.840067279750636,1.89902450847568,0.985743169250305
"4945",37.72855392,1.13277379889919,1.02825907015757,0.838396774101615,1.89571348946293,0.985633960859223
"4946",37.7361851,1.13202652847629,1.02746128026718,0.836726037019369,1.89240271946765,0.985523915896737
"4947",37.74381628,1.13127899849225,1.02666310437837,0.835055063050541,1.88909219294238,0.985413027954424
"4948",37.75144746,1.13053121361893,1.02586454150475,0.83338384670125,1.885781904218,0.985301290574742
"4949",37.75907864,1.1297831785322,1.02506559061647,0.831712382436899,1.8824718475028,0.985188697250719
"4950",37.76670982,1.12903489791175,1.02426625064002,0.830040664682937,1.87916201688309,0.985075241425516
"4951",37.774341,1.12828637644101,1.02346652045776,0.828368687824983,1.8758524063229,0.984960916492071
"4952",37.78197218,1.12753761880699,1.02266639890769,0.826696446209312,1.87254300966414,0.984845715792697
"4953",37.78960336,1.12678862970018,1.02186588478287,0.825023934142827,1.8692338206259,0.984729632618734
"4954",37.79723454,1.12603941381441,1.02106497683127,0.823351145893904,1.86592483280534,0.9846126602101
"4955",37.80486572,1.12528997584675,1.02026367375518,0.821678075692167,1.86261603967659,0.98449479175497
"4956",37.8124969,1.12454032049734,1.01946197421111,0.820004717729464,1.85930743459187,0.984376020389293
"4957",37.82012808,1.12379045246931,1.01865987680916,0.818331066159786,1.85599901078064,0.984256339196454
"4958",37.82775926,1.12304037646864,1.01785738011275,0.816657115099636,1.85269076134962,0.984135741206871
"4959",37.83539044,1.12229009720401,1.01705448263825,0.814982858628623,1.84938267928318,0.984014219397555
"4960",37.84302162,1.12153961938672,1.01625118285464,0.813308290789823,1.84607475744328,0.983891766691707
"4961",37.8506528,1.12078894773051,1.01544747918296,0.811633405589786,1.84276698856881,0.983768375958352
"4962",37.85828398,1.12003808695148,1.01464336999616,0.809958196999496,1.83945936527666,0.983644040011847
"4963",37.86591516,1.11928704176797,1.01383885361851,0.808282658954283,1.83615188006077,0.983518751611532
"4964",37.87354634,1.11853581690037,1.0130339283253,0.806606785354376,1.83284452529256,0.983392503461279
"4965",37.88117752,1.11778441707107,1.01222859234244,0.804930570065359,1.82953729322092,0.983265288209069
"4966",37.8888087,1.11703284700429,1.01142284384608,0.803254006918541,1.82623017597223,0.983137098446561
"4967",37.89643988,1.11628111142596,1.01061668096224,0.80157708971152,1.82292316555066,0.983007926708646
"4968",37.90407106,1.11552921506362,1.0098101017663,0.799899812208201,1.81961625383747,0.982877765473062
"4969",37.91170224,1.11477716264624,1.00900310428274,0.798222168139699,1.8163094325919,0.982746607159897
"4970",37.91933342,1.11402495890416,1.00819568648466,0.796544151204533,1.81300269345082,0.982614444131175
"4971",37.9269646,1.11327260856893,1.00738784629336,0.794865755068867,1.80969602792844,0.982481268690443
"4972",37.93459578,1.11252011637317,1.00657958157797,0.793186973367391,1.80638942741708,0.98234707308226
"4973",37.94222696,1.11176748705048,1.00577089015512,0.791507799703569,1.80308288318699,0.982211849491773
"4974",37.94985814,1.11101472533527,1.00496176978835,0.789828227649995,1.79977638638613,0.982075590044276
"4975",37.95748932,1.1102618359627,1.00415221818785,0.788148250748961,1.79646992804055,0.981938286804744
"4976",37.9651205,1.10950882366849,1.00334223301,0.786467862512966,1.79316349905445,0.981799931777353
"4977",37.97275168,1.10875569318881,1.00253181185693,0.784787056425157,1.78985709021029,0.981660516905032
"4978",37.98038286,1.10800244926019,1.00172095227608,0.783105825939639,1.78655069216853,0.98152003406901
"4979",37.98801404,1.10724909661935,1.00090965175992,0.781424164482422,1.78324429546858,0.981378475088283
"4980",37.99564522,1.10649564000311,1.00009790774531,0.779742065451282,1.77993789052783,0.981235831719226
"4981",38.0032764,1.10574208414824,0.999285717613275,0.778059522216909,1.77663146764279,0.981092095655024
"4982",38.01090758,1.10498843379134,0.998473078688476,0.776376528122987,1.77332501698863,0.980947258525245
"4983",38.01853876,1.10423469366872,0.997659988238747,0.774693076486788,1.77001852861933,0.980801311895347
"4984",38.02616994,1.10348086851628,0.996846443474795,0.7730091605999,1.76671199246825,0.980654247266152
"4985",38.03380112,1.10272696306938,0.996032441549615,0.771324773728519,1.76340539834781,0.980506056073392
"4986",38.0414323,1.10197298206272,0.995217979558138,0.769639909114042,1.76009873594982,0.980356729687196
"4987",38.04906348,1.10121893023019,0.994403054536808,0.767954559973773,1.75679199484591,0.980206259411572
"4988",38.05669466,1.10046481230478,0.993587663463084,0.766268719501311,1.75348516448734,0.980054636483913
"4989",38.06432584,1.09971063301845,0.992771803254972,0.764582380867017,1.75017823420515,0.979901852074517
"4990",38.07195702,1.09895639710198,0.991955470770707,0.7628955372189,1.74687119321083,0.979747897286007
"4991",38.0795882,1.09820210928489,0.991138662808189,0.761208181682969,1.74356403059617,0.979592763152856
"4992",38.08721938,1.09744777429526,0.990321376104541,0.759520307363766,1.74025673533336,0.979436440640878
"4993",38.09485056,1.09669339685966,0.989503607335685,0.757831907345081,1.73694929627542,0.97927892064667
"4994",38.10248174,1.095938981703,0.988685353115923,0.756142974690603,1.73364170215656,0.97912019399708
"4995",38.11011292,1.09518453354841,0.987866609997414,0.754453502444382,1.73033394159217,0.978960251448694
"4996",38.1177441,1.0944300571171,0.987047374469685,0.752763483631377,1.72702600307888,0.97879908368731
"4997",38.12537528,1.09367555712829,0.986227642959257,0.751072911258304,1.72371787499528,0.978636681327354
"4998",38.13300646,1.09292103829902,0.985407411829149,0.749381778314168,1.72040954560199,0.978473034911351
"4999",38.14063764,1.09216650534409,0.984586677378347,0.747690077770754,1.71710100304169,0.978308134909402
"5000",38.14826882,1.09141196297588,0.983765435841378,0.745997802583411,1.71379223533959,0.978141971718598
"5001",38.1559,1.09065741590429,0.98294368338792,0.744304945691869,1.71048323040408,0.977974535662437
"5002",38.16353118,1.08990286883654,0.982121416122137,0.74261150002043,1.70717397602618,0.977805816990336
"5003",38.17116236,1.08914832647715,0.981298630082393,0.740917458479143,1.70386445988072,0.97763580587698
"5004",38.17879354,1.08839379352771,0.980475321240564,0.739222813964014,1.7005546695258,0.977464492421831
"5005",38.18642472,1.08763927468685,0.979651485501747,0.737527559358059,1.69724459240384,0.977291866648479
"5006",38.1940559,1.08688477465005,0.978827118703707,0.735831687531888,1.69393421584169,0.977117918504086
"5007",38.20168708,1.08613029810959,0.97800221661628,0.734135191344179,1.69062352705054,0.976942637858837
"5008",38.20931826,1.08537584975435,0.977176774941068,0.732438063642791,1.68731251312702,0.976766014505279
"5009",38.21694944,1.08462143426976,0.976350789310781,0.730740297265091,1.68400116105287,0.976588038157792
"5010",38.22458062,1.08386705633765,0.975524255288764,0.729041885038803,1.6806894576955,0.976408698451975
"5011",38.2322118,1.08311272063611,0.974697168368604,0.7273428197829,1.67737738980867,0.976227984944004
"5012",38.23984298,1.08235843183941,0.973869523973515,0.725643094308194,1.67406494403259,0.976045887110057
"5013",38.24747416,1.08160419461788,0.973041317455862,0.723942701418053,1.67075210689429,0.975862394345701
"5014",38.25510534,1.08085001363775,0.97221254409661,0.722241633909142,1.66743886480794,0.975677495965281
"5015",38.26273652,1.08009589356107,0.97138319910489,0.720539884572337,1.66412520407559,0.975491181201271
"5016",38.2703677,1.07934183904559,0.970553277617433,0.718837446193404,1.66081111088735,0.97530343920366
"5017",38.27799888,1.07858785474463,0.969722774698009,0.717134311553665,1.65749657132167,0.975114259039342
"5018",38.28563006,1.07783394530696,0.968891685337017,0.7154304734311,1.65418157134631,0.974923629691427
"5019",38.29326124,1.0770801153767,0.968060004450825,0.713725924600754,1.65086609681809,0.974731540058663
"5020",38.30089242,1.07632636959319,0.967227726881313,0.712020657835793,1.64755013348378,0.974537978954748
"5021",38.3085236,1.07557271259087,0.966394847395393,0.710314665908401,1.64423366698077,0.974342935107665
"5022",38.31615478,1.0748191489992,0.965561360684308,0.708607941590252,1.64091668283678,0.974146397159089
"5023",38.32378596,1.07406568344249,0.964727261363263,0.706900477653698,1.63759916647116,0.973948353663657
"5024",38.33141714,1.07331232053984,0.963892543970768,0.705192266872401,1.63428110319484,0.973748793088347
"5025",38.33904832,1.07255906490497,0.963057202968159,0.703483302022312,1.63096247821117,0.973547703811776
"5026",38.3466795,1.07180592114616,0.962221232739044,0.701773575882481,1.62764327661633,0.973345074123535
"5027",38.35431068,1.0710528938661,0.961384627588621,0.700063081235749,1.62432348339946,0.973140892223546
"5028",38.36194186,1.0702999876618,0.960547381743377,0.698351810870064,1.62100308344412,0.972935146221282
"5029",38.36957304,1.06954720712444,0.959709489350219,0.696639757578815,1.61768206152767,0.972727824135191
"5030",38.37720422,1.06879455683931,0.958870944476255,0.694926914162342,1.61436040232313,0.972518913891865
"5031",38.3848354,1.06804204138566,0.958031741107908,0.693213273428294,1.61103809039854,0.972308403325464
"5032",38.39246658,1.06728966533661,0.957191873150483,0.691498828192753,1.60771511021808,0.972096280176952
"5033",38.40009776,1.06653743325901,0.956351334427663,0.689783571281336,1.60439144614291,0.971882532093355
"5034",38.40772894,1.06578534971337,0.955510118680819,0.688067495529878,1.60106708243131,0.971667146627086
"5035",38.41536012,1.06503341925371,0.954668219568409,0.6863505937854,1.59774200323932,0.971450111235227
"5036",38.4229913,1.06428164642748,0.953825630665598,0.684632858907354,1.59441619262198,0.971231413278723
"5037",38.43062248,1.06353003577543,0.95298234546338,0.682914283768152,1.59108963453304,0.971011040021753
"5038",38.43825366,1.06277859183152,0.952138357368234,0.681194861254544,1.58776231282642,0.970788978630893
"5039",38.44588484,1.0620273191228,0.951293659701336,0.67947458426824,1.5844342112562,0.97056521617445
"5040",38.45351602,1.0612762221693,0.9504482456981,0.677753445727209,1.58110531347781,0.970339739621646
"5041",38.4611472,1.06052530548393,0.949602108507527,0.676031438566539,1.57777560304848,0.970112535841884
"5042",38.46877838,1.05977457357235,0.948755241191575,0.674308555739488,1.57444506342797,0.969883591603981
"5043",38.47640956,1.05902403093293,0.947907636724608,0.672584790218541,1.57111367797937,0.96965289357539
"5044",38.48404074,1.05827368205654,0.947059287992669,0.670860134996271,1.56778142996945,0.969420428321458
"5045",38.49167192,1.05752353142653,0.946210187792993,0.669134583086648,1.5644483025699,0.969186182304596
"5046",38.4993031,1.05677358351861,0.945360328833276,0.667408127525879,1.56111427885764,0.968950141883527
"5047",38.50693428,1.05602384280071,0.944509703731142,0.665680761373642,1.55777934181593,0.96871229331246
"5048",38.51456546,1.05527431373291,0.943658305013484,0.663952477714106,1.55444347433503,0.9684726227403
"5049",38.52219664,1.0545250007673,0.942806125115709,0.662223269656837,1.55110665921254,0.968231116209892
"5050",38.52982782,1.05377590834793,0.941953156381342,0.660493130338287,1.54776887915506,0.967987759657105
"5051",38.537459,1.05302704091068,0.941099391061116,0.658762052922481,1.54443011677808,0.967742538910124
"5052",38.54509018,1.05227840288313,0.940244821312533,0.657030030602443,1.54109035460748,0.967495439688542
"5053",38.55272136,1.0515299986845,0.939389439199153,0.65529705660128,1.53774957508018,0.967246447602547
"5054",38.56035254,1.05078183272555,0.938533236689815,0.653563124173074,1.53440776054453,0.966995548152145
"5055",38.56798372,1.05003390940843,0.937676205658198,0.651828226604446,1.531064893262,0.966742726726212
"5056",38.5756149,1.04928623312665,0.936818337881982,0.650092357215384,1.52772095540734,0.966487968601724
"5057",38.58324608,1.04853880826492,0.935959625042233,0.648355509360525,1.52437592906972,0.966231258942882
"5058",38.59087726,1.04779163919909,0.935100058722773,0.646617676430455,1.52102979625379,0.965972582800214
"5059",38.59850844,1.04704473029604,0.934239630409414,0.644878851852682,1.5176825388802,0.965711925109759
"5060",38.60613962,1.04629808591356,0.933378331489389,0.643139029093101,1.51433413878702,0.965449270692134
"5061",38.6137708,1.04555171040029,0.932516153250567,0.641398201657025,1.51098457773026,0.965184604251688
"5062",38.62140198,1.04480560809561,0.931653086880815,0.639656363090472,1.50763383738502,0.964917910375605
"5063",38.62903316,1.04405978332954,0.930789123467299,0.637913506981475,1.5042818993465,0.964649173532986
"5064",38.63666434,1.04331424042264,0.929924253995759,0.636169626961236,1.5009287451308,0.964378378073974
"5065",38.64429552,1.04256898368592,0.929058469349833,0.634424716705464,1.49757435617612,0.964105508228822
"5066",38.6519267,1.04182401742075,0.928191760310333,0.63267876993564,1.49421871384363,0.963830548106981
"5067",38.65955788,1.04107934591877,0.927324117554542,0.630931780420282,1.49086179941859,0.963553481696177
"5068",38.66718906,1.04033497346178,0.926455531655479,0.629183741976291,1.48750359411133,0.963274292861474
"5069",38.67482024,1.03959090432166,0.925585993081207,0.62743464847025,1.48414407905837,0.962992965344334
"5070",38.68245142,1.03884714276029,0.924715492194059,0.62568449381971,1.48078323532341,0.962709482761679
"5071",38.6900826,1.03810369302943,0.923844019249962,0.623933271994623,1.47742104389855,0.962423828604919
"5072",38.69771378,1.03736055937065,0.92297156439764,0.622180977018601,1.47405748570523,0.962135986239016
"5073",38.70534496,1.03661774601523,0.922098117677898,0.620427602970282,1.4706925415954,0.961845938901504
"5074",38.71297614,1.03587525718409,0.921223669022939,0.618673143984879,1.46732619235296,0.961553669701474
"5075",38.72060732,1.03513309708766,0.920348208255451,0.616917594255247,1.46395841869427,0.961259161618683
"5076",38.7282385,1.03439126992585,0.919471725088012,0.615160948033586,1.46058920126991,0.960962397502467
"5077",38.73586968,1.03364977988791,0.918594209122262,0.613403199632734,1.45721852066569,0.960663360070789
"5078",38.74350086,1.03290863115236,0.917715649848115,0.611644343427563,1.45384635740371,0.960362031909229
"5079",38.75113204,1.03216782788694,0.916836036643026,0.609884373856483,1.45047269194378,0.960058395469962
"5080",38.75876322,1.03142737424846,0.915955358771157,0.608123285422811,1.44709750468441,0.959752433070753
"5081",38.7663944,1.03068727438275,0.915073605382669,0.606361072696344,1.44372077596438,0.959444126893898
"5082",38.77402558,1.0299475324246,0.914190765512859,0.604597730314728,1.44034248606372,0.959133458985221
"5083",38.78165676,1.02920815249761,0.913306828081464,0.602833252985102,1.43696261520533,0.958820411252972
"5084",38.78928794,1.02846913871418,0.912421781891707,0.601067635485362,1.4335811435558,0.958504965466864
"5085",38.79691912,1.02773049517538,0.911535615629618,0.599300872665867,1.43019805122713,0.958187103256935
"5086",38.8045503,1.02699222597088,0.910648317863216,0.59753295945096,1.42681331827807,0.957866806112493
"5087",38.81218148,1.02625433517888,0.909759877041663,0.595763890840467,1.42342692471533,0.95754405538104
"5088",38.81981266,1.02551682686601,0.908870281494375,0.593993661911154,1.42003885049482,0.95721883226723
"5089",38.82744384,1.02477970508728,0.907979519430299,0.592222267818457,1.41664907552333,0.95689111783172
"5090",38.83507502,1.02404297388595,0.907087578937075,0.590449703798027,1.41325757965995,0.956560892990064
"5091",38.8427062,1.02330663729351,0.906194447980122,0.588675965167263,1.40986434271726,0.956228138511643
"5092",38.85033738,1.02257069932956,0.905300114401853,0.586901047326988,1.406469344463,0.955892835018513
"5093",38.85796856,1.02183516400177,0.904404565920776,0.585124945762974,1.40307256462132,0.955554962984306
"5094",38.86559974,1.02110003530577,0.903507790130674,0.583347656047668,1.39967398287448,0.95521450273307
"5095",38.87323092,1.02036531722507,0.902609774499757,0.581569173841865,1.39627357886437,0.954871434438107
"5096",38.8808621,1.01963101373102,0.901710506369759,0.5797894948963,1.39287133219391,0.954525738120852
"5097",38.88849328,1.01889712878272,0.900809972955049,0.578008615053307,1.38946722242858,0.954177393649708
"5098",38.89612446,1.01816366632693,0.89990816134178,0.576226530248574,1.38606122909812,0.953826380738854
"5099",38.90375564,1.01743063029802,0.899005058487017,0.574443236512839,1.38265333169808,0.953472678947069
"5100",38.91138682,1.01669802461788,0.898100651217824,0.572658729973618,1.3792435096915,0.953116267676532
"5101",38.919018,1.01596585319585,0.897194926230311,0.570873006856832,1.37583174251024,0.95275712617167
"5102",38.92664918,1.01523411992868,0.896287870088814,0.569086063488683,1.37241800955703,0.952395233517891
"5103",38.93428036,1.01450282870041,0.895379469224965,0.567297896297406,1.36900229020699,0.952030568640379
"5104",38.94191154,1.01377198338233,0.894469709936725,0.565508501814956,1.36558456380925,0.951663110302891
"5105",38.94954272,1.01304158783292,0.893558578387469,0.563717876678812,1.36216480968865,0.951292837106518
"5106",38.9571739,1.01231164589775,0.892646060605086,0.561926017633837,1.35874300714762,0.950919727488424
"5107",38.96480508,1.01158216140943,0.891732142481067,0.56013292153414,1.35531913546801,0.950543759720558
"5108",38.97243626,1.01085313818755,0.890816809769438,0.55833858534472,1.35189317391252,0.950164911908479
"5109",38.98006744,1.01012458003862,0.889900048085968,0.556543006143533,1.34846510172694,0.949783161989977
"5110",38.98769862,1.00939649075597,0.888981842907088,0.554746181123202,1.34503489814168,0.949398487733858
"5111",38.9953298,1.00866887411972,0.888062179568924,0.552948107592878,1.34160254237359,0.94901086673866
"5112",39.00296098,1.00794173389668,0.887141043266463,0.551148782980325,1.33816801362823,0.94862027643125
"5113",39.01059216,1.00721507384035,0.886218419052366,0.549348204833541,1.33473129110122,0.94822669406565
"5114",39.01822334,1.00648889769078,0.885294291836221,0.547546370822971,1.33129235398077,0.947830096721566
"5115",39.02585452,1.00576320917456,0.884368646383292,0.54574327874317,1.32785118144899,0.947430461303183
"5116",39.0334857,1.00503801200474,0.883441467313719,0.543938926514925,1.32440775268434,0.947027764537741
"5117",39.04111688,1.00431330988078,0.88251273910139,0.542133312187142,1.32096204686338,0.946621982974214
"5118",39.04874806,1.00358910648847,0.881582446073034,0.540326433938899,1.31751404316301,0.946213092981904
"5119",39.05637924,1.00286540549989,0.880650572407054,0.538518290081294,1.31406372076217,0.945801070749136
"5120",39.06401042,1.00214221057334,0.87971710213267,0.536708879059671,1.31061105884437,0.945385892281774
"5121",39.0716416,1.00141952535331,0.8787820191287,0.534898199455373,1.30715603659929,0.944967533401937
"5122",39.07927278,1.00069735347036,0.877845307122657,0.533086249988003,1.30369863322527,0.94454596974649
"5123",39.08690396,0.999975698541147,0.876906949521529,0.531273029503318,1.30023882762247,0.944121176814141
"5124",39.09453514,0.999254564168296,0.875966925101397,0.529458536639779,1.29677659051138,0.943693131209827
"5125",39.10216632,0.998533953940391,0.875025221959584,0.527642770971197,1.29331191003662,0.943261806617091
"5126",39.1097975,0.997813871431897,0.874081823207592,0.525825731790133,1.28984476545204,0.942827177917663
"5127",39.11742868,0.997094320203119,0.873136711800202,0.5240074185377,1.28637513603097,0.94238921980087
"5128",39.12505986,0.996375303800145,0.872189870534428,0.522187830805748,1.28290300106861,0.941947906762141
"5129",39.13269104,0.995656825754792,0.87124128204841,0.520366968338996,1.27942833988435,0.941503213101509
"5130",39.14032222,0.99493888958456,0.870290928820263,0.518544831037142,1.27595113182398,0.94105511292216
"5131",39.1479534,0.994221498792574,0.869338793166985,0.516721418957037,1.27247135626207,0.940603580128902
"5132",39.15558458,0.99350465686754,0.868384857243359,0.514896732314931,1.2689889926045,0.940148588426626
"5133",39.16321576,0.992788367283694,0.86742910304076,0.513070771488606,1.2655040202907,0.93969011131882
"5134",39.17084694,0.992072633500753,0.866471512386102,0.511243537019653,1.26201641879631,0.939228122105963
"5135",39.17847812,0.991357458963867,0.865512066940592,0.509415029615645,1.25852616763542,0.938762593884041
"5136",39.1861093,0.990642847103574,0.864550748198656,0.507585250152436,1.25503324636329,0.938293499542917
"5137",39.19374048,0.98992880133575,0.863587537486728,0.505754199676407,1.2515376345788,0.93782081176479
"5138",39.20137166,0.989215325061567,0.862622415962044,0.503921879406671,1.24803931192686,0.937344503022617
"5139",39.20900284,0.988502421667444,0.861655364611569,0.502088290737528,1.24453825810143,0.936864545578447
"5140",39.21663402,0.98779009452501,0.860686364250677,0.50025343524059,1.24103445284764,0.936380911481884
"5141",39.2242652,0.98707834699105,0.859715395522076,0.498417314667273,1.23752787596495,0.935893572568375
"5142",39.23189638,0.986367182407472,0.858742438894432,0.496579930950939,1.2340185073093,0.935402500457686
"5143",39.23952756,0.985656604101258,0.85776747466136,0.494741286209487,1.23050632679641,0.934907666552102
"5144",39.24715874,0.984946615384427,0.85679048294,0.492901382747485,1.22699131440404,0.934409042034901
"5145",39.25478992,0.984237219553992,0.855811443669911,0.491060223058717,1.22347345017509,0.93390659786859
"5146",39.2624211,0.98352841989192,0.854830336611813,0.489217809828558,1.21995271422042,0.933400304793209
"5147",39.27005228,0.982820219665096,0.85384714134623,0.487374145936279,1.21642908672141,0.932890133324711
"5148",39.27768346,0.982112622125278,0.852861837272338,0.485529234457592,1.21290254793314,0.932376053753162
"5149",39.28531464,0.981405630509064,0.851874403606668,0.483683078667088,1.2093730781873,0.931858036141019
"5150",39.29294582,0.980699248037856,0.850884819381767,0.481835682040598,1.20584065789494,0.931336050321449
"5151",39.300577,0.979993477917818,0.849893063444969,0.479987048257766,1.20230526754964,0.930810065896497
"5152",39.30820818,0.979288323339847,0.848899114457058,0.47813718120448,1.19876688773046,0.930280052235371
"5153",39.31583936,0.978583787479532,0.847902950890991,0.476286084975448,1.1952254991051,0.929745978472602
"5154",39.32347054,0.977879873497122,0.846904551030511,0.474433763876587,1.19168108243278,0.929207813506326
"5155",39.33110172,0.977176584537493,0.845903892968869,0.472580222427666,1.18813361856755,0.928665525996406
"5156",39.3387329,0.976473923730115,0.844900954607528,0.470725465364865,1.18458308846158,0.928119084362593
"5157",39.34636408,0.975771894189018,0.843895713654654,0.468869497643211,1.18102947316791,0.927568456782791
"5158",39.35399526,0.975070499012763,0.842888147623932,0.467012324439293,1.1774727538442,0.927013611191077
"5159",39.36162644,0.974369741284409,0.841878233833092,0.465153951153781,1.17391291175571,0.926454515275914
"5160",39.36925762,0.973669624071484,0.840865949402532,0.463294383414018,1.17034992827864,0.925891136478259
"5161",39.3768888,0.972970150425954,0.839851271253995,0.461433627076736,1.16678378490369,0.925323441989611
"5162",39.38451998,0.972271323384196,0.838834176109049,0.459571688230541,1.16321446323909,0.924751398750205
"5163",39.39215116,0.97157314596697,0.837814640487795,0.457708573198705,1.1596419450144,0.924174973446975
"5164",39.39978234,0.97087562117939,0.836792640707371,0.455844288541749,1.15606621208376,0.923594132511687
"5165",39.40741352,0.970178752010897,0.835768152880512,0.453978841060111,1.15248724642941,0.923008842118971
"5166",39.4150447,0.969482541435236,0.834741152914186,0.452112237796937,1.14890503016544,0.922419068184303
"5167",39.42267588,0.968786992410428,0.833711616508006,0.45024448604063,1.14531954554102,0.921824776362113
"5168",39.43030706,0.968092107878744,0.832679519152898,0.448375593327711,1.14173077494441,0.921225932043686
"5169",39.43793824,0.967397890766686,0.831644836129528,0.446505567445481,1.13813870090639,0.920622500355214
"5170",39.44556942,0.96670434398496,0.83060754250685,0.444634416434768,1.13454330610404,0.920014446155734
"5171",39.4532006,0.966011470428452,0.829567613140592,0.442762148592699,1.13094457336448,0.919401734035111
"5172",39.46083178,0.965319272976209,0.828525022671794,0.440888772475515,1.12734248566881,0.918784328311907
"5173",39.46846296,0.964627754491418,0.827479745525176,0.439014296901248,1.12373702615566,0.918162193031411
"5174",39.47609414,0.963936917821383,0.826431755907742,0.437138730952661,1.12012817812541,0.917535291963431
"5175",39.48372532,0.963246765797505,0.825381027807095,0.435262083979923,1.11651592504382,0.916903588600284
"5176",39.4913565,0.962557301235268,0.824327534989979,0.433384365603541,1.1129002505462,0.916267046154603
"5177",39.49898768,0.96186852693421,0.823271251000686,0.431505585717155,1.10928113844139,0.915625627557205
"5178",39.50661886,0.961180445677916,0.822212149159435,0.429625754490375,1.10565857271575,0.914979295454962
"5179",39.51425004,0.960493060233995,0.821150202560829,0.427744882371678,1.10203253753737,0.914328012208599
"5180",39.52188122,0.959806373354063,0.820085384072202,0.425862980091254,1.09840301726011,0.913671739890514
"5181",39.5295124,0.959120387773731,0.819017666332053,0.423980058663914,1.09476999642792,0.91301044028256
"5182",39.53714358,0.958435106212583,0.817947021748361,0.422096129391977,1.09113345977899,0.912344074873831
"5183",39.54477476,0.957750531374169,0.816873422496968,0.420211203868177,1.08749339225009,0.911672604858423
"5184",39.55240594,0.957066665945986,0.815796840519965,0.418325293978625,1.08384977898098,0.910995991133126
"5185",39.56003712,0.956383512599464,0.814717247523936,0.416438411905688,1.08020260531867,0.910314194295222
"5186",39.5676683,0.95570107398996,0.81363461497833,0.414550570130951,1.07655185682189,0.909627174640157
"5187",39.57529948,0.955019352756736,0.8125489141138,0.412661781438224,1.07289751926574,0.908934892159183
"5188",39.58293066,0.954338351522957,0.811460115920422,0.410772058916428,1.06923957864601,0.908237306537111
"5189",39.59056184,0.953658072895672,0.810368191146002,0.408881415962611,1.06557802118385,0.907534377149924
"5190",39.59819302,0.952978519465809,0.809273110294408,0.406989866284975,1.06191283333056,0.906826063062367
"5191",39.6058242,0.952299693808166,0.808174843623708,0.405097423905788,1.05824400177199,0.906112323025662
"5192",39.61345538,0.951621598481398,0.807073361144535,0.403204103164488,1.05457151343362,0.905393115474993
"5193",39.62108656,0.950944236028012,0.805968632618205,0.401309918720616,1.05089535548507,0.904668398527187
"5194",39.62871774,0.950267608974359,0.804860627554994,0.399414885556889,1.04721551534511,0.903938129978214
"5195",39.63634892,0.949591719830624,0.803749315212332,0.397519018982226,1.04353198068652,0.903202267300743
"5196",39.6439801,0.948916571090825,0.802634664592978,0.395622334634797,1.03984473944108,0.902460767641674
"5197",39.65161128,0.948242165232801,0.801516644443191,0.393724848485063,1.03615377980454,0.901713587819633
"5198",39.65924246,0.947568504718211,0.80039522325091,0.391826576838852,1.03245909024173,0.900960684322459
"5199",39.66687364,0.94689559199253,0.799270369243871,0.389927536340415,1.02876065949165,0.900202013304672
"5200",39.67450482,0.946223429485042,0.798142050387755,0.388027743975514,1.02505847657268,0.899437530584926
"5201",39.682136,0.945552019608838,0.79701023438431,0.386127217074501,1.02135253078783,0.898667191643418
"5202",39.68976718,0.944881364760812,0.795874888669445,0.384225973315408,1.01764281173001,0.897890951619302
"5203",39.69739836,0.944211467321663,0.794735980411284,0.382324030727033,1.01392930928732,0.897108765308119
"5204",39.70502954,0.943542329655889,0.793593476508316,0.380421407692074,1.01021201364863,0.896320587159074
"5205",39.71266072,0.942873954111789,0.792447343587386,0.378518122950208,1.00649091530891,0.895526371272474
"5206",39.7202919,0.94220634302146,0.791297548001757,0.376614195601216,1.00276600507481,0.894726071397008
"5207",39.72792308,0.941539498700797,0.790144055829155,0.374709645108105,0.999037274070251,0.893919640927056
"5208",39.73555426,0.9408734234495,0.788986832869761,0.372804491300243,0.995304713742099,0.893107032899991
"5209",39.74318544,0.940208119551066,0.787825844644228,0.370898754376463,0.991568315865855,0.892288199993425
"5210",39.75081662,0.9395435892728,0.786661056391661,0.368992454908233,0.987828072551477,0.891463094522456
"5211",39.7584478,0.938879834865811,0.785492433067547,0.367085613842742,0.984083976249117,0.890631668436924
"5212",39.76607898,0.938216858565017,0.784319939341757,0.365178252506079,0.980336019755137,0.889793873318571
"5213",39.77371016,0.937554662589152,0.783143539596461,0.363270392606372,0.976584196218046,0.888949660378239
"5214",39.78134134,0.936893249140763,0.781963197924044,0.361362056236915,0.972828499144512,0.888098980453026
"5215",39.78897252,0.936232620406226,0.780778878125032,0.359453265879336,0.96906892240552,0.887241784003413
"5216",39.7966037,0.935572778555738,0.779590543705924,0.357544044406707,0.965305460242405,0.886378021110425
"5217",39.80423488,0.934913725743334,0.778398157877156,0.355634415086754,0.961538107273304,0.885507641472638
"5218",39.81186606,0.934255464106889,0.777201683550865,0.353724401584942,0.957766858499241,0.884630594403333
"5219",39.81949724,0.933597995768122,0.776001083338757,0.351814027967644,0.953991709310568,0.88374682882753
"5220",39.82712842,0.932941322832613,0.774796319549983,0.349903318705322,0.950212655493522,0.882856293278945
"5221",39.8347596,0.932285447389799,0.773587354188861,0.347992298675618,0.94642969323654,0.881958935897083
"5222",39.84239078,0.931630371512995,0.772374148952715,0.346080993166538,0.94264281913697,0.88105470442417
"5223",39.85002196,0.930976097259391,0.771156665229643,0.344169427879576,0.93885203020768,0.880143546202111
"5224",39.85765314,0.930322626670072,0.769934864096266,0.342257628932866,0.935057323883802,0.879225408169418
"5225",39.86528432,0.929669961770025,0.768708706315449,0.340345622864288,0.931258698029459,0.878300236858164
"5226",39.8729155,0.929018104568145,0.767478152334038,0.338433436634629,0.927456150944699,0.87736797839082
"5227",39.88054668,0.928367057057256,0.766243162280584,0.336521097630704,0.923649681372454,0.876428578477123
"5228",39.88817786,0.927716821214113,0.765003695962969,0.334608633668448,0.91983928850545,0.875481982410953
"5229",39.89580904,0.927067398999422,0.76375971286612,0.332696072996063,0.9160249719934,0.874528135067108
"5230",39.90344022,0.926418792357848,0.762511172149651,0.330783444297107,0.912206731950141,0.873566980898109
"5231",39.9110714,0.92577100321803,0.761258032645495,0.328870776693607,0.908384568960897,0.87259846393094
"5232",39.91870258,0.925124033492599,0.760000252855489,0.326958099749123,0.90455848408953,0.87162252776385
"5233",39.92633376,0.924477885078185,0.75873779094901,0.325045443471862,0.900728478886045,0.870639115562992
"5234",39.93396494,0.923832559855438,0.757470604760506,0.32313283831772,0.896894555393967,0.869648170059185
"5235",39.94159612,0.923188059689039,0.756198651787088,0.321220315193364,0.893056716157974,0.86864963354453
"5236",39.9492273,0.922544386427721,0.754921889186067,0.319307905459275,0.889214964231535,0.867643447869045
"5237",39.95685848,0.921901541904282,0.753640273772427,0.317395640932775,0.885369303184553,0.866629554437348
"5238",39.96448966,0.9212595279356,0.752353762016417,0.315483553891085,0.88151973711134,0.865607894205115
"5239",39.97212084,0.920618346322658,0.751062310040909,0.313571677074285,0.877666270638271,0.864578407675814
"5240",39.97975202,0.919977998850555,0.74976587361899,0.311660043688358,0.873808908932005,0.863541034897055
"5241",39.9873832,0.919338487288523,0.748464408171271,0.309748687408127,0.869947657707299,0.862495715457279
"5242",39.99501438,0.918699813389956,0.747157868763434,0.307837642380269,0.866082523235386,0.861442388482084
"5243",40.00264556,0.918061978892418,0.745846210103537,0.305926943226212,0.862213512352021,0.860380992630784
"5244",40.01027674,0.917424985517669,0.744529386539469,0.304016625045099,0.858340632465937,0.859311466092775
"5245",40.01790792,0.916788834971684,0.743207352056244,0.302106723416677,0.854463891567131,0.858233746583992
"5246",40.0255391,0.916153528944674,0.741880060273403,0.300197274404193,0.85058329823546,0.857147771343214
"5247",40.03317028,0.915519069111105,0.740547464442285,0.298288314557263,0.846698861649161,0.856053477128487
"5248",40.04080146,0.914885457129724,0.739209517443364,0.296379880914706,0.842810591593557,0.854950800213373
"5249",40.04843264,0.914252694643578,0.737866171783521,0.294472011007398,0.838918498469866,0.853839676383262
"5250",40.05606382,0.913620783280036,0.736517379593286,0.292564742861021,0.835022593303981,0.852720040931643
"5251",40.063695,0.912989724650814,0.735163092624066,0.290658114998869,0.83112288775545,0.851591828656361
"5252",40.07132618,0.912359520351997,0.733803262245431,0.288752166444597,0.827219394126634,0.850454973855717
"5253",40.07895736,0.911730171964064,0.7324378394422,0.286846936724906,0.823312125371664,0.849309410324782
"5254",40.08658854,0.911101681051913,0.731066774811701,0.284942465872269,0.819401095105852,0.848155071351446
"5255",40.09421972,0.910474049164882,0.729690018560889,0.283038794427564,0.815486317614955,0.846991889712544
"5256",40.1018509,0.909847277836779,0.728307520503468,0.281135963442716,0.811567807864625,0.845819797669987
"5257",40.10948208,0.909221368585903,0.726919230057015,0.279234014483284,0.807645581509967,0.844638726966757
"5258",40.11711326,0.908596322915073,0.725525096240044,0.27733298963102,0.803719654905145,0.843448608822989
"5259",40.12474444,0.907972142311656,0.724125067669096,0.275432931486408,0.799790045113181,0.842249373931914
"5260",40.13237562,0.907348828247589,0.722719092555752,0.273533883171136,0.795856769915745,0.841040952455855
"5261",40.1400068,0.906726382179409,0.721307118703644,0.27163588833056,0.791919847823113,0.839823274022177
"5262",40.14763798,0.906104805548282,0.719889093505475,0.269738991136108,0.787979298084242,0.838596267719142
"5263",40.15526916,0.905484099780025,0.718464963939985,0.267843236287659,0.784035140696943,0.837359862091787
"5264",40.16290034,0.904864266285145,0.717034676568878,0.265948669015872,0.780087396418107,0.836113985137798
"5265",40.17053152,0.904245306458856,0.715598177533742,0.264055335084461,0.776136086774074,0.834858564303305
"5266",40.1781627,0.903627221681119,0.714155412552983,0.262163280792455,0.772181234071176,0.833593526478625
"5267",40.18579388,0.90301001331666,0.712706326918658,0.260272552976369,0.768222861406253,0.832318797994048
"5268",40.19342506,0.902393682715014,0.711250865493359,0.258383199012378,0.764260992677431,0.831034304615509
"5269",40.20105624,0.901778231210541,0.709788972707022,0.256495266818391,0.76029565259488,0.829739971540287
"5270",40.20868742,0.901163660122466,0.708320592553714,0.254608804856096,0.75632686669174,0.828435723392665
"5271",40.2163186,0.90054997075491,0.706845668588457,0.252723862132981,0.752354661335243,0.827121484219489
"5272",40.22394978,0.899937164396914,0.705364143923924,0.250840488204233,0.748379063737763,0.825797177485803
"5273",40.23158096,0.89932524232248,0.703875961227217,0.248958733174647,0.744400101968186,0.82446272607034
"5274",40.23921214,0.898714205790596,0.702381062716532,0.247078647700433,0.740417804963238,0.823118052261065
"5275",40.24684332,0.898104056045274,0.700879390157848,0.245200282990989,0.736432202539026,0.821763077750643
"5276",40.2544745,0.897494794315578,0.699370884861573,0.243323690810598,0.732443325402658,0.820397723631889
"5277",40.26210568,0.896886421815661,0.697855487679174,0.241448923480062,0.728451205164,0.819021910393146
"5278",40.26973686,0.896278939744796,0.696333138999795,0.23957603387828,0.724455874347588,0.817635557913653
"5279",40.27736804,0.895672349287414,0.694803778746786,0.237705075443748,0.72045736640456,0.81623858545891
"5280",40.28499922,0.89506665161313,0.693267346374277,0.235836102175989,0.716455715724821,0.814830911675957
"5281",40.2926304,0.894461847876789,0.69172378086369,0.233969168636929,0.712450957649287,0.81341245458866
"5282",40.30026158,0.893857939218489,0.690173020720242,0.232104329952171,0.708443128482274,0.81198313159287
"5283",40.30789276,0.893254926763626,0.688615003969372,0.230241641812218,0.704432265503956,0.810542859451733
"5284",40.31552394,0.892652811622923,0.687049668153246,0.2283811604736,0.700418406983086,0.809091554290682
"5285",40.32315512,0.892051594892472,0.685476950327096,0.226522942759942,0.696401592189679,0.807629131592716
"5286",40.3307863,0.891451277653762,0.683896787055646,0.224667046062919,0.692381861407956,0.806155506193354
"5287",40.33841748,0.890851860973722,0.682309114409445,0.222813528343156,0.688359255949357,0.804670592275752
"5288",40.34604866,0.890253345904758,0.680713867961225,0.220962448131029,0.684333818165761,0.803174303365639
"5289",40.35367984,0.889655733484784,0.67911098278214,0.219113864527362,0.680305591462686,0.801666552326371
"5290",40.36131102,0.889059024737268,0.677500393438093,0.217267837204069,0.676274620312839,0.800147251353769
"5291",40.3689422,0.88846322067126,0.675882033985939,0.215424426404658,0.672240950269629,0.798616311971062
"5292",40.37657338,0.887868322281439,0.67425583796973,0.213583692944666,0.668204627980929,0.797073645023674
"5293",40.38420456,0.887274330548146,0.672621738416852,0.211745698211996,0.664165701202905,0.79551916067413
"5294",40.39183574,0.886681246437423,0.670979667834213,0.209910504167129,0.66012421881404,0.793952768396724
"5295",40.39946692,0.886089070901055,0.669329558204349,0.208078173343258,0.656080230829287,0.792374376972318
"5296",40.4070981,0.885497804876605,0.667671340981535,0.206248768846291,0.652033788414372,0.790783894482957
"5297",40.41472928,0.884907449287455,0.666004947087804,0.204422354354762,0.647984943900191,0.789181228306616
"5298",40.42236046,0.884318005042848,0.664330306909033,0.202598994119624,0.643933750797473,0.787566285111714
"5299",40.42999164,0.883729473037924,0.662647350290904,0.200778752963913,0.639880263811469,0.785938970851723
"5300",40.43762282,0.883141854153765,0.660956006534894,0.198961696282318,0.635824538856873,0.784299190759692
"5301",40.445254,0.882555149257427,0.659256204394199,0.1971478900406,0.631766633072846,0.782646849342721
"5302",40.45288518,0.881969359201993,0.657547872069667,0.195337400774913,0.62770660483826,0.780981850376369
"5303",40.46051636,0.881384484826601,0.655830937205632,0.193530295590979,0.623644513786996,0.779304096899132
"5304",40.46814754,0.880800526956496,0.654105326885797,0.191726642163131,0.619580420823507,0.7776134912067
"5305",40.47577872,0.880217486403066,0.652370967629033,0.189926508733247,0.615514388138489,0.77590993484633
"5306",40.4834099,0.879635363963883,0.650627785385147,0.188129964109503,0.611446479224684,0.774193328611091
"5307",40.49104108,0.879054160422747,0.648875705530636,0.18633707766503,0.607376758892911,0.772463572534107
"5308",40.49867226,0.87847387654973,0.647114652864417,0.184547919336387,0.603305293288223,0.770720565882673
"5309",40.50630344,0.877894513101213,0.645344551603468,0.182762559621917,0.599232149906198,0.768964207152493
"5310",40.51393462,0.877316070819934,0.643565325378525,0.180981069579933,0.5951573976095,0.767194394061654
"5311",40.5215658,0.876738550435029,0.641776897229644,0.179203520826756,0.591081106644465,0.765411023544779
"5312",40.52919698,0.876161952662072,0.639979189601826,0.17742998553459,0.587003348658,0.763613991746935
"5313",40.53682816,0.875586278203125,0.638172124340532,0.175660536429237,0.582924196714544,0.761803194017632
"5314",40.54445934,0.875011527746774,0.636355622687206,0.173895246787643,0.578843725313264,0.759978524904715
"5315",40.55209052,0.874437701968179,0.634529605274744,0.172134190435283,0.574762010405406,0.758139878148249
"5316",40.5597217,0.873864801529114,0.632693992122955,0.17037744174335,0.570679129411832,0.756287146674258
"5317",40.56735288,0.873292827078012,0.630848702633936,0.168625075625795,0.566595161240716,0.754420222588586
"5318",40.57498406,0.872721779250011,0.628993655587461,0.166877167536155,0.562510186305433,0.752538997170554
"5319",40.58261524,0.872151658666998,0.627128769136314,0.16513379346422,0.558424286542648,0.750643360866655
"5320",40.59024642,0.87158246593765,0.625253960801591,0.163395029932483,0.55433754543056,0.748733203284118
"5321",40.5978776,0.871014201657485,0.623369147467941,0.161660953992421,0.550250048007329,0.746808413184579
"5322",40.60550878,0.870446866408902,0.621474245378831,0.159931643220555,0.546161880889742,0.744868878477494
"5323",40.61313996,0.869880460761231,0.619569170131683,0.158207175714319,0.542073132291982,0.742914486213715
"5324",40.62077114,0.869314985270773,0.617653836673075,0.156487630087715,0.537983892044684,0.740945122578825
"5325",40.62840232,0.868750440480851,0.615728159293825,0.154773085466742,0.533894251614104,0.73896067288654
"5326",40.6360335,0.868186826921851,0.613792051624064,0.15306362148464,0.529804304121517,0.736961021572081
"5327",40.64366468,0.867624145111274,0.611845426628302,0.151359318276869,0.525714144362838,0.734946052185347
"5328",40.65129586,0.867062395553774,0.609888196600392,0.149660256475894,0.521623868828373,0.732915647384237
"5329",40.65892704,0.866501578741212,0.607920273158528,0.147966517205715,0.517533575722854,0.730869688927715
"5330",40.66655822,0.865941695152699,0.605941567240127,0.146278182076168,0.513443364985589,0.728808057669026
"5331",40.6741894,0.865382745254643,0.603951989096745,0.144595333176975,0.50935333831089,0.726730633548652
"5332",40.68182058,0.864824729500795,0.601951448288904,0.142918053071568,0.505263599168677,0.724637295587433
"5333",40.68945176,0.864267648332298,0.5999398536809,0.14124642479061,0.50117425282527,0.722527921879402
"5334",40.69708294,0.863711502177733,0.597917113435559,0.139580531825324,0.497085406364436,0.720402389584811
"5335",40.70471412,0.863156291453165,0.595883135008972,0.137920458120482,0.492997168708604,0.71826057492285
"5336",40.7123453,0.862602016562193,0.593837825145166,0.13626628806719,0.488909650640331,0.716102353164551
"5337",40.71997648,0.862048677895996,0.591781089870744,0.134618106495349,0.484822964823955,0.71392759862547
"5338",40.72760766,0.86149627583338,0.589712834489498,0.132975998665845,0.480737225827482,0.711736184658333
"5339",40.73523884,0.860944810740827,0.587632963576954,0.131340050262473,0.476652550144706,0.709527983645745
"5340",40.74287002,0.860394282972543,0.585541380974884,0.129710347383528,0.472569056217502,0.707302866992697
"5341",40.7505012,0.859844692870506,0.583437989785799,0.128086976533127,0.46848686445842,0.705060705119084
"5342",40.75813238,0.859296040764513,0.58132269236735,0.126470024612202,0.464406097273426,0.702801367452211
"5343",40.76576356,0.85874832697223,0.579195390326741,0.124859578909181,0.460326879084927,0.7005247224191
"5344",40.77339474,0.858201551799239,0.577055984515067,0.123255727090366,0.456249336355019,0.698230637438883
"5345",40.78102592,0.857655715539088,0.574904375021601,0.12165855718996,0.452173597608937,0.695918978915108
"5346",40.7886571,0.857110818473338,0.572740461168069,0.120068157599772,0.448099793458784,0.693589612227875
"5347",40.79628828,0.856566860871613,0.570564141502847,0.118484617058577,0.444028056627458,0.691242401726084
"5348",40.80391946,0.856023842991648,0.568375313795132,0.116908024641131,0.439958521972846,0.688877210719481
"5349",40.81155064,0.85548176507934,0.566173875029075,0.115338469746826,0.435891326512265,0.686493901470721
"5350",40.81918182,0.854940627368793,0.56395972139784,0.113776042087976,0.431826609447105,0.684092335187316
"5351",40.826813,0.854400430082372,0.561732748297648,0.112220831677755,0.427764512187784,0.68167237201363
"5352",40.83444418,0.853861173430749,0.559492850321757,0.110672928817721,0.423705178378884,0.679233871022611
"5353",40.84207536,0.853322857612954,0.557239921254403,0.109132424084992,0.419648753924605,0.676776690207707
"5354",40.84970654,0.852785482816424,0.554973854064683,0.107599408318999,0.415595387014407,0.674300686474525
"5355",40.85733772,0.852249049217049,0.552694540900411,0.106073972607848,0.411545228148964,0.671805715632511
"5356",40.8649689,0.85171355697923,0.55040187308191,0.104556208274281,0.407498430166356,0.669291632386567
"5357",40.87260008,0.851179006255919,0.548095741095759,0.103046206861192,0.403455148268501,0.666758290328557
"5358",40.88023126,0.850645397188679,0.545776034588498,0.101544060116758,0.399415540047904,0.664205541928842
"5359",40.88786244,0.850112729907722,0.543442642360274,0.100049859979086,0.395379765514603,0.661633238527629
"5360",40.89549362,0.849581004531969,0.541095452358447,0.0985636985604519,0.391347987123444,0.659041230326337
"5361",40.9031248,0.849050221169095,0.53873435167115,0.0970856681310744,0.387320369801608,0.656429366378878
"5362",40.91075598,0.848520379915581,0.53635922652078,0.0956158611024152,0.383297080976385,0.653797494582838
"5363",40.91838716,0.847991480856764,0.533969962257467,0.0941543700100372,0.379278290603278,0.65114546167068
"5364",40.92601834,0.847463524066883,0.531566443352462,0.0927012874959469,0.375264171194333,0.64847311320076
"5365",40.93364952,0.846936509609137,0.529148553391496,0.0912567062904651,0.371254897846778,0.645780293548337
"5366",40.9412807,0.846410437535729,0.526716175068091,0.0898207191936084,0.367250648271969,0.643066845896564
"5367",40.94891188,0.845885307887917,0.524269190176787,0.0883934190559293,0.363251602824553,0.640332612227296
"5368",40.95654306,0.845361120696071,0.521807479606363,0.0869748987588678,0.359257944532012,0.637577433311917
"5369",40.96417424,0.844837875979711,0.519330923332962,0.0855652511945482,0.355269859124415,0.634801148702053
"5370",40.97180542,0.844315573747572,0.516839400413199,0.0841645692450559,0.351287535064531,0.632003596720231
"5371",40.9794366,0.843794213997642,0.514332788977186,0.0827729457611486,0.347311163578199,0.62918461445049
"5372",40.98706778,0.843273796717219,0.511810966221523,0.081390473540405,0.343340938685014,0.626344037728841
"5373",40.99469896,0.842754321882964,0.509273808402235,0.0800172453048205,0.339377057229337,0.623481701133777
"5374",41.00233014,0.842235789460942,0.506721190827633,0.0786533536777836,0.335419718911558,0.620597437976576
"5375",41.00996132,0.841718199406686,0.50415298785115,0.0772988911604922,0.331469126319734,0.617691080291628
"5376",41.0175925,0.841201551665234,0.501569072864098,0.0759539501077328,0.327525484961483,0.614762458826621
"5377",41.02522368,0.840685846171189,0.498969318288376,0.0746186227030683,0.323589003296235,0.611811403032737
"5378",41.03285486,0.840171082848768,0.496353595569139,0.0732930009333772,0.31965989276779,0.608837741054684
"5379",41.04048604,0.839657261611851,0.493721775167372,0.0719771765627432,0.315738367837164,0.605841299720672
"5380",41.04811722,0.839144382364032,0.491073726552451,0.0706712411057208,0.311824646015832,0.602821904532385
"5381",41.0557484,0.838632444998671,0.488409318194612,0.0693752857998902,0.307918947899216,0.599779379654753
"5382",41.06337958,0.838121449398944,0.485728417557381,0.0680894015777721,0.30402149720057,0.596713547905785
"5383",41.07101076,0.837611395437896,0.483030891089941,0.0668136790380127,0.300132520785156,0.593624230746146
"5384",41.07864194,0.837102282978486,0.480316604219435,0.0655482084158972,0.296252248704786,0.5905112482689
"5385",41.08627312,0.836594111873646,0.477585421343217,0.0642930795531068,0.292380914232685,0.587374419188895
"5386",41.0939043,0.836086881966324,0.474837205821038,0.0630483818667694,0.288518753898701,0.5842135608323
"5387",41.10153548,0.835580593089543,0.472071819967178,0.0618142043177493,0.284666007524873,0.581028489125918
"5388",41.10916666,0.835075245066445,0.469289125042508,0.0605906353781755,0.280822918261338,0.5778190185865
"5389",41.11679784,0.834570837710342,0.466488981246493,0.0593777629981921,0.276989732622583,0.574584962309902
"5390",41.12442902,0.834067370824776,0.463671247709155,0.0581756745719288,0.273166700524093,0.571326131960257
"5391",41.1320602,0.833564844203555,0.460835782482928,0.0569844569026431,0.269354075319296,0.568042337758955
"5392",41.13969138,0.83306325763082,0.4579824425345,0.0558041961670597,0.265552113836927,0.564733388473604
"5393",41.14732256,0.832562610881082,0.455111083736559,0.0546349778788685,0.261761076418734,0.561399091406924
"5394",41.15495374,0.832062903719281,0.452221560859482,0.0534768868513585,0.257981226957544,0.55803925238547
"5395",41.16258492,0.831564135900835,0.449313727562982,0.0523300071592075,0.254212832935749,0.554653675748397
"5396",41.1702161,0.831066307171689,0.446387436387649,0.0511944220993526,0.25045616546409,0.551242164335983
"5397",41.17784728,0.83056941726837,0.443442538746472,0.0500702141509962,0.246711499320913,0.547804519478231
"5398",41.18547846,0.830073465918032,0.440478884916258,0.0489574649346605,0.242979112991731,0.544340540983234
"5399",41.19310964,0.829578452838511,0.437496324028997,0.0478562551703261,0.239259288709211,0.540850027125525
"5400",41.20074082,0.829084377738374,0.434494704063183,0.0467666646346192,0.235552312493572,0.537332774634371
"5401",41.208372,0.828591240316972,0.431473871835029,0.0456887721170155,0.231858474193327,0.533788578681909
"5402",41.21600318,0.828099040264488,0.428433672989651,0.0446226553750654,0.228178067526469,0.530217232871218
"5403",41.22363436,0.827607777261986,0.42537395199214,0.0435683910886025,0.224511390122014,0.526618529224275
"5404",41.23126554,0.82711745098147,0.422294552118626,0.0425260548129444,0.220858743562015,0.52299225816989
"5405",41.23889672,0.826628061085922,0.419195315447218,0.0414957209310326,0.217220433423925,0.519338208531489
"5406",41.2465279,0.826139607229365,0.416076082848896,0.0404774626045122,0.213596769323394,0.515656167514791
"5407",41.25415908,0.825652089056904,0.412936693978345,0.039471351723735,0.2099880649575,0.511945920695427
"5408",41.26179026,0.825165506204783,0.409776987264686,0.0384774588566529,0.206394638148375,0.508207252006459
"5409",41.26942144,0.824679858300432,0.406596799902185,0.0374958531965978,0.202816810887295,0.504439943725823
"5410",41.27705262,0.824195144962518,0.403395967840831,0.0365266025089012,0.199254909379142,0.5006437764636
"5411",41.2846838,0.823711365800994,0.400174325776879,0.0355697730763613,0.195709264087341,0.496818529149248
"5412",41.29231498,0.823228520417154,0.396931707143328,0.0346254296435284,0.192180209779245,0.492963979018765
"5413",41.29994616,0.822746608403677,0.393667944100294,0.0336936353597702,0.188668085571922,0.489079901601698
"5414",41.30757734,0.822265629344684,0.390382867525332,0.0327744517211148,0.185173234978416,0.485166070708049
"5415",41.31520852,0.821785582815781,0.387076307003672,0.0318679385108405,0.181696005954441,0.481222258415127
"5416",41.3228397,0.821306468384113,0.383748090818388,0.0309741537387933,0.178236750945551,0.47724823505428
"5417",41.33047088,0.820828285608415,0.380398045940494,0.0300931535794045,0.174795826934751,0.473243769197508
"5418",41.33810206,0.820351034039061,0.377025998018932,0.0292249923083803,0.171373595490552,0.469208627643955
"5419",41.34573324,0.819874713218113,0.373631771370544,0.0283697222380646,0.167970422815555,0.465142575406392
"5420",41.35336442,0.819399322679368,0.370215188969901,0.0275273936514125,0.164586679795432,0.461045375697481
"5421",41.3609956,0.818924861948418,0.36677607243911,0.0266980547345865,0.161222742048446,0.45691678991604
"5422",41.36862678,0.818451330542686,0.363314242037495,0.0258817515081167,0.157878989975396,0.452756577633083
"5423",41.37625796,0.817978727971487,0.359829516651215,0.0250785277566274,0.154555808810075,0.448564496577837
"5424",41.38388914,0.817507053736072,0.356321713782841,0.0242884249570965,0.151253588670237,0.444340302623668
"5425",41.39152032,0.817036307329679,0.352790649540778,0.0235114822056052,0.147972724609009,0.440083749773829
"5426",41.3991515,0.816566488237581,0.349236138628687,0.0227477361425777,0.144713616666853,0.435794590147174
"5427",41.40678268,0.816097595937138,0.345657994334744,0.0219972208764537,0.141476669923972,0.431472573963656
"5428",41.41441386,0.815629629897845,0.342056028520886,0.0212599679057988,0.13826229455328,0.427117449529848
"5429",41.42204504,0.81516258958138,0.338430051611934,0.0205360060397963,0.135070905873853,0.422728963224242
"5430",41.42967622,0.814696474441655,0.334779872584642,0.0198253613171066,0.131902924404896,0.418306859482492
"5431",41.4373074,0.814231283924865,0.331105298956678,0.0191280569230655,0.128758775920257,0.413850880782552
"5432",41.44493858,0.813767017469536,0.32740613677549,0.0184441131051812,0.125638891503432,0.409360767629658
"5433",41.45256976,0.813303674506575,0.323682190607112,0.0177735470869115,0.122543707603131,0.404836258541221
"5434",41.46020094,0.812841254459316,0.319933263524853,0.0171163729796789,0.119473666089342,0.40027709003156
"5435",41.46783212,0.812379756743574,0.316159157097956,0.0164726016931136,0.116429214310004,0.39568299659665
"5436",41.4754633,0.811919180767689,0.312359671380109,0.0158422408434623,0.113410805148152,0.391053710698579
"5437",41.48309448,0.811459525932577,0.308534604897888,0.0152252946601539,0.11041889707965,0.386388962749991
"5438",41.49072566,0.811000791631778,0.304683754639147,0.0146217638904869,0.107453954231495,0.38168848109842
"5439",41.49835684,0.810542977251502,0.300806916041242,0.0140316457023875,0.104516446440631,0.376951992010404
"5440",41.50598802,0.810086082170683,0.296903882979239,0.0134549335852309,0.101606849313381,0.372179219655592
"5441",41.5136192,0.809630105761022,0.292974447754012,0.0128916172486747,0.0987256442854433,0.367369886090698
"5442",41.52125038,0.809175047387036,0.289018401080191,0.012341682519462,0.0958733186824123,0.362523711243228
"5443",41.52888156,0.808720906406109,0.285035532074137,0.0118051112361913,0.0930503657809776,0.357640412895302
"5444",41.53651274,0.808267682168538,0.281025628241689,0.0112818811419722,0.0902572848706083,0.352719706667104
"5445",41.54414392,0.807815374017578,0.276988475465895,0.0107719657749654,0.0874945813158859,0.347761306000336
"5446",41.5517751,0.807363981289495,0.27292385799468,0.0102753343567644,0.0847627666194646,0.342764922141627
"5447",41.55940628,0.80691350331361,0.268831558428306,0.00979195167855484,0.0820623584855466,0.337730264125585
"5448",41.56703746,0.80646393941235,0.264711357706858,0.0093217779850519,0.0793938808840602,0.33265703875795
"5449",41.57466864,0.806015288901291,0.260563035097549,0.0088647688561448,0.0767578641153911,0.32754495059848
"5450",41.58229982,0.805567551089208,0.256386368181958,0.00842087508622465,0.074154844875759,0.322393701943726
"5451",41.589931,0.805120725278121,0.252181132843197,0.00799004256115469,0.0715853663232327,0.317202992809764
"5452",41.59756218,0.804674810763346,0.247947103252908,0.00757221213283029,0.0690499781443387,0.311972520914638
"5453",41.60519336,0.804229806833536,0.243684051858249,0.0071673194913046,0.0665492366213585,0.30670198166083
"5454",41.61282454,0.803785712770732,0.239391749368703,0.00677529503441994,0.0640837047002279,0.301391068117484
"5455",41.62045572,0.803342527850408,0.235069964742821,0.00639606373491249,0.0616539520591035,0.296039471002519
"5456",41.6280869,0.802900251341522,0.230718465174884,0.00602954500494635,0.0592605551776004,0.290646878664679
"5457",41.63571808,0.802458882506553,0.226337016081397,0.00567565255802208,0.0569040974066525,0.2852129770653
"5458",41.64334926,0.802018420601558,0.221925381087562,0.00533429426822989,0.0545851690390896,0.279737449760099
"5459",41.65098044,0.801578864876214,0.217483322013571,0.00500537202678598,0.0523043673808446,0.274219977880685
"5460",41.65861162,0.801140214573861,0.213010598860864,0.00468878159581852,0.0500622968228823,0.268660240116057
"5461",41.6662428,0.800702468931556,0.208506969798188,0.00438441245934135,0.0478595689137637,0.263057912693792
"5462",41.67387398,0.800265627180109,0.203972191147673,0.00409214767138495,0.0456968024329678,0.257412669361306
"5463",41.68150516,0.799829688544138,0.199406017370692,0.00381186370121672,0.0435746234648573,0.251724181366773
"5464",41.68913634,0.799394652242111,0.194808201053652,0.00354343027561313,0.0414936654733732,0.245992117439999
"5465",41.69676752,0.79896051748639,0.19017849289371,0.00328671021813002,0.039454569377453,0.240216143773159
"5466",41.7043987,0.798527283483279,0.18551664168431,0.00304155928531492,0.0374579836271396,0.234395924001313
"5467",41.71202988,0.79809494943307,0.180822394300679,0.0028078259998161,0.0355045642804465,0.228531119182862
"5468",41.71966106,0.797663514530085,0.176095495685161,0.00258535148032807,0.0335949750809306,0.222621387779789
"5469",41.72729224,0.797232977962725,0.17133568883243,0.00237396926832252,0.0317298875360058,0.216666385637724
"5470",41.73492342,0.796803338913513,0.166542714774693,0.00217350515151406,0.0299099809960387,0.21066576596602
"5471",41.7425546,0.796374596559138,0.161716312566606,0.00198377698399194,0.0281359427341322,0.20461917931742
"5472",41.75018578,0.795946750070502,0.156856219270237,0.00180459450297617,0.0264084680267288,0.198526273567795
"5473",41.75781696,0.795519798612765,0.151962169939834,0.00163575914212975,0.0247282602349529,0.192386693895639
"5474",41.76544814,0.795093741345386,0.147033897606456,0.00147706384136981,0.0230960308867156,0.186200082761337
"5475",41.77307932,0.794668577422172,0.142071133262561,0.00132829285312273,0.0215124997596312,0.179966079886422
"5476",41.7807105,0.794244305991319,0.137073605846397,0.00118922154495615,0.0199783949646896,0.173684322232535
"5477",41.78834168,0.793820926195457,0.132041042226341,0.00105961619853136,0.0184944530307498,0.167354443980333
"5478",41.79597286,0.793398437171695,0.126973167185057,0.000939233804809276,0.0170614189898138,0.160976076508142
"5479",41.80360404,0.792976838051664,0.121869703403572,0.00082782185544803,0.0156800464631226,0.15454884837051
"5480",41.81123522,0.792556127961562,0.116730371445244,0.00072511813032578,0.0143510977480703,0.148072385276605
"5481",41.8188664,0.792136306022195,0.111554889739511,0.000630850481121931,0.0130753439059164,0.141546310068323
"5482",41.82649758,0.791717371349024,0.106342974565675,0.00054473661091931,0.0118535648503951,0.134970242698455
"5483",41.83412876,0.791299323052205,0.101094340036391,0.000466483849718632,0.0106865494371121,0.128343800208454
"5484",41.84175994,0.790882160236635,0.0958086980811831,0.000395788925752965,0.00957509555376427,0.121666596706205
"5485",41.84939112,0.790465882001995,0.0904857584296975,0.000332337732605228,0.0085200102112028,0.114938243343449
"5486",41.8570223,0.790050487442789,0.085125228594913,0.000275805092217211,0.00752210963555341,0.10815834829326
"5487",41.86465348,0.789635975648393,0.0797268138559855,0.00022585451387499,0.00658221936150195,0.101326516727256
"5488",41.87228466,0.789222345703093,0.0742902172412923,0.000182137947832142,0.00570117432559054,0.0944423507924676
"5489",41.87991584,0.78880959668613,0.0688151395133244,0.000144295530049729,0.00487981895628804,0.0875054495877468
"5490",41.88754702,0.788397727671741,0.063301279148754,0.000111955333342354,0.00411900727521083,0.0805154091410229
"5491",41.8951782,0.787986737729202,0.0577483323184695,8.47331137647065e-05,0.00341960299932909,0.073471822386551
"5492",41.90280938,0.78757662592287,0.0521559928870375,6.22320147966485e-05,0.00278247960882935,0.0663742791350242
"5493",41.91044056,0.787167391312226,0.0465239524305225,4.40422443074295e-05,0.00220852039406495,0.0592223660354353
"5494",41.91807174,0.786759032951915,0.0408519000109346,2.97411283583162e-05,0.00169861886286171,0.0520156666327376
"5495",41.92570292,0.78635154989179,0.0351395220306589,1.88930251055642e-05,0.00125367903364872,0.044753761394929
"5496",41.9333341,0.78594494117695,0.029386503288498,1.10473624695698e-05,0.000874613937994475,0.0374362272633748
"5497",41.94096528,0.785539205847786,0.0235925207607245,5.74413425147486e-06,0.000562351170096694,0.0300626411942064
"5498",41.94859646,0.78513434294002,0.0177572517719865,2.50672421618479e-06,0.000317826714709901,0.0226325752081582
"5499",41.95622764,0.784730351484746,0.0118804493729239,7.84126532241185e-07,0.000141929203834849,0.015145549348995
