"","cohort","Ri","Rc","varRc","RcSS","cumden"
"1",0,1.4999999985,1.49999505236506,2.24977571437806,4.49976087149772,1.00000009108955
"2",0.00763118,1.4999999984828,1.49999506266226,2.24977625248631,4.49976144049748,1.00000009091358
"3",0.01526236,1.49999999846553,1.49999507907815,2.24977707667065,4.4997623139293,1.00000009062152
"4",0.02289354,1.49999999844819,1.49999510158541,2.24977818544621,4.49976349022642,1.00000009021384
"5",0.03052472,1.49999999843079,1.49999513014575,2.24977957681221,4.49976496727318,1.00000008969118
"6",0.0381559,1.49999999841333,1.49999516471234,2.24978124837108,4.49976674253147,1.00000008905434
"7",0.04578708,1.49999999839579,1.49999520522862,2.24978319727333,4.49976881298217,1.00000008830434
"8",0.05341826,1.49999999837819,1.4999952516303,2.24978542031176,4.49977117522523,1.00000008744232
"9",0.06104944,1.49999999836052,1.49999530384326,2.24978791381992,4.49977382537174,1.00000008646961
"10",0.06868062,1.49999999834278,1.49999536178553,2.2497906737704,4.49977675914851,1.00000008538769
"11",0.0763118,1.49999999832498,1.49999542536655,2.24979369573836,4.49977997185894,1.00000008419822
"12",0.08394298,1.49999999830711,1.49999549448818,2.24979697494661,4.49978345843146,1.00000008290298
"13",0.09157416,1.49999999828917,1.49999556904537,2.24980050630368,4.49978721345943,1.00000008150391
"14",0.09920534,1.49999999827116,1.49999564892598,2.24980428439033,4.49979123118719,1.00000008000306
"15",0.10683652,1.49999999825308,1.49999573401005,2.24980830342503,4.49979550547339,1.00000007840266
"16",0.1144677,1.49999999823493,1.49999582417266,2.24981255740482,4.49980002994024,1.00000007670501
"17",0.12209888,1.49999999821672,1.49999591928282,2.24981704004788,4.499804797913,1.00000007491253
"18",0.12973006,1.49999999819843,1.49999601920374,2.2498217448049,4.49980980243198,1.00000007302777
"19",0.13736124,1.49999999818008,1.49999612379411,2.24982666492566,4.499815036323,1.00000007105336
"20",0.14499242,1.49999999816165,1.49999623290819,2.24983179346056,4.49982049219933,1.00000006899201
"21",0.1526236,1.49999999814315,1.49999634639631,2.24983712327974,4.49982616248201,1.00000006684651
"22",0.16025478,1.49999999812459,1.49999646410543,2.24984264710785,4.49983203943664,1.00000006461972
"23",0.16788596,1.49999999810595,1.49999658587832,2.24984835747595,4.49983811512256,1.00000006231457
"24",0.17551714,1.49999999808724,1.49999671155679,2.24985424688384,4.49984438156503,1.00000005993404
"25",0.18314832,1.49999999806846,1.4999968409796,2.24986030769111,4.49985083063988,1.00000005748115
"26",0.1907795,1.49999999804961,1.4999969739837,2.24986653218336,4.49985745414362,1.00000005495894
"27",0.19841068,1.49999999803068,1.49999711040541,2.24987291262335,4.49986424384792,1.0000000523705
"28",0.20604186,1.49999999801168,1.49999725008019,2.24987944124403,4.49987119149218,1.00000004971892
"29",0.21367304,1.49999999799261,1.49999739284196,2.24988611020833,4.49987828874101,1.00000004700733
"30",0.22130422,1.49999999797347,1.49999753852617,2.24989291176347,4.49988552734803,1.00000004423882
"31",0.2289354,1.49999999795426,1.499997686968,2.24989983815071,4.49989289906007,1.00000004141649
"32",0.23656658,1.49999999793497,1.4999978380032,2.24990688164269,4.49990039565696,1.00000003854346
"33",0.24419776,1.4999999979156,1.49999799146859,2.24991403457105,4.49990800898086,1.00000003562279
"34",0.25182894,1.49999999789617,1.49999814720264,2.24992128935118,4.49991573096253,1.00000003265754
"35",0.25946012,1.49999999787666,1.49999830504617,2.24992863851657,4.49992355365796,1.00000002965072
"36",0.2670913,1.49999999785707,1.49999846484085,2.24993607464394,4.49993146916883,1.00000002660533
"37",0.27472248,1.49999999783741,1.49999862643117,2.24994359045167,4.49993946974708,1.0000000235243
"38",0.28235366,1.49999999781767,1.49999878966455,2.24995117879866,4.49994754779377,1.00000002041054
"39",0.28998484,1.49999999779786,1.49999895439065,2.24995883265558,4.49995569582862,1.00000001726689
"40",0.29761602,1.49999999777797,1.49999912046255,2.24996654515904,4.49996390654746,1.00000001409614
"41",0.3052472,1.49999999775801,1.49999928773599,2.24997430957513,4.49997217278361,1.00000001090102
"42",0.31287838,1.49999999773797,1.49999945607084,2.24998211936807,4.49998048758088,1.00000000768422
"43",0.32050956,1.49999999771786,1.49999962532968,2.24998996813363,4.49998884412282,1.00000000444832
"44",0.32814074,1.49999999769766,1.49999979537953,2.24999784968047,4.49999723581911,1.00000000119588
"45",0.33577192,1.49999999767739,1.49999996609035,2.25000575795811,4.50000565622916,0.999999997929362
"46",0.3434031,1.49999999765704,1.50000013733688,2.25001368714541,4.50001409915607,0.999999994651157
"47",0.35103428,1.49999999763662,1.50000030899719,2.25002163157953,4.5000225585712,0.99999999136359
"48",0.35866546,1.49999999761612,1.50000048095351,2.25002958579477,4.50003102865553,0.99999998806891
"49",0.36629664,1.49999999759553,1.50000065309225,2.25003754452771,4.50003950380489,0.999999984769289
"50",0.37392782,1.49999999757487,1.5000008253033,2.25004550267679,4.50004797858738,0.999999981466831
"51",0.381559,1.49999999755413,1.50000099748193,2.25005345539791,4.50005644784468,0.999999978163541
"52",0.38919018,1.49999999753331,1.50000116952611,2.25006139797331,4.500064906553,0.999999974861373
"53",0.39682136,1.49999999751242,1.50000134133898,2.25006932593265,4.50007334995139,0.999999971562186
"54",0.40445254,1.49999999749144,1.50000151282701,2.25007723495994,4.50008177344327,0.999999968267773
"55",0.41208372,1.49999999747038,1.50000168390167,2.25008512097778,4.50009017268563,0.999999964979835
"56",0.4197149,1.49999999744924,1.50000185447716,2.25009298003632,4.50009854347124,0.999999961700022
"57",0.42734608,1.49999999742802,1.50000202447315,2.25010080844468,4.50010688186824,0.999999958429881
"58",0.43497726,1.49999999740672,1.5000021938123,2.2501086026503,4.500115184092,0.999999955170902
"59",0.44260844,1.49999999738534,1.50000236242101,2.25011635928084,4.50012344654946,0.999999951924504
"60",0.45023962,1.49999999736387,1.50000253023019,2.25012407517216,4.50013166586913,0.999999948692022
"61",0.4578708,1.49999999734233,1.50000269717407,2.25013174731859,4.50013983884809,0.999999945474727
"62",0.46550198,1.4999999973207,1.50000286319061,2.25013937288881,4.50014796246885,0.999999942273822
"63",0.47313316,1.49999999729899,1.50000302822112,2.2501469492067,4.50015603387923,0.999999939090445
"64",0.48076434,1.49999999727719,1.50000319221112,2.25015447379719,4.50016405044075,0.999999935925653
"65",0.48839552,1.49999999725531,1.50000335510846,2.25016194429046,4.50017200962711,0.999999932780462
"66",0.4960267,1.49999999723335,1.50000351686493,2.25016935850338,4.50017990911053,0.999999929655811
"67",0.50365788,1.49999999721131,1.50000367743563,2.2501767144085,4.50018774672891,0.999999926552575
"68",0.51128906,1.49999999718918,1.50000383677853,2.25018401010915,4.50019552045947,0.999999923471579
"69",0.51892024,1.49999999716696,1.50000399485426,2.25019124383529,4.50020322841404,0.999999920413593
"70",0.52655142,1.49999999714467,1.50000415162717,2.25019841398942,4.50021086888815,0.99999991737932
"71",0.5341826,1.49999999712228,1.5000043070637,2.25020551907259,4.50021844028223,0.999999914369419
"72",0.54181378,1.49999999709981,1.50000446113335,2.25021255772647,4.50022594114642,0.999999911384495
"73",0.54944496,1.49999999707726,1.50000461380865,2.25021952873674,4.50023337018397,0.999999908425092
"74",0.55707614,1.49999999705461,1.50000476506325,2.25022643093618,4.50024072614864,0.999999905491736
"75",0.56470732,1.49999999703189,1.50000491487449,2.25023326333272,4.50024800798033,0.999999902584879
"76",0.5723385,1.49999999700907,1.50000506322165,2.25024002502606,4.50025521471666,0.999999899704939
"77",0.57996968,1.49999999698617,1.50000521008615,2.25024671521099,4.50026234549658,0.99999989685229
"78",0.58760086,1.49999999696318,1.50000535545187,2.25025333319649,4.50026939958077,0.999999894027262
"79",0.59523204,1.4999999969401,1.50000549930399,2.25025987835581,4.50027637629802,0.999999891230159
"80",0.60286322,1.49999999691693,1.50000564163003,2.25026635016556,4.50028327508747,0.99999988846124
"81",0.6104944,1.49999999689368,1.50000578241953,2.2502727481999,4.50029009549193,0.999999885720726
"82",0.61812558,1.49999999687033,1.50000592166392,2.25027907211754,4.50029683714437,0.999999883008799
"83",0.62575676,1.4999999968469,1.50000605935565,2.25028532162474,4.50030349972841,0.999999880325626
"84",0.63338794,1.49999999682338,1.50000619548932,2.25029149652708,4.50031008303343,0.999999877671329
"85",0.64101912,1.49999999679977,1.5000063300606,2.25029759668015,4.50031658690201,0.999999875046011
"86",0.6486503,1.49999999677606,1.50000646306698,2.2503036220208,4.50032301126351,0.99999987244974
"87",0.65628148,1.49999999675227,1.50000659450716,2.25030957254478,4.50032935610976,0.999999869882559
"88",0.66391266,1.49999999672839,1.50000672438114,2.25031544830544,4.50033562149409,0.999999867344489
"89",0.67154384,1.49999999670441,1.50000685269035,2.25032124942156,4.50034180753956,0.999999864835522
"90",0.67917502,1.49999999668034,1.5000069794364,2.25032697602069,4.5003479143786,0.999999862355644
"91",0.6868062,1.49999999665618,1.50000710462341,2.25033262834497,4.50035394226568,0.999999859904796
"92",0.69443738,1.49999999663193,1.5000072282556,2.25033820664103,4.50035989146007,0.999999857482917
"93",0.70206856,1.49999999660759,1.50000735033801,2.25034371119301,4.50036576226105,0.999999855089926
"94",0.70969974,1.49999999658315,1.50000747087758,2.25034914237237,4.50037155506092,0.99999985272571
"95",0.71733092,1.49999999655862,1.50000758988038,2.25035450050793,4.50037727020667,0.99999985039017
"96",0.7249621,1.499999996534,1.50000770735531,2.25035978606032,4.50038290818565,0.999999848083153
"97",0.73259328,1.49999999650928,1.50000782331027,2.2503649994439,4.50038846943591,0.999999845804525
"98",0.74022446,1.49999999648446,1.50000793775512,2.25037014116006,4.50039395448842,0.999999843554115
"99",0.74785564,1.49999999645956,1.50000805069906,2.25037521168197,4.50039936384397,0.999999841331761
"100",0.75548682,1.49999999643455,1.50000816215303,2.25038021155982,4.50040469808553,0.999999839137273
"101",0.763118,1.49999999640945,1.50000827212733,2.25038514131609,4.50040995776651,0.999999836970468
"102",0.77074918,1.49999999638426,1.50000838063487,2.25039000159141,4.50041514356626,0.999999834831115
"103",0.77838036,1.49999999635897,1.50000848768639,2.25039479292438,4.50042025605559,0.999999832719024
"104",0.78601154,1.49999999633358,1.50000859329451,2.25039951594316,4.50042529590053,0.999999830633968
"105",0.79364272,1.49999999630809,1.50000869747226,2.25040417129066,4.50043026378308,0.999999828575714
"106",0.8012739,1.49999999628251,1.50000880023259,2.25040875960682,4.50043516038204,0.999999826544027
"107",0.80890508,1.49999999625683,1.50000890158878,2.250413281546,4.5004399863916,0.999999824538667
"108",0.81653626,1.49999999623105,1.50000900155484,2.2504177377938,4.50044474253935,0.999999822559382
"109",0.82416744,1.49999999620518,1.50000910014442,2.25042212902299,4.50044942953907,0.999999820605922
"110",0.83179862,1.4999999961792,1.5000091973721,2.25042645594219,4.50045404814306,0.999999818678023
"111",0.8394298,1.49999999615313,1.50000929325168,2.25043071922886,4.50045859907026,0.999999816775433
"112",0.84706098,1.49999999612695,1.50000938779854,2.25043491962877,4.50046308311252,0.99999981489787
"113",0.85469216,1.49999999610068,1.50000948102632,2.25043905780933,4.50046750097819,0.999999813045087
"114",0.86232334,1.4999999960743,1.50000957295076,2.25044313453174,4.50047185347565,0.999999811216795
"115",0.86995452,1.49999999604782,1.50000966358639,2.25044715050227,4.50047614135483,0.999999809412726
"116",0.8775857,1.49999999602125,1.50000975294848,2.25045110646041,4.50048036540096,0.999999807632601
"117",0.88521688,1.49999999599457,1.50000984105173,2.25045500311677,4.5004845263688,0.99999980587615
"118",0.89284806,1.49999999596779,1.50000992791161,2.25045884122042,4.5004886250538,0.999999804143088
"119",0.90047924,1.4999999959409,1.50001001354329,2.25046262150255,4.50049266223269,0.999999802433135
"120",0.90811042,1.49999999591392,1.50001009796179,2.25046634468876,4.50049663867609,0.999999800746015
"121",0.9157416,1.49999999588683,1.50001018118234,2.25047001151114,4.50050055516181,0.999999799081446
"122",0.92337278,1.49999999585964,1.50001026322031,2.25047362271172,4.50050441247799,0.999999797439145
"123",0.93100396,1.49999999583234,1.50001034409079,2.25047717901278,4.50050821139215,0.999999795818833
"124",0.93863514,1.49999999580494,1.50001042380881,2.2504806811401,4.50051195267517,0.999999794220232
"125",0.94626632,1.49999999577743,1.50001050238968,2.25048412982835,4.5005156371077,0.999999792643058
"126",0.9538975,1.49999999574982,1.50001057984799,2.25048752577606,4.50051926543198,0.999999791087041
"127",0.96152868,1.4999999957221,1.50001065619939,2.25049086973446,4.50052283844619,0.999999789551891
"128",0.96915986,1.49999999569428,1.5000107314581,2.25049416238456,4.50052635687402,0.999999788037344
"129",0.97679104,1.49999999566635,1.50001080563918,2.2504974044481,4.50052982148239,0.999999786543121
"130",0.98442222,1.49999999563832,1.50001087875739,2.25050059663112,4.50053323302163,0.999999785068948
"131",0.9920534,1.49999999561017,1.50001095082759,2.25050373964426,4.50053659224694,0.999999783614548
"132",0.99968458,1.49999999558192,1.50001102186397,2.2505068341661,4.50053989987949,0.999999782179657
"133",1.00731576,1.49999999555357,1.50001109188101,2.25050988088739,4.50054315665345,0.999999780764007
"134",1.01494694,1.4999999955251,1.50001116089258,2.25051288047097,4.50054636327328,0.999999779367339
"135",1.02257812,1.49999999549652,1.50001122891363,2.25051583363028,4.50054952049726,0.999999777989375
"136",1.0302093,1.49999999546784,1.50001129595791,2.25051874102111,4.50055262902243,0.999999776629858
"137",1.03784048,1.49999999543904,1.50001136203918,2.25052160329952,4.50055568954616,0.999999775288533
"138",1.04547166,1.49999999541014,1.5000114271712,2.25052442112101,4.50055870276519,0.999999773965142
"139",1.05310284,1.49999999538112,1.50001149136746,2.25052719512781,4.50056166936226,0.999999772659434
"140",1.06073402,1.499999995352,1.50001155464222,2.25052992599919,4.50056459005936,0.999999771371143
"141",1.0683652,1.49999999532276,1.50001161700801,2.25053261433051,4.50056746548951,0.999999770100035
"142",1.07599638,1.49999999529341,1.50001167847842,2.25053526076938,4.50057029634102,0.999999768845856
"143",1.08362756,1.49999999526395,1.50001173906628,2.25053786592559,4.50057308326224,0.999999767608367
"144",1.09125874,1.49999999523438,1.50001179878466,2.25054043042059,4.50057582691377,0.999999766387323
"145",1.09888992,1.49999999520469,1.50001185764616,2.25054295485183,4.50057852793092,0.999999765182489
"146",1.1065211,1.49999999517489,1.50001191566363,2.25054543983004,4.50058118696292,0.999999763993624
"147",1.11415228,1.49999999514497,1.50001197284941,2.25054788594242,4.50058380463401,0.999999762820497
"148",1.12178346,1.49999999511495,1.50001202921579,2.25055029376991,4.50058638156198,0.999999761662879
"149",1.12941464,1.4999999950848,1.50001208477492,2.25055266389007,4.50058891836086,0.999999760520542
"150",1.13704582,1.49999999505454,1.50001213953854,2.25055499686013,4.50059141562311,0.999999759393266
"151",1.144677,1.49999999502417,1.50001219351881,2.25055729325604,4.50059387396115,0.999999758280824
"152",1.15230818,1.49999999499368,1.50001224672745,2.25055955363355,4.5005962939659,0.999999757182995
"153",1.15993936,1.49999999496307,1.50001229917573,2.25056177852621,4.50059867620468,0.999999756099569
"154",1.16757054,1.49999999493235,1.50001235087517,2.25056396847919,4.50060102125723,0.99999975503033
"155",1.17520172,1.4999999949015,1.50001240183668,2.25056612401,4.50060332967383,0.999999753975072
"156",1.1828329,1.49999999487055,1.50001245207182,2.25056824566637,4.5006056020369,0.99999975293358
"157",1.19046408,1.49999999483947,1.50001250159132,2.25057033395469,4.50060783888495,0.999999751905651
"158",1.19809526,1.49999999480827,1.50001255040545,2.25057238936137,4.50061004073524,0.999999750891093
"159",1.20572644,1.49999999477695,1.50001259852526,2.25057441240944,4.50061220814394,0.9999997498897
"160",1.21335762,1.49999999474552,1.50001264596113,2.25057640358904,4.50061434163234,0.999999748901274
"161",1.2209888,1.49999999471396,1.50001269272305,2.250578363372,4.50061644170224,0.999999747925631
"162",1.22861998,1.49999999468229,1.50001273882176,2.25058029226724,4.50061850889479,0.999999746962566
"163",1.23625116,1.49999999465049,1.50001278426669,2.25058219071988,4.5006205436834,0.999999746011903
"164",1.24388234,1.49999999461857,1.50001282906796,2.25058405920703,4.5006225465755,0.999999745073452
"165",1.25151352,1.49999999458653,1.5000128732353,2.25058589818906,4.50062451806067,0.99999974414703
"166",1.2591447,1.49999999455436,1.50001291677789,2.2505877080986,4.5006264585991,0.999999743232465
"167",1.26677588,1.49999999452208,1.5000129597053,2.2505894893882,4.50062836867204,0.999999742329576
"168",1.27440706,1.49999999448967,1.50001300202725,2.2505912425158,4.50063024876659,0.99999974143818
"169",1.28203824,1.49999999445713,1.50001304375241,2.25059296789121,4.50063209931859,0.999999740558114
"170",1.28966942,1.49999999442448,1.50001308488959,2.250594665929,4.50063392076897,0.999999739689214
"171",1.2973006,1.49999999439169,1.50001312544821,2.25059633707481,4.50063571359172,0.9999997388313
"172",1.30493178,1.49999999435878,1.50001316543636,2.25059798170817,4.50063747819057,0.999999737984221
"173",1.31256296,1.49999999432575,1.5000132048628,2.25059960024303,4.50063921500578,0.999999737147813
"174",1.32019414,1.49999999429259,1.50001324373644,2.2506011930995,4.50064092448421,0.999999736321905
"175",1.32782532,1.4999999942593,1.50001328206492,2.2506027606363,4.50064260700746,0.999999735506357
"176",1.3354565,1.49999999422589,1.50001331985673,2.25060430325541,4.50064426300303,0.999999734701007
"177",1.34308768,1.49999999419234,1.5000133571198,2.25060582132871,4.50064589286651,0.999999733905705
"178",1.35071886,1.49999999415867,1.50001339386204,2.25060731522943,4.50064749699493,0.999999733120303
"179",1.35835004,1.49999999412487,1.50001343009162,2.25060878534097,4.50064907579619,0.999999732344647
"180",1.36598122,1.49999999409095,1.50001346581592,2.25061023201236,4.50065062964145,0.999999731578596
"181",1.3736124,1.49999999405689,1.50001350104232,2.25061165558938,4.50065215889861,0.999999730822014
"182",1.38124358,1.4999999940227,1.50001353577838,2.25061305642879,4.50065366394715,0.999999730074756
"183",1.38887476,1.49999999398838,1.50001357003169,2.25061443488701,4.50065514516621,0.999999729336679
"184",1.39650594,1.49999999395393,1.50001360380898,2.25061579128122,4.50065660289324,0.999999728607657
"185",1.40413712,1.49999999391935,1.50001363711746,2.25061712594951,4.50065803748787,0.999999727887554
"186",1.4117683,1.49999999388463,1.50001366996446,2.25061843923775,4.50065944931801,0.999999727176229
"187",1.41939948,1.49999999384979,1.50001370235624,2.25061973143832,4.5006608386948,0.999999726473568
"188",1.42703066,1.49999999381481,1.50001373430007,2.25062100289447,4.50066220598333,0.999999725779431
"189",1.43466184,1.49999999377969,1.50001376580237,2.25062225390854,4.50066355150515,0.999999725093696
"190",1.44229302,1.49999999374444,1.50001379686976,2.25062348478936,4.500664875589,0.99999972441624
"191",1.4499242,1.49999999370906,1.5000138275084,2.25062469582711,4.5006661785435,0.999999723746946
"192",1.45755538,1.49999999367354,1.5000138577246,2.25062588731859,4.50066746068442,0.999999723085695
"193",1.46518656,1.49999999363789,1.50001388752511,2.25062705958068,4.50066872234888,0.999999722432359
"194",1.47281774,1.4999999936021,1.50001391691536,2.25062821286806,4.50066996380782,0.999999721786835
"195",1.48044892,1.49999999356617,1.50001394590177,2.25062934748234,4.50067118538214,0.999999721149002
"196",1.4880801,1.49999999353011,1.50001397449027,2.25063046370139,4.50067238736747,0.999999720518749
"197",1.49571128,1.49999999349391,1.50001400268641,2.25063156178593,4.50067357004122,0.999999719895969
"198",1.50334246,1.49999999345757,1.50001403049615,2.25063264201631,4.5006747337016,0.999999719280551
"199",1.51097364,1.49999999342109,1.50001405792495,2.25063370464726,4.50067587861972,0.999999718672391
"200",1.51860482,1.49999999338447,1.50001408497847,2.25063474994528,4.50067700507907,0.999999718071382
"201",1.526236,1.49999999334771,1.50001411166219,2.25063577816665,4.50067811335235,0.99999971747742
"202",1.53386718,1.49999999331081,1.5000141379817,2.25063678957388,4.50067920371885,0.999999716890399
"203",1.54149836,1.49999999327377,1.50001416394157,2.25063778438244,4.50068027640777,0.999999716310234
"204",1.54912954,1.49999999323659,1.50001418954755,2.2506387628594,4.5006813317034,0.999999715736815
"205",1.55676072,1.49999999319926,1.50001421480493,2.2506397252539,4.50068236987074,0.999999715170041
"206",1.5643919,1.49999999316179,1.50001423971818,2.25064067177596,4.50068339113327,0.999999714609829
"207",1.57202308,1.49999999312418,1.50001426429239,2.25064160266336,4.500684395744,0.999999714056083
"208",1.57965426,1.49999999308643,1.50001428853255,2.25064251815023,4.50068538395204,0.999999713508706
"209",1.58728544,1.49999999304853,1.50001431244336,2.25064341845622,4.50068635599114,0.999999712967612
"210",1.59491662,1.49999999301049,1.50001433602963,2.25064430380732,4.50068731210175,0.999999712432707
"211",1.6025478,1.4999999929723,1.50001435929604,2.25064517442189,4.5006882525162,0.999999711903905
"212",1.61017898,1.49999999293396,1.50001438224727,2.25064603051898,4.50068917746763,0.999999711381115
"213",1.61781016,1.49999999289548,1.5000144048871,2.25064687227692,4.50069008714571,0.999999710864267
"214",1.62544134,1.49999999285686,1.50001442722051,2.25064769992788,4.50069098179754,0.999999710353265
"215",1.63307252,1.49999999281808,1.50001444925167,2.25064851366754,4.50069186163133,0.999999709848032
"216",1.6407037,1.49999999277915,1.50001447098505,2.25064931370334,4.5006927268679,0.999999709348482
"217",1.64833488,1.49999999274008,1.50001449242476,2.25065010022902,4.50069357771332,0.999999708854537
"218",1.65596606,1.49999999270086,1.50001451357466,2.25065087342521,4.50069441435983,0.999999708366124
"219",1.66359724,1.49999999266149,1.5000145344392,2.25065163350005,4.50069523702891,0.999999707883159
"220",1.67122842,1.49999999262196,1.50001455502219,2.25065238063162,4.50069604591005,0.999999707405568
"221",1.6788596,1.49999999258229,1.50001457532748,2.25065311499962,4.50069684119451,0.999999706933281
"222",1.68649078,1.49999999254246,1.50001459535908,2.25065383679184,4.50069762308211,0.99999970646622
"223",1.69412196,1.49999999250249,1.50001461512068,2.25065454618036,4.500698391756,0.999999706004315
"224",1.70175314,1.49999999246236,1.5000146346163,2.25065524335386,4.50069914741693,0.99999970554749
"225",1.70938432,1.49999999242207,1.50001465384931,2.25065592847007,4.50069989023274,0.99999970509568
"226",1.7170155,1.49999999238163,1.50001467282327,2.25065660169435,4.50070062037946,0.99999970464882
"227",1.72464668,1.49999999234104,1.50001469154216,2.25065726321278,4.50070133805511,0.999999704206832
"228",1.73227786,1.49999999230029,1.50001471000921,2.25065791317689,4.50070204342091,0.999999703769656
"229",1.73990904,1.49999999225939,1.50001472822791,2.25065855174918,4.50070273664983,0.999999703337225
"230",1.74754022,1.49999999221833,1.50001474620188,2.25065917909913,4.50070341792222,0.99999970290947
"231",1.7551714,1.49999999217711,1.50001476393398,2.25065979536075,4.50070408738066,0.999999702486337
"232",1.76280258,1.49999999213574,1.50001478142765,2.25066040069412,4.50070474519556,0.999999702067762
"233",1.77043376,1.4999999920942,1.50001479868671,2.25066099527645,4.50070539155557,0.99999970165367
"234",1.77806494,1.49999999205251,1.50001481571357,2.25066157922236,4.50070602658258,0.999999701244018
"235",1.78569612,1.49999999201066,1.50001483251196,2.25066215270514,4.50070665046102,0.999999700838732
"236",1.7933273,1.49999999196865,1.50001484908461,2.25066271585226,4.50070726332659,0.999999700437763
"237",1.80095848,1.49999999192648,1.50001486543488,2.2506632688195,4.50070786534512,0.999999700041045
"238",1.80858966,1.49999999188415,1.50001488156555,2.2506638117381,4.5007084566562,0.999999699648526
"239",1.81622084,1.49999999184165,1.50001489747933,2.25066434473468,4.50070903739461,0.999999699260154
"240",1.82385202,1.499999991799,1.5000149131796,2.25066486796505,4.50070960772625,0.999999698875866
"241",1.8314832,1.49999999175618,1.50001492866863,2.25066538153716,4.50071016776591,0.999999698495618
"242",1.83911438,1.49999999171319,1.50001494394999,2.25066588561637,4.50071071768965,0.999999698119342
"243",1.84674556,1.49999999167004,1.50001495902588,2.25066638030486,4.50071125760626,0.999999697746996
"244",1.85437674,1.49999999162673,1.50001497389918,2.2506668657385,4.50071178766024,0.999999697378526
"245",1.86200792,1.49999999158325,1.50001498857257,2.25066734204126,4.50071230798363,0.99999969701388
"246",1.8696391,1.49999999153961,1.50001500304881,2.25066780934223,4.50071281871375,0.999999696653006
"247",1.87727028,1.4999999914958,1.50001501733036,2.25066826775535,4.50071331997195,0.999999696295857
"248",1.88490146,1.49999999145182,1.50001503141969,2.25066871739637,4.50071381188138,0.999999695942387
"249",1.89253264,1.49999999140767,1.5000150453196,2.25066915839596,4.50071429458113,0.999999695592541
"250",1.90016382,1.49999999136335,1.50001505903223,2.25066959085396,4.50071476817742,0.99999969524628
"251",1.907795,1.49999999131887,1.50001507256051,2.2506700149054,4.50071523281411,0.999999694903546
"252",1.91542618,1.49999999127421,1.50001508590645,2.25067043064626,4.50071568859321,0.999999694564303
"253",1.92305736,1.49999999122939,1.50001509907203,2.25067083816775,4.50071613561182,0.999999694228513
"254",1.93068854,1.49999999118439,1.5000151120605,2.25067123762066,4.50071657403055,0.999999693896112
"255",1.93831972,1.49999999113922,1.50001512487354,2.25067162908294,4.50071700393231,0.999999693567071
"256",1.9459509,1.49999999109388,1.50001513751367,2.25067201267344,4.50071742544359,0.99999969324134
"257",1.95358208,1.49999999104836,1.50001514998314,2.25067238849673,4.50071783867567,0.999999692918876
"258",1.96121326,1.49999999100267,1.5000151622834,2.25067275661978,4.50071824369988,0.999999692599653
"259",1.96884444,1.49999999095681,1.50001517441804,2.25067311720896,4.50071864069333,0.999999692283601
"260",1.97647562,1.49999999091077,1.50001518638794,2.25067347030756,4.50071902970202,0.999999691970703
"261",1.9841068,1.49999999086455,1.50001519819566,2.25067381603211,4.50071941085007,0.999999691660913
"262",1.99173798,1.49999999081816,1.50001520984325,2.25067415448013,4.50071978424123,0.999999691354188
"263",1.99936916,1.49999999077159,1.50001522133284,2.25067448574983,4.50072014998005,0.99999969105049
"264",2.00700034,1.49999999072484,1.50001523266628,2.2506748099264,4.50072050815729,0.999999690749784
"265",2.01463152,1.49999999067792,1.50001524384527,2.25067512709051,4.50072085885868,0.999999690452037
"266",2.0222627,1.49999999063081,1.50001525487242,2.25067543736296,4.50072120221292,0.999999690157197
"267",2.02989388,1.49999999058352,1.5000152657492,2.25067574081249,4.50072153829312,0.999999689865239
"268",2.03752506,1.49999999053606,1.50001527647743,2.25067603752344,4.50072186718911,0.999999689576127
"269",2.04515624,1.49999999048841,1.50001528705921,2.25067632759354,4.50072218900486,0.999999689289821
"270",2.05278742,1.49999999044058,1.500015297496,2.25067661109112,4.50072250381312,0.999999689006294
"271",2.0604186,1.49999999039256,1.50001530778993,2.25067688811472,4.50072281171884,0.999999688725504
"272",2.06804978,1.49999999034437,1.50001531794308,2.25067715875997,4.50072311282384,0.999999688447412
"273",2.07568096,1.49999999029599,1.50001532795666,2.25067742308565,4.50072340719058,0.999999688171994
"274",2.08331214,1.49999999024742,1.5000153378325,2.25067768117451,4.50072369490725,0.999999687899217
"275",2.09094332,1.49999999019867,1.50001534757224,2.2506779331045,4.50072397605675,0.999999687629048
"276",2.0985745,1.49999999014973,1.50001535717773,2.25067817896108,4.50072425073012,0.999999687361453
"277",2.10620568,1.49999999010061,1.50001536665029,2.25067841880562,4.50072451899261,0.999999687096406
"278",2.11383686,1.49999999005129,1.500015375992,2.25067865273473,4.50072478094715,0.999999686833867
"279",2.12146804,1.49999999000179,1.50001538520444,2.25067888082098,4.50072503667099,0.999999686573806
"280",2.12909922,1.4999999899521,1.50001539428886,2.25067910312411,4.50072528622768,0.9999996863162
"281",2.1367304,1.49999998990222,1.50001540324654,2.25067931970285,4.50072552967973,0.999999686061024
"282",2.14436158,1.49999998985215,1.50001541207996,2.25067953067138,4.50072576714879,0.99999968580823
"283",2.15199276,1.49999998980189,1.50001542078964,2.25067973605602,4.50072599866274,0.999999685557809
"284",2.15962394,1.49999998975143,1.50001542937779,2.2506799359573,4.50072622432872,0.999999685309718
"285",2.16725512,1.49999998970078,1.50001543784557,2.25068013043019,4.50072644420522,0.999999685063935
"286",2.1748863,1.49999998964994,1.50001544619404,2.25068031952493,4.50072665834565,0.999999684820441
"287",2.18251748,1.49999998959891,1.50001545442551,2.25068050334674,4.5007268668621,0.99999968457919
"288",2.19014866,1.49999998954768,1.50001546254105,2.25068068194538,4.50072706980762,0.999999684340162
"289",2.19777984,1.49999998949625,1.50001547054156,2.2506808553643,4.50072726722831,0.99999968410334
"290",2.20541102,1.49999998944463,1.50001547842857,2.25068102367453,4.50072745919982,0.999999683868696
"291",2.2130422,1.49999998939281,1.50001548620366,2.25068118694785,4.50072764579865,0.999999683636198
"292",2.22067338,1.49999998934079,1.50001549386821,2.25068134524859,4.50072782709327,0.999999683405821
"293",2.22830456,1.49999998928857,1.50001550142332,2.25068149862938,4.50072800313963,0.999999683177543
"294",2.23593574,1.49999998923615,1.50001550887035,2.25068164715179,4.50072817400337,0.999999682951338
"295",2.24356692,1.49999998918354,1.50001551621056,2.25068179087535,4.50072833974779,0.999999682727182
"296",2.2511981,1.49999998913072,1.50001552344522,2.25068192985766,4.50072850043431,0.999999682505051
"297",2.25882928,1.4999999890777,1.50001553057554,2.2506820641557,4.50072865612351,0.999999682284922
"298",2.26646046,1.49999998902447,1.50001553760257,2.25068219381899,4.50072880686811,0.999999682066774
"299",2.27409164,1.49999998897105,1.50001554452792,2.25068231892115,4.50072895274653,0.999999681850577
"300",2.28172282,1.49999998891742,1.50001555135225,2.25068243949394,4.50072909379255,0.999999681636318
"301",2.289354,1.49999998886358,1.50001555807712,2.25068255560686,4.50072923008027,0.999999681423968
"302",2.29698518,1.49999998880954,1.50001556470351,2.25068266730833,4.50072936166111,0.999999681213508
"303",2.30461636,1.49999998875529,1.50001557123275,2.25068277465924,4.50072948859995,0.999999681004911
"304",2.31224754,1.49999998870083,1.50001557766566,2.25068287769731,4.50072961093695,0.999999680798163
"305",2.31987872,1.49999998864617,1.50001558400348,2.25068297648046,4.50072972873375,0.999999680593239
"306",2.3275099,1.4999999885913,1.50001559024732,2.25068307106047,4.5007298420455,0.999999680390119
"307",2.33514108,1.49999998853621,1.50001559639827,2.25068316148624,4.50072995092431,0.999999680188781
"308",2.34277226,1.49999998848092,1.50001560245719,2.25068324779935,4.50073005541437,0.99999967998921
"309",2.35040344,1.49999998842542,1.50001560842538,2.25068333005915,4.5007301555789,0.99999967979138
"310",2.35803462,1.4999999883697,1.50001561430369,2.25068340830606,4.50073025146094,0.999999679595274
"311",2.3656658,1.49999998831377,1.50001562009327,2.25068348259152,4.50073034311531,0.999999679400872
"312",2.37329698,1.49999998825763,1.50001562579494,2.2506835529561,4.50073043058508,0.999999679208156
"313",2.38092816,1.49999998820127,1.50001563140992,2.25068361945428,4.50073051392839,0.999999679017104
"314",2.38855934,1.49999998814469,1.50001563693881,2.25068368211468,4.50073059317562,0.999999678827705
"315",2.39619052,1.4999999880879,1.50001564238305,2.25068374100447,4.50073066839829,0.99999967863993
"316",2.4038217,1.4999999880309,1.50001564774334,2.25068379615469,4.50073073962956,0.999999678453766
"317",2.41145288,1.49999998797367,1.50001565302052,2.2506838476056,4.50073080691217,0.999999678269198
"318",2.41908406,1.49999998791623,1.50001565821566,2.25068389540642,4.50073087029858,0.999999678086204
"319",2.42671524,1.49999998785856,1.50001566332949,2.2506839395908,4.50073092982461,0.999999677904771
"320",2.43434642,1.49999998780068,1.50001566836327,2.25068398021706,4.50073098555237,0.999999677724874
"321",2.4419776,1.49999998774258,1.50001567331747,2.2506840173068,4.50073103750486,0.999999677546504
"322",2.44960878,1.49999998768425,1.5000156781932,2.25068405091235,4.50073108573775,0.999999677369641
"323",2.45723996,1.4999999876257,1.50001568299133,2.25068408107316,4.50073113029311,0.999999677194267
"324",2.46487114,1.49999998756692,1.50001568771252,2.25068410782024,4.50073117120392,0.999999677020369
"325",2.47250232,1.49999998750793,1.50001569235765,2.25068413119381,4.500731208513,0.999999676847932
"326",2.4801335,1.4999999874487,1.50001569692764,2.25068415123746,4.50073124226676,0.999999676676937
"327",2.48776468,1.49999998738925,1.50001570142352,2.25068416799795,4.50073127251506,0.999999676507364
"328",2.49539586,1.49999998732957,1.50001570584558,2.25068418148817,4.50073129927159,0.999999676339209
"329",2.50302704,1.49999998726967,1.50001571019508,2.25068419176879,4.50073132260083,0.999999676172445
"330",2.51065822,1.49999998720953,1.50001571447233,2.25068419885175,4.50073134251568,0.99999967600707
"331",2.5182894,1.49999998714917,1.50001571867863,2.25068420279914,4.50073135908211,0.999999675843055
"332",2.52592058,1.49999998708857,1.50001572281454,2.25068420363447,4.5007313723253,0.999999675680391
"333",2.53355176,1.49999998702774,1.50001572688065,2.25068420138738,4.50073138227667,0.999999675519067
"334",2.54118294,1.49999998696668,1.50001573087768,2.25068419609105,4.50073138897154,0.99999967535907
"335",2.54881412,1.49999998690539,1.50001573480668,2.25068418779213,4.50073139245974,0.999999675200377
"336",2.5564453,1.49999998684386,1.50001573866816,2.25068417651632,4.5007313927685,0.999999675042981
"337",2.56407648,1.4999999867821,1.50001574246292,2.25068416229993,4.50073138993652,0.999999674886865
"338",2.57170766,1.4999999867201,1.50001574619147,2.25068414516626,4.50073138398863,0.99999967473202
"339",2.57933884,1.49999998665786,1.5000157498546,2.25068412515157,4.50073137496342,0.99999967457843
"340",2.58697002,1.49999998659539,1.50001575345318,2.25068410229776,4.50073136290547,0.999999674426079
"341",2.5946012,1.49999998653268,1.50001575698779,2.25068407662899,4.50073134784065,0.999999674274956
"342",2.60223238,1.49999998646972,1.50001576045921,2.2506840481824,4.50073132980841,0.999999674125046
"343",2.60986356,1.49999998640653,1.50001576386782,2.25068401697705,4.500731308829,0.99999967397634
"344",2.61749474,1.4999999863431,1.5000157672142,2.25068398303988,4.50073128493108,0.999999673828829
"345",2.62512592,1.49999998627942,1.50001577049936,2.25068394641632,4.50073125816312,0.999999673682493
"346",2.6327571,1.4999999862155,1.50001577372379,2.2506839071278,4.50073122854799,0.999999673537322
"347",2.64038828,1.49999998615133,1.50001577688814,2.25068386520672,4.50073119612006,0.999999673393304
"348",2.64801946,1.49999998608692,1.500015779993,2.25068382067935,4.50073116090738,0.999999673250427
"349",2.65565064,1.49999998602227,1.50001578303865,2.25068377355909,4.50073112292415,0.999999673108687
"350",2.66328182,1.49999998595736,1.50001578602661,2.25068372391448,4.5007310822435,0.999999672968053
"351",2.670913,1.49999998589221,1.50001578895654,2.25068367173282,4.50073103885173,0.999999672828532
"352",2.67854418,1.49999998582681,1.50001579182942,2.25068361705735,4.50073099279499,0.999999672690106
"353",2.68617536,1.49999998576116,1.50001579464561,2.25068355990587,4.50073094409219,0.999999672552768
"354",2.69380654,1.49999998569526,1.50001579740588,2.25068350031383,4.50073089278104,0.999999672416503
"355",2.70143772,1.4999999856291,1.50001580011124,2.25068343832561,4.50073083890898,0.99999967228129
"356",2.7090689,1.4999999855627,1.50001580276144,2.25068337393231,4.50073078246635,0.999999672147136
"357",2.71670008,1.49999998549603,1.50001580535722,2.25068330716857,4.50073072349004,0.999999672014025
"358",2.72433126,1.49999998542912,1.50001580789933,2.25068323806664,4.50073066201451,0.999999671881945
"359",2.73196244,1.49999998536195,1.50001581038852,2.25068316666222,4.50073059807774,0.999999671750878
"360",2.73959362,1.49999998529452,1.50001581282467,2.25068309295137,4.50073053167542,0.99999967162083
"361",2.7472248,1.49999998522683,1.500015815209,2.25068301698786,4.50073046286499,0.999999671491775
"362",2.75485598,1.49999998515889,1.5000158175416,2.25068293877821,4.50073039165322,0.999999671363711
"363",2.76248716,1.49999998509068,1.50001581982321,2.25068285835432,4.50073031807423,0.999999671236626
"364",2.77011834,1.49999998502222,1.50001582205404,2.25068277572814,4.5007302421406,0.999999671110515
"365",2.77774952,1.49999998495349,1.50001582423513,2.25068269094564,4.50073016390144,0.999999670985356
"366",2.7853807,1.4999999848845,1.5000158263664,2.25068260400456,4.50073008335423,0.999999670861154
"367",2.79301188,1.49999998481525,1.50001582844853,2.25068251493654,4.50073000053266,0.999999670737893
"368",2.80064306,1.49999998474573,1.50001583048216,2.25068242377055,4.50072991546764,0.999999670615562
"369",2.80827424,1.49999998467595,1.50001583246762,2.25068233052079,4.50072982817432,0.999999670494154
"370",2.81590542,1.4999999846059,1.50001583440526,2.25068223520572,4.50072973867223,0.999999670373663
"371",2.8235366,1.49999998453558,1.5000158362958,2.25068213785739,4.50072964699558,0.999999670254075
"372",2.83116778,1.49999998446499,1.50001583813969,2.25068203849584,4.50072955316577,0.99999967013538
"373",2.83879896,1.49999998439413,1.50001583993696,2.25068193712449,4.50072945718628,0.99999967001758
"374",2.84643014,1.49999998432301,1.50001584168892,2.2506818338014,4.50072935911911,0.999999669900646
"375",2.85406132,1.49999998425161,1.50001584339497,2.25068172850122,4.50072925893714,0.999999669784593
"376",2.8616925,1.49999998417993,1.50001584505637,2.25068162128054,4.50072915670071,0.999999669669395
"377",2.86932368,1.49999998410799,1.50001584667305,2.25068151213686,4.50072905240714,0.999999669555054
"378",2.87695486,1.49999998403576,1.50001584824568,2.25068140110031,4.50072894608851,0.999999669441557
"379",2.88458604,1.49999998396327,1.50001584977455,2.25068128818606,4.50072883776093,0.999999669328898
"380",2.89221722,1.49999998389049,1.5000158512603,2.2506811734221,4.50072872745426,0.999999669217064
"381",2.8998484,1.49999998381744,1.50001585270308,2.25068105681516,4.5007286151757,0.999999669106054
"382",2.90747958,1.49999998374411,1.5000158541035,2.2506809383953,4.50072850095716,0.999999668995854
"383",2.91511076,1.49999998367049,1.50001585546183,2.25068081817262,4.50072838480951,0.999999668886461
"384",2.92274194,1.4999999835966,1.50001585677835,2.25068069616281,4.50072826674931,0.999999668777868
"385",2.93037312,1.49999998352242,1.50001585805377,2.25068057239518,4.50072814680797,0.999999668670062
"386",2.9380043,1.49999998344796,1.50001585928843,2.25068044688875,4.50072802500557,0.999999668563035
"387",2.94563548,1.49999998337322,1.50001586048241,2.2506803196448,4.50072790134359,0.999999668456788
"388",2.95326666,1.49999998329819,1.50001586163636,2.25068019069553,4.50072777585622,0.999999668351306
"389",2.96089784,1.49999998322287,1.50001586275038,2.25068006004389,4.50072764854666,0.99999966824659
"390",2.96852902,1.49999998314726,1.50001586382523,2.2506799277257,4.50072751945306,0.999999668142622
"391",2.9761602,1.49999998307137,1.50001586486119,2.25067979375351,4.50072738858876,0.999999668039397
"392",2.98379138,1.49999998299518,1.50001586585834,2.25067965813195,4.50072725595869,0.999999667936916
"393",2.99142256,1.49999998291871,1.5000158668173,2.25067952088812,4.50072712159178,0.999999667835164
"394",2.99905374,1.49999998284194,1.50001586773816,2.25067938202783,4.50072698549409,0.999999667734142
"395",3.00668492,1.49999998276488,1.50001586862149,2.25067924157625,4.50072684769253,0.999999667633838
"396",3.0143161,1.49999998268752,1.5000158694676,2.2506790995484,4.50072670820303,0.999999667534244
"397",3.02194728,1.49999998260987,1.50001587027683,2.25067895595936,4.50072656704171,0.999999667435356
"398",3.02957846,1.49999998253192,1.50001587104945,2.25067881082288,4.50072642422313,0.999999667337168
"399",3.03720964,1.49999998245367,1.50001587178608,2.25067866416485,4.500726279775,0.999999667239667
"400",3.04484082,1.49999998237513,1.50001587248657,2.2506785159816,4.50072613369323,0.999999667142857
"401",3.052472,1.49999998229628,1.50001587315167,2.25067836630566,4.50072598601261,0.999999667046723
"402",3.06010318,1.49999998221713,1.50001587378145,2.25067821514118,4.50072583673749,0.999999666951264
"403",3.06773436,1.49999998213768,1.50001587437617,2.2506780625002,4.50072568588071,0.999999666856475
"404",3.07536554,1.49999998205793,1.5000158749365,2.25067790841298,4.50072553347449,0.999999666762342
"405",3.08299672,1.49999998197787,1.5000158754621,2.2506777528655,4.50072537950382,0.999999666668873
"406",3.0906279,1.4999999818975,1.50001587595415,2.25067759590995,4.50072522402444,0.999999666576044
"407",3.09825908,1.49999998181683,1.50001587641241,2.25067743753666,4.50072506702596,0.99999966648386
"408",3.10589026,1.49999998173585,1.50001587683725,2.25067727776233,4.50072490852616,0.999999666392314
"409",3.11352144,1.49999998165456,1.50001587722882,2.25067711659345,4.50072474853198,0.999999666301404
"410",3.12115262,1.49999998157296,1.50001587758775,2.25067695406116,4.50072458707651,0.999999666211116
"411",3.1287838,1.49999998149105,1.50001587791427,2.250676790173,4.50072442416791,0.999999666121446
"412",3.13641498,1.49999998140882,1.50001587820824,2.25067662492601,4.50072425980286,0.999999666032397
"413",3.14404616,1.49999998132628,1.50001587847048,2.25067645835495,4.50072409401852,0.999999665943954
"414",3.15167734,1.49999998124342,1.50001587870103,2.25067629046267,4.50072392681788,0.999999665856114
"415",3.15930852,1.49999998116025,1.50001587890039,2.25067612127289,4.5007237582262,0.999999665768869
"416",3.1669397,1.49999998107676,1.5000158790686,2.25067595078724,4.50072358824519,0.999999665682217
"417",3.17457088,1.49999998099295,1.50001587920585,2.25067577901407,4.50072341688376,0.999999665596156
"418",3.18220206,1.49999998090882,1.50001587931238,2.2506756059649,4.50072324415418,0.999999665510681
"419",3.18983324,1.49999998082437,1.50001587938888,2.25067543167172,4.50072307009051,0.999999665425777
"420",3.19746442,1.49999998073959,1.50001587943526,2.25067525612973,4.50072289468767,0.999999665341447
"421",3.2050956,1.49999998065449,1.50001587945157,2.25067507934328,4.50072271795014,0.999999665257691
"422",3.21272678,1.49999998056907,1.50001587943885,2.25067490135644,4.50072253992515,0.999999665174486
"423",3.22035796,1.49999998048332,1.50001587939654,2.25067472214724,4.50072236058902,0.999999665091845
"424",3.22798914,1.49999998039724,1.50001587932513,2.25067454173715,4.5007221799647,0.999999665009757
"425",3.23562032,1.49999998031083,1.50001587922512,2.25067436014783,4.50072199807535,0.999999664928214
"426",3.2432515,1.4999999802241,1.50001587909686,2.25067417739595,4.50072181493867,0.999999664847208
"427",3.25088268,1.49999998013703,1.50001587893974,2.25067399345593,4.50072163052728,0.999999664766752
"428",3.25851386,1.49999998004962,1.50001587875509,2.25067380838628,4.50072144490368,0.999999664686818
"429",3.26614504,1.49999997996189,1.50001587854238,2.25067362216402,4.50072125804329,0.999999664607418
"430",3.27377622,1.49999997987381,1.50001587830221,2.25067343481582,4.50072106997457,0.99999966452854
"431",3.2814074,1.49999997978541,1.50001587803463,2.25067324634419,4.50072088070018,0.999999664450184
"432",3.28903858,1.49999997969666,1.50001587773984,2.25067305676023,4.50072069023184,0.999999664372344
"433",3.29666976,1.49999997960757,1.50001587741815,2.25067286607614,4.50072049858267,0.999999664295015
"434",3.30430094,1.49999997951815,1.50001587707004,2.25067267431404,4.50072030577625,0.999999664218188
"435",3.31193212,1.49999997942838,1.50001587669556,2.25067248147783,4.50072011181658,0.99999966414186
"436",3.3195633,1.49999997933827,1.50001587629458,2.2506722875604,4.5007199166962,0.999999664066037
"437",3.32719448,1.49999997924781,1.50001587586757,2.25067209258425,4.500719720439,0.999999663990708
"438",3.33482566,1.49999997915701,1.50001587541509,2.25067189657409,4.50071952307138,0.999999663915861
"439",3.34245684,1.49999997906586,1.50001587493688,2.25067169951909,4.50071932458173,0.999999663841503
"440",3.35008802,1.49999997897436,1.5000158744332,2.25067150143184,4.50071912498345,0.999999663767627
"441",3.3577192,1.49999997888252,1.50001587390458,2.25067130233419,4.50071892429991,0.999999663694224
"442",3.36535038,1.49999997879032,1.50001587335093,2.25067110222418,4.50071872252894,0.999999663621296
"443",3.37298156,1.49999997869777,1.50001587277236,2.25067090110683,4.50071851967586,0.999999663548841
"444",3.38061274,1.49999997860486,1.50001587216965,2.25067069901745,4.50071831577834,0.999999663476841
"445",3.38824392,1.4999999785116,1.50001587154233,2.25067049593517,4.50071811081408,0.999999663405308
"446",3.3958751,1.49999997841799,1.50001587089105,2.25067029188819,4.50071790481322,0.999999663334229
"447",3.40350628,1.49999997832401,1.50001587021565,2.25067008687151,4.50071769777032,0.999999663263606
"448",3.41113746,1.49999997822968,1.50001586951643,2.25066988089817,4.50071748969931,0.999999663193435
"449",3.41876864,1.49999997813499,1.50001586879386,2.25066967398991,4.50071728062331,0.999999663123704
"450",3.42639982,1.49999997803993,1.5000158680479,2.25066946614327,4.50071707053877,0.999999663054416
"451",3.434031,1.49999997794451,1.5000158672788,2.25066925737281,4.50071685946098,0.999999662985565
"452",3.44166218,1.49999997784873,1.50001586648662,2.25066904767847,4.50071664739006,0.999999662917151
"453",3.44929336,1.49999997775258,1.50001586567165,2.25066883707639,4.50071643434307,0.999999662849166
"454",3.45692454,1.49999997765606,1.50001586483406,2.25066862557186,4.50071622032572,0.99999966278161
"455",3.46455572,1.49999997755917,1.5000158639739,2.25066841317003,4.5007160053434,0.999999662714479
"456",3.4721869,1.49999997746191,1.50001586309157,2.25066819988673,4.50071578941307,0.999999662647767
"457",3.47981808,1.49999997736429,1.50001586218733,2.25066798573446,4.50071557254805,0.999999662581468
"458",3.48744926,1.49999997726628,1.5000158612607,2.25066777069341,4.50071535472709,0.999999662515592
"459",3.49508044,1.49999997716791,1.50001586031282,2.25066755481302,4.50071513600304,0.999999662450116
"460",3.50271162,1.49999997706915,1.50001585934323,2.25066733807391,4.50071491635512,0.999999662385049
"461",3.5103428,1.49999997697002,1.50001585835236,2.2506671204951,4.50071469580366,0.999999662320383
"462",3.51797398,1.49999997687051,1.5000158573399,2.25066690206449,4.50071447433565,0.999999662256125
"463",3.52560516,1.49999997677062,1.50001585630638,2.25066668280438,4.50071425197495,0.999999662192263
"464",3.53323634,1.49999997667035,1.50001585525234,2.25066646273975,4.50071402874815,0.999999662128786
"465",3.54086752,1.4999999765697,1.50001585417708,2.25066624184009,4.5007138046227,0.99999966206571
"466",3.5484987,1.49999997646866,1.50001585308132,2.25066602013703,4.5007135796323,0.999999662003019
"467",3.55612988,1.49999997636723,1.50001585196536,2.25066579764386,4.50071335379123,0.999999661940707
"468",3.56376106,1.49999997626542,1.50001585082909,2.25066557435756,4.50071312709607,0.999999661878777
"469",3.57139224,1.49999997616321,1.5000158496725,2.25066535027726,4.50071289954597,0.99999966181723
"470",3.57902342,1.49999997606062,1.50001584849614,2.25066512542728,4.50071267116688,0.999999661756053
"471",3.5866546,1.49999997595763,1.50001584730001,2.25066489980825,4.50071244195942,0.999999661695247
"472",3.59428578,1.49999997585426,1.5000158460839,2.2506646734106,4.50071221191338,0.999999661634818
"473",3.60191696,1.49999997575048,1.50001584484849,2.25066444626649,4.50071198106301,0.999999661574749
"474",3.60954814,1.49999997564631,1.50001584359392,2.25066421838021,4.50071174941299,0.999999661515039
"475",3.61717932,1.49999997554174,1.50001584232001,2.2506639897457,4.5007115169567,0.999999661455692
"476",3.6248105,1.49999997543677,1.50001584102668,2.25066376035969,4.50071128369065,0.99999966139671
"477",3.63244168,1.4999999753314,1.5000158397147,2.25066353025582,4.50071104965083,0.999999661338077
"478",3.64007286,1.49999997522562,1.50001583838393,2.25066329942882,4.50071081483148,0.999999661279795
"479",3.64770404,1.49999997511945,1.50001583703444,2.25066306788037,4.50071057923449,0.999999661221864
"480",3.65533522,1.49999997501286,1.50001583566655,2.25066283562804,4.50071034287846,0.999999661164276
"481",3.6629664,1.49999997490587,1.5000158342801,2.25066260266363,4.50071010575467,0.999999661107036
"482",3.67059758,1.49999997479847,1.50001583287582,2.25066236901769,4.50070986789584,0.999999661050128
"483",3.67822876,1.49999997469066,1.50001583145316,2.25066213466881,4.50070962927894,0.999999660993564
"484",3.68585994,1.49999997458244,1.5000158300123,2.2506618996254,4.50070938991288,0.999999660937341
"485",3.69349112,1.4999999744738,1.50001582855366,2.25066166390514,4.50070914981666,0.999999660881449
"486",3.7011223,1.49999997436475,1.50001582707766,2.25066142752616,4.50070890900963,0.999999660825881
"487",3.70875348,1.49999997425528,1.50001582558395,2.25066119047533,4.50070866747763,0.999999660770642
"488",3.71638466,1.49999997414539,1.50001582407264,2.25066095275741,4.50070842522574,0.999999660715732
"489",3.72401584,1.49999997403508,1.50001582254422,2.25066071439269,4.50070818227571,0.999999660661141
"490",3.73164702,1.49999997392435,1.50001582099826,2.25066047536441,4.5007079386095,0.999999660606877
"491",3.7392782,1.4999999738132,1.50001581943559,2.25066023570829,4.50070769426533,0.999999660552922
"492",3.74690938,1.49999997370162,1.50001581785588,2.25065999541066,4.50070744922851,0.999999660499285
"493",3.75454056,1.49999997358962,1.50001581625953,2.2506597544885,4.50070720351724,0.999999660445957
"494",3.76217174,1.49999997347719,1.5000158146462,2.25065951292858,4.50070695711729,0.999999660392945
"495",3.76980292,1.49999997336432,1.50001581301628,2.25065927074777,4.50070671004667,0.999999660340241
"496",3.7774341,1.49999997325103,1.50001581136998,2.25065902795568,4.50070646231562,0.999999660287841
"497",3.78506528,1.4999999731373,1.50001580970735,2.25065878455457,4.50070621392657,0.999999660235743
"498",3.79269646,1.49999997302314,1.50001580802827,2.25065854054057,4.50070596487528,0.999999660183952
"499",3.80032764,1.49999997290855,1.50001580633324,2.25065829593427,4.50070571518383,0.999999660132455
"500",3.80795882,1.49999997279351,1.50001580462222,2.25065805073477,4.5007054648512,0.999999660081255
"501",3.81559,1.49999997267803,1.50001580289549,2.25065780495481,4.50070521389101,0.999999660030345
"502",3.82322118,1.49999997256212,1.50001580115275,2.25065755858245,4.50070496229038,0.999999659979731
"503",3.83085236,1.49999997244576,1.50001579939419,2.25065731162532,4.5007047100575,0.999999659929411
"504",3.83848354,1.49999997232895,1.50001579762037,2.25065706410866,4.50070445721934,0.999999659879372
"505",3.84611472,1.4999999722117,1.50001579583082,2.25065681601279,4.50070420375475,0.999999659829624
"506",3.8537459,1.499999972094,1.50001579402598,2.25065656735524,4.50070394968261,0.999999659780158
"507",3.86137708,1.49999997197585,1.50001579220622,2.25065631815505,4.50070369502312,0.999999659730966
"508",3.86900826,1.49999997185725,1.50001579037093,2.250656068384,4.50070343974612,0.999999659682063
"509",3.87663944,1.49999997173819,1.50001578852083,2.25065581807477,4.50070318388653,0.999999659633431
"510",3.88427062,1.49999997161868,1.50001578665584,2.25065556722468,4.50070292744141,0.999999659585072
"511",3.8919018,1.49999997149872,1.50001578477588,2.25065531582967,4.50070267040648,0.99999965953699
"512",3.89953298,1.49999997137829,1.50001578288116,2.25065506389889,4.50070241279147,0.99999965948918
"513",3.90716416,1.4999999712574,1.50001578097191,2.2506548114433,4.50070215460806,0.999999659441637
"514",3.91479534,1.49999997113606,1.50001577904824,2.25065455846789,4.50070189586157,0.999999659394358
"515",3.92242652,1.49999997101424,1.5000157771099,2.25065430496354,4.50070163654217,0.999999659347349
"516",3.9300577,1.49999997089197,1.50001577515727,2.25065405094461,4.50070137666528,0.999999659300602
"517",3.93768888,1.49999997076922,1.50001577319067,2.25065379642734,4.50070111624815,0.99999965925411
"518",3.94532006,1.49999997064601,1.50001577120958,2.25065354138797,4.50070085526544,0.999999659207885
"519",3.95295124,1.49999997052232,1.5000157692146,2.25065328585391,4.50070059374636,0.999999659161914
"520",3.96058242,1.49999997039816,1.50001576720536,2.2506530298098,4.50070033167449,0.999999659116204
"521",3.9682136,1.49999997027353,1.50001576518297,2.25065277330238,4.50070006909983,0.999999659070733
"522",3.97584478,1.49999997014842,1.50001576314626,2.25065251628344,4.50069980597071,0.999999659025525
"523",3.98347596,1.49999997002283,1.50001576109601,2.25065225878482,4.50069954232127,0.999999658980564
"524",3.99110714,1.49999996989677,1.50001575903242,2.25065200081776,4.50069927816337,0.999999658935845
"525",3.99873832,1.49999996977022,1.50001575695488,2.25065174235466,4.50069901346758,0.999999658891382
"526",4.0063695,1.49999996964318,1.50001575486417,2.25065148343047,4.50069874827119,0.999999658847159
"527",4.01400068,1.49999996951566,1.50001575276009,2.25065122403641,4.50069848256482,0.999999658803179
"528",4.02163186,1.49999996938766,1.50001575064304,2.25065096419038,4.50069821636759,0.999999658759433
"529",4.02926304,1.49999996925916,1.50001574851252,2.25065070387082,4.50069794965639,0.999999658715934
"530",4.03689422,1.49999996913017,1.5000157463692,2.25065044310731,4.50069768246287,0.999999658672667
"531",4.0445254,1.49999996900069,1.50001574421259,2.25065018187896,4.5006974147646,0.999999658629641
"532",4.05215658,1.49999996887072,1.50001574204316,2.25064992020595,4.50069714658323,0.999999658586849
"533",4.05978776,1.49999996874025,1.50001573986099,2.25064965809313,4.50069687792385,0.999999658544286
"534",4.06741894,1.49999996860928,1.50001573766596,2.25064939553442,4.50069660877997,0.999999658501957
"535",4.07505012,1.4999999684778,1.50001573545853,2.25064913255088,4.50069633917409,0.999999658459852
"536",4.0826813,1.49999996834583,1.50001573323845,2.25064886913091,4.50069606909379,0.999999658417975
"537",4.09031248,1.49999996821335,1.50001573100554,2.25064860526921,4.50069579853329,0.999999658376332
"538",4.09794366,1.49999996808037,1.50001572876074,2.2506483410043,4.50069552753393,0.999999658334901
"539",4.10557484,1.49999996794687,1.50001572650337,2.25064807630891,4.50069525606633,0.999999658293697
"540",4.11320602,1.49999996781287,1.50001572423359,2.25064781119022,4.50069498413826,0.999999658252718
"541",4.1208372,1.49999996767835,1.50001572195169,2.25064754565936,4.50069471176161,0.999999658211957
"542",4.12846838,1.49999996754332,1.50001571965777,2.25064727972233,4.50069443894274,0.999999658171412
"543",4.13609956,1.49999996740778,1.50001571735181,2.25064701337872,4.5006941656812,0.999999658131083
"544",4.14373074,1.49999996727171,1.50001571503388,2.25064674663105,4.50069389197964,0.99999965809097
"545",4.15136192,1.49999996713513,1.5000157127042,2.25064647949067,4.50069361785017,0.999999658051066
"546",4.1589931,1.49999996699802,1.50001571036253,2.25064621194523,4.50069334327963,0.999999658011378
"547",4.16662428,1.49999996686039,1.50001570800926,2.25064594401365,4.50069306828816,0.999999657971898
"548",4.17425546,1.49999996672223,1.50001570564394,2.25064567567653,4.50069279285501,0.999999657932634
"549",4.18188664,1.49999996658355,1.50001570326751,2.25064540697467,4.5006925170238,0.999999657893567
"550",4.18951782,1.49999996644433,1.50001570087935,2.25064513788048,4.50069224076505,0.999999657854711
"551",4.197149,1.49999996630458,1.50001569847971,2.25064486840639,4.50069196409198,0.99999965781606
"552",4.20478018,1.4999999661643,1.50001569606881,2.25064459856244,4.50069168701525,0.999999657777609
"553",4.21241136,1.49999996602348,1.50001569364636,2.25064432833567,4.50069140952102,0.999999657739364
"554",4.22004254,1.49999996588212,1.50001569121293,2.25064405775106,4.50069113163605,0.999999657701314
"555",4.22767372,1.49999996574023,1.50001568876822,2.25064378679608,4.50069085334687,0.999999657663465
"556",4.2353049,1.49999996559779,1.50001568631236,2.25064351547717,4.50069057466032,0.999999657625814
"557",4.24293608,1.4999999654548,1.50001568384532,2.25064324379258,4.50069029557453,0.999999657588362
"558",4.25056726,1.49999996531127,1.50001568136748,2.25064297175904,4.50069001610739,0.9999996575511
"559",4.25819844,1.49999996516719,1.50001567887864,2.25064269936859,4.50068973625033,0.999999657514034
"560",4.26582962,1.49999996502256,1.50001567637902,2.25064242663065,4.50068945601347,0.999999657477158
"561",4.2734608,1.49999996487738,1.50001567386843,2.2506421535386,4.50068917538958,0.999999657440477
"562",4.28109198,1.49999996473164,1.50001567134737,2.25064188011258,4.50068889440029,0.999999657403979
"563",4.28872316,1.49999996458535,1.50001566881529,2.25064160633046,4.50068861302185,0.999999657367677
"564",4.29635434,1.49999996443849,1.50001566627287,2.25064133222084,4.50068833128488,0.999999657331556
"565",4.30398552,1.49999996429108,1.5000156637199,2.25064105777513,4.50068804918018,0.999999657295622
"566",4.3116167,1.4999999641431,1.50001566115641,2.2506407829958,4.5006877667103,0.999999657259871
"567",4.31924788,1.49999996399455,1.50001565858227,2.25064050787696,4.50068748386896,0.99999965722431
"568",4.32687906,1.49999996384544,1.50001565599814,2.25064023244688,4.5006872006864,0.999999657188921
"569",4.33451024,1.49999996369576,1.50001565340341,2.25063995668068,4.50068691713595,0.99999965715372
"570",4.34214142,1.4999999635455,1.50001565079857,2.25063968059896,4.50068663323963,0.999999657118695
"571",4.3497726,1.49999996339467,1.50001564818355,2.25063940419915,4.50068634899467,0.999999657083848
"572",4.35740378,1.49999996324326,1.50001564555832,2.25063912748075,4.5006860644005,0.99999965704918
"573",4.36503496,1.49999996309128,1.50001564292308,2.25063885045151,4.50068577946547,0.999999657014686
"574",4.37266614,1.49999996293871,1.50001564027771,2.25063857310784,4.50068549418558,0.999999656980369
"575",4.38029732,1.49999996278556,1.50001563762248,2.2506382954612,4.50068520857317,0.999999656946223
"576",4.3879285,1.49999996263183,1.5000156349573,2.25063801750818,4.50068492262453,0.99999965691225
"577",4.39555968,1.49999996247751,1.50001563228221,2.25063773925052,4.50068463634153,0.999999656878449
"578",4.40319086,1.49999996232259,1.5000156295975,2.25063746070065,4.50068434973744,0.999999656844815
"579",4.41082204,1.49999996216709,1.50001562690273,2.25063718184097,4.50068406279336,0.999999656811356
"580",4.41845322,1.49999996201099,1.50001562419847,2.25063690269533,4.50068377553484,0.99999965677806
"581",4.4260844,1.49999996185429,1.50001562148444,2.25063662325214,4.50068348794948,0.999999656744934
"582",4.43371558,1.499999961697,1.50001561876098,2.25063634352683,4.50068320005372,0.99999965671197
"583",4.44134676,1.4999999615391,1.50001561602792,2.25063606351202,4.50068291183965,0.999999656679172
"584",4.44897794,1.4999999613806,1.50001561328531,2.25063578321047,4.50068262331019,0.999999656646538
"585",4.45660912,1.4999999612215,1.50001561053327,2.25063550262672,4.50068233447024,0.999999656614067
"586",4.4642403,1.49999996106178,1.50001560777172,2.25063522175887,4.50068204531763,0.999999656581759
"587",4.47187148,1.49999996090146,1.50001560500127,2.25063494063194,4.50068175587926,0.999999656549602
"588",4.47950266,1.49999996074052,1.50001560222109,2.25063465921263,4.50068146611932,0.999999656517613
"589",4.48713384,1.49999996057897,1.50001559943178,2.25063437752595,4.50068117606462,0.99999965648578
"590",4.49476502,1.4999999604168,1.50001559663332,2.25063409557032,4.50068088571354,0.999999656454104
"591",4.5023962,1.49999996025401,1.50001559382582,2.25063381335198,4.50068059507259,0.999999656422581
"592",4.51002738,1.49999996009059,1.50001559100887,2.25063353085388,4.50068030412358,0.999999656391221
"593",4.51765856,1.49999995992656,1.50001558818298,2.25063324809791,4.50068001288985,0.999999656360012
"594",4.52528974,1.49999995976189,1.50001558534846,2.25063296509587,4.50067972138415,0.999999656328948
"595",4.53292092,1.4999999595966,1.50001558250461,2.2506326818206,4.50067942957725,0.999999656298045
"596",4.5405521,1.49999995943067,1.50001557965189,2.25063239829164,4.50067913749005,0.999999656267291
"597",4.54818328,1.49999995926411,1.50001557679048,2.25063211451544,4.50067884512952,0.999999656236683
"598",4.55581446,1.49999995909691,1.50001557391997,2.25063183047639,4.50067855247885,0.999999656206231
"599",4.56344564,1.49999995892908,1.50001557104094,2.25063154619851,4.50067825956378,0.999999656175921
"600",4.57107682,1.4999999587606,1.5000155681531,2.25063126166982,4.50067796637149,0.999999656145761
"601",4.578708,1.49999995859148,1.50001556525649,2.25063097689372,4.50067767290547,0.999999656115747
"602",4.58633918,1.49999995842171,1.50001556235125,2.25063069187537,4.50067737917132,0.999999656085879
"603",4.59397036,1.49999995825129,1.50001555943742,2.25063040661648,4.50067708517083,0.999999656056155
"604",4.60160154,1.49999995808022,1.50001555651502,2.25063012111869,4.50067679090576,0.999999656026574
"605",4.60923272,1.4999999579085,1.50001555358424,2.25062983538989,4.50067649638453,0.999999655997133
"606",4.6168639,1.49999995773612,1.50001555064484,2.25062954942079,4.50067620159712,0.999999655967837
"607",4.62449508,1.49999995756308,1.50001554769693,2.25062926321657,4.5006759065491,0.999999655938683
"608",4.63212626,1.49999995738938,1.50001554474068,2.25062897678409,4.50067561124777,0.999999655909667
"609",4.63975744,1.49999995721502,1.50001554177603,2.25062869012102,4.50067531569065,0.999999655880792
"610",4.64738862,1.49999995703999,1.50001553880332,2.25062840324322,4.50067501989464,0.999999655852048
"611",4.6550198,1.49999995686429,1.50001553582197,2.25062811612524,4.50067472383253,0.99999965582345
"612",4.66265098,1.49999995668792,1.50001553283256,2.25062782879207,4.50067442753101,0.999999655794984
"613",4.67028216,1.49999995651087,1.50001552983514,2.2506275412466,4.50067413099319,0.99999965576665
"614",4.67791334,1.49999995633315,1.5000155268293,2.25062725347184,4.50067383420084,0.999999655738455
"615",4.68554452,1.49999995615475,1.50001552381528,2.25062696547804,4.50067353716486,0.999999655710396
"616",4.6931757,1.49999995597567,1.50001552079337,2.25062667727761,4.5006732398986,0.999999655682466
"617",4.70080688,1.4999999557959,1.50001551776331,2.25062638886071,4.50067294239144,0.999999655654669
"618",4.70843806,1.49999995561544,1.50001551472512,2.25062610022704,4.5006726446431,0.999999655627007
"619",4.71606924,1.4999999554343,1.5000155116792,2.25062581139474,4.50067234667295,0.999999655599469
"620",4.72370042,1.49999995525246,1.50001550862518,2.25062552234847,4.50067204846453,0.999999655572065
"621",4.7313316,1.49999995506993,1.5000155055633,2.25062523309827,4.50067175002858,0.999999655544789
"622",4.73896278,1.49999995488669,1.50001550249357,2.25062494364617,4.50067145136722,0.99999965551764
"623",4.74659396,1.49999995470276,1.50001549941609,2.25062465399512,4.50067115248363,0.999999655490617
"624",4.75422514,1.49999995451813,1.50001549633069,2.25062436413835,4.50067085337056,0.999999655463723
"625",4.76185632,1.49999995433279,1.50001549323741,2.25062407407894,4.5006705540312,0.999999655436958
"626",4.7694875,1.49999995414674,1.50001549013659,2.25062378383106,4.50067025448078,0.999999655410313
"627",4.77711868,1.49999995395998,1.50001548702806,2.25062349338684,4.50066995471087,0.999999655383793
"628",4.78474986,1.49999995377251,1.50001548391191,2.2506232027519,4.50066965472737,0.999999655357395
"629",4.79238104,1.49999995358431,1.50001548078802,2.25062291192152,4.50066935452525,0.999999655331121
"630",4.80001222,1.4999999533954,1.50001547765651,2.25062262089986,4.50066905410895,0.999999655304971
"631",4.8076434,1.49999995320577,1.50001547451773,2.25062232970209,4.50066875349474,0.999999655278935
"632",4.81527458,1.49999995301541,1.50001547137096,2.25062203829954,4.50066845265178,0.99999965525303
"633",4.82290576,1.49999995282433,1.50001546821685,2.25062174671868,4.50066815160848,0.999999655227241
"634",4.83053694,1.49999995263251,1.50001546505541,2.25062145496016,4.50066785036555,0.999999655201569
"635",4.83816812,1.49999995243997,1.5000154618864,2.25062116301555,4.50066754891381,0.999999655176017
"636",4.8457993,1.49999995224668,1.50001545871011,2.25062087089583,4.50066724726512,0.999999655150579
"637",4.85343048,1.49999995205266,1.50001545552651,2.25062057860057,4.50066694541899,0.999999655125258
"638",4.86106166,1.49999995185789,1.50001545233554,2.25062028612779,4.50066664337318,0.999999655100053
"639",4.86869284,1.49999995166238,1.50001544913705,2.25061999347194,4.50066634112175,0.999999655074967
"640",4.87632402,1.49999995146612,1.50001544593138,2.25061970064627,4.50066603867898,0.999999655049995
"641",4.8839552,1.49999995126912,1.50001544271862,2.25061940765619,4.50066573605053,0.999999655025132
"642",4.89158638,1.49999995107136,1.50001543949857,2.25061911449302,4.50066543322712,0.999999655000385
"643",4.89921756,1.49999995087284,1.50001543627114,2.25061882115319,4.5006651302049,0.999999654975754
"644",4.90684874,1.49999995067356,1.50001543303683,2.25061852765791,4.50066482700657,0.999999654951229
"645",4.91447992,1.49999995047352,1.50001542979525,2.25061823399178,4.50066452361561,0.999999654926818
"646",4.9221111,1.49999995027272,1.50001542654659,2.25061794016231,4.50066422004006,0.999999654902517
"647",4.92974228,1.49999995007115,1.50001542329083,2.25061764616995,4.50066391628031,0.999999654878326
"648",4.93737346,1.49999994986881,1.50001542002796,2.25061735201364,4.50066361233529,0.999999654854246
"649",4.94500464,1.4999999496657,1.50001541675809,2.2506170576991,4.50066330821104,0.999999654830274
"650",4.95263582,1.49999994946181,1.50001541348115,2.25061676322285,4.50066300390387,0.999999654806412
"651",4.960267,1.49999994925714,1.50001541019748,2.25061646860008,4.50066269943001,0.999999654782651
"652",4.96789818,1.49999994905168,1.50001540690668,2.25061617381443,4.50066239477184,0.999999654759002
"653",4.97552936,1.49999994884545,1.50001540360895,2.2506158788743,4.50066208993843,0.999999654735458
"654",4.98316054,1.49999994863842,1.5000154003044,2.25061558378391,4.50066178493429,0.999999654712019
"655",4.99079172,1.4999999484306,1.50001539699291,2.25061528853946,4.50066147975525,0.999999654688686
"656",4.9984229,1.49999994822199,1.50001539367466,2.25061499314872,4.50066117440966,0.999999654665456
"657",5.00605408,1.49999994801258,1.50001539034965,2.2506146976126,4.5006608688984,0.999999654642327
"658",5.01368526,1.49999994780237,1.50001538701781,2.25061440192741,4.50066056321759,0.999999654619303
"659",5.02131644,1.49999994759136,1.5000153836791,2.2506141060926,4.50066025736654,0.999999654596383
"660",5.02894762,1.49999994737954,1.50001538033396,2.25061381012559,4.50065995136404,0.999999654573558
"661",5.0365788,1.49999994716691,1.50001537698175,2.25061351400152,4.50065964518321,0.999999654550842
"662",5.04420998,1.49999994695346,1.50001537362301,2.25061321774263,4.500659338848,0.999999654528223
"663",5.05184116,1.4999999467392,1.50001537025746,2.25061292133749,4.50065903234613,0.999999654505707
"664",5.05947234,1.49999994652413,1.50001536688548,2.25061262480143,4.50065872569402,0.999999654483286
"665",5.06710352,1.49999994630823,1.50001536350686,2.25061232812786,4.50065841888448,0.999999654460964
"666",5.0747347,1.4999999460915,1.50001536012149,2.25061203131113,4.50065811191154,0.999999654438744
"667",5.08236588,1.49999994587395,1.50001535672953,2.25061173435844,4.50065780478285,0.999999654416621
"668",5.08999706,1.49999994565556,1.50001535333133,2.25061143728575,4.50065749751545,0.999999654394589
"669",5.09762824,1.49999994543634,1.50001534992614,2.25061114006103,4.50065719007508,0.999999654372663
"670",5.10525942,1.49999994521628,1.5000153465148,2.25061084271955,4.50065688249948,0.999999654350826
"671",5.1128906,1.49999994499538,1.50001534309686,2.25061054524257,4.50065657476855,0.999999654329086
"672",5.12052178,1.49999994477364,1.50001533967259,2.25061024764263,4.5006562668957,0.999999654307439
"673",5.12815296,1.49999994455104,1.50001533624159,2.25060994990417,4.50065595886415,0.999999654285892
"674",5.13578414,1.4999999443276,1.50001533280457,2.25060965205494,4.50065565070376,0.999999654264429
"675",5.14341532,1.4999999441033,1.50001532936087,2.25060935406909,4.50065534238669,0.999999654243066
"676",5.1510465,1.49999994387815,1.50001532591062,2.25060905595226,4.50065503391901,0.9999996542218
"677",5.15867768,1.49999994365213,1.50001532245437,2.25060875772665,4.50065472532453,0.999999654200618
"678",5.16630886,1.49999994342525,1.50001531899168,2.25060845937584,4.50065441658555,0.99999965417953
"679",5.17394004,1.4999999431975,1.50001531552261,2.25060816090123,4.50065410770362,0.999999654158535
"680",5.18157122,1.49999994296889,1.50001531204724,2.25060786230846,4.50065379868465,0.999999654137629
"681",5.1892024,1.4999999427394,1.50001530856578,2.25060756360389,4.50065348953558,0.99999965411681
"682",5.19683358,1.49999994250903,1.50001530507775,2.25060726476978,4.50065318023728,0.999999654096087
"683",5.20446476,1.49999994227778,1.50001530158373,2.25060696583027,4.50065287081559,0.999999654075448
"684",5.21209594,1.49999994204564,1.50001529808322,2.2506066667648,4.50065256124849,0.999999654054903
"685",5.21972712,1.49999994181262,1.50001529457677,2.25060636759639,4.50065225156063,0.999999654034441
"686",5.2273583,1.49999994157871,1.50001529106393,2.25060606830671,4.50065194173233,0.99999965401407
"687",5.23498948,1.4999999413439,1.50001528754515,2.25060576891426,4.50065163178342,0.999999653993782
"688",5.24262066,1.4999999411082,1.50001528402019,2.25060546941031,4.50065132170449,0.999999653973581
"689",5.25025184,1.4999999408716,1.50001528048905,2.25060516979501,4.50065101149564,0.999999653953467
"690",5.25788302,1.49999994063409,1.50001527695169,2.25060487006707,4.50065070115551,0.999999653933441
"691",5.2655142,1.49999994039567,1.50001527340853,2.2506045702434,4.50065039070228,0.999999653913493
"692",5.27314538,1.49999994015634,1.50001526985919,2.25060427030945,4.50065008012019,0.999999653893633
"693",5.28077656,1.4999999399161,1.50001526630352,2.25060397025889,4.5006497694025,0.999999653873863
"694",5.28840774,1.49999993967493,1.50001526274202,2.2506036701136,4.50064945857262,0.999999653854171
"695",5.29603892,1.49999993943285,1.50001525917459,2.25060336986834,4.50064914762495,0.999999653834561
"696",5.3036701,1.49999993918984,1.50001525560105,2.25060306951739,4.50064883655328,0.999999653815036
"697",5.31130128,1.4999999389459,1.50001525202139,2.25060276906003,4.50064852535682,0.999999653795596
"698",5.31893246,1.49999993870103,1.50001524843603,2.25060246851372,4.50064821405433,0.999999653776231
"699",5.32656364,1.49999993845522,1.5000152448445,2.25060216786002,4.50064790262592,0.999999653756953
"700",5.33419482,1.49999993820848,1.50001524124714,2.25060186711182,4.50064759108553,0.999999653737753
"701",5.341826,1.49999993796079,1.50001523764381,2.25060156626559,4.50064727942919,0.999999653718634
"702",5.34945718,1.49999993771215,1.50001523403445,2.25060126531852,4.50064696765396,0.999999653699598
"703",5.35708836,1.49999993746256,1.50001523041944,2.25060096428629,4.50064665577657,0.999999653680636
"704",5.36471954,1.49999993721202,1.50001522679826,2.25060066314805,4.50064634377468,0.99999965366176
"705",5.37235072,1.49999993696052,1.50001522317155,2.25060036193026,4.50064603167665,0.999999653642955
"706",5.3799819,1.49999993670806,1.50001521953882,2.25060006061364,4.50064571946173,0.999999653624232
"707",5.38761308,1.49999993645464,1.50001521590026,2.25059975920599,4.50064540713829,0.999999653605586
"708",5.39524426,1.49999993620024,1.5000152122558,2.25059945770536,4.50064509470418,0.999999653587019
"709",5.40287544,1.49999993594487,1.50001520860549,2.2505991561124,4.50064478216017,0.999999653568531
"710",5.41050662,1.49999993568853,1.50001520494975,2.25059885444612,4.50064446952656,0.999999653550111
"711",5.4181378,1.49999993543121,1.50001520128785,2.25059855267719,4.50064415677182,0.999999653531775
"712",5.42576898,1.4999999351729,1.50001519762045,2.25059825083148,4.5006438439238,0.99999965351351
"713",5.43340016,1.4999999349136,1.50001519394699,2.25059794888793,4.50064353095975,0.999999653495326
"714",5.44103134,1.49999993465332,1.50001519026797,2.25059764686722,4.50064321790187,0.999999653477213
"715",5.44866252,1.49999993439204,1.50001518658347,2.25059734477197,4.50064290475301,0.999999653459169
"716",5.4562937,1.49999993412976,1.50001518289284,2.25059704257736,4.50064259148642,0.999999653441209
"717",5.46392488,1.49999993386647,1.5000151791968,2.25059674031161,4.50064227813243,0.999999653423316
"718",5.47155606,1.49999993360219,1.50001517549481,2.25059643795395,4.50064196466868,0.999999653405502
"719",5.47918724,1.49999993333689,1.50001517178729,2.25059613552149,4.50064165111354,0.999999653387757
"720",5.48681842,1.49999993307057,1.5000151680742,2.25059583301352,4.5006413374662,0.999999653370083
"721",5.4944496,1.49999993280324,1.50001516435538,2.25059553042307,4.50064102371918,0.999999653352482
"722",5.50208078,1.49999993253489,1.50001516063096,2.25059522775586,4.50064070987857,0.999999653334953
"723",5.50971196,1.49999993226551,1.50001515690093,2.2505949250127,4.50064039594521,0.999999653317494
"724",5.51734314,1.4999999319951,1.500015153165,2.2505946221819,4.50064008190652,0.999999653300113
"725",5.52497432,1.49999993172365,1.5000151494238,2.25059431928898,4.50063976778988,0.999999653282795
"726",5.5326055,1.49999993145117,1.50001514567696,2.25059401631903,4.5006394535793,0.999999653265548
"727",5.54023668,1.49999993117765,1.5000151419246,2.25059371327774,4.50063913928081,0.999999653248369
"728",5.54786786,1.49999993090308,1.50001513816642,2.25059341015407,4.5006388248825,0.999999653231265
"729",5.55549904,1.49999993062747,1.50001513440262,2.25059310695481,4.50063851039174,0.999999653214232
"730",5.56313022,1.49999993035079,1.50001513063359,2.2505928036967,4.5006381958264,0.999999653197261
"731",5.5707614,1.49999993007307,1.50001512685913,2.25059250037287,4.50063788117909,0.999999653180354
"732",5.57839258,1.49999992979427,1.50001512307884,2.25059219696652,4.50063756643173,0.999999653163523
"733",5.58602376,1.49999992951442,1.50001511929311,2.25059189349413,4.50063725160206,0.999999653146758
"734",5.59365494,1.49999992923349,1.50001511550179,2.25059158995022,4.50063693668406,0.999999653130062
"735",5.60128612,1.49999992895149,1.50001511170501,2.25059128634051,4.50063662168392,0.999999653113432
"736",5.6089173,1.49999992866841,1.50001510790288,2.25059098266874,4.50063630660563,0.999999653096865
"737",5.61654848,1.49999992838425,1.50001510409531,2.25059067893255,4.50063599144661,0.999999653080363
"738",5.62417966,1.49999992809901,1.50001510028199,2.25059037511979,4.50063567619377,0.999999653063934
"739",5.63181084,1.49999992781267,1.50001509646337,2.25059007124868,4.5006353608667,0.999999653047567
"740",5.63944202,1.49999992752524,1.50001509263944,2.25058976731906,4.50063504546517,0.999999653031261
"741",5.6470732,1.49999992723671,1.50001508880997,2.25058946332315,4.50063472998074,0.999999653015022
"742",5.65470438,1.49999992694707,1.50001508497511,2.25058915926578,4.50063441441868,0.999999652998847
"743",5.66233556,1.49999992665633,1.50001508113461,2.25058885513761,4.50063409876888,0.999999652982741
"744",5.66996674,1.49999992636448,1.50001507728883,2.25058855095461,4.50063378304841,0.999999652966696
"745",5.67759792,1.49999992607151,1.50001507343772,2.25058824671406,4.50063346725443,0.999999652950712
"746",5.6852291,1.49999992577742,1.50001506958113,2.25058794241041,4.50063315138089,0.999999652934794
"747",5.69286028,1.49999992548221,1.50001506571936,2.25058763805676,4.50063283544182,0.999999652918932
"748",5.70049146,1.49999992518587,1.50001506185182,2.25058733362915,4.50063251941147,0.999999652903143
"749",5.70812264,1.49999992488839,1.50001505797919,2.25058702915538,4.50063220331969,0.999999652887409
"750",5.71575382,1.49999992458978,1.50001505410124,2.25058672462612,4.50063188715646,0.999999652871736
"751",5.723385,1.49999992429003,1.50001505021775,2.25058642003345,4.5006315709132,0.999999652856129
"752",5.73101618,1.49999992398913,1.50001504632892,2.25058611538604,4.50063125459919,0.999999652840582
"753",5.73864736,1.49999992368708,1.50001504243489,2.25058581069013,4.50063093822109,0.999999652825093
"754",5.74627854,1.49999992338388,1.5000150385354,2.25058550593407,4.50063062176641,0.999999652809667
"755",5.75390972,1.49999992307952,1.50001503463066,2.25058520112824,4.50063030524626,0.9999996527943
"756",5.7615409,1.49999992277399,1.5000150307206,2.25058489626926,4.50062998865698,0.999999652778992
"757",5.76917208,1.4999999224673,1.50001502680501,2.25058459134999,4.50062967199083,0.999999652763749
"758",5.77680326,1.49999992215943,1.50001502288447,2.25058428639291,4.500629355272,0.999999652748557
"759",5.78443444,1.49999992185038,1.50001501895851,2.25058398138064,4.50062903848174,0.999999652733427
"760",5.79206562,1.49999992154016,1.5000150150272,2.25058367631672,4.50062872162378,0.999999652718356
"761",5.7996968,1.49999992122875,1.50001501109044,2.2505833711949,4.50062840469154,0.999999652703348
"762",5.80732798,1.49999992091615,1.50001500714883,2.25058306604202,4.50062808771372,0.999999652688388
"763",5.81495916,1.49999992060235,1.50001500320154,2.2505827608253,4.50062777065502,0.999999652673494
"764",5.82259034,1.49999992028735,1.50001499924915,2.25058245556722,4.50062745353965,0.999999652658655
"765",5.83022152,1.49999991997115,1.5000149952914,2.25058215025798,4.50062713635704,0.999999652643874
"766",5.8378527,1.49999991965375,1.50001499132856,2.25058184490934,4.50062681911974,0.999999652629147
"767",5.84548388,1.49999991933512,1.50001498736044,2.2505815395135,4.50062650181944,0.999999652614476
"768",5.85311506,1.49999991901528,1.50001498338688,2.25058123406453,4.50062618444967,0.999999652599867
"769",5.86074624,1.49999991869422,1.50001497940828,2.25058092857977,4.50062586702899,0.999999652585308
"770",5.86837742,1.49999991837193,1.50001497542438,2.25058062304764,4.50062554954505,0.999999652570807
"771",5.8760086,1.4999999180484,1.50001497143515,2.25058031746803,4.50062523199764,0.999999652556363
"772",5.88363978,1.49999991772365,1.50001496744078,2.25058001184891,4.50062491439527,0.999999652541973
"773",5.89127096,1.49999991739764,1.50001496344104,2.25057970618222,4.50062459672925,0.999999652527641
"774",5.89890214,1.4999999170704,1.50001495943639,2.25057940048563,4.50062427901859,0.999999652513356
"775",5.90653332,1.4999999167419,1.5000149554263,2.25057909473854,4.50062396124109,0.99999965249913
"776",5.9141645,1.49999991641214,1.50001495141096,2.25057878894921,4.50062364340564,0.99999965248496
"777",5.92179568,1.49999991608113,1.50001494739081,2.25057848313526,4.50062332553111,0.999999652470834
"778",5.92942686,1.49999991574885,1.50001494336512,2.25057817726852,4.50062300758718,0.99999965245677
"779",5.93705804,1.4999999154153,1.50001493933408,2.25057787135693,4.50062268958235,0.999999652442762
"780",5.94468922,1.49999991508047,1.50001493529818,2.25057756541991,4.50062237153752,0.9999996524288
"781",5.9523204,1.49999991474437,1.50001493125692,2.25057725943779,4.50062205343148,0.999999652414894
"782",5.95995158,1.49999991440698,1.50001492721051,2.25057695342053,4.50062173527488,0.999999652401039
"783",5.96758276,1.4999999140683,1.50001492315905,2.25057664737054,4.50062141707037,0.999999652387235
"784",5.97521394,1.49999991372832,1.50001491910213,2.25057634127414,4.50062109880311,0.999999652373488
"785",5.98284512,1.49999991338705,1.50001491504007,2.25057603514366,4.50062078048633,0.999999652359791
"786",5.9904763,1.49999991304447,1.5000149109729,2.2505757289794,4.50062046212044,0.999999652346145
"787",5.99810748,1.49999991270058,1.50001490690073,2.25057542278689,4.50062014371128,0.999999652332546
"788",6.00573866,1.49999991235537,1.50001490282328,2.25057511655686,4.5006198252488,0.999999652319
"789",6.01336984,1.49999991200885,1.50001489874077,2.25057481029634,4.50061950674063,0.999999652305503
"790",6.02100102,1.499999911661,1.50001489465287,2.25057450399345,4.5006191881739,0.999999652292062
"791",6.0286322,1.49999991131183,1.50001489056007,2.25057419766876,4.5006188695707,0.999999652278664
"792",6.03626338,1.49999991096131,1.50001488646173,2.25057389129602,4.50061855090281,0.999999652265325
"793",6.04389456,1.49999991060946,1.50001488235865,2.25057358490879,4.50061823220623,0.999999652252026
"794",6.05152574,1.49999991025626,1.50001487825019,2.25057327848011,4.50061791345204,0.999999652238782
"795",6.05915692,1.49999990990171,1.50001487413674,2.2505729720283,4.50061759465976,0.999999652225583
"796",6.0667881,1.49999990954581,1.50001487001785,2.25057266553393,4.50061727580861,0.99999965221244
"797",6.07441928,1.49999990918855,1.50001486589407,2.25057235902043,4.50061695692365,0.999999652199339
"798",6.08205046,1.49999990882992,1.50001486176504,2.25057205247264,4.50061663798862,0.999999652186289
"799",6.08968164,1.49999990846992,1.50001485763089,2.25057174589779,4.50061631901122,0.999999652173287
"800",6.09731282,1.49999990810854,1.50001485349164,2.25057143929541,4.50061599999095,0.999999652160332
"801",6.104944,1.49999990774578,1.50001484934711,2.25057113265997,4.50061568092179,0.999999652147428
"802",6.11257518,1.49999990738164,1.50001484519766,2.25057082600622,4.50061536181958,0.999999652134566
"803",6.12020636,1.4999999070161,1.50001484104304,2.25057051932335,4.50061504267272,0.999999652121752
"804",6.12783754,1.49999990664916,1.50001483688307,2.25057021260657,4.50061472347591,0.99999965210899
"805",6.13546872,1.49999990628083,1.50001483271815,2.25056990587048,4.50061440424494,0.99999965209627
"806",6.1430999,1.49999990591108,1.500014828548,2.25056959910492,4.50061408496881,0.999999652083599
"807",6.15073108,1.49999990553992,1.50001482437272,2.25056929231436,4.50061376565228,0.999999652070975
"808",6.15836226,1.49999990516734,1.50001482019228,2.25056898549837,4.50061344629485,0.999999652058397
"809",6.16599344,1.49999990479334,1.50001481600694,2.25056867866724,4.50061312690757,0.999999652045859
"810",6.17362462,1.49999990441791,1.50001481181635,2.25056837180726,4.50061280747569,0.99999965203337
"811",6.1812558,1.49999990404104,1.50001480762049,2.25056806491839,4.50061248799911,0.999999652020929
"812",6.18888698,1.49999990366273,1.50001480341946,2.25056775800626,4.5006121684838,0.999999652008534
"813",6.19651816,1.49999990328298,1.50001479921342,2.25056745107572,4.50061184893498,0.999999651996182
"814",6.20414934,1.49999990290177,1.50001479500235,2.2505671441264,4.50061152935234,0.999999651983872
"815",6.21178052,1.49999990251911,1.50001479078608,2.25056683715384,4.50061120973086,0.999999651971607
"816",6.2194117,1.49999990213498,1.50001478656462,2.2505665301567,4.50061089006919,0.999999651959389
"817",6.22704288,1.49999990174939,1.50001478233803,2.25056622313944,4.50061057037205,0.999999651947215
"818",6.23467406,1.49999990136232,1.50001477810628,2.25056591610025,4.50061025063749,0.999999651935085
"819",6.24230524,1.49999990097377,1.5000147738694,2.25056560904129,4.50060993086776,0.999999651922999
"820",6.24993642,1.49999990058374,1.50001476962738,2.25056530196244,4.50060961106272,0.999999651910956
"821",6.2575676,1.49999990019221,1.50001476538049,2.25056499487505,4.50060929123455,0.99999965189895
"822",6.26519878,1.49999989979919,1.50001476112808,2.25056468775319,4.50060897135531,0.999999651886997
"823",6.27282996,1.49999989940467,1.50001475687065,2.25056438061816,4.50060865144786,0.999999651875083
"824",6.28046114,1.49999989900863,1.50001475260803,2.25056407346321,4.50060833150496,0.999999651863213
"825",6.28809232,1.49999989861109,1.50001474834036,2.25056376629346,4.50060801153205,0.999999651851384
"826",6.2957235,1.49999989821202,1.50001474406763,2.25056345910974,4.50060769153001,0.999999651839595
"827",6.30335468,1.49999989781143,1.50001473978983,2.25056315191205,4.5006073714988,0.999999651827846
"828",6.31098586,1.49999989740931,1.50001473550676,2.25056284469295,4.50060705143036,0.999999651816142
"829",6.31861704,1.49999989700565,1.50001473121843,2.25056253745334,4.50060673132564,0.999999651804482
"830",6.32624822,1.49999989660044,1.50001472692498,2.25056223019883,4.50060641119066,0.999999651792863
"831",6.3338794,1.49999989619369,1.50001472262631,2.25056192292615,4.50060609102183,0.999999651781287
"832",6.34151058,1.49999989578538,1.50001471832266,2.25056161564531,4.50060577082992,0.999999651769748
"833",6.34914176,1.49999989537552,1.50001471401389,2.25056130835144,4.50060545060962,0.999999651758249
"834",6.35677294,1.49999989496408,1.50001470969967,2.250561001031,4.50060513034638,0.999999651746798
"835",6.36440412,1.49999989455107,1.50001470538069,2.25056069371246,4.50060481007078,0.999999651735377
"836",6.3720353,1.49999989413649,1.5000147010563,2.25056038637077,4.50060448975579,0.999999651724003
"837",6.37966648,1.49999989372031,1.50001469672684,2.25056007901935,4.50060416941587,0.999999651712666
"838",6.38729766,1.49999989330255,1.50001469239218,2.25055977165347,4.50060384904589,0.999999651701371
"839",6.39492884,1.49999989288319,1.5000146880525,2.25055946428107,4.5006035286543,0.999999651690111
"840",6.40256002,1.49999989246223,1.50001468370724,2.25055915687994,4.50060320821725,0.999999651678901
"841",6.4101912,1.49999989203965,1.50001467935698,2.25055884947449,4.50060288776092,0.999999651667726
"842",6.41782238,1.49999989161547,1.50001467500174,2.25055854206479,4.50060256728537,0.999999651656585
"843",6.42545356,1.49999989118966,1.50001467064112,2.25055823463653,4.50060224677511,0.999999651645488
"844",6.43308474,1.49999989076222,1.50001466627538,2.25055792719905,4.50060192624028,0.999999651634428
"845",6.44071592,1.49999989033315,1.50001466190451,2.25055761975473,4.50060160568322,0.999999651623405
"846",6.4483471,1.49999988990244,1.50001465752842,2.25055731229789,4.50060128509799,0.999999651612422
"847",6.45597828,1.49999988947008,1.50001465314721,2.25055700483443,4.50060096449079,0.999999651601475
"848",6.46360946,1.49999988903607,1.5000146487606,2.25055669735318,4.50060064384958,0.999999651590571
"849",6.47124064,1.4999998886004,1.50001464436892,2.25055638986786,4.50060032318909,0.999999651579702
"850",6.47887182,1.49999988816306,1.50001463997214,2.25055608237808,4.50060000250882,0.999999651568868
"851",6.486503,1.49999988772405,1.50001463556992,2.25055577487056,4.50059968179453,0.999999651558077
"852",6.49413418,1.49999988728337,1.50001463116258,2.25055546735768,4.50059936105948,0.999999651547321
"853",6.50176536,1.499999886841,1.50001462674991,2.25055515983349,4.50059904029716,0.999999651536605
"854",6.50939654,1.49999988639694,1.50001462233202,2.25055485230146,4.50059871951134,0.999999651525926
"855",6.51702772,1.49999988595118,1.50001461790922,2.25055454477407,4.50059839871541,0.999999651515276
"856",6.5246589,1.49999988550371,1.50001461348102,2.25055423723312,4.50059807788974,0.999999651504667
"857",6.53229008,1.49999988505454,1.50001460904747,2.25055392968023,4.50059775703605,0.999999651494098
"858",6.53992126,1.49999988460365,1.50001460460875,2.2505536221248,4.50059743616435,0.999999651483562
"859",6.54755244,1.49999988415103,1.50001460016456,2.25055331455362,4.50059711526045,0.999999651473069
"860",6.55518362,1.49999988369669,1.50001459571545,2.2505530069891,4.50059679434849,0.999999651462604
"861",6.5628148,1.49999988324061,1.50001459126106,2.2505526994188,4.5005964734149,0.999999651452175
"862",6.57044598,1.49999988278278,1.5000145868014,2.25055239184236,4.50059615245934,0.999999651441782
"863",6.57807716,1.49999988232321,1.5000145823363,2.2505520842538,4.50059583147534,0.999999651431429
"864",6.58570834,1.49999988186187,1.5000145778661,2.25055177666684,4.50059551047766,0.999999651421107
"865",6.59333952,1.49999988139878,1.5000145733904,2.25055146906775,4.50059518945132,0.999999651410825
"866",6.6009707,1.49999988093391,1.50001456890968,2.25055116147309,4.50059486841437,0.999999651400573
"867",6.60860188,1.49999988046727,1.50001456442364,2.25055085387439,4.50059454735743,0.999999651390356
"868",6.61623306,1.49999987999884,1.50001455993217,2.25055054626636,4.50059422627487,0.999999651380177
"869",6.62386424,1.49999987952862,1.50001455543542,2.25055023865531,4.50059390517342,0.999999651370033
"870",6.63149542,1.4999998790566,1.50001455093325,2.25054993103693,4.5005935840484,0.999999651359925
"871",6.6391266,1.49999987858278,1.50001454642624,2.25054962343327,4.50059326292359,0.999999651349841
"872",6.64675778,1.49999987810715,1.50001454191362,2.25054931581583,4.50059294176815,0.999999651339798
"873",6.65438896,1.4999998776297,1.50001453739577,2.25054900819988,4.50059262059851,0.999999651329786
"874",6.66202014,1.49999987715043,1.50001453287239,2.25054870057379,4.50059229940217,0.999999651319813
"875",6.66965132,1.49999987666932,1.50001452834358,2.25054839294263,4.50059197818445,0.999999651309876
"876",6.6772825,1.49999987618637,1.5000145238097,2.25054808531989,4.50059165695994,0.999999651299966
"877",6.68491368,1.49999987570158,1.50001451927047,2.25054777769573,4.50059133571796,0.999999651290089
"878",6.69254486,1.49999987521493,1.50001451472571,2.25054747006347,4.50059101445128,0.999999651280251
"879",6.70017604,1.49999987472643,1.50001451017582,2.25054716243923,4.50059069317723,0.999999651270439
"880",6.70780722,1.49999987423605,1.50001450562047,2.25054685481092,4.50059037188275,0.999999651260663
"881",6.7154384,1.4999998737438,1.50001450105963,2.25054654717795,4.50059005056713,0.999999651250922
"882",6.72306958,1.49999987324967,1.50001449649359,2.25054623955116,4.50058972924207,0.999999651241209
"883",6.73070076,1.49999987275365,1.50001449192212,2.25054593192393,4.50058940790032,0.99999965123153
"884",6.73833194,1.49999987225574,1.50001448734518,2.25054562429375,4.50058908653917,0.999999651221885
"885",6.74596312,1.49999987175592,1.50001448276282,2.25054531666303,4.50058876516126,0.999999651212273
"886",6.7535943,1.49999987125419,1.50001447817507,2.25054500903453,4.50058844376935,0.999999651202692
"887",6.76122548,1.49999987075054,1.50001447358208,2.25054470141309,4.50058812236882,0.999999651193139
"888",6.76885666,1.49999987024497,1.50001446898362,2.25054439379174,4.50058780095194,0.999999651183618
"889",6.77648784,1.49999986973746,1.50001446437932,2.25054408615632,4.5005874795035,0.999999651174139
"890",6.78411902,1.49999986922801,1.50001445977002,2.25054377853943,4.50058715805858,0.999999651164681
"891",6.7917502,1.49999986871662,1.50001445515508,2.250543470917,4.50058683659121,0.999999651155259
"892",6.79938138,1.49999986820327,1.50001445053485,2.25054316330355,4.50058651511692,0.999999651145864
"893",6.80701256,1.49999986768796,1.5000144459089,2.2505428556819,4.50058619361729,0.999999651136506
"894",6.81464374,1.49999986717068,1.50001444127762,2.25054254806872,4.50058587211012,0.999999651127176
"895",6.82227492,1.49999986665142,1.50001443664091,2.25054224046046,4.50058555059162,0.999999651117875
"896",6.8299061,1.49999986613017,1.50001443199855,2.25054193284857,4.50058522905251,0.999999651108609
"897",6.83753728,1.49999986560694,1.50001442735083,2.25054162524488,4.50058490750551,0.99999965109937
"898",6.84516846,1.4999998650817,1.50001442269748,2.2505413176408,4.50058458594127,0.999999651090164
"899",6.85279964,1.49999986455446,1.50001441803899,2.2505410100544,4.50058426437926,0.99999965108098
"900",6.86043082,1.4999998640252,1.50001441337461,2.25054070245749,4.50058394278906,0.999999651071834
"901",6.868062,1.49999986349391,1.50001440870487,2.25054039487085,4.50058362119306,0.999999651062715
"902",6.87569318,1.4999998629606,1.50001440402955,2.25054008728771,4.50058329958384,0.999999651053626
"903",6.88332436,1.49999986242524,1.50001439934852,2.25053977970271,4.50058297795562,0.999999651044571
"904",6.89095554,1.49999986188784,1.5000143946619,2.25053947212073,4.50058265631364,0.999999651035546
"905",6.89858672,1.49999986134839,1.50001438997003,2.25053916455561,4.50058233467277,0.999999651026543
"906",6.9062179,1.49999986080687,1.5000143852725,2.25053885699281,4.50058201301726,0.999999651017571
"907",6.91384908,1.49999986026328,1.50001438056936,2.25053854943398,4.50058169134886,0.999999651008629
"908",6.92148026,1.49999985971762,1.50001437586057,2.25053824187915,4.50058136966754,0.999999650999717
"909",6.92911144,1.49999985916987,1.50001437114618,2.25053793432949,4.50058104797456,0.999999650990834
"910",6.93674262,1.49999985862002,1.50001436642598,2.25053762677791,4.50058072626224,0.999999650981985
"911",6.9443738,1.49999985806808,1.50001436170028,2.25053731923737,4.50058040454446,0.999999650973162
"912",6.95200498,1.49999985751402,1.5000143569691,2.25053701170895,4.50058008282237,0.999999650964363
"913",6.95963616,1.49999985695784,1.50001435223225,2.25053670418532,4.50057976108806,0.999999650955593
"914",6.96726734,1.49999985639954,1.50001434748983,2.25053639667192,4.50057943934727,0.999999650946849
"915",6.97489852,1.49999985583911,1.50001434274151,2.25053608915608,4.50057911758634,0.99999965093814
"916",6.9825297,1.49999985527653,1.50001433798754,2.25053578164808,4.50057879581628,0.999999650929458
"917",6.99016088,1.4999998547118,1.50001433322803,2.25053547415287,4.50057847404242,0.9999996509208
"918",6.99779206,1.49999985414491,1.50001432846277,2.2505351666618,4.50057815225541,0.999999650912171
"919",7.00542324,1.49999985357586,1.5000143236918,2.2505348591787,4.50057783045928,0.999999650903571
"920",7.01305442,1.49999985300463,1.50001431891508,2.25053455170107,4.50057750865134,0.999999650894999
"921",7.0206856,1.49999985243121,1.50001431413245,2.25053424422455,4.50057718682678,0.999999650886458
"922",7.02831678,1.49999985185561,1.50001430934432,2.25053393676488,4.50057686500258,0.999999650877939
"923",7.03594796,1.4999998512778,1.50001430455052,2.25053362931657,4.50057654317274,0.999999650869446
"924",7.04357914,1.49999985069779,1.50001429975091,2.25053332187394,4.50057622133115,0.999999650860981
"925",7.05121032,1.49999985011555,1.5000142949454,2.25053301443491,4.50057589947545,0.999999650852545
"926",7.0588415,1.49999984953109,1.50001429013413,2.25053270700521,4.50057557761181,0.999999650844137
"927",7.06647268,1.4999998489444,1.50001428531716,2.25053239958752,4.50057525574306,0.999999650835753
"928",7.07410386,1.49999984835547,1.50001428049429,2.25053209217531,4.50057493386212,0.999999650827397
"929",7.08173504,1.49999984776428,1.50001427566556,2.25053178477018,4.50057461197065,0.999999650819069
"930",7.08936622,1.49999984717083,1.50001427083111,2.25053147737745,4.50057429007442,0.999999650810766
"931",7.0969974,1.49999984657512,1.50001426599081,2.25053116999408,4.50057396817002,0.999999650802489
"932",7.10462858,1.49999984597712,1.50001426114478,2.25053086262478,4.5005736462625,0.999999650794235
"933",7.11225976,1.49999984537684,1.50001425629276,2.25053055525988,4.50057332434139,0.99999965078601
"934",7.11989094,1.49999984477427,1.50001425143468,2.25053024789778,4.50057300240491,0.999999650777815
"935",7.12752212,1.49999984416939,1.50001424657099,2.25052994055595,4.50057268047188,0.99999965076964
"936",7.1351533,1.4999998435622,1.50001424170132,2.25052963322061,4.5005723585274,0.999999650761493
"937",7.14278448,1.49999984295269,1.50001423682564,2.25052932589171,4.5005720365713,0.999999650753373
"938",7.15041566,1.49999984234085,1.50001423194416,2.25052901857774,4.50057171461277,0.999999650745276
"939",7.15804684,1.49999984172667,1.50001422705669,2.25052871127147,4.50057139264394,0.999999650737207
"940",7.16567802,1.49999984111014,1.50001422216328,2.25052840397688,4.50057107066898,0.999999650729161
"941",7.1733092,1.49999984049126,1.50001421726371,2.25052809668471,4.50057074867797,0.999999650721146
"942",7.18094038,1.49999983987,1.50001421235866,2.25052778942162,4.50057042669958,0.999999650713145
"943",7.18857156,1.49999983924638,1.50001420744742,2.25052748216156,4.50057010470566,0.999999650705173
"944",7.19620274,1.49999983862037,1.50001420252989,2.25052717490207,4.50056978269344,0.999999650697233
"945",7.20383392,1.49999983799196,1.50001419760662,2.25052686766357,4.500569460685,0.999999650689311
"946",7.2114651,1.49999983736116,1.50001419267741,2.25052656044001,4.50056913867368,0.999999650681412
"947",7.21909628,1.49999983672794,1.50001418774179,2.25052625321301,4.50056881663966,0.999999650673546
"948",7.22672746,1.4999998360923,1.50001418280062,2.25052594601641,4.50056849461943,0.999999650665693
"949",7.23435864,1.49999983545424,1.50001417785303,2.25052563881835,4.50056817257845,0.999999650657872
"950",7.24198982,1.49999983481373,1.50001417289951,2.25052533163703,4.50056785053643,0.999999650650073
"951",7.249621,1.49999983417077,1.50001416793989,2.25052502446725,4.50056752848765,0.999999650642298
"952",7.25725218,1.49999983352536,1.50001416297388,2.25052471729871,4.50056720642094,0.999999650634554
"953",7.26488336,1.49999983287748,1.50001415800195,2.25052441014981,4.5005668843561,0.999999650626828
"954",7.27251454,1.49999983222712,1.50001415302399,2.25052410301698,4.50056656228926,0.999999650619124
"955",7.28014572,1.49999983157428,1.50001414803954,2.25052379588295,4.50056624020173,0.999999650611453
"956",7.2877769,1.49999983091894,1.50001414304934,2.25052348877708,4.50056591812512,0.999999650603794
"957",7.29540808,1.49999983026109,1.5000141380529,2.25052318168062,4.5005655960392,0.999999650596162
"958",7.30303926,1.49999982960073,1.50001413305006,2.25052287458935,4.50056527393927,0.999999650588557
"959",7.31067044,1.49999982893785,1.50001412804132,2.25052256752194,4.50056495184552,0.999999650580969
"960",7.31830162,1.49999982827243,1.50001412302605,2.25052226045513,4.50056462973275,0.999999650573411
"961",7.3259328,1.49999982760447,1.50001411800463,2.25052195340452,4.50056430761774,0.999999650565875
"962",7.33356398,1.49999982693395,1.50001411297697,2.25052164636731,4.50056398549739,0.999999650558361
"963",7.34119516,1.49999982626087,1.50001410794297,2.25052133934001,4.50056366336795,0.999999650550873
"964",7.34882634,1.49999982558522,1.50001410290301,2.2505210323371,4.50056334124501,0.999999650543399
"965",7.35645752,1.49999982490699,1.50001409785654,2.25052072533936,4.50056301910774,0.999999650535954
"966",7.3640887,1.49999982422616,1.50001409280367,2.25052041835185,4.50056269696146,0.999999650528533
"967",7.37171988,1.49999982354273,1.50001408774462,2.2505201113823,4.50056237481463,0.999999650521132
"968",7.37935106,1.49999982285669,1.50001408267932,2.25051980443052,4.50056205266679,0.999999650513751
"969",7.38698224,1.49999982216802,1.50001407760741,2.25051949748149,4.5005617305019,0.999999650506399
"970",7.39461342,1.49999982147672,1.50001407252936,2.25051919055485,4.50056140834095,0.999999650499064
"971",7.4022446,1.49999982078278,1.50001406744499,2.25051888364474,4.50056108617759,0.999999650491748
"972",7.40987578,1.49999982008619,1.50001406235378,2.25051857673186,4.50056076399093,0.999999650484466
"973",7.41750696,1.49999981938693,1.50001405725647,2.25051826984474,4.50056044181177,0.999999650477199
"974",7.42513814,1.499999818685,1.50001405215265,2.25051796296806,4.50056011962347,0.999999650469955
"975",7.43276932,1.49999981798039,1.50001404704255,2.25051765611086,4.50055979743582,0.999999650462729
"976",7.4404005,1.49999981727308,1.5000140419259,2.25051734926561,4.50055947524048,0.999999650455527
"977",7.44803168,1.49999981656307,1.50001403680264,2.25051704242955,4.5005591530345,0.99999965044835
"978",7.45566286,1.49999981585034,1.50001403167296,2.25051673561005,4.50055883082582,0.999999650441192
"979",7.46329404,1.49999981513489,1.50001402653684,2.25051642880752,4.50055850861478,0.999999650434054
"980",7.47092522,1.49999981441671,1.50001402139411,2.25051612201668,4.50055818639562,0.99999965042694
"981",7.4785564,1.49999981369577,1.50001401624506,2.25051581524811,4.50055786417974,0.999999650419841
"982",7.48618758,1.49999981297209,1.50001401108907,2.25051550847973,4.50055754194324,0.999999650412774
"983",7.49381876,1.49999981224563,1.50001400592665,2.25051520173201,4.50055721970813,0.999999650405723
"984",7.50144994,1.4999998115164,1.50001400075759,2.25051489499703,4.50055689746583,0.999999650398695
"985",7.50908112,1.49999981078439,1.50001399558204,2.25051458828109,4.50055657522308,0.999999650391684
"986",7.5167123,1.49999981004957,1.50001399039991,2.25051428158186,4.50055625297733,0.999999650384693
"987",7.52434348,1.49999980931194,1.50001398521096,2.25051397489048,4.50055593071896,0.999999650377728
"988",7.53197466,1.4999998085715,1.50001398001536,2.25051366821486,4.50055560845638,0.999999650370783
"989",7.53960584,1.49999980782822,1.50001397481309,2.25051336155461,4.50055528618917,0.999999650363858
"990",7.54723702,1.4999998070821,1.50001396960401,2.25051305490463,4.50055496391181,0.999999650356956
"991",7.5548682,1.49999980633313,1.50001396438845,2.25051274827804,4.50055464163839,0.99999965035007
"992",7.56249938,1.4999998055813,1.50001395916617,2.25051244166838,4.50055431936175,0.999999650343202
"993",7.57013056,1.49999980482659,1.50001395393712,2.25051213507176,4.50055399707784,0.999999650336356
"994",7.57776174,1.499999804069,1.50001394870094,2.25051182847755,4.50055367477492,0.999999650329539
"995",7.58539292,1.49999980330851,1.50001394345836,2.25051152191256,4.50055335248205,0.999999650322733
"996",7.5930241,1.49999980254511,1.50001393820888,2.25051121535912,4.50055303018002,0.999999650315949
"997",7.60065528,1.4999998017788,1.50001393295258,2.25051090882174,4.5005527078736,0.999999650309184
"998",7.60828646,1.49999980100956,1.50001392768934,2.25051060229558,4.50055238555759,0.999999650302443
"999",7.61591764,1.49999980023737,1.5000139224193,2.25051029578694,4.50055206323867,0.999999650295719
"1000",7.62354882,1.49999979946223,1.5000139171425,2.25050998929884,4.50055174092003,0.999999650289012
"1001",7.63118,1.49999979868413,1.50001391185863,2.2505096828186,4.50055141858803,0.999999650282329
"1002",7.63881118,1.49999979790306,1.5000139065678,2.2505093763524,4.50055109624919,0.999999650275667
"1003",7.64644236,1.499999797119,1.50001390127009,2.25050906990453,4.50055077390805,0.999999650269023
"1004",7.65407354,1.49999979633194,1.50001389596551,2.25050876347418,4.50055045156381,0.999999650262396
"1005",7.66170472,1.49999979554187,1.50001389065393,2.25050845705898,4.50055012921373,0.99999965025579
"1006",7.6693359,1.49999979474879,1.50001388533541,2.25050815066122,4.50054980686026,0.999999650249201
"1007",7.67696708,1.49999979395267,1.50001388000979,2.25050784427639,4.50054948449842,0.999999650242633
"1008",7.68459826,1.49999979315351,1.50001387467719,2.25050753790797,4.50054916213205,0.999999650236084
"1009",7.69222944,1.49999979235129,1.50001386933749,2.25050723155399,4.50054883975883,0.999999650229554
"1010",7.69986062,1.499999791546,1.5000138639908,2.25050692521814,4.50054851738274,0.999999650223042
"1011",7.7074918,1.49999979073764,1.50001385863682,2.25050661889146,4.50054819499399,0.999999650216553
"1012",7.71512298,1.49999978992619,1.50001385327587,2.25050631258515,4.50054787260467,0.99999965021008
"1013",7.72275416,1.49999978911163,1.50001384790781,2.25050600629485,4.50054755021005,0.999999650203625
"1014",7.73038534,1.49999978829396,1.5000138425327,2.25050570002489,4.50054722781461,0.999999650197186
"1015",7.73801652,1.49999978747317,1.50001383715018,2.25050539376165,4.50054690540367,0.999999650190771
"1016",7.7456477,1.49999978664924,1.50001383176078,2.25050508752476,4.50054658299841,0.999999650184368
"1017",7.75327888,1.49999978582215,1.5000138263639,2.25050478129484,4.50054626057769,0.99999965017799
"1018",7.76091006,1.49999978499191,1.50001382095966,2.25050447507498,4.50054593814496,0.999999650171633
"1019",7.76854124,1.49999978415849,1.50001381554851,2.2505041688844,4.50054561572079,0.999999650165286
"1020",7.77617242,1.49999978332189,1.50001381012998,2.25050386270532,4.50054529328597,0.99999965015896
"1021",7.7838036,1.49999978248209,1.50001380470404,2.25050355653811,4.5005449708408,0.999999650152654
"1022",7.79143478,1.49999978163907,1.50001379927085,2.2505032503885,4.50054464839146,0.999999650146366
"1023",7.79906596,1.49999978079284,1.50001379383017,2.25050294424928,4.50054432593007,0.999999650140099
"1024",7.80669714,1.49999977994337,1.50001378838235,2.25050263813398,4.50054400347114,0.999999650133845
"1025",7.81432832,1.49999977909065,1.50001378292722,2.25050233203715,4.50054368100878,0.999999650127607
"1026",7.8219595,1.49999977823467,1.50001377746456,2.25050202595124,4.50054335853473,0.99999965012139
"1027",7.82959068,1.49999977737542,1.50001377199467,2.25050171988799,4.50054303606166,0.999999650115186
"1028",7.83722186,1.49999977651288,1.50001376651686,2.25050141382394,4.50054271356404,0.999999650109011
"1029",7.84485304,1.49999977564705,1.50001376103202,2.250501107791,4.50054239107643,0.999999650102843
"1030",7.85248422,1.49999977477791,1.50001375553954,2.25050080176783,4.50054206857565,0.999999650096697
"1031",7.8601154,1.49999977390544,1.50001375003953,2.25050049576082,4.50054174606849,0.999999650090568
"1032",7.86774658,1.49999977302964,1.50001374453203,2.25050018977021,4.50054142355523,0.999999650084456
"1033",7.87537776,1.49999977215049,1.50001373901697,2.25049988379528,4.50054110103496,0.999999650078362
"1034",7.88300894,1.49999977126799,1.50001373349439,2.2504995778386,4.50054077851038,0.999999650072283
"1035",7.89064012,1.4999997703821,1.50001372796408,2.25049927189206,4.50054045597277,0.999999650066225
"1036",7.8982713,1.49999976949283,1.5000137224263,2.25049896596747,4.50054013343467,0.99999965006018
"1037",7.90590248,1.49999976860016,1.50001371688075,2.25049866005376,4.50053981088417,0.999999650054155
"1038",7.91353366,1.49999976770408,1.50001371132765,2.25049835416014,4.50053948833109,0.999999650048145
"1039",7.92116484,1.49999976680457,1.50001370576695,2.25049804828549,4.50053916577419,0.999999650042149
"1040",7.92879602,1.49999976590163,1.50001370019822,2.25049774241477,4.50053884319713,0.999999650036178
"1041",7.9364272,1.49999976499523,1.50001369462206,2.25049743657109,4.50053852062481,0.999999650030216
"1042",7.94405838,1.49999976408537,1.50001368903789,2.25049713073351,4.50053819803457,0.999999650024278
"1043",7.95168956,1.49999976317203,1.50001368344596,2.25049682491243,4.50053787543754,0.999999650018356
"1044",7.95932074,1.49999976225519,1.50001367784655,2.25049651911962,4.50053755284636,0.999999650012441
"1045",7.96695192,1.49999976133485,1.50001367223902,2.25049621333113,4.50053723023511,0.999999650006551
"1046",7.9745831,1.499999760411,1.50001366662366,2.25049590755876,4.50053690761651,0.999999650000677
"1047",7.98221428,1.49999975948361,1.50001366100042,2.25049560180178,4.50053658498965,0.999999649994819
"1048",7.98984546,1.49999975855268,1.50001365536951,2.25049529606911,4.5005362623641,0.999999649988972
"1049",7.99747664,1.49999975761818,1.50001364973037,2.25049499034095,4.50053593971838,0.999999649983148
"1050",8.00510782,1.49999975668012,1.50001364408347,2.25049468463464,4.5005356170712,0.999999649977337
"1051",8.012739,1.49999975573847,1.50001363842844,2.25049437893882,4.50053529441015,0.999999649971545
"1052",8.02037018,1.49999975479322,1.50001363276571,2.25049407326838,4.50053497175135,0.999999649965762
"1053",8.02800136,1.49999975384436,1.50001362709462,2.25049376760087,4.50053464907044,0.999999649960004
"1054",8.03563254,1.49999975289186,1.50001362141588,2.25049346196371,4.5005343263969,0.999999649954252
"1055",8.04326372,1.49999975193573,1.50001361572866,2.25049315632663,4.500534003698,0.999999649948526
"1056",8.0508949,1.49999975097594,1.50001361003356,2.25049285071286,4.50053368099878,0.99999964994281
"1057",8.05852608,1.49999975001249,1.50001360433037,2.25049254511529,4.50053335829147,0.999999649937109
"1058",8.06615726,1.49999974904535,1.50001359861902,2.25049223953237,4.50053303557435,0.999999649931425
"1059",8.07378844,1.49999974807451,1.50001359289934,2.25049193395854,4.50053271284132,0.99999964992576
"1060",8.08141962,1.49999974709996,1.50001358717169,2.25049162840872,4.5005323901084,0.999999649920105
"1061",8.0890508,1.49999974612168,1.5000135814357,2.2504913228691,4.50053206736064,0.999999649914468
"1062",8.09668198,1.49999974513967,1.50001357569139,2.25049101734239,4.50053174460087,0.999999649908849
"1063",8.10431316,1.4999997441539,1.50001356993896,2.25049071183554,4.50053142183657,0.999999649903242
"1064",8.11194434,1.49999974316437,1.500013564178,2.25049040633573,4.50053109905371,0.999999649897656
"1065",8.11957552,1.49999974217105,1.5000135584091,2.25049010086442,4.50053077627555,0.999999649892075
"1066",8.1272067,1.49999974117393,1.50001355263156,2.25048979539748,4.50053045347584,0.999999649886517
"1067",8.13483788,1.499999740173,1.50001354684567,2.25048948994664,4.50053013066716,0.999999649880973
"1068",8.14246906,1.49999973916824,1.50001354105131,2.25048918450757,4.50052980784486,0.999999649875447
"1069",8.15010024,1.49999973815965,1.50001353524868,2.25048887908913,4.50052948501836,0.999999649869931
"1070",8.15773142,1.4999997371472,1.50001352943755,2.25048857368394,4.50052916217962,0.999999649864432
"1071",8.1653626,1.49999973613087,1.50001352361784,2.25048826829015,4.50052883932657,0.999999649858949
"1072",8.17299378,1.49999973511067,1.50001351778988,2.25048796291972,4.5005285164721,0.999999649853475
"1073",8.18062496,1.49999973408656,1.50001351195326,2.25048765755931,4.50052819360167,0.99999964984802
"1074",8.18825614,1.49999973305853,1.50001350610796,2.25048735220935,4.50052787071564,0.999999649842582
"1075",8.19588732,1.49999973202658,1.50001350025409,2.25048704687409,4.50052754781863,0.999999649837158
"1076",8.2035185,1.49999973099068,1.50001349439176,2.25048674155943,4.50052722491681,0.999999649831744
"1077",8.21114968,1.49999972995082,1.50001348852066,2.25048643625406,4.50052690199798,0.999999649826349
"1078",8.21878086,1.49999972890699,1.50001348264094,2.2504861309648,4.50052657906941,0.999999649820967
"1079",8.22641204,1.49999972785917,1.50001347675249,2.25048582568829,4.50052625612738,0.9999996498156
"1080",8.23404322,1.49999972680734,1.50001347085517,2.25048552042125,4.50052593316823,0.999999649810251
"1081",8.2416744,1.49999972575149,1.50001346494935,2.25048521517736,4.50052561020672,0.99999964980491
"1082",8.24930558,1.4999997246916,1.5000134590349,2.25048490995272,4.50052528723856,0.99999964979958
"1083",8.25693676,1.49999972362766,1.50001345311132,2.25048460473033,4.50052496424528,0.999999649794271
"1084",8.26456794,1.49999972255966,1.50001344717877,2.25048429951713,4.50052464123426,0.999999649788981
"1085",8.27219912,1.49999972148757,1.50001344123762,2.25048399432794,4.50052431822148,0.999999649783697
"1086",8.2798303,1.49999972041138,1.50001343528762,2.25048368915341,4.50052399519678,0.999999649778427
"1087",8.28746148,1.49999971933108,1.50001342932852,2.25048338398604,4.50052367215194,0.999999649773175
"1088",8.29509266,1.49999971824665,1.50001342336043,2.25048307883122,4.50052334909271,0.999999649767938
"1089",8.30272384,1.49999971715807,1.50001341738351,2.25048277369571,4.50052302602626,0.99999964976271
"1090",8.31035502,1.49999971606533,1.50001341139753,2.25048246857131,4.50052270294376,0.999999649757498
"1091",8.3179862,1.49999971496841,1.50001340540257,2.25048216346285,4.50052237985027,0.999999649752298
"1092",8.32561738,1.4999997138673,1.50001339939855,2.25048185836696,4.50052205674214,0.999999649747113
"1093",8.33324856,1.49999971276199,1.50001339338529,2.25048155328059,4.50052173361584,0.999999649741943
"1094",8.34087974,1.49999971165244,1.50001338736277,2.25048124820204,4.50052141046957,0.999999649736791
"1095",8.34851092,1.49999971053866,1.50001338133152,2.25048094315198,4.50052108732562,0.999999649731641
"1096",8.3561421,1.49999970942061,1.50001337529072,2.25048063810111,4.50052076415216,0.999999649726515
"1097",8.36377328,1.49999970829829,1.50001336924081,2.2504803330674,4.50052044096856,0.999999649721399
"1098",8.37140446,1.49999970717169,1.50001336318167,2.25048002804737,4.50052011777096,0.999999649716296
"1099",8.37903564,1.49999970604077,1.50001335711313,2.25047972303568,4.50051979455348,0.999999649711209
"1100",8.38666682,1.49999970490553,1.50001335103555,2.25047941804571,4.5005194713306,0.999999649706129
"1101",8.394298,1.49999970376595,1.5000133449483,2.25047911305632,4.5005191480793,0.99999964970107
"1102",8.40192918,1.49999970262202,1.50001333885194,2.25047880808994,4.50051882482368,0.999999649696018
"1103",8.40956036,1.49999970147371,1.50001333274613,2.25047850313268,4.50051850154883,0.99999964969098
"1104",8.41719154,1.49999970032101,1.50001332663086,2.25047819818708,4.50051817825726,0.999999649685956
"1105",8.42482272,1.49999969916391,1.50001332050614,2.25047789325405,4.50051785494989,0.999999649680945
"1106",8.4324539,1.49999969800238,1.50001331437191,2.25047758833275,4.50051753162575,0.999999649675947
"1107",8.44008508,1.49999969683641,1.50001330822801,2.2504772834184,4.50051720827955,0.999999649670966
"1108",8.44771626,1.49999969566599,1.50001330207479,2.2504769785236,4.50051688492491,0.999999649665991
"1109",8.45534744,1.49999969449109,1.50001329591188,2.25047667363741,4.50051656154983,0.999999649661032
"1110",8.46297862,1.49999969331169,1.50001328973926,2.25047636875943,4.50051623815383,0.999999649656088
"1111",8.4706098,1.49999969212779,1.50001328355717,2.2504760638995,4.50051591474746,0.999999649651152
"1112",8.47824098,1.49999969093937,1.50001327736508,2.25047575904067,4.50051559131221,0.999999649646237
"1113",8.48587216,1.4999996897464,1.50001327116351,2.2504754542005,4.50051526786716,0.999999649641328
"1114",8.49350334,1.49999968854887,1.50001326495211,2.25047514936897,4.50051494440127,0.999999649636434
"1115",8.50113452,1.49999968734676,1.50001325873091,2.25047484454744,4.50051462091595,0.999999649631553
"1116",8.5087657,1.49999968614006,1.50001325249996,2.25047453974028,4.5005142974158,0.999999649626682
"1117",8.51639688,1.49999968492874,1.50001324625934,2.25047423494974,4.50051397390323,0.99999964962182
"1118",8.52402806,1.49999968371279,1.50001324000868,2.25047393016375,4.50051365036508,0.999999649616974
"1119",8.53165924,1.4999996824922,1.50001323374778,2.25047362537722,4.5005133267957,0.999999649612149
"1120",8.53929042,1.49999968126693,1.50001322747707,2.25047332060642,4.5005130032126,0.999999649607332
"1121",8.5469216,1.49999968003699,1.50001322119651,2.25047301585033,4.50051267961466,0.999999649602525
"1122",8.55455278,1.49999967880234,1.50001321490594,2.25047271110507,4.50051235599754,0.999999649597729
"1123",8.56218396,1.49999967756297,1.50001320860547,2.25047240637451,4.5005120323654,0.999999649592942
"1124",8.56981514,1.49999967631887,1.50001320229475,2.25047210164847,4.50051170870701,0.999999649588171
"1125",8.57744632,1.49999967507001,1.50001319597409,2.25047179693889,4.50051138503529,0.999999649583407
"1126",8.5850775,1.49999967381637,1.50001318964308,2.25047149223101,4.50051106133422,0.999999649578662
"1127",8.59270868,1.49999967255794,1.50001318330179,2.2504711875303,4.50051073760946,0.99999964957393
"1128",8.60033986,1.4999996712947,1.50001317695045,2.25047088284499,4.50051041386997,0.999999649569205
"1129",8.60797104,1.49999967002663,1.50001317058871,2.25047057816347,4.50051009010305,0.999999649564497
"1130",8.61560222,1.49999966875372,1.5000131642168,2.25047027349684,4.50050976632054,0.999999649559796
"1131",8.6232334,1.49999966747594,1.50001315783451,2.25046996883574,4.5005094425124,0.99999964955511
"1132",8.63086458,1.49999966619327,1.50001315144193,2.25046966418664,4.50050911868538,0.999999649550434
"1133",8.63849576,1.4999996649057,1.50001314503896,2.25046935954697,4.50050879483665,0.999999649545768
"1134",8.64612694,1.4999996636132,1.50001313862558,2.25046905491628,4.50050847096563,0.999999649541114
"1135",8.65375812,1.49999966231577,1.50001313220153,2.25046875028752,4.50050814706457,0.999999649536477
"1136",8.6613893,1.49999966101338,1.50001312576714,2.25046844567201,4.50050782314571,0.999999649531847
"1137",8.66902048,1.499999659706,1.50001311932201,2.25046814105792,4.50050749919606,0.999999649527235
"1138",8.67665166,1.49999965839363,1.50001311286664,2.25046783646419,4.50050717523604,0.999999649522624
"1139",8.68428284,1.49999965707625,1.50001310640038,2.25046753186814,4.50050685124104,0.999999649518033
"1140",8.69191402,1.49999965575382,1.50001309992354,2.25046722728261,4.50050652722484,0.999999649513451
"1141",8.6995452,1.49999965442634,1.50001309343641,2.25046692271893,4.50050620319962,0.99999964950887
"1142",8.70717638,1.49999965309379,1.50001308693802,2.25046661814305,4.50050587912837,0.999999649504316
"1143",8.71480756,1.49999965175614,1.50001308042912,2.25046631358398,4.50050555504243,0.999999649499765
"1144",8.72243874,1.49999965041338,1.50001307390936,2.25046600902952,4.50050523092853,0.999999649495228
"1145",8.73006992,1.49999964906548,1.5000130673787,2.25046570447979,4.50050490678665,0.999999649490703
"1146",8.7377011,1.49999964771243,1.50001306083721,2.25046539993798,4.5005045826202,0.999999649486189
"1147",8.74533228,1.49999964635421,1.50001305428501,2.25046509541079,4.50050425843622,0.999999649481681
"1148",8.75296346,1.4999996449908,1.50001304772149,2.25046479087653,4.50050393421125,0.999999649477193
"1149",8.76059464,1.49999964362218,1.50001304114714,2.25046448635356,4.50050360996503,0.999999649472713
"1150",8.76822582,1.49999964224832,1.50001303456199,2.25046418184538,4.50050328570124,0.999999649468238
"1151",8.775857,1.49999964086921,1.50001302796578,2.25046387734345,4.50050296141051,0.999999649463774
"1152",8.78348818,1.49999963948483,1.50001302135818,2.25046357283664,4.50050263708073,0.999999649459329
"1153",8.79111936,1.49999963809515,1.50001301473964,2.2504632683426,4.50050231273091,0.999999649454889
"1154",8.79875054,1.49999963670017,1.50001300810983,2.25046296385079,4.50050198834949,0.999999649450463
"1155",8.80638172,1.49999963529985,1.50001300146887,2.250462659367,4.50050166394265,0.999999649446046
"1156",8.8140129,1.49999963389418,1.50001299481675,2.25046235489175,4.50050133951086,0.999999649441638
"1157",8.82164408,1.49999963248313,1.50001298815324,2.25046205041824,4.50050101504664,0.999999649437242
"1158",8.82927526,1.49999963106669,1.50001298147815,2.25046174594091,4.50050069054386,0.999999649432864
"1159",8.83690644,1.49999962964484,1.50001297479214,2.25046144148376,4.50050036602852,0.999999649428485
"1160",8.84453762,1.49999962821754,1.50001296809442,2.25046113702116,4.50050004147259,0.999999649424124
"1161",8.8521688,1.4999996267848,1.50001296138542,2.25046083256924,4.50049971689351,0.99999964941977
"1162",8.85979998,1.49999962534657,1.50001295466506,2.25046052812526,4.50049939228826,0.999999649415423
"1163",8.86743116,1.49999962390285,1.50001294793277,2.2504602236723,4.50049906763827,0.999999649411096
"1164",8.87506234,1.49999962245361,1.50001294118934,2.25045991923778,4.50049874297326,0.999999649406769
"1165",8.88269352,1.49999962099883,1.50001293443387,2.25045961479261,4.50049841826153,0.999999649402464
"1166",8.8903247,1.49999961953848,1.50001292766709,2.2504593103619,4.50049809353028,0.99999964939816
"1167",8.89795588,1.49999961807256,1.50001292088843,2.25045900592889,4.50049776876113,0.999999649393871
"1168",8.90558706,1.49999961660103,1.50001291409807,2.2504587014999,4.50049744396088,0.999999649389592
"1169",8.91321824,1.49999961512387,1.50001290729628,2.25045839708641,4.50049711914184,0.999999649385314
"1170",8.92084942,1.49999961364107,1.50001290048224,2.25045809266055,4.50049679427369,0.999999649381058
"1171",8.9284806,1.4999996121526,1.50001289365659,2.25045778824519,4.5004964693812,0.999999649376806
"1172",8.93611178,1.49999961065844,1.50001288681885,2.25045748382622,4.50049614444886,0.999999649372568
"1173",8.94374296,1.49999960915856,1.50001287996923,2.25045717941189,4.50049581948547,0.99999964936834
"1174",8.95137414,1.49999960765296,1.50001287310792,2.25045687500941,4.50049549449889,0.999999649364113
"1175",8.95900532,1.49999960614159,1.50001286623408,2.25045657059126,4.50049516945906,0.999999649359911
"1176",8.9666365,1.49999960462445,1.50001285934858,2.25045626618897,4.50049484440007,0.999999649355707
"1177",8.97426768,1.49999960310151,1.50001285245078,2.25045596178199,4.50049451929951,0.999999649351519
"1178",8.98189886,1.49999960157275,1.50001284554098,2.25045565738165,4.50049419416961,0.999999649347336
"1179",8.98953004,1.49999960003814,1.50001283861902,2.250455352983,4.50049386900488,0.999999649343163
"1180",8.99716122,1.49999959849767,1.50001283168448,2.25045504857421,4.50049354379229,0.999999649339008
"1181",9.0047924,1.49999959695131,1.50001282473789,2.25045474417372,4.50049321855186,0.999999649334857
"1182",9.01242358,1.49999959539903,1.50001281777894,2.25045443977285,4.50049289327396,0.999999649330717
"1183",9.02005476,1.49999959384082,1.50001281080791,2.25045413538252,4.50049256797037,0.999999649326578
"1184",9.02768594,1.49999959227666,1.50001280382398,2.25045383097498,4.50049224261086,0.999999649322463
"1185",9.03531712,1.49999959070651,1.50001279682789,2.25045352657747,4.50049191722489,0.99999964931835
"1186",9.0429483,1.49999958913037,1.50001278981937,2.25045322218269,4.50049159180437,0.999999649314244
"1187",9.05057948,1.49999958754819,1.50001278279823,2.25045291778491,4.50049126634299,0.99999964931015
"1188",9.05821066,1.49999958595997,1.5000127757646,2.25045261338913,4.50049094084614,0.999999649306063
"1189",9.06584184,1.49999958436568,1.50001276871811,2.25045230898543,4.5004906153028,0.999999649301991
"1190",9.07347302,1.49999958276529,1.50001276165903,2.25045200458285,4.5004902897228,0.999999649297927
"1191",9.0811042,1.49999958115879,1.50001275458721,2.25045170017895,4.50048996410327,0.999999649293873
"1192",9.08873538,1.49999957954614,1.50001274750267,2.2504513957753,4.50048963844581,0.999999649289827
"1193",9.09636656,1.49999957792733,1.50001274040554,2.25045109137741,4.50048931275634,0.999999649285784
"1194",9.10399774,1.49999957630233,1.50001273329531,2.25045078696928,4.50048898701733,0.999999649281757
"1195",9.11162892,1.49999957467112,1.50001272617231,2.25045048256391,4.50048866124279,0.999999649277736
"1196",9.1192601,1.49999957303367,1.50001271903609,2.25045017814712,4.50048833541717,0.999999649273731
"1197",9.12689128,1.49999957138996,1.50001271188723,2.25044987373958,4.50048800956286,0.999999649269726
"1198",9.13452246,1.49999956973997,1.50001270472519,2.25044956932463,4.50048768366162,0.999999649265734
"1199",9.14215364,1.49999956808367,1.50001269754991,2.25044926490147,4.50048735771244,0.999999649261755
"1200",9.14978482,1.49999956642104,1.50001269036173,2.25044896048307,4.50048703172931,0.999999649257779
"1201",9.157416,1.49999956475205,1.50001268316033,2.2504486560602,4.50048670570207,0.999999649253813
"1202",9.16504718,1.49999956307668,1.50001267594549,2.25044835162648,4.50048637962363,0.999999649249861
"1203",9.17267836,1.49999956139491,1.50001266871764,2.25044804719807,4.50048605351148,0.999999649245912
"1204",9.18030954,1.49999955970671,1.50001266147644,2.2504477427645,4.50048572735413,0.999999649241972
"1205",9.18794072,1.49999955801205,1.50001265422178,2.25044743832383,4.50048540114932,0.999999649238044
"1206",9.1955719,1.49999955631092,1.50001264695379,2.25044713388097,4.50048507490228,0.999999649234122
"1207",9.20320308,1.49999955460328,1.50001263967223,2.25044682943037,4.50048474860681,0.999999649230212
"1208",9.21083426,1.49999955288912,1.50001263237723,2.25044652497732,4.50048442226859,0.999999649226308
"1209",9.21846544,1.4999995511684,1.50001262506861,2.25044622051667,4.5004840958819,0.999999649222415
"1210",9.22609662,1.4999995494411,1.50001261774639,2.25044591605101,4.50048376944938,0.99999964921853
"1211",9.2337278,1.4999995477072,1.5000126104104,2.25044561157672,4.50048344296694,0.999999649214657
"1212",9.24135898,1.49999954596667,1.50001260306099,2.25044530710579,4.50048311644759,0.999999649210785
"1213",9.24899016,1.49999954421949,1.50001259569764,2.25044500262292,4.5004827898745,0.999999649206926
"1214",9.25662134,1.49999954246563,1.50001258832062,2.25044469813754,4.50048246325786,0.999999649203072
"1215",9.26425252,1.49999954070507,1.5000125809295,2.25044439363735,4.50048213658413,0.999999649199234
"1216",9.2718837,1.49999953893777,1.50001257352482,2.25044408914311,4.50048180987567,0.999999649195394
"1217",9.27951488,1.49999953716372,1.50001256610591,2.25044378463134,4.50048148310697,0.99999964919157
"1218",9.28714606,1.49999953538288,1.50001255867307,2.25044348011535,4.50048115629229,0.999999649187753
"1219",9.29477724,1.49999953359524,1.50001255122633,2.25044317559725,4.50048082943379,0.999999649183939
"1220",9.30240842,1.49999953180076,1.50001254376542,2.25044287106858,4.50048050252218,0.999999649180136
"1221",9.3100396,1.49999952999943,1.50001253629025,2.2504425665285,4.5004801755564,0.999999649176344
"1222",9.31767078,1.4999995281912,1.50001252880095,2.25044226198289,4.50047984854271,0.999999649172558
"1223",9.32530196,1.49999952637607,1.50001252129714,2.25044195742049,4.5004795214687,0.999999649168787
"1224",9.33293314,1.49999952455399,1.50001251377938,2.25044165286093,4.50047919435565,0.999999649165015
"1225",9.34056432,1.49999952272495,1.50001250624708,2.25044134828656,4.50047886718421,0.999999649161255
"1226",9.3481955,1.49999952088892,1.50001249870044,2.25044104370554,4.50047853996307,0.999999649157501
"1227",9.35582668,1.49999951904587,1.50001249113908,2.25044073910595,4.50047821267921,0.999999649153763
"1228",9.36345786,1.49999951719577,1.50001248356328,2.25044043449924,4.50047788534492,0.99999964915003
"1229",9.37108904,1.49999951533861,1.50001247597331,2.25044012989644,4.50047755797203,0.999999649146294
"1230",9.37872022,1.49999951347434,1.50001246836841,2.25043982527262,4.5004772305333,0.999999649142575
"1231",9.3863514,1.49999951160294,1.50001246074877,2.25043952063547,4.50047690303704,0.999999649138866
"1232",9.39398258,1.49999950972439,1.50001245311464,2.25043921599607,4.50047657549506,0.999999649135157
"1233",9.40161376,1.49999950783866,1.5000124454656,2.25043891134136,4.50047624789305,0.99999964913146
"1234",9.40924494,1.49999950594572,1.50001243780176,2.25043860667577,4.50047592023574,0.99999964912777
"1235",9.41687612,1.49999950404554,1.50001243012303,2.25043830199862,4.50047559252222,0.999999649124088
"1236",9.4245073,1.4999995021381,1.50001242242934,2.25043799730909,4.50047526475142,0.999999649120414
"1237",9.43213848,1.49999950022337,1.5000124147205,2.25043769260238,4.50047493691802,0.999999649116752
"1238",9.43976966,1.49999949830131,1.5000124069969,2.25043738789277,4.50047460903739,0.999999649113089
"1239",9.44740084,1.49999949637191,1.50001239925797,2.2504370831625,4.50047428109016,0.999999649109441
"1240",9.45503202,1.49999949443514,1.50001239150386,2.25043677841875,4.50047395308388,0.9999996491058
"1241",9.4626632,1.49999949249096,1.50001238373476,2.25043647366928,4.50047362502691,0.999999649102161
"1242",9.47029438,1.49999949053934,1.5000123759502,2.25043616890002,4.50047329690379,0.999999649098534
"1243",9.47792556,1.49999948858027,1.50001236815033,2.25043586411702,4.50047296872098,0.999999649094915
"1244",9.48555674,1.49999948661371,1.50001236033511,2.25043555932109,4.50047264047919,0.999999649091302
"1245",9.49318792,1.49999948463963,1.50001235250464,2.25043525451695,4.50047231218345,0.999999649087691
"1246",9.5008191,1.499999482658,1.5000123446584,2.25043494968896,4.50047198381656,0.999999649084095
"1247",9.50845028,1.4999994806688,1.50001233679673,2.25043464484991,4.5004716553923,0.999999649080503
"1248",9.51608146,1.49999947867199,1.50001232891947,2.25043433999585,4.50047132690626,0.999999649076918
"1249",9.52371264,1.49999947666755,1.50001232102645,2.25043403512317,4.50047099835434,0.999999649073343
"1250",9.53134382,1.49999947465545,1.50001231311769,2.25043373023387,4.50047066973855,0.999999649069776
"1251",9.538975,1.49999947263565,1.50001230519334,2.25043342533472,4.50047034106614,0.999999649066211
"1252",9.54660618,1.49999947060813,1.50001229725301,2.250433120414,4.50047001232426,0.999999649062657
"1253",9.55423736,1.49999946857286,1.50001228929692,2.25043281548091,4.50046968352268,0.999999649059106
"1254",9.56186854,1.49999946652982,1.50001228132476,2.25043251052706,4.50046935465218,0.999999649055566
"1255",9.56949972,1.49999946447896,1.50001227333628,2.25043220554539,4.50046902570487,0.999999649052041
"1256",9.5771309,1.49999946242026,1.50001226533236,2.25043190056665,4.50046869671416,0.999999649048506
"1257",9.58476208,1.49999946035369,1.50001225731198,2.25043159555875,4.50046836764493,0.999999649044987
"1258",9.59239326,1.49999945827922,1.50001224927553,2.25043129053666,4.50046803851331,0.999999649041472
"1259",9.60002444,1.49999945619682,1.50001224122253,2.25043098548529,4.50046770930273,0.999999649037972
"1260",9.60765562,1.49999945410646,1.50001223315351,2.25043068042411,4.50046738003428,0.999999649034472
"1261",9.6152868,1.49999945200811,1.50001222506815,2.25043037534575,4.50046705069965,0.999999649030977
"1262",9.62291798,1.49999944990173,1.5000122169661,2.2504300702384,4.50046672128596,0.999999649027497
"1263",9.63054916,1.49999944778731,1.50001220884782,2.25042976511907,4.50046639181158,0.999999649024017
"1264",9.63818034,1.4999994456648,1.50001220071302,2.25042945998047,4.50046606226838,0.999999649020543
"1265",9.64581152,1.49999944353417,1.50001219256146,2.25042915481645,4.50046573264948,0.999999649017079
"1266",9.6534427,1.49999944139541,1.50001218439311,2.25042884962719,4.50046540295497,0.999999649013626
"1267",9.66107388,1.49999943924846,1.50001217620834,2.2504285444272,4.50046507320048,0.999999649010171
"1268",9.66870506,1.49999943709331,1.50001216800678,2.25042823920602,4.50046474337443,0.999999649006722
"1269",9.67633624,1.49999943492992,1.50001215978812,2.25042793395349,4.5004644134657,0.999999649003288
"1270",9.68396742,1.49999943275826,1.50001215155248,2.25042762867734,4.50046408348244,0.999999648999861
"1271",9.6915986,1.49999943057829,1.50001214330026,2.25042732339155,4.50046375343979,0.999999648996431
"1272",9.69922978,1.49999942839,1.50001213503073,2.25042701807401,4.50046342331345,0.999999648993014
"1273",9.70686096,1.49999942619333,1.50001212674418,2.25042671273578,4.50046309311537,0.999999648989602
"1274",9.71449214,1.49999942398827,1.5000121184405,2.2504264073753,4.50046276284366,0.999999648986195
"1275",9.72212332,1.49999942177478,1.50001211011939,2.25042610198407,4.5004624324889,0.9999996489828
"1276",9.7297545,1.49999941955283,1.50001210178106,2.25042579657057,4.50046210206021,0.99999964897941
"1277",9.73738568,1.49999941732239,1.50001209342559,2.25042549114033,4.50046177156335,0.99999964897602
"1278",9.74501686,1.49999941508341,1.50001208505256,2.25042518567951,4.50046144098325,0.999999648972641
"1279",9.75264804,1.49999941283588,1.50001207666219,2.25042488019828,4.5004611103307,0.999999648969265
"1280",9.76027922,1.49999941057976,1.50001206825412,2.25042457468644,4.50046077959445,0.999999648965899
"1281",9.7679104,1.49999940831501,1.50001205982854,2.25042426915209,4.50046044878315,0.999999648962536
"1282",9.77554158,1.4999994060416,1.50001205138512,2.25042396358621,4.50046011788679,0.999999648959184
"1283",9.78317276,1.4999994037595,1.50001204292415,2.25042365799917,4.50045978691664,0.999999648955833
"1284",9.79080394,1.49999940146868,1.50001203444515,2.25042335237885,4.50045945585913,0.999999648952494
"1285",9.79843512,1.4999993991691,1.50001202594857,2.25042304674007,4.5004591247304,0.999999648949154
"1286",9.8060663,1.49999939686073,1.50001201743373,2.25042274106296,4.50045879350858,0.999999648945828
"1287",9.81369748,1.49999939454354,1.50001200890109,2.25042243536429,4.50045846221176,0.999999648942503
"1288",9.82132866,1.49999939221748,1.50001200035038,2.25042212963791,4.50045813083307,0.999999648939184
"1289",9.82895984,1.49999938988254,1.50001199178159,2.25042182388403,4.50045779937261,0.99999964893587
"1290",9.83659102,1.49999938753867,1.50001198319449,2.25042151809772,4.5004574678248,0.999999648932564
"1291",9.8442222,1.49999938518584,1.50001197458906,2.25042121227984,4.50045713619041,0.999999648929266
"1292",9.85185338,1.49999938282401,1.50001196596547,2.25042090643791,4.50045680447752,0.999999648925969
"1293",9.85948456,1.49999938045315,1.50001195732354,2.25042060056724,4.50045647268082,0.999999648922677
"1294",9.86711574,1.49999937807323,1.50001194866292,2.25042029465958,4.50045614079112,0.999999648919396
"1295",9.87474692,1.49999937568422,1.50001193998395,2.25041998872738,4.50045580882178,0.999999648916115
"1296",9.8823781,1.49999937328607,1.50001193128625,2.25041968275942,4.50045547676053,0.999999648912844
"1297",9.89000928,1.49999937087875,1.50001192256994,2.25041937676207,4.50045514461403,0.999999648909576
"1298",9.89764046,1.49999936846223,1.50001191383476,2.25041907072907,4.5004548123753,0.999999648906318
"1299",9.90527164,1.49999936603647,1.50001190508079,2.25041876466357,4.50045448004769,0.999999648903064
"1300",9.91290282,1.49999936360144,1.50001189630804,2.25041845856914,4.50045414763478,0.999999648899814
"1301",9.920534,1.4999993611571,1.50001188751618,2.25041815243635,4.50045381512621,0.999999648896573
"1302",9.92816518,1.49999935870341,1.50001187870551,2.25041784627769,4.50045348253534,0.999999648893332
"1303",9.93579636,1.49999935624034,1.50001186987562,2.2504175400804,4.50045314984815,0.999999648890099
"1304",9.94342754,1.49999935376786,1.50001186102634,2.25041723384104,4.50045281706075,0.999999648886879
"1305",9.95105872,1.49999935128593,1.50001185215821,2.25041692758057,4.50045248419568,0.999999648883653
"1306",9.9586899,1.49999934879451,1.50001184327064,2.25041662127984,4.50045215123201,0.999999648880437
"1307",9.96632108,1.49999934629356,1.50001183436362,2.25041631494179,4.50045181817269,0.999999648877227
"1308",9.97395226,1.49999934378306,1.50001182543727,2.25041600857165,4.50045148502329,0.99999964887402
"1309",9.98158344,1.49999934126295,1.50001181649126,2.25041570216144,4.50045115177486,0.999999648870821
"1310",9.98921462,1.49999933873321,1.5000118075258,2.2504153957184,4.50045081843521,0.999999648867624
"1311",9.9968458,1.4999993361938,1.50001179854066,2.25041508923828,4.50045048499946,0.999999648864432
"1312",10.00447698,1.49999933364469,1.50001178953566,2.25041478271652,4.50045015146249,0.99999964886125
"1313",10.01210816,1.49999933108583,1.50001178051091,2.25041447615928,4.5004498178308,0.99999964885807
"1314",10.01973934,1.49999932851718,1.50001177146629,2.2504141695642,4.50044948410165,0.999999648854895
"1315",10.02737052,1.49999932593872,1.50001176240162,2.25041386292793,4.50044915027116,0.999999648851727
"1316",10.0350017,1.4999993233504,1.50001175331691,2.25041355625153,4.50044881634041,0.999999648848566
"1317",10.04263288,1.49999932075218,1.5000117442121,2.25041324953623,4.50044848231044,0.999999648845408
"1318",10.05026406,1.49999931814403,1.50001173508719,2.25041294278424,4.50044814818353,0.999999648842253
"1319",10.05789524,1.49999931552591,1.50001172594189,2.25041263598687,4.50044781395003,0.999999648839108
"1320",10.06552642,1.49999931289779,1.5000117167763,2.25041232915069,4.50044747961686,0.999999648835965
"1321",10.0731576,1.49999931025961,1.50001170759057,2.25041202228266,4.50044714519143,0.99999964883282
"1322",10.08078878,1.49999930761135,1.50001169838406,2.25041171536294,4.50044681065198,0.999999648829688
"1323",10.08841996,1.49999930495297,1.50001168915693,2.25041140839948,4.50044647600689,0.999999648826562
"1324",10.09605114,1.49999930228442,1.50001167990953,2.2504111014057,4.50044614127071,0.999999648823432
"1325",10.10368232,1.49999929960567,1.50001167064105,2.250410794357,4.50044580641636,0.999999648820315
"1326",10.1113135,1.49999929691668,1.50001166135207,2.25041048727484,4.50044547146703,0.999999648817196
"1327",10.11894468,1.49999929421742,1.50001165204189,2.2504101801381,4.50044513639954,0.99999964881409
"1328",10.12657586,1.49999929150783,1.50001164271091,2.25040987296191,4.5004448012302,0.999999648810985
"1329",10.13420704,1.49999928878788,1.5000116333589,2.25040956574029,4.50044446595234,0.999999648807886
"1330",10.14183822,1.49999928605754,1.50001162398584,2.25040925847672,4.50044413056937,0.999999648804788
"1331",10.1494694,1.49999928331676,1.50001161459163,2.25040895116784,4.50044379507762,0.999999648801695
"1332",10.15710058,1.4999992805655,1.50001160517617,2.25040864381426,4.50044345947746,0.999999648798605
"1333",10.16473176,1.49999927780372,1.50001159573923,2.25040833640899,4.50044312376116,0.999999648795525
"1334",10.17236294,1.49999927503139,1.50001158628071,2.25040802895207,4.50044278792845,0.999999648792453
"1335",10.17999412,1.49999927224846,1.50001157680105,2.25040772145924,4.5004424519964,0.999999648789376
"1336",10.1876253,1.49999926945488,1.50001156729959,2.2504074139121,4.50044211594466,0.999999648786309
"1337",10.19525648,1.49999926665063,1.50001155777669,2.25040710632363,4.50044177978727,0.999999648783241
"1338",10.20288766,1.49999926383566,1.50001154823196,2.25040679868402,4.50044144351326,0.999999648780179
"1339",10.21051884,1.49999926100993,1.50001153866526,2.25040649099022,4.50044110711912,0.999999648777126
"1340",10.21815002,1.49999925817339,1.50001152907675,2.25040618325032,4.5004407706135,0.999999648774074
"1341",10.2257812,1.49999925532601,1.50001151946614,2.25040587545617,4.50044043398728,0.99999964877103
"1342",10.23341238,1.49999925246775,1.5000115098337,2.25040556762021,4.5004400972538,0.999999648767984
"1343",10.24104356,1.49999924959856,1.5000115001789,2.25040525972583,4.50043976039477,0.999999648764947
"1344",10.24867474,1.4999992467184,1.50001149050195,2.25040495178381,4.50043942342169,0.999999648761912
"1345",10.25630592,1.49999924382723,1.50001148080261,2.25040464378652,4.50043908632616,0.999999648758884
"1346",10.2639371,1.49999924092501,1.50001147108108,2.25040433574366,4.50043874911848,0.999999648755854
"1347",10.27156828,1.49999923801169,1.50001146133689,2.25040402764302,4.50043841178504,0.999999648752833
"1348",10.27919946,1.49999923508724,1.50001145157017,2.25040371949014,4.50043807433179,0.999999648749815
"1349",10.28683064,1.4999992321516,1.50001144178069,2.25040341127993,4.50043773675291,0.999999648746804
"1350",10.29446182,1.49999922920474,1.50001143196858,2.25040310301874,4.50043739905519,0.999999648743794
"1351",10.302093,1.49999922624662,1.50001142213385,2.2504027947102,4.50043706124223,0.999999648740782
"1352",10.30972418,1.49999922327719,1.50001141227597,2.25040248633761,4.50043672329575,0.999999648737781
"1353",10.31735536,1.49999922029641,1.50001140239527,2.25040217791572,4.50043638523154,0.999999648734779
"1354",10.32498654,1.49999921730423,1.50001139249126,2.25040186942978,4.50043604703335,0.999999648731788
"1355",10.33261772,1.49999921430061,1.50001138256432,2.25040156089478,4.50043570871729,0.999999648728794
"1356",10.3402489,1.49999921128552,1.50001137261392,2.25040125229643,4.50043537026753,0.999999648725809
"1357",10.34788008,1.49999920825889,1.50001136264031,2.25040094364422,4.50043503169426,0.999999648722825
"1358",10.35551126,1.49999920522069,1.50001135264312,2.25040063492879,4.50043469298704,0.999999648719848
"1359",10.36314244,1.49999920217088,1.50001134262269,2.25040032616393,4.50043435416065,0.999999648716868
"1360",10.37077362,1.49999919910942,1.50001133257846,2.25040001733346,4.50043401519727,0.999999648713897
"1361",10.3784048,1.49999919603624,1.50001132251063,2.25039970844595,4.50043367610604,0.999999648710927
"1362",10.38603598,1.49999919295132,1.50001131241898,2.25039939949728,4.50043333688218,0.999999648707962
"1363",10.39366716,1.49999918985461,1.5000113023033,2.2503990904832,4.50043299752085,0.999999648705004
"1364",10.40129834,1.49999918674605,1.50001129216403,2.25039878141953,4.50043265803913,0.99999964870204
"1365",10.40892952,1.49999918362562,1.50001128200029,2.25039847228029,4.50043231840845,0.999999648699092
"1366",10.4165607,1.49999918049325,1.50001127181291,2.25039816309511,4.5004319786609,0.999999648696133
"1367",10.42419188,1.49999917734891,1.5000112616012,2.25039785384413,4.50043163877455,0.99999964869318
"1368",10.43182306,1.49999917419255,1.50001125136478,2.25039754451683,4.50043129873777,0.999999648690242
"1369",10.43945424,1.49999917102412,1.50001124110443,2.25039723514184,4.50043095858149,0.999999648687294
"1370",10.44708542,1.49999916784359,1.50001123081924,2.25039692569187,4.50043061827572,0.999999648684358
"1371",10.4547166,1.49999916465089,1.50001122050944,2.25039661617577,4.50043027782998,0.999999648681427
"1372",10.46234778,1.49999916144598,1.50001121017516,2.25039630660147,4.50042993725261,0.999999648678493
"1373",10.46997896,1.49999915822883,1.5000111998159,2.25039599695534,4.50042959652849,0.999999648675567
"1374",10.47761014,1.49999915499937,1.50001118943192,2.25039568724711,4.50042925566808,0.999999648672641
"1375",10.48524132,1.49999915175758,1.50001117902296,2.25039537747169,4.50042891466554,0.999999648669718
"1376",10.4928725,1.49999914850338,1.50001116858893,2.25039506762827,4.50042857351981,0.999999648666799
"1377",10.50050368,1.49999914523675,1.50001115812995,2.25039475772371,4.50042823223808,0.999999648663878
"1378",10.50813486,1.49999914195763,1.5000111476454,2.25039444774029,4.50042789080075,0.999999648660968
"1379",10.51576604,1.49999913866597,1.50001113713569,2.25039413769349,4.50042754922461,0.999999648658056
"1380",10.52339722,1.49999913536173,1.50001112660035,2.25039382757086,4.50042720749571,0.999999648655153
"1381",10.5310284,1.49999913204486,1.50001111603979,2.25039351738769,4.50042686563062,0.999999648652245
"1382",10.53865958,1.49999912871531,1.50001110545345,2.25039320712954,4.50042652361321,0.999999648649343
"1383",10.54629076,1.49999912537303,1.50001109484135,2.25039289679937,4.50042618144651,0.999999648646445
"1384",10.55392194,1.49999912201797,1.5000110842035,2.2503925863994,4.50042583913277,0.999999648643548
"1385",10.56155312,1.49999911865009,1.50001107353979,2.25039227592854,4.50042549667054,0.999999648640652
"1386",10.5691843,1.49999911526933,1.50001106285002,2.25039196538335,4.50042515405579,0.999999648637761
"1387",10.57681548,1.49999911187565,1.50001105213396,2.25039165475961,4.50042481128364,0.999999648634877
"1388",10.58444666,1.49999910846899,1.50001104139176,2.25039134406383,4.50042446836103,0.999999648631994
"1389",10.59207784,1.49999910504931,1.50001103062322,2.25039103329235,4.5004241252837,0.999999648629114
"1390",10.59970902,1.49999910161656,1.50001101982849,2.2503907224526,4.50042378205951,0.999999648626231
"1391",10.6073402,1.49999909817068,1.50001100900733,2.25039041153974,4.50042343868291,0.999999648623349
"1392",10.61497138,1.49999909471163,1.50001099815948,2.25039010054848,4.50042309514789,0.999999648620471
"1393",10.62260256,1.49999909123936,1.50001098728475,2.25038978947387,4.50042275144885,0.999999648617601
"1394",10.63023374,1.49999908775382,1.50001097638325,2.25038947832331,4.50042240759354,0.999999648614733
"1395",10.63786492,1.49999908425494,1.50001096545496,2.25038916709872,4.50042206358383,0.999999648611863
"1396",10.6454961,1.4999990807427,1.50001095449964,2.25038885579486,4.50042171941378,0.999999648608996
"1397",10.65312728,1.49999907721702,1.50001094351724,2.25038854441292,4.50042137508439,0.999999648606131
"1398",10.66075846,1.49999907367787,1.50001093250757,2.25038823294926,4.5004210305915,0.99999964860327
"1399",10.66838964,1.49999907012519,1.5000109214705,2.25038792140296,4.50042068593375,0.999999648600413
"1400",10.67602082,1.49999906655893,1.50001091040606,2.2503876097766,4.50042034111383,0.999999648597558
"1401",10.683652,1.49999906297903,1.50001089931436,2.25038729807684,4.50041999613871,0.999999648594698
"1402",10.69128318,1.49999905938545,1.50001088819463,2.25038698628247,4.50041965098492,0.999999648591851
"1403",10.69891436,1.49999905577813,1.50001087704734,2.25038667441058,4.5004193056709,0.999999648589002
"1404",10.70654554,1.49999905215702,1.50001086587245,2.25038636246283,4.50041896019824,0.999999648586148
"1405",10.71417672,1.49999904852207,1.50001085466927,2.25038605042027,4.50041861454591,0.999999648583306
"1406",10.7218079,1.49999904487322,1.50001084343837,2.25038573830281,4.50041826873549,0.999999648580457
"1407",10.72943908,1.49999904121042,1.50001083217912,2.25038542609459,4.5004179227493,0.999999648577615
"1408",10.73707026,1.49999903753362,1.50001082089164,2.25038511380037,4.50041757659238,0.999999648574776
"1409",10.74470144,1.49999903384277,1.50001080957582,2.25038480142091,4.50041723026521,0.999999648571937
"1410",10.75233262,1.4999990301378,1.50001079823175,2.2503844889612,4.50041688377304,0.999999648569095
"1411",10.7599638,1.49999902641867,1.50001078685888,2.25038417640721,4.50041653710022,0.99999964856626
"1412",10.76759498,1.49999902268533,1.50001077545725,2.25038386376176,4.50041619024961,0.99999964856343
"1413",10.77522616,1.49999901893771,1.50001076402698,2.25038355103275,4.50041584322956,0.999999648560597
"1414",10.78285734,1.49999901517576,1.50001075256774,2.25038323821169,4.50041549603053,0.999999648557768
"1415",10.79048852,1.49999901139943,1.50001074107946,2.2503829252998,4.50041514865354,0.999999648554941
"1416",10.7981197,1.49999900760867,1.50001072956217,2.25038261230036,4.50041480110201,0.999999648552113
"1417",10.80575088,1.49999900380341,1.50001071801577,2.25038229921327,4.50041445337544,0.999999648549283
"1418",10.81338206,1.49999899998361,1.50001070643971,2.25038198602427,4.50041410545803,0.999999648546464
"1419",10.82101324,1.49999899614921,1.50001069483455,2.25038167275251,4.50041375737054,0.999999648543638
"1420",10.82864442,1.49999899230014,1.50001068319969,2.2503813593838,4.50041340909698,0.999999648540816
"1421",10.8362756,1.49999898843637,1.5000106715351,2.25038104591952,4.5004130606387,0.999999648537997
"1422",10.84390678,1.49999898455782,1.50001065984073,2.25038073236032,4.50041271199613,0.99999964853518
"1423",10.85153796,1.49999898066444,1.50001064811644,2.25038041870455,4.50041236316724,0.999999648532365
"1424",10.85916914,1.49999897675618,1.50001063636239,2.2503801049612,4.50041201416149,0.999999648529544
"1425",10.86680032,1.49999897283298,1.50001062457791,2.25037979111136,4.50041166495796,0.999999648526734
"1426",10.8744315,1.49999896889478,1.50001061276354,2.25037947717547,4.50041131557872,0.999999648523915
"1427",10.88206268,1.49999896494153,1.50001060091855,2.25037916313277,4.50041096600081,0.999999648521104
"1428",10.88969386,1.49999896097317,1.50001058904311,2.25037884899193,4.5004106162334,0.999999648518295
"1429",10.89732504,1.49999895698963,1.5000105771373,2.25037853475848,4.50041026628225,0.999999648515481
"1430",10.90495622,1.49999895299086,1.50001056520076,2.25037822042386,4.50040991613776,0.999999648512669
"1431",10.9125874,1.49999894897681,1.50001055323326,2.25037790598441,4.50040956579558,0.999999648509862
"1432",10.92021858,1.49999894494741,1.50001054123494,2.25037759144609,4.50040921526203,0.999999648507054
"1433",10.92784976,1.49999894090261,1.50001052920546,2.25037727680258,4.50040886452983,0.99999964850425
"1434",10.93548094,1.49999893684235,1.50001051714514,2.25037696206676,4.5004085136128,0.999999648501437
"1435",10.94311212,1.49999893276656,1.50001050505321,2.25037664721651,4.50040816248651,0.999999648498636
"1436",10.9507433,1.4999989286752,1.50001049293004,2.25037633226718,4.50040781116741,0.999999648495831
"1437",10.95837448,1.49999892456819,1.50001048077538,2.25037601721456,4.50040745965055,0.999999648493025
"1438",10.96600566,1.49999892044548,1.50001046858901,2.25037570205378,4.50040710793041,0.999999648490223
"1439",10.97363684,1.49999891630701,1.50001045637096,2.2503753867887,4.50040675601091,0.999999648487419
"1440",10.98126802,1.49999891215272,1.50001044412118,2.25037507142238,4.500406403895,0.999999648484612
"1441",10.9888992,1.49999890798255,1.50001043183911,2.25037475593803,4.50040605156418,0.999999648481814
"1442",10.99653038,1.49999890379644,1.50001041952515,2.25037444035322,4.50040569903723,0.999999648479011
"1443",11.00416156,1.49999889959433,1.50001040717896,2.25037412465987,4.50040534630506,0.999999648476207
"1444",11.01179274,1.49999889537615,1.5000103948001,2.25037380884655,4.50040499335491,0.999999648473413
"1445",11.01942392,1.49999889114184,1.50001038238912,2.25037349293421,4.50040464020937,0.99999964847061
"1446",11.0270551,1.49999888689135,1.50001036994538,2.25037317690569,4.50040428684936,0.999999648467812
"1447",11.03468628,1.49999888262461,1.50001035746902,2.25037286076937,4.5004039332837,0.99999964846501
"1448",11.04231746,1.49999887834155,1.50001034495975,2.25037254451822,4.50040357950448,0.999999648462211
"1449",11.04994864,1.49999887404213,1.50001033241751,2.25037222815358,4.50040322551288,0.999999648459412
"1450",11.05757982,1.49999886972626,1.50001031984229,2.25037191167948,4.50040287131285,0.99999964845661
"1451",11.065211,1.4999988653939,1.50001030723383,2.25037159508952,4.50040251689725,0.999999648453809
"1452",11.07284218,1.49999886104498,1.50001029459198,2.25037127838304,4.50040216226494,0.999999648451009
"1453",11.08047336,1.49999885667943,1.50001028191652,2.25037096155652,4.50040180741181,0.999999648448213
"1454",11.08810454,1.49999885229719,1.50001026920768,2.25037064461933,4.50040145234782,0.999999648445411
"1455",11.09573572,1.4999988478982,1.50001025646489,2.2503703275579,4.50040109705778,0.999999648442615
"1456",11.1033669,1.4999988434824,1.50001024368845,2.25037001038464,4.50040074155493,0.999999648439814
"1457",11.11099808,1.49999883904971,1.50001023087817,2.25036969309676,4.50040038583594,0.999999648437008
"1458",11.11862926,1.49999883460007,1.50001021803361,2.25036937568329,4.50040002988852,0.999999648434207
"1459",11.12626044,1.49999883013343,1.50001020515469,2.25036905814624,4.50039967371446,0.999999648431408
"1460",11.13389162,1.49999882564971,1.50001019224149,2.25036874048998,4.50039931731832,0.999999648428608
"1461",11.1415228,1.49999882114885,1.50001017929382,2.25036842271244,4.50039896069752,0.999999648425806
"1462",11.14915398,1.49999881663078,1.50001016631153,2.25036810481257,4.50039860385051,0.999999648423004
"1463",11.15678516,1.49999881209545,1.50001015329437,2.25036778678605,4.50039824677226,0.999999648420204
"1464",11.16441634,1.49999880754277,1.50001014024265,2.25036746864539,4.50039788947618,0.999999648417394
"1465",11.17204752,1.49999880297269,1.50001012715571,2.25036715037286,4.50039753194254,0.999999648414589
"1466",11.1796787,1.49999879838514,1.50001011403358,2.25036683197346,4.5003971741765,0.999999648411785
"1467",11.18730988,1.49999879378005,1.50001010087616,2.25036651344781,4.50039681617831,0.99999964840898
"1468",11.19494106,1.49999878915735,1.50001008768339,2.25036619479649,4.50039645794841,0.999999648406173
"1469",11.20257224,1.49999878451699,1.50001007445492,2.25036587601238,4.50039609947862,0.999999648403369
"1470",11.21020342,1.49999877985888,1.50001006119072,2.25036555709862,4.500395740772,0.999999648400565
"1471",11.2178346,1.49999877518297,1.50001004789113,2.25036523806792,4.50039538184228,0.999999648397747
"1472",11.22546578,1.49999877048918,1.50001003455527,2.25036491889703,4.50039502266353,0.999999648394938
"1473",11.23309696,1.49999876577745,1.50001002118347,2.25036459960004,4.50039466325088,0.999999648392123
"1474",11.24072814,1.49999876104771,1.50001000777527,2.25036428016485,4.50039430359083,0.999999648389313
"1475",11.24835932,1.49999875629988,1.5000099943308,2.25036396060073,4.50039394369303,0.999999648386498
"1476",11.2559905,1.49999875153391,1.50000998084982,2.25036364090212,4.5003935835512,0.999999648383682
"1477",11.26362168,1.49999874674971,1.50000996733207,2.25036332106532,4.50039322316088,0.999999648380868
"1478",11.27125286,1.49999874194723,1.50000995377743,2.25036300108948,4.50039286252084,0.999999648378056
"1479",11.27888404,1.49999873712638,1.50000994018624,2.25036268098893,4.50039250164645,0.999999648375233
"1480",11.28651522,1.49999873228711,1.50000992655782,2.25036236074646,4.50039214051845,0.999999648372412
"1481",11.2941464,1.49999872742934,1.50000991289223,2.25036204036715,4.5003917791421,0.999999648369589
"1482",11.30177758,1.499998722553,1.50000989918923,2.25036171984693,4.5003914175126,0.999999648366767
"1483",11.30940876,1.49999871765801,1.50000988544864,2.25036139918425,4.5003910556279,0.999999648363946
"1484",11.31703994,1.49999871274431,1.5000098716708,2.25036107839312,4.50039069350299,0.999999648361112
"1485",11.32467112,1.49999870781183,1.50000985785472,2.25036075744569,4.50039033110704,0.99999964835829
"1486",11.3323023,1.49999870286049,1.50000984400098,2.25036043636439,4.50038996846425,0.999999648355459
"1487",11.33993348,1.49999869789022,1.50000983010918,2.25036011513968,4.50038960556384,0.999999648352627
"1488",11.34756466,1.49999869290096,1.50000981617911,2.25035979376943,4.50038924240312,0.999999648349795
"1489",11.35519584,1.49999868789262,1.50000980221073,2.25035947225566,4.50038887898395,0.99999964834696
"1490",11.36282702,1.49999868286513,1.500009788204,2.2503591506006,4.50038851530841,0.999999648344118
"1491",11.3704582,1.49999867781842,1.50000977415837,2.25035882879109,4.50038815136175,0.999999648341283
"1492",11.37808938,1.49999867275242,1.50000976007424,2.2503585068437,4.50038778716168,0.999999648338437
"1493",11.38572056,1.49999866766706,1.50000974595101,2.25035818474268,4.50038742269069,0.999999648335594
"1494",11.39335174,1.49999866256225,1.50000973178874,2.25035786249439,4.50038705795532,0.999999648332747
"1495",11.40098292,1.49999865743793,1.50000971758719,2.25035754009402,4.50038669295001,0.9999996483299
"1496",11.4086141,1.49999865229402,1.50000970334625,2.25035721754295,4.50038632767586,0.999999648327051
"1497",11.41624528,1.49999864713044,1.50000968906591,2.25035689484348,4.50038596213509,0.999999648324197
"1498",11.42387646,1.49999864194713,1.50000967474583,2.25035657199062,4.5003855963217,0.999999648321341
"1499",11.43150764,1.499998636744,1.50000966038599,2.25035624898605,4.50038523023733,0.999999648318481
"1500",11.43913882,1.49999863152097,1.50000964598608,2.25035592582447,4.50038486387575,0.999999648315621
"1501",11.44677,1.49999862627799,1.50000963154604,2.25035560250727,4.50038449723817,0.99999964831276
"1502",11.45440118,1.49999862101495,1.50000961706592,2.25035527904064,4.50038413033088,0.999999648309889
"1503",11.46203236,1.4999986157318,1.50000960254503,2.25035495540692,4.50038376313423,0.999999648307025
"1504",11.46966354,1.49999861042845,1.50000958798378,2.25035463162199,4.50038339566526,0.999999648304153
"1505",11.47729472,1.49999860510483,1.50000957338168,2.25035430767516,4.50038302791184,0.99999964830128
"1506",11.4849259,1.49999859976086,1.50000955873884,2.25035398357295,4.50038265988083,0.999999648298401
"1507",11.49255708,1.49999859439646,1.50000954405494,2.25035365931043,4.50038229156633,0.999999648295518
"1508",11.50018826,1.49999858901155,1.50000952932973,2.25035333488319,4.50038192296318,0.999999648292636
"1509",11.50781944,1.49999858360605,1.50000951456313,2.25035301029299,4.5003815540729,0.999999648289751
"1510",11.51545062,1.49999857817989,1.5000094997551,2.25035268554189,4.50038118489744,0.99999964828686
"1511",11.5230818,1.49999857273299,1.50000948490536,2.2503523606257,4.50038081543174,0.999999648283967
"1512",11.53071298,1.49999856726526,1.50000947001383,2.25035203554546,4.50038044567664,0.99999964828107
"1513",11.53834416,1.49999856177663,1.50000945508034,2.25035171030056,4.50038007563099,0.999999648278168
"1514",11.54597534,1.49999855626702,1.50000944010463,2.25035138488622,4.50037970528923,0.999999648275265
"1515",11.55360652,1.49999855073634,1.50000942508664,2.25035105930502,4.50037933465378,0.999999648272358
"1516",11.5612377,1.49999854518453,1.50000941002609,2.25035073355136,4.50037896371817,0.99999964826945
"1517",11.56886888,1.49999853961149,1.50000939492301,2.2503504076321,4.50037859248939,0.999999648266534
"1518",11.57650006,1.49999853401714,1.50000937977712,2.25035008154153,4.50037822096087,0.999999648263616
"1519",11.58413124,1.49999852840141,1.50000936458817,2.25034975527554,4.50037784912775,0.999999648260697
"1520",11.59176242,1.49999852276421,1.50000934935608,2.2503494288362,4.50037747699184,0.999999648257775
"1521",11.5993936,1.49999851710546,1.50000933408095,2.25034910223136,4.50037710456134,0.999999648254841
"1522",11.60702478,1.49999851142507,1.50000931876215,2.25034877544445,4.50037673181774,0.99999964825191
"1523",11.61465596,1.49999850572298,1.50000930339976,2.25034844848286,4.50037635876871,0.999999648248974
"1524",11.62228714,1.49999849999908,1.50000928799368,2.25034812134696,4.50037598541425,0.999999648246032
"1525",11.62991832,1.4999984942533,1.50000927254369,2.25034779403523,4.50037561175229,0.999999648243084
"1526",11.6375495,1.49999848848556,1.50000925704944,2.25034746654,4.500375237774,0.999999648240136
"1527",11.64518068,1.49999848269576,1.50000924151116,2.25034713887288,4.50037486349178,0.999999648237176
"1528",11.65281186,1.49999847688384,1.50000922592823,2.25034681101924,4.50037448888905,0.999999648234218
"1529",11.66044304,1.49999847104969,1.50000921030064,2.25034648298207,4.50037411396883,0.999999648231258
"1530",11.66807422,1.49999846519324,1.50000919462826,2.25034615476261,4.50037373873193,0.999999648228292
"1531",11.6757054,1.49999845931441,1.50000917891111,2.25034582636523,4.50037336318282,0.999999648225317
"1532",11.68333658,1.4999984534131,1.50000916314874,2.25034549778069,4.50037298731089,0.999999648222339
"1533",11.69096776,1.49999844748923,1.50000914734091,2.2503451690049,4.50037261111131,0.999999648219361
"1534",11.69859894,1.49999844154271,1.50000913148801,2.25034484005512,4.50037223460254,0.999999648216367
"1535",11.70623012,1.49999843557346,1.5000091155891,2.25034451090646,4.50037185775685,0.999999648213379
"1536",11.7138613,1.49999842958139,1.50000909964434,2.25034418156873,4.50037148058456,0.999999648210386
"1537",11.72149248,1.49999842356642,1.50000908365393,2.25034385205058,4.50037110309488,0.999999648207379
"1538",11.72912366,1.49999841752845,1.50000906761709,2.25034352233397,4.50037072526746,0.999999648204374
"1539",11.73675484,1.49999841146739,1.50000905153408,2.25034319243083,4.50037034711499,0.999999648201359
"1540",11.74438602,1.49999840538317,1.50000903540433,2.25034286232851,4.50036996862315,0.999999648198345
"1541",11.7520172,1.49999839927569,1.50000901922805,2.25034253203632,4.50036958980181,0.999999648195322
"1542",11.75964838,1.49999839314486,1.50000900300502,2.25034220155357,4.50036921064969,0.999999648192288
"1543",11.76727956,1.49999838699059,1.50000898673448,2.25034187086078,4.50036883114499,0.999999648189263
"1544",11.77491074,1.4999983808128,1.50000897041706,2.25034153998137,4.50036845131302,0.999999648186223
"1545",11.78254192,1.49999837461138,1.50000895405227,2.2503412089053,4.50036807114229,0.999999648183175
"1546",11.7901731,1.49999836838626,1.50000893763981,2.25034087762692,4.50036769062624,0.999999648180124
"1547",11.79780428,1.49999836213735,1.50000892117965,2.25034054615122,4.50036730976977,0.999999648177065
"1548",11.80543546,1.49999835586454,1.50000890467165,2.25034021447672,4.50036692857097,0.999999648173997
"1549",11.81306664,1.49999834956776,1.50000888811514,2.25033988258913,4.50036654701354,0.999999648170934
"1550",11.82069782,1.4999983432469,1.50000887151046,2.25033955050166,4.50036616511173,0.999999648167861
"1551",11.828329,1.49999833690188,1.50000885485747,2.25033921821548,4.5003657828663,0.999999648164776
"1552",11.83596018,1.4999983305326,1.5000088381556,2.25033888571772,4.50036540026263,0.99999964816169
"1553",11.84359136,1.49999832413898,1.50000882140516,2.25033855302246,4.50036501731574,0.999999648158589
"1554",11.85122254,1.49999831772091,1.50000880460517,2.25033822010419,4.50036463399722,0.999999648155497
"1555",11.85885372,1.49999831127831,1.50000878775632,2.25033788698872,4.50036425033492,0.999999648152386
"1556",11.8664849,1.49999830481108,1.50000877085782,2.25033755365599,4.50036386630637,0.999999648149276
"1557",11.87411608,1.49999829831912,1.5000087539099,2.25033722011811,4.50036348192444,0.999999648146153
"1558",11.88174726,1.49999829180235,1.50000873691209,2.25033688636528,4.50036309717788,0.999999648143026
"1559",11.88937844,1.49999828526066,1.50000871986419,2.25033655239589,4.50036271206449,0.999999648139896
"1560",11.89700962,1.49999827869397,1.50000870276627,2.25033621821758,4.50036232659215,0.999999648136752
"1561",11.9046408,1.49999827210217,1.50000868561786,2.2503358838193,4.50036194074832,0.999999648133606
"1562",11.91227198,1.49999826548517,1.50000866841898,2.25033554920764,4.50036155453973,0.999999648130449
"1563",11.91990316,1.49999825884288,1.50000865116925,2.2503352143747,4.50036116795729,0.999999648127288
"1564",11.92753434,1.49999825217519,1.50000863386864,2.25033487932485,4.50036078100531,0.999999648124118
"1565",11.93516552,1.49999824548202,1.50000861651684,2.25033454405374,4.5003603936785,0.999999648120941
"1566",11.9427967,1.49999823876326,1.50000859911358,2.25033420855751,4.50036000597219,0.99999964811776
"1567",11.95042788,1.49999823201881,1.50000858165895,2.25033387284306,4.50035961789356,0.999999648114568
"1568",11.95805906,1.49999822524858,1.50000856415259,2.25033353690533,4.50035922943646,0.999999648111367
"1569",11.96569024,1.49999821845247,1.50000854659434,2.25033320074411,4.50035884060018,0.999999648108157
"1570",11.97332142,1.49999821163038,1.50000852898364,2.25033286434607,4.50035845136973,0.99999964810495
"1571",11.9809526,1.4999982047822,1.50000851132104,2.25033252773381,4.50035806176937,0.999999648101721
"1572",11.98858378,1.49999819790785,1.50000849360578,2.25033219088938,4.50035767177886,0.999999648098489
"1573",11.99621496,1.49999819100722,1.50000847583786,2.25033185381709,4.50035728140252,0.999999648095246
"1574",12.00384614,1.49999818408021,1.50000845801682,2.25033151650753,4.50035689062953,0.999999648092002
"1575",12.01147732,1.49999817712672,1.50000844014272,2.25033117896841,4.50035649946782,0.999999648088746
"1576",12.0191085,1.49999817014664,1.50000842221527,2.25033084119481,4.50035610791157,0.999999648085484
"1577",12.02673968,1.49999816313988,1.5000084042345,2.25033050319316,4.50035571596729,0.999999648082206
"1578",12.03437086,1.49999815610634,1.50000838619978,2.25033016494954,4.50035532361921,0.999999648078926
"1579",12.04200204,1.4999981490459,1.50000836811114,2.25032982646877,4.5003549308722,0.999999648075638
"1580",12.04963322,1.49999814195848,1.5000083499685,2.25032948775524,4.50035453773045,0.999999648072335
"1581",12.0572644,1.49999813484396,1.50000833177135,2.25032914879731,4.50035414418079,0.999999648069028
"1582",12.06489558,1.49999812770225,1.50000831351962,2.25032880959741,4.50035375022538,0.999999648065714
"1583",12.07252676,1.49999812053323,1.5000082952133,2.25032847016104,4.50035335586974,0.999999648062385
"1584",12.08015794,1.4999981133368,1.50000827685187,2.25032813047802,4.50035296110214,0.999999648059051
"1585",12.08778912,1.49999810611287,1.50000825843526,2.25032779055046,4.50035256592445,0.999999648055707
"1586",12.0954203,1.49999809886132,1.50000823996341,2.25032745038187,4.50035217033999,0.99999964805235
"1587",12.10305148,1.49999809158205,1.50000822143583,2.25032710996219,4.50035177433726,0.999999648048987
"1588",12.11068266,1.49999808427495,1.50000820285239,2.25032676929344,4.50035137791788,0.999999648045615
"1589",12.11831384,1.49999807693991,1.50000818421284,2.2503264283733,4.50035098107882,0.999999648042236
"1590",12.12594502,1.49999806957684,1.50000816551742,2.25032608721317,4.50035058383212,0.999999648038836
"1591",12.1335762,1.49999806218561,1.50000814676529,2.250325745793,4.50035018615524,0.999999648035435
"1592",12.14120738,1.49999805476614,1.50000812795661,2.25032540412342,4.5003497880593,0.999999648032019
"1593",12.14883856,1.49999804731829,1.50000810909094,2.25032506219651,4.50034938953507,0.999999648028596
"1594",12.15646974,1.49999803984198,1.50000809016819,2.25032472001437,4.50034899058439,0.999999648025163
"1595",12.16410092,1.49999803233708,1.50000807118813,2.25032437757581,4.50034859120535,0.999999648021718
"1596",12.1717321,1.4999980248035,1.5000080521505,2.25032403487744,4.50034819139379,0.999999648018264
"1597",12.17936328,1.49999801724111,1.50000803305508,2.250323691918,4.50034779114776,0.999999648014801
"1598",12.18699446,1.49999800964982,1.50000801390186,2.25032334870394,4.50034739047376,0.999999648011321
"1599",12.19462564,1.4999980020295,1.50000799469033,2.25032300522333,4.50034698935823,0.999999648007834
"1600",12.20225682,1.49999799438006,1.5000079754202,2.25032266147352,4.50034658779773,0.999999648004342
"1601",12.209888,1.49999798670137,1.5000079560917,2.25032231746722,4.50034618580561,0.99999964800083
"1602",12.21751918,1.49999797899332,1.5000079367043,2.25032197319365,4.50034578336954,0.999999647997308
"1603",12.22515036,1.49999797125581,1.50000791725773,2.2503216286503,4.50034538048618,0.999999647993777
"1604",12.23278154,1.49999796348872,1.50000789775182,2.25032128383639,4.50034497715421,0.999999647990236
"1605",12.24041272,1.49999795569194,1.50000787818641,2.25032093875359,4.50034457337487,0.999999647986683
"1606",12.2480439,1.49999794786535,1.50000785856134,2.25032059340252,4.50034416914829,0.999999647983113
"1607",12.25567508,1.49999794000884,1.50000783887625,2.2503202477775,4.50034376446769,0.999999647979534
"1608",12.26330626,1.4999979321223,1.5000078191308,2.25031990187415,4.50034335932769,0.999999647975946
"1609",12.27093744,1.4999979242056,1.50000779932491,2.25031955569543,4.500342953731,0.999999647972346
"1610",12.27856862,1.49999791625865,1.50000777945846,2.25031920924238,4.50034254767827,0.99999964796873
"1611",12.2861998,1.49999790828131,1.50000775953095,2.25031886250736,4.50034214116043,0.999999647965106
"1612",12.29383098,1.49999790027348,1.50000773954247,2.25031851549744,4.50034173418475,0.999999647961465
"1613",12.30146216,1.49999789223503,1.50000771949253,2.25031816820362,4.50034132674079,0.999999647957813
"1614",12.30909334,1.49999788416586,1.50000769938101,2.2503178206283,4.50034091883061,0.999999647954148
"1615",12.31672452,1.49999787606583,1.50000767920767,2.25031747276975,4.50034051045173,0.999999647950469
"1616",12.3243557,1.49999786793485,1.50000765897212,2.25031712462158,4.50034010159661,0.999999647946781
"1617",12.33198688,1.49999785977277,1.5000076386742,2.25031677618463,4.50033969226558,0.999999647943083
"1618",12.33961806,1.4999978515795,1.50000761831389,2.25031642746489,4.50033928246459,0.999999647939365
"1619",12.34724924,1.4999978433549,1.50000759789084,2.25031607845679,4.50033887218703,0.999999647935633
"1620",12.35488042,1.49999783509887,1.50000757740469,2.25031572915598,4.50033846142748,0.999999647931888
"1621",12.3625116,1.49999782681127,1.50000755685518,2.25031537955956,4.50033805018222,0.999999647928134
"1622",12.37014278,1.49999781849199,1.50000753624211,2.25031502966736,4.5003376384505,0.999999647924367
"1623",12.37777396,1.4999978101409,1.50000751556538,2.25031467948321,4.50033722623583,0.999999647920583
"1624",12.38540514,1.49999780175789,1.5000074948247,2.25031432900313,4.50033681353341,0.999999647916784
"1625",12.39303632,1.49999779334284,1.50000747401985,2.2503139782268,4.50033640034221,0.999999647912968
"1626",12.4006675,1.49999778489561,1.50000745315037,2.25031362714664,4.50033598665331,0.999999647909143
"1627",12.40829868,1.49999777641609,1.50000743221595,2.25031327575915,4.50033557246223,0.999999647905309
"1628",12.41592986,1.49999776790416,1.50000741121697,2.25031292408086,4.50033515778669,0.999999647901448
"1629",12.42356104,1.49999775935968,1.50000739015255,2.25031257209261,4.50033474260488,0.999999647897579
"1630",12.43119222,1.49999775078254,1.50000736902271,2.25031221979992,4.50033432692236,0.999999647893693
"1631",12.4388234,1.49999774217261,1.50000734782705,2.25031186719721,4.50033391073236,0.999999647889795
"1632",12.44645458,1.49999773352977,1.50000732656552,2.25031151428853,4.50033349403875,0.999999647885879
"1633",12.45408576,1.49999772485389,1.50000730523764,2.25031116106618,4.50033307683245,0.999999647881951
"1634",12.46171694,1.49999771614484,1.50000728384332,2.25031080753343,4.50033265911644,0.999999647878007
"1635",12.46934812,1.4999977074025,1.50000726238237,2.25031045369025,4.50033224089011,0.999999647874044
"1636",12.4769793,1.49999769862673,1.50000724085438,2.25031009953117,4.50033182214676,0.999999647870067
"1637",12.48461048,1.49999768981742,1.50000721925909,2.25030974505369,4.50033140288307,0.999999647866075
"1638",12.49224166,1.49999768097443,1.5000071975964,2.25030939026105,4.50033098310205,0.999999647862065
"1639",12.49987284,1.49999767209764,1.50000717586594,2.250309035149,4.50033056279831,0.999999647858039
"1640",12.50750402,1.49999766318691,1.50000715406738,2.2503086797134,4.50033014196671,0.999999647854
"1641",12.5151352,1.49999765424211,1.50000713220054,2.25030832395537,4.50032972060786,0.999999647849943
"1642",12.52276638,1.49999764526313,1.5000071102651,2.25030796787096,4.50032929871681,0.999999647845873
"1643",12.53039756,1.49999763624981,1.50000708826101,2.2503076114652,4.50032887629847,0.999999647841781
"1644",12.53802874,1.49999762720204,1.50000706618789,2.25030725473359,4.50032845334717,0.999999647837672
"1645",12.54565992,1.49999761811968,1.50000704404537,2.25030689767036,4.50032802985608,0.999999647833548
"1646",12.5532911,1.49999760900261,1.50000702183322,2.2503065402754,4.50032760582435,0.999999647829408
"1647",12.56092228,1.49999759985067,1.50000699955134,2.25030618255262,4.50032718125563,0.999999647825246
"1648",12.56855346,1.49999759066375,1.50000697719937,2.25030582449658,4.50032675614336,0.999999647821067
"1649",12.57618464,1.49999758144172,1.50000695477688,2.25030546610155,4.50032633048057,0.999999647816874
"1650",12.58381582,1.49999757218442,1.50000693228377,2.25030510737086,4.50032590427023,0.999999647812662
"1651",12.591447,1.49999756289174,1.50000690971979,2.25030474830317,4.50032547751027,0.999999647808431
"1652",12.59907818,1.49999755356353,1.50000688708448,2.25030438889169,4.50032505019255,0.999999647804185
"1653",12.60670936,1.49999754419966,1.50000686437786,2.25030402914319,4.5003246223239,0.999999647799916
"1654",12.61434054,1.4999975348,1.50000684159952,2.25030366905149,4.50032419389686,0.999999647795629
"1655",12.62197172,1.4999975253644,1.50000681874907,2.25030330861236,4.50032376490607,0.999999647791326
"1656",12.6296029,1.49999751589273,1.50000679582632,2.25030294782597,4.5003233353511,0.999999647787004
"1657",12.63723408,1.49999750638486,1.50000677283103,2.25030258669242,4.50032290523138,0.999999647782663
"1658",12.64486526,1.49999749684063,1.50000674976302,2.25030222521251,4.50032247454714,0.999999647778298
"1659",12.65249644,1.49999748725992,1.50000672662179,2.25030186337721,4.50032204328782,0.999999647773918
"1660",12.66012762,1.49999747764258,1.50000670340719,2.25030150119043,4.50032161145693,0.999999647769518
"1661",12.6677588,1.49999746798848,1.50000668011885,2.25030113864634,4.50032117904751,0.999999647765099
"1662",12.67538998,1.49999745829747,1.50000665675664,2.25030077574834,4.50032074606258,0.999999647760659
"1663",12.68302116,1.49999744856942,1.50000663332018,2.25030041249168,4.50032031249622,0.999999647756198
"1664",12.69065234,1.49999743880417,1.50000660980912,2.25030004887278,4.50031987834382,0.99999964775172
"1665",12.69828352,1.4999974290016,1.50000658622347,2.25029968489872,4.50031944361252,0.999999647747215
"1666",12.7059147,1.49999741916155,1.50000656256237,2.25029932055038,4.50031900828057,0.9999996477427
"1667",12.71354588,1.49999740928388,1.50000653882628,2.25029895584842,4.50031857237001,0.999999647738153
"1668",12.72117706,1.49999739936845,1.50000651501435,2.2502985907745,4.50031813586001,0.99999964773359
"1669",12.72880824,1.49999738941512,1.50000649112634,2.25029822532854,4.5003176987497,0.999999647729009
"1670",12.73643942,1.49999737942374,1.50000646716221,2.25029785951551,4.50031726104395,0.999999647724404
"1671",12.7440706,1.49999736939416,1.50000644312172,2.2502974933357,4.50031682274236,0.999999647719772
"1672",12.75170178,1.49999735932624,1.50000641900427,2.25029712677831,4.50031638383231,0.999999647715122
"1673",12.75933296,1.49999734921983,1.50000639480948,2.25029675983895,4.50031594430828,0.999999647710457
"1674",12.76696414,1.49999733907479,1.50000637053739,2.25029639252528,4.50031550417804,0.999999647705767
"1675",12.77459532,1.49999732889096,1.50000634618794,2.25029602484307,4.50031506344716,0.999999647701044
"1676",12.7822265,1.4999973186682,1.50000632176007,2.25029565676763,4.50031462208779,0.999999647696311
"1677",12.78985768,1.49999730840636,1.50000629725405,2.25029528831388,4.50031418011567,0.99999964769155
"1678",12.79748886,1.4999972981053,1.50000627266949,2.25029491947768,4.50031373752548,0.999999647686765
"1679",12.80512004,1.49999728776485,1.500006248006,2.25029455025451,4.50031329431153,0.999999647681958
"1680",12.81275122,1.49999727738487,1.50000622326337,2.25029418064491,4.50031285047373,0.999999647677125
"1681",12.8203824,1.49999726696522,1.50000619844096,2.25029381063773,4.50031240599902,0.999999647672278
"1682",12.82801358,1.49999725650572,1.50000617353903,2.25029344024697,4.50031196090217,0.999999647667398
"1683",12.83564476,1.49999724600625,1.50000614855706,2.25029306946484,4.50031151517381,0.999999647662492
"1684",12.84327594,1.49999723546663,1.50000612349442,2.25029269828018,4.50031106880095,0.999999647657569
"1685",12.85090712,1.49999722488673,1.50000609835113,2.25029232670024,4.50031062179082,0.99999964765262
"1686",12.8585383,1.49999721426638,1.50000607312676,2.25029195471985,4.50031017413701,0.999999647647648
"1687",12.86616948,1.49999720360543,1.50000604782131,2.25029158234675,4.50030972584727,0.999999647642643
"1688",12.87380066,1.49999719290372,1.50000602243396,2.25029120956311,4.50030927690127,0.999999647637621
"1689",12.88143184,1.49999718216111,1.50000599696473,2.25029083637724,4.50030882730739,0.999999647632572
"1690",12.88906302,1.49999717137742,1.50000597141323,2.25029046278563,4.50030837706098,0.999999647627496
"1691",12.8966942,1.49999716055251,1.50000594577917,2.25029008878586,4.50030792615872,0.999999647622394
"1692",12.90432538,1.49999714968622,1.50000592006219,2.25028971437581,4.50030747459742,0.999999647617267
"1693",12.91195656,1.49999713877839,1.50000589426189,2.25028933955042,4.50030702237084,0.999999647612117
"1694",12.91958774,1.49999712782886,1.50000586837806,2.25028896431127,4.50030656947988,0.99999964760694
"1695",12.92721892,1.49999711683748,1.50000584241055,2.25028858866128,4.50030611592705,0.999999647601732
"1696",12.9348501,1.49999710580407,1.50000581635881,2.25028821259254,4.5003056617028,0.999999647596498
"1697",12.94248128,1.49999709472848,1.50000579022265,2.25028783610538,4.50030520680685,0.999999647591235
"1698",12.95011246,1.49999708361056,1.50000576400143,2.25028745918986,4.50030475122738,0.999999647585952
"1699",12.95774364,1.49999707245013,1.50000573769507,2.25028708185081,4.50030429496895,0.999999647580641
"1700",12.96537482,1.49999706124704,1.50000571130344,2.25028670409183,4.50030383803477,0.999999647575297
"1701",12.973006,1.49999705000112,1.500005684826,2.25028632590486,4.50030338041517,0.999999647569925
"1702",12.98063718,1.4999970387122,1.50000565826231,2.25028594728462,4.50030292210357,0.999999647564529
"1703",12.98826836,1.49999702738014,1.50000563161228,2.25028556823622,4.50030246310479,0.999999647559101
"1704",12.99589954,1.49999701600475,1.50000560487551,2.25028518875483,4.50030200341277,0.999999647553644
"1705",13.00353072,1.49999700458587,1.50000557805144,2.25028480883316,4.5003015430186,0.999999647548163
"1706",13.0111619,1.49999699312335,1.50000555114009,2.25028442847814,4.50030108192921,0.999999647542649
"1707",13.01879308,1.499996981617,1.50000552414091,2.25028404768289,4.50030062013614,0.999999647537106
"1708",13.02642426,1.49999697006667,1.50000549705362,2.25028366644568,4.50030015763677,0.999999647531533
"1709",13.03405544,1.49999695847218,1.50000546987802,2.25028328476913,4.5002996944331,0.999999647525927
"1710",13.04168662,1.49999694683336,1.50000544261334,2.25028290263849,4.50029923050813,0.999999647520299
"1711",13.0493178,1.49999693515006,1.50000541525972,2.25028252006532,4.5002987658738,0.999999647514636
"1712",13.05694898,1.49999692342209,1.50000538781663,2.25028213704264,4.50029830052158,0.999999647508942
"1713",13.06458016,1.49999691164928,1.50000536028379,2.25028175356997,4.50029783445006,0.999999647503215
"1714",13.07221134,1.49999689983147,1.50000533266061,2.25028136963823,4.50029736764851,0.999999647497463
"1715",13.07984252,1.49999688796849,1.50000530494717,2.25028098525684,4.50029690012648,0.999999647491673
"1716",13.0874737,1.49999687606015,1.50000527714266,2.25028060041207,4.50029643186791,0.999999647485857
"1717",13.09510488,1.49999686410629,1.50000524924704,2.25028021510836,4.50029596287702,0.999999647480008
"1718",13.10273606,1.49999685210673,1.5000052212601,2.25027982934919,4.50029549315675,0.999999647474119
"1719",13.11036724,1.4999968400613,1.50000519318094,2.2502794431161,4.50029502268589,0.999999647468209
"1720",13.11799842,1.49999682796982,1.50000516500973,2.25027905642216,4.50029455147804,0.99999964746226
"1721",13.1256296,1.49999681583211,1.50000513674606,2.25027866926301,4.50029407952759,0.999999647456274
"1722",13.13326078,1.49999680364801,1.50000510838925,2.25027828162801,4.50029360682186,0.999999647450261
"1723",13.14089196,1.49999679141733,1.50000507993927,2.25027789352346,4.50029313336709,0.999999647444211
"1724",13.14852314,1.49999677913989,1.50000505139564,2.25027750494433,4.50029265915677,0.999999647438127
"1725",13.15615432,1.49999676681552,1.50000502275791,2.25027711588574,4.5002921841847,0.999999647432011
"1726",13.1637855,1.49999675444403,1.50000499402582,2.25027672634834,4.50029170845076,0.999999647425861
"1727",13.17141668,1.49999674202525,1.50000496519913,2.2502763363332,4.50029123195524,0.999999647419672
"1728",13.17904786,1.49999672955899,1.5000049362772,2.25027594583017,4.50029075468616,0.999999647413453
"1729",13.18667904,1.49999671704508,1.50000490725982,2.25027555484152,4.50029027664507,0.999999647407199
"1730",13.19431022,1.49999670448333,1.50000487814672,2.25027516336783,4.5002897978318,0.999999647400906
"1731",13.2019414,1.49999669187355,1.50000484893751,2.25027477140594,4.50028931824197,0.999999647394576
"1732",13.20957258,1.49999667921557,1.50000481963163,2.25027437894923,4.50028883786734,0.999999647388212
"1733",13.21720376,1.49999666650921,1.50000479022882,2.25027398599711,4.50028835670653,0.999999647381812
"1734",13.22483494,1.49999665375426,1.50000476072888,2.25027359255269,4.500287874762,0.999999647375371
"1735",13.23246612,1.49999664095056,1.50000473113118,2.25027319860695,4.50028739202288,0.999999647368895
"1736",13.2400973,1.49999662809791,1.50000470143534,2.25027280415652,4.50028690848464,0.999999647362387
"1737",13.24772848,1.49999661519613,1.50000467164123,2.25027240920646,4.50028642415196,0.999999647355836
"1738",13.25535966,1.49999660224502,1.50000464174836,2.25027201375161,4.50028593901822,0.999999647349246
"1739",13.26299084,1.49999658924441,1.50000461175616,2.25027161778386,4.50028545307361,0.999999647342623
"1740",13.27062202,1.4999965761941,1.50000458166448,2.25027122130759,4.50028496632201,0.99999964733596
"1741",13.2782532,1.49999656309389,1.50000455147312,2.25027082432577,4.50028447876584,0.99999964732925
"1742",13.28588438,1.49999654994361,1.50000452118122,2.25027042682235,4.50028399038646,0.999999647322509
"1743",13.29351556,1.49999653674306,1.50000449078865,2.25027002880168,4.50028350118781,0.999999647315728
"1744",13.30114674,1.49999652349204,1.5000044602952,2.25026963026718,4.50028301117267,0.999999647308901
"1745",13.30877792,1.49999651019036,1.50000442970018,2.25026923120775,4.50028252032791,0.999999647302037
"1746",13.3164091,1.49999649683784,1.50000439900323,2.25026883162142,4.50028202865047,0.999999647295136
"1747",13.32404028,1.49999648343427,1.50000436820417,2.25026843151186,4.50028153614344,0.99999964728819
"1748",13.33167146,1.49999646997946,1.50000433730263,2.25026803087794,4.50028104280465,0.999999647281198
"1749",13.33930264,1.49999645647321,1.5000043062978,2.25026762970483,4.50028054861677,0.999999647274174
"1750",13.34693382,1.49999644291534,1.50000427518964,2.2502672280001,4.50028005358729,0.999999647267106
"1751",13.354565,1.49999642930563,1.50000424397779,2.2502668257628,4.50027955771418,0.999999647259991
"1752",13.36219618,1.4999964156439,1.50000421266164,2.2502664229843,4.50027906098697,0.999999647252838
"1753",13.36982736,1.49999640192993,1.50000418124079,2.2502660196625,4.50027856340236,0.999999647245644
"1754",13.37745854,1.49999638816355,1.50000414971512,2.25026561580179,4.50027806496439,0.999999647238403
"1755",13.38508972,1.49999637434453,1.50000411808419,2.25026521139991,4.50027756566944,0.999999647231113
"1756",13.3927209,1.49999636047269,1.50000408634729,2.25026480644489,4.50027706550347,0.999999647223785
"1757",13.40035208,1.49999634654782,1.50000405450418,2.25026440093912,4.5002765644681,0.999999647216413
"1758",13.40798326,1.49999633256971,1.50000402255456,2.25026399488361,4.50027606256347,0.999999647208992
"1759",13.41561444,1.49999631853817,1.50000399049786,2.25026358827103,4.50027555978054,0.999999647201529
"1760",13.42324562,1.49999630445299,1.5000039583338,2.25026318110236,4.50027505611943,0.999999647194019
"1761",13.4308768,1.49999629031397,1.5000039260618,2.25026277337028,4.50027455157108,0.999999647186466
"1762",13.43850798,1.49999627612089,1.50000389368157,2.25026236507609,4.50027404613597,0.999999647178867
"1763",13.44613916,1.49999626187355,1.50000386119284,2.25026195622103,4.50027353981445,0.999999647171216
"1764",13.45377034,1.49999624757175,1.50000382859492,2.25026154679533,4.50027303259473,0.999999647163522
"1765",13.46140152,1.49999623321528,1.50000379588752,2.25026113679988,4.50027252447684,0.99999964715578
"1766",13.4690327,1.49999621880392,1.50000376307025,2.25026072623248,4.50027201545739,0.999999647147989
"1767",13.47666388,1.49999620433747,1.50000373014274,2.25026031509204,4.50027150553418,0.999999647140148
"1768",13.48429506,1.49999618981572,1.50000369710435,2.25025990337087,4.5002709946976,0.999999647132262
"1769",13.49192624,1.49999617523845,1.50000366395477,2.25025949106822,4.50027048294595,0.999999647124328
"1770",13.49955742,1.49999616060546,1.50000363069367,2.25025907818537,4.50026997027956,0.999999647116342
"1771",13.5071886,1.49999614591653,1.50000359732065,2.25025866471933,4.50026945669423,0.999999647108304
"1772",13.51481978,1.49999613117144,1.50000356383496,2.25025825065944,4.50026894217702,0.999999647100223
"1773",13.52245096,1.49999611636999,1.50000353023659,2.25025783601454,4.50026842673676,0.999999647092084
"1774",13.53008214,1.49999610151195,1.50000349652475,2.25025742077203,4.50026791035852,0.9999996470839
"1775",13.53771332,1.49999608659711,1.5000034626993,2.25025700493741,4.5002673930473,0.999999647075661
"1776",13.5453445,1.49999607162526,1.50000342875948,2.25025658849935,4.50026687478956,0.999999647067375
"1777",13.55297568,1.49999605659617,1.50000339470532,2.25025617146726,4.50026635559475,0.999999647059029
"1778",13.56060686,1.49999604150963,1.50000336053603,2.25025575382961,4.500265835449,0.999999647050633
"1779",13.56823804,1.49999602636541,1.50000332625112,2.25025533558201,4.50026531434644,0.999999647042189
"1780",13.57586922,1.4999960111633,1.50000329185041,2.25025491672884,4.50026479229089,0.999999647033686
"1781",13.5835004,1.49999599590307,1.50000325733342,2.25025449726689,4.50026426927775,0.999999647025127
"1782",13.59113158,1.49999598058451,1.50000322269934,2.25025407718338,4.50026374529178,0.999999647016522
"1783",13.59876276,1.49999596520739,1.50000318794815,2.2502536564867,4.5002632203413,0.999999647007858
"1784",13.60639394,1.49999594977148,1.50000315307921,2.2502532351697,4.50026269441727,0.999999646999139
"1785",13.61402512,1.49999593427656,1.5000031180922,2.25025281323254,4.50026216751885,0.999999646990362
"1786",13.6216563,1.49999591872241,1.50000308298662,2.25025239067146,4.50026163964082,0.999999646981528
"1787",13.62928748,1.4999959031088,1.50000304776189,2.25025196747994,4.50026111077491,0.99999964697264
"1788",13.63691866,1.4999958874355,1.50000301241755,2.25025154365556,4.50026058091729,0.999999646963698
"1789",13.64454984,1.49999587170228,1.50000297695333,2.25025111920052,4.50026005006938,0.999999646954695
"1790",13.65218102,1.49999585590892,1.5000029413685,2.25025069410465,4.5002595182188,0.99999964694564
"1791",13.6598122,1.49999584005518,1.50000290566307,2.25025026837797,4.50025898537563,0.999999646936517
"1792",13.66744338,1.49999582414084,1.50000286983631,2.25024984201074,4.5002584515279,0.999999646927334
"1793",13.67507456,1.49999580816565,1.50000283388745,2.25024941499033,4.50025791666069,0.999999646918103
"1794",13.68270574,1.4999957921294,1.50000279781639,2.25024898732619,4.50025738078318,0.999999646908807
"1795",13.69033692,1.49999577603184,1.50000276162265,2.25024855901338,4.50025684388897,0.999999646899449
"1796",13.6979681,1.49999575987275,1.5000027253057,2.25024813004799,4.50025630597251,0.99999964689003
"1797",13.70559928,1.49999574365188,1.50000268886505,2.2502477004266,4.50025576702898,0.99999964688055
"1798",13.71323046,1.499995727369,1.50000265230009,2.25024727014314,4.50025522705045,0.999999646871013
"1799",13.72086164,1.49999571102388,1.50000261561084,2.25024683920738,4.50025468604675,0.999999646861403
"1800",13.72849282,1.49999569461627,1.5000025787961,2.25024640759726,4.50025414399222,0.999999646851742
"1801",13.736124,1.49999567814593,1.50000254185591,2.25024597532332,4.50025360089752,0.999999646842013
"1802",13.74375518,1.49999566161264,1.50000250478961,2.25024554237822,4.50025305675331,0.999999646832223
"1803",13.75138636,1.49999564501614,1.50000246759695,2.2502451087664,4.50025251156333,0.99999964682236
"1804",13.75901754,1.49999562835619,1.50000243027715,2.25024467447517,4.50025196531253,0.999999646812437
"1805",13.76664872,1.49999561163256,1.50000239282971,2.25024423950225,4.50025141799711,0.999999646802453
"1806",13.7742799,1.49999559484499,1.50000235525428,2.2502438038475,4.5002508696159,0.999999646792402
"1807",13.78191108,1.49999557799325,1.50000231755026,2.25024336750604,4.50025032016218,0.999999646782288
"1808",13.78954226,1.49999556107708,1.50000227971762,2.25024293048694,4.500249769645,0.999999646772095
"1809",13.79717344,1.49999554409625,1.50000224175529,2.25024249277154,4.50024921804244,0.999999646761841
"1810",13.80480462,1.49999552705051,1.50000220366274,2.25024205435523,4.5002486653483,0.999999646751528
"1811",13.8124358,1.4999955099396,1.50000216544011,2.2502416152541,4.50024811157912,0.999999646741132
"1812",13.82006698,1.49999549276328,1.50000212708633,2.25024117544753,4.50024755671103,0.999999646730675
"1813",13.82769816,1.49999547552129,1.50000208860114,2.25024073494037,4.50024700074815,0.999999646720145
"1814",13.83532934,1.4999954582134,1.5000020499837,2.25024029372014,4.50024644367545,0.999999646709554
"1815",13.84296052,1.49999544083933,1.50000201123412,2.25023985180029,4.5002458855067,0.999999646698882
"1816",13.8505917,1.49999542339885,1.50000197235139,2.25023940916414,4.5002453262222,0.999999646688144
"1817",13.85822288,1.4999954058917,1.5000019333353,2.25023896581697,4.50024476582661,0.999999646677329
"1818",13.86585406,1.49999538831762,1.50000189418511,2.25023852174886,4.50024420430779,0.999999646666446
"1819",13.87348524,1.49999537067636,1.50000185490045,2.25023807696098,4.50024364166577,0.999999646655488
"1820",13.88111642,1.49999535296766,1.50000181548061,2.25023763144497,4.50024307789008,0.999999646644462
"1821",13.8887476,1.49999533519126,1.5000017759253,2.25023718520406,4.50024251298313,0.999999646633359
"1822",13.89637878,1.49999531734691,1.50000173623401,2.25023673823453,4.50024194693959,0.999999646622179
"1823",13.90400996,1.49999529943434,1.5000016964061,2.2502362905307,4.50024137975189,0.999999646610925
"1824",13.91164114,1.49999528145329,1.50000165644111,2.25023584209052,4.5002408114166,0.999999646599594
"1825",13.91927232,1.4999952634035,1.50000161633839,2.2502353929083,4.50024024192609,0.99999964658819
"1826",13.9269035,1.49999524528471,1.50000157609755,2.25023494298375,4.50023967127888,0.999999646576708
"1827",13.93453468,1.49999522709666,1.50000153571809,2.25023449231443,4.50023909947105,0.999999646565146
"1828",13.94216586,1.49999520883908,1.50000149519924,2.25023404089111,4.50023852649106,0.999999646553512
"1829",13.94979704,1.4999951905117,1.50000145454105,2.25023358872623,4.5002379523515,0.999999646541786
"1830",13.95742822,1.49999517211426,1.5000014137422,2.25023313579496,4.50023737702357,0.999999646529993
"1831",13.9650594,1.49999515364649,1.50000137280269,2.25023268210886,4.50023680051882,0.999999646518115
"1832",13.97269058,1.49999513510812,1.50000133172186,2.25023222766138,4.50023622282873,0.999999646506154
"1833",13.98032176,1.49999511649888,1.50000129049897,2.25023177244354,4.50023564394213,0.999999646494119
"1834",13.98795294,1.4999950978185,1.50000124913389,2.25023131646382,4.50023506386704,0.999999646481992
"1835",13.99558412,1.49999507906671,1.50000120762569,2.25023085970778,4.50023448258631,0.999999646469788
"1836",14.0032153,1.49999506024324,1.50000116597391,2.25023040217506,4.50023390009813,0.999999646457503
"1837",14.01084648,1.4999950413478,1.50000112417805,2.25022994386342,4.50023331639884,0.999999646445133
"1838",14.01847766,1.49999502238014,1.50000108223784,2.25022948477656,4.50023273149125,0.99999964643267
"1839",14.02610884,1.49999500333996,1.50000104015182,2.25022902488786,4.50023214534441,0.999999646420143
"1840",14.03374002,1.49999498422699,1.50000099792071,2.25022856422724,4.50023155799038,0.999999646407508
"1841",14.0413712,1.49999496504096,1.50000095554311,2.2502281027693,4.50023096939953,0.999999646394793
"1842",14.04900238,1.49999494578158,1.50000091301864,2.25022764051495,4.5002303795717,0.999999646381992
"1843",14.05663356,1.49999492644858,1.50000087034679,2.25022717746249,4.50022978850361,0.999999646369102
"1844",14.06426474,1.49999490704167,1.50000082752686,2.25022671360502,4.50022919618629,0.999999646356127
"1845",14.07189592,1.49999488756058,1.50000078455843,2.25022624894262,4.50022860261854,0.999999646343061
"1846",14.0795271,1.49999486800501,1.50000074144085,2.25022578346948,4.50022800779258,0.999999646329907
"1847",14.08715828,1.49999484837468,1.50000069817383,2.25022531719053,4.5002274117125,0.999999646316654
"1848",14.09478946,1.49999482866931,1.50000065475633,2.25022485008932,4.50022681435874,0.999999646303316
"1849",14.10242064,1.49999480888861,1.50000061118802,2.25022438216873,4.50022621573317,0.999999646289887
"1850",14.11005182,1.49999478903229,1.50000056746856,2.25022391343145,4.50022561583746,0.999999646276356
"1851",14.117683,1.49999476910006,1.50000052359682,2.25022344385983,4.50022501465056,0.999999646262742
"1852",14.12531418,1.49999474909164,1.50000047957254,2.25022297345828,4.50022441217614,0.999999646249032
"1853",14.13294536,1.49999472900672,1.50000043539533,2.25022250222907,4.50022380841525,0.999999646235221
"1854",14.14057654,1.49999470884503,1.50000039106411,2.25022203015504,4.50022320334752,0.999999646221323
"1855",14.14820772,1.49999468860626,1.50000034657893,2.25022155724946,4.50022259698638,0.999999646207317
"1856",14.1558389,1.49999466829012,1.50000030193868,2.25022108349591,4.50022198931206,0.999999646193218
"1857",14.16347008,1.49999464789632,1.50000025714292,2.25022060889329,4.50022138032211,0.999999646179022
"1858",14.17110126,1.49999462742455,1.50000021219116,2.25022013344205,4.50022077001557,0.999999646164724
"1859",14.17873244,1.49999460687453,1.50000016708257,2.25021965713185,4.50022015837959,0.999999646150331
"1860",14.18636362,1.49999458624595,1.50000012181669,2.25021917996319,4.50021954541329,0.999999646135838
"1861",14.1939948,1.4999945655385,1.50000007639284,2.2502187019295,4.50021893110802,0.999999646121246
"1862",14.20162598,1.4999945447519,1.50000003081069,2.25021822303491,4.500218315467,0.999999646106547
"1863",14.20925716,1.49999452388583,1.49999998506947,2.25021774327134,4.50021769847973,0.999999646091743
"1864",14.21688834,1.49999450294,1.49999993916843,2.25021726263174,4.50021708013703,0.999999646076839
"1865",14.22451952,1.49999448191409,1.49999989310717,2.25021678111751,4.50021646043902,0.999999646061828
"1866",14.2321507,1.4999944608078,1.49999984688514,2.25021629872684,4.50021583938228,0.999999646046707
"1867",14.23978188,1.49999443962083,1.49999980050104,2.25021581543725,4.5002152169404,0.999999646031497
"1868",14.24741306,1.49999441835287,1.49999975395523,2.25021533127219,4.50021459313795,0.999999646016164
"1869",14.25504424,1.4999943970036,1.49999970724651,2.25021484621121,4.50021396795082,0.999999646000729
"1870",14.26267542,1.49999437557271,1.49999966037424,2.25021436025087,4.50021334137372,0.999999645985189
"1871",14.2703066,1.49999435405991,1.49999961333821,2.25021387339795,4.50021271341272,0.999999645969532
"1872",14.27793778,1.49999433246486,1.49999956613741,2.2502133856388,4.50021208405122,0.999999645953768
"1873",14.28556896,1.49999431078725,1.49999951877145,2.25021289697569,4.50021145329027,0.999999645937888
"1874",14.29320014,1.49999428902678,1.49999947123936,2.25021240739595,4.50021082111432,0.999999645921904
"1875",14.30083132,1.49999426718312,1.49999942354063,2.25021191689929,4.50021018752152,0.99999964590581
"1876",14.3084625,1.49999424525596,1.49999937567509,2.25021142549375,4.50020955251942,0.99999964588959
"1877",14.31609368,1.49999422324497,1.49999932764149,2.25021093315946,4.50020891608437,0.999999645873263
"1878",14.32372486,1.49999420114984,1.49999927943945,2.2502104398996,4.50020827821846,0.999999645856819
"1879",14.33135604,1.49999417897024,1.4999992310683,2.25020994570965,4.50020763891515,0.999999645840259
"1880",14.33898722,1.49999415670586,1.49999918252723,2.25020945058102,4.50020699816338,0.999999645823587
"1881",14.3466184,1.49999413435636,1.4999991338162,2.25020895452614,4.50020635597547,0.999999645806782
"1882",14.35424958,1.49999411192142,1.49999908493385,2.25020845752237,4.50020571232478,0.999999645789866
"1883",14.36188076,1.49999408940072,1.49999903587975,2.2502079595712,4.50020506721138,0.999999645772832
"1884",14.36951194,1.49999406679393,1.49999898665315,2.2502074606671,4.50020442062758,0.99999964575568
"1885",14.37714312,1.49999404410071,1.49999893725387,2.25020696081776,4.5002037725805,0.999999645738395
"1886",14.3847743,1.49999402132074,1.49999888768066,2.25020646000394,4.50020312304716,0.999999645720996
"1887",14.39240548,1.49999399845369,1.49999883793326,2.25020595823281,4.50020247203393,0.999999645703467
"1888",14.40003666,1.49999397549923,1.49999878801072,2.25020545549226,4.50020181952588,0.999999645685817
"1889",14.40766784,1.49999395245701,1.49999873791242,2.25020495177972,4.50020116551858,0.999999645668044
"1890",14.41529902,1.4999939293267,1.49999868763789,2.25020444709647,4.50020051001188,0.999999645650139
"1891",14.4229302,1.49999390610798,1.49999863718623,2.25020394143245,4.500199852993,0.99999964563211
"1892",14.43056138,1.49999388280049,1.49999858655701,2.25020343478988,4.50019919446292,0.999999645613947
"1893",14.43819256,1.4999938594039,1.49999853574921,2.25020292715579,4.50019853440557,0.999999645595661
"1894",14.44582374,1.49999383591787,1.49999848476254,2.25020241853652,4.50019787282643,0.999999645577237
"1895",14.45345492,1.49999381234206,1.499998433596,2.25020190891955,4.50019720971,0.999999645558685
"1896",14.4610861,1.49999378867612,1.49999838224894,2.25020139830151,4.50019654505095,0.999999645540003
"1897",14.46871728,1.49999376491971,1.49999833072075,2.25020088668071,4.50019587884576,0.999999645521186
"1898",14.47634846,1.49999374107249,1.49999827901094,2.25020037405782,4.5001952110936,0.999999645502228
"1899",14.48397964,1.4999937171341,1.49999822711839,2.25019986041763,4.50019454177594,0.999999645483141
"1900",14.49161082,1.4999936931042,1.49999817504277,2.250199345766,4.50019387089764,0.999999645463912
"1901",14.499242,1.49999366898244,1.49999812278331,2.25019883009632,4.50019319844977,0.999999645444542
"1902",14.50687318,1.49999364476846,1.49999807033907,2.25019831339803,4.50019252441896,0.999999645425039
"1903",14.51450436,1.49999362046192,1.4999980177095,2.25019779567133,4.50019184880377,0.999999645405395
"1904",14.52213554,1.49999359606246,1.49999796489391,2.25019727691195,4.50019117159783,0.99999964538561
"1905",14.52976672,1.49999357156973,1.49999791189164,2.25019675711772,4.50019049279701,0.999999645365679
"1906",14.5373979,1.49999354698336,1.49999785870189,2.25019623628114,4.50018981239139,0.999999645345606
"1907",14.54502908,1.49999352230301,1.49999780532393,2.25019571439826,4.50018913037485,0.999999645325389
"1908",14.55266026,1.4999934975283,1.49999775175706,2.25019519146495,4.50018844674119,0.999999645305026
"1909",14.56029144,1.49999347265889,1.49999769800065,2.25019466747901,4.50018776148626,0.999999645284514
"1910",14.56792262,1.49999344769441,1.49999764405376,2.25019414243101,4.50018707459783,0.999999645263858
"1911",14.5755538,1.49999342263449,1.499997589916,2.25019361632419,4.50018638607799,0.999999645243047
"1912",14.58318498,1.49999339747877,1.49999753558626,2.25019308914535,4.50018569591019,0.999999645222091
"1913",14.59081616,1.49999337222689,1.49999748106404,2.25019256089622,4.50018500409468,0.99999964520098
"1914",14.59844734,1.49999334687847,1.49999742634846,2.2501920315677,4.5001843106197,0.999999645179721
"1915",14.60607852,1.49999332143315,1.49999737143893,2.25019150115967,4.50018361548337,0.999999645158306
"1916",14.6137097,1.49999329589056,1.49999731633468,2.25019096966673,4.50018291867798,0.999999645136734
"1917",14.62134088,1.49999327025033,1.4999972610349,2.25019043708316,4.50018222019535,0.999999645115007
"1918",14.62897206,1.49999324451207,1.49999720553897,2.25018990340708,4.5001815200318,0.999999645093119
"1919",14.63660324,1.49999321867543,1.49999714984595,2.25018936862946,4.50018081817544,0.999999645071076
"1920",14.64423442,1.49999319274002,1.49999709395521,2.2501888327486,4.50018011462269,0.999999645048871
"1921",14.6518656,1.49999316670546,1.49999703786598,2.25018829575984,4.50017940936654,0.999999645026505
"1922",14.65949678,1.49999314057137,1.4999969815774,2.25018775765574,4.50017870239703,0.99999964500398
"1923",14.66712796,1.49999311433738,1.49999692508881,2.25018721843452,4.50017799371041,0.999999644981289
"1924",14.67475914,1.4999930880031,1.49999686839954,2.25018667809386,4.50017728330228,0.999999644958431
"1925",14.68239032,1.49999306156815,1.4999968115086,2.25018613662319,4.50017657115914,0.99999964493541
"1926",14.6900215,1.49999303503215,1.49999675441534,2.25018559402164,4.50017585727818,0.99999964491222
"1927",14.69765268,1.4999930083947,1.49999669711908,2.250185050286,4.50017514165414,0.999999644888859
"1928",14.70528386,1.49999298165542,1.49999663961881,2.25018450540635,4.50017442427407,0.999999644865331
"1929",14.71291504,1.49999295481393,1.49999658191394,2.25018395938243,4.50017370513593,0.99999964484163
"1930",14.72054622,1.49999292786982,1.49999652400378,2.25018341221142,4.50017298423483,0.999999644817752
"1931",14.7281774,1.49999290082271,1.49999646588715,2.25018286387967,4.50017226155362,0.999999644793706
"1932",14.73580858,1.49999287367221,1.49999640756352,2.25018231438745,4.50017153709091,0.999999644769486
"1933",14.74343976,1.49999284641791,1.49999634903223,2.2501817637347,4.50017081084471,0.999999644745083
"1934",14.75107094,1.49999281905943,1.49999629029226,2.25018121190997,4.50017008280051,0.999999644720505
"1935",14.75870212,1.49999279159636,1.49999623134276,2.25018065890768,4.50016935295016,0.999999644695751
"1936",14.7663333,1.49999276402831,1.49999617218329,2.25018010473161,4.50016862129613,0.999999644670808
"1937",14.77396448,1.49999273635486,1.4999961128127,2.25017954936869,4.50016788782189,0.999999644645687
"1938",14.78159566,1.49999270857563,1.49999605323023,2.25017899281455,4.50016715252082,0.999999644620385
"1939",14.78922684,1.4999926806902,1.49999599343528,2.25017843507,4.50016641539188,0.999999644594892
"1940",14.79685802,1.49999265269818,1.49999593342679,2.25017787612394,4.50016567642087,0.999999644569216
"1941",14.8044892,1.49999262459914,1.49999587320416,2.25017731597653,4.50016493560605,0.999999644543349
"1942",14.81212038,1.49999259639269,1.49999581276631,2.25017675461587,4.50016419293233,0.999999644517297
"1943",14.81975156,1.49999256807841,1.49999575211276,2.25017619204652,4.50016344840284,0.999999644491048
"1944",14.82738274,1.49999253965589,1.49999569124243,2.2501756282571,4.50016270200294,0.999999644464607
"1945",14.83501392,1.49999251112471,1.4999956301544,2.25017506323965,4.50016195372196,0.999999644437978
"1946",14.8426451,1.49999248248447,1.4999955688482,2.25017449699791,4.50016120356215,0.999999644411147
"1947",14.85027628,1.49999245373474,1.49999550732264,2.25017392951899,4.50016045150711,0.999999644384123
"1948",14.85790746,1.49999242487511,1.4999954455771,2.25017336080215,4.50015969755419,0.999999644356899
"1949",14.86553864,1.49999239590515,1.49999538361067,2.25017279084168,4.50015894169501,0.999999644329474
"1950",14.87316982,1.49999236682445,1.49999532142222,2.2501722196238,4.50015818391234,0.999999644301857
"1951",14.880801,1.49999233763257,1.49999525901157,2.25017164716154,4.50015742421874,0.999999644274024
"1952",14.88843218,1.4999923083291,1.49999519637736,2.25017107343629,4.50015666259144,0.99999964424599
"1953",14.89606336,1.49999227891361,1.49999513351889,2.2501704984471,4.50015589902744,0.999999644217749
"1954",14.90369454,1.49999224938567,1.49999507043525,2.25016992218703,4.50015513351707,0.999999644189301
"1955",14.91132572,1.49999221974485,1.49999500712549,2.25016934464907,4.50015436605048,0.999999644160646
"1956",14.9189569,1.49999218999072,1.49999494358889,2.25016876583089,4.50015359662312,0.999999644131779
"1957",14.92658808,1.49999216012285,1.4999948798247,2.25016818573079,4.5001528252311,0.999999644102695
"1958",14.93421926,1.4999921301408,1.49999481583175,2.25016760433577,4.50015205185789,0.999999644073401
"1959",14.94185044,1.49999210004413,1.49999475160931,2.25016702164423,4.50015127649972,0.99999964404389
"1960",14.94948162,1.49999206983241,1.49999468715656,2.25016643765241,4.50015049915033,0.99999964401416
"1961",14.9571128,1.49999203950519,1.49999462247258,2.25016585235334,4.50014971979999,0.99999964398421
"1962",14.96474398,1.49999200906204,1.49999455755641,2.25016526574057,4.50014893843941,0.999999643954041
"1963",14.97237516,1.49999197850252,1.4999944924072,2.25016467780923,4.50014815506117,0.99999964392365
"1964",14.98000634,1.49999194782616,1.49999442702402,2.25016408855255,4.50014736965566,0.999999643893036
"1965",14.98763752,1.49999191703254,1.49999436140628,2.2501634979733,4.50014658222393,0.999999643862188
"1966",14.9952687,1.49999188612121,1.49999429555272,2.25016290605708,4.50014579274779,0.999999643831115
"1967",15.00289988,1.4999918550917,1.49999422946249,2.25016231279927,4.50014500122004,0.999999643799815
"1968",15.01053106,1.49999182394358,1.49999416313484,2.25016171819827,4.50014420763685,0.99999964376828
"1969",15.01816224,1.49999179267638,1.49999409656876,2.25016112224625,4.50014341198738,0.999999643736513
"1970",15.02579342,1.49999176128965,1.49999402976309,2.25016052493139,4.5001426142563,0.999999643704518
"1971",15.0334246,1.49999172978294,1.4999939627175,2.25015992626251,4.50014181445148,0.999999643672276
"1972",15.04105578,1.49999169815579,1.49999389543059,2.25015932622221,4.50014101255124,0.999999643639801
"1973",15.04868696,1.49999166640773,1.49999382790152,2.25015872480727,4.50014020854994,0.999999643607087
"1974",15.05631814,1.4999916345383,1.49999376012966,2.25015812201894,4.50013940244686,0.999999643574123
"1975",15.06394932,1.49999160254705,1.49999369211381,2.25015751784463,4.50013859422583,0.999999643540917
"1976",15.0715805,1.4999915704335,1.49999362385293,2.25015691227678,4.50013778387623,0.999999643507469
"1977",15.07921168,1.49999153819718,1.4999935553463,2.25015630531406,4.5001369713945,0.999999643473771
"1978",15.08684286,1.49999150583763,1.49999348659285,2.25015569694846,4.50013615676943,0.999999643439826
"1979",15.09447404,1.49999147335438,1.4999934175919,2.25015508718084,4.50013533999988,0.999999643405621
"1980",15.10210522,1.49999144074696,1.49999334834224,2.25015447599841,4.50013452106938,0.999999643371165
"1981",15.1097364,1.49999140801488,1.49999327884297,2.25015386339665,4.50013369997075,0.999999643336453
"1982",15.11736758,1.49999137515767,1.49999320909307,2.25015324936773,4.50013287669306,0.999999643301487
"1983",15.12499876,1.49999134217486,1.49999313909173,2.2501526339105,4.50013205123277,0.999999643266258
"1984",15.13262994,1.49999130906596,1.49999306883798,2.25015201701824,4.5001312235802,0.999999643230766
"1985",15.14026112,1.49999127583049,1.49999299833059,2.25015139867907,4.50013039371988,0.999999643195016
"1986",15.1478923,1.49999124246797,1.49999292756893,2.25015077889468,4.50012956165149,0.999999643158996
"1987",15.15552348,1.49999120897791,1.49999285655192,2.25015015765731,4.50012872736411,0.999999643122707
"1988",15.16315466,1.49999117535983,1.49999278527856,2.2501495349596,4.50012789084734,0.999999643086148
"1989",15.17078584,1.49999114161323,1.49999271374785,2.25014891079603,4.50012705209267,0.999999643049317
"1990",15.17841702,1.49999110773762,1.49999264195874,2.25014828515837,4.50012621108873,0.999999643012214
"1991",15.1860482,1.49999107373252,1.49999256991046,2.2501476580465,4.50012536783309,0.999999642974831
"1992",15.19367938,1.49999103959742,1.4999924976018,2.25014702944831,4.50012452231001,0.999999642937172
"1993",15.20131056,1.49999100533183,1.4999924250317,2.25014639935596,4.50012367450843,0.999999642899238
"1994",15.20894174,1.49999097093525,1.49999235219956,2.25014576777427,4.50012282443143,0.999999642861011
"1995",15.21657292,1.49999093640718,1.499992279104,2.25014513468791,4.50012197205953,0.999999642822504
"1996",15.2242041,1.49999090174712,1.49999220574419,2.25014450009374,4.50012111738706,0.999999642783708
"1997",15.23183528,1.49999086695456,1.49999213211896,2.25014386398258,4.50012026040136,0.999999642744626
"1998",15.23946646,1.49999083202899,1.49999205822743,2.25014322635175,4.50011940109712,0.999999642705251
"1999",15.24709764,1.49999079696991,1.49999198406863,2.25014258719573,4.50011853946588,0.99999964266558
"2000",15.25472882,1.49999076177681,1.49999190964138,2.25014194650475,4.50011767549436,0.999999642625616
"2001",15.26236,1.49999072644917,1.49999183494477,2.2501413042756,4.50011680917657,0.999999642585351
"2002",15.26999118,1.49999069098648,1.49999175997767,2.25014066049889,4.50011594049979,0.999999642544788
"2003",15.27762236,1.49999065538823,1.49999168473909,2.25014001516966,4.50011506945608,0.999999642503923
"2004",15.28525354,1.49999061965389,1.49999160922811,2.25013936828534,4.50011419604007,0.999999642462748
"2005",15.29288472,1.49999058378295,1.49999153344355,2.25013871983496,4.5001133202373,0.999999642421268
"2006",15.3005159,1.49999054777488,1.49999145738427,2.25013806981022,4.500112442036,0.999999642379482
"2007",15.30814708,1.49999051162916,1.49999138104946,2.25013741821124,4.50011156143391,0.999999642337379
"2008",15.31577826,1.49999047534526,1.49999130443794,2.25013676502775,4.50011067841717,0.999999642294962
"2009",15.32340944,1.49999043892266,1.49999122754876,2.25013611025671,4.50010979297994,0.999999642252224
"2010",15.33104062,1.49999040236082,1.49999115038056,2.25013545388351,4.50010890510349,0.999999642209173
"2011",15.3386718,1.49999036565921,1.49999107293244,2.2501347959062,4.5001080147832,0.999999642165802
"2012",15.34630298,1.4999903288173,1.49999099520354,2.25013413632346,4.50010712201516,0.9999996421221
"2013",15.35393416,1.49999029183455,1.49999091719258,2.25013347512362,4.50010622678386,0.999999642078072
"2014",15.36156534,1.49999025471043,1.49999083889857,2.2501328123018,4.50010532908143,0.999999642033712
"2015",15.36919652,1.49999021744439,1.49999076032045,2.2501321478534,4.50010442890011,0.999999641989016
"2016",15.3768277,1.49999018003589,1.4999906814566,2.25013148175696,4.50010352621359,0.999999641944003
"2017",15.38445888,1.49999014248438,1.4999906023067,2.25013081402592,4.50010262103434,0.99999964189864
"2018",15.39209006,1.49999010478932,1.49999052286936,2.25013014464629,4.5001017133442,0.999999641852936
"2019",15.39972124,1.49999006695016,1.49999044314338,2.25012947360789,4.50010080312935,0.999999641806893
"2020",15.40735242,1.49999002896636,1.49999036312767,2.25012880090554,4.50009989038143,0.999999641760506
"2021",15.4149836,1.49998999083735,1.49999028282124,2.25012812653483,4.50009897509297,0.999999641713769
"2022",15.42261478,1.49998995256258,1.49999020222296,2.25012745048861,4.50009805725348,0.999999641666681
"2023",15.43024596,1.49998991414149,1.49999012133158,2.25012677275668,4.50009713684899,0.999999641619242
"2024",15.43787714,1.49998987557353,1.49999004014617,2.25012609333712,4.50009621387484,0.999999641571444
"2025",15.44550832,1.49998983685813,1.49998995866544,2.25012541221933,4.50009528831649,0.99999964152329
"2026",15.4531395,1.49998979799473,1.4999898768883,2.25012472939643,4.50009436016381,0.999999641474775
"2027",15.46077068,1.49998975898277,1.49998979481373,2.25012404486518,4.50009342941053,0.999999641425893
"2028",15.46840186,1.49998971982167,1.49998971244049,2.25012335861588,4.50009249604319,0.999999641376644
"2029",15.47603304,1.49998968051087,1.49998962976729,2.25012267063726,4.50009156004667,0.999999641327031
"2030",15.48366422,1.49998964104979,1.49998954679331,2.25012198093132,4.5000906214205,0.99999964127704
"2031",15.4912954,1.49998960143786,1.49998946351718,2.25012128948599,4.50008968014856,0.999999641226674
"2032",15.49892658,1.49998956167451,1.49998937993778,2.25012059629357,4.5000887362197,0.999999641175932
"2033",15.50655776,1.49998952175914,1.49998929605408,2.2501199013512,4.50008778962801,0.999999641124803
"2034",15.51418894,1.49998948169119,1.49998921186468,2.25011920464609,4.50008684035652,0.999999641073295
"2035",15.52182012,1.49998944147007,1.49998912736855,2.25011850617433,4.50008588839821,0.999999641021398
"2036",15.5294513,1.4999894010952,1.49998904256434,2.25011780592374,4.50008493373683,0.999999640969118
"2037",15.53708248,1.49998936056598,1.49998895745131,2.25011710389933,4.50008397637519,0.999999640916433
"2038",15.54471366,1.49998931988182,1.49998887202779,2.2501164000804,4.50008301628759,0.999999640863361
"2039",15.55234484,1.49998927904214,1.49998878629291,2.25011569446865,4.50008205347313,0.999999640809884
"2040",15.55997602,1.49998923804634,1.49998870024533,2.25011498705241,4.50008108791607,0.999999640756008
"2041",15.5676072,1.49998919689382,1.49998861388369,2.25011427782075,4.50008011960145,0.999999640701732
"2042",15.57523838,1.49998915558399,1.49998852720728,2.2501135667781,4.50007914853156,0.999999640647038
"2043",15.58286956,1.49998911411623,1.49998844021455,2.25011285390941,4.5000781746867,0.999999640591934
"2044",15.59050074,1.49998907248996,1.49998835290427,2.25011213920535,4.50007719805381,0.999999640536418
"2045",15.59813192,1.49998903070456,1.49998826527532,2.25011142266237,4.50007621862604,0.999999640480483
"2046",15.6057631,1.49998898875942,1.49998817732642,2.2501107042705,4.50007523638953,0.999999640424129
"2047",15.61339428,1.49998894665393,1.49998808905644,2.25010998402507,4.50007425133624,0.999999640367348
"2048",15.62102546,1.49998890438749,1.49998800046414,2.25010926191855,4.50007326345497,0.999999640310137
"2049",15.62865664,1.49998886195947,1.49998791154825,2.25010853794156,4.50007227273246,0.999999640252495
"2050",15.63628782,1.49998881936926,1.49998782230734,2.25010781208239,4.50007127915272,0.999999640194426
"2051",15.643919,1.49998877661624,1.49998773274053,2.25010708434264,4.50007028271471,0.999999640135913
"2052",15.65155018,1.49998873369978,1.49998764284628,2.25010635470715,4.50006928339868,0.999999640076963
"2053",15.65918136,1.49998869061926,1.49998755262345,2.25010562317092,4.50006828119619,0.999999640017568
"2054",15.66681254,1.49998864737406,1.49998746207089,2.25010488972961,4.50006727609949,0.999999639957721
"2055",15.67444372,1.49998860396354,1.49998737118705,2.25010415436745,4.5000662680881,0.99999963989743
"2056",15.6820749,1.49998856038707,1.49998727997112,2.25010341708831,4.50006525716345,0.999999639836675
"2057",15.68970608,1.49998851664402,1.49998718842144,2.25010267787555,4.50006424330401,0.999999639775465
"2058",15.69733726,1.49998847273375,1.4999870965368,2.25010193672151,4.5000632264984,0.999999639713795
"2059",15.70496844,1.49998842865562,1.49998700431597,2.25010119362132,4.50006220673812,0.99999963965166
"2060",15.71259962,1.49998838440899,1.49998691175757,2.25010044856399,4.500061184008,0.999999639589058
"2061",15.7202308,1.49998833999322,1.49998681886053,2.25009970154647,4.50006015830178,0.99999963952598
"2062",15.72786198,1.49998829540766,1.49998672562339,2.25009895255792,4.50005912960429,0.999999639462427
"2063",15.73549316,1.49998825065165,1.49998663204489,2.25009820159095,4.50005809790432,0.999999639398393
"2064",15.74312434,1.49998820572456,1.49998653812372,2.25009744863757,4.50005706318996,0.999999639333875
"2065",15.75075552,1.49998816062572,1.4999864438583,2.25009669368283,4.50005602544151,0.99999963926888
"2066",15.7583867,1.49998811535447,1.49998634924793,2.25009593673439,4.50005498466454,0.999999639203381
"2067",15.76601788,1.49998806991017,1.4999862542907,2.25009517776892,4.50005394082995,0.999999639137396
"2068",15.77364906,1.49998802429215,1.49998615898562,2.25009441678699,4.50005289393542,0.999999639070908
"2069",15.78128024,1.49998797849973,1.49998606333111,2.25009365377464,4.50005184396219,0.999999639003924
"2070",15.78891142,1.49998793253227,1.49998596732633,2.25009288873568,4.50005079091159,0.99999963893642
"2071",15.7965426,1.49998788638908,1.49998587096932,2.25009212164624,4.50004973475382,0.999999638868417
"2072",15.80417378,1.4999878400695,1.49998577425893,2.25009135250427,4.50004867548341,0.9999996387999
"2073",15.81180496,1.49998779357285,1.49998567719397,2.25009058130417,4.50004761309123,0.999999638730863
"2074",15.81943614,1.49998774689845,1.49998557977304,2.25008980803661,4.50004654756369,0.999999638661303
"2075",15.82706732,1.49998770004563,1.49998548199462,2.25008903268957,4.5000454788842,0.999999638591221
"2076",15.8346985,1.4999876530137,1.49998538385751,2.25008825525972,4.50004440704588,0.999999638520606
"2077",15.84232968,1.49998760580199,1.49998528536029,2.25008747573662,4.50004333203402,0.999999638449456
"2078",15.84996086,1.49998755840979,1.4999851865016,2.25008669411176,4.500042253836,0.999999638377768
"2079",15.85759204,1.49998751083642,1.49998508727997,2.25008591037611,4.50004117243842,0.999999638305539
"2080",15.86522322,1.4999874630812,1.49998498769403,2.25008512452048,4.50004008782795,0.999999638232765
"2081",15.8728544,1.49998741514341,1.4999848877425,2.25008433653888,4.50003899999475,0.999999638159438
"2082",15.88048558,1.49998736702237,1.4999847874238,2.25008354641933,4.50003790892216,0.999999638085559
"2083",15.88811676,1.49998731871738,1.49998468673657,2.25008275415354,4.50003681459776,0.999999638011123
"2084",15.89574794,1.49998727022773,1.49998458567965,2.25008195973937,4.50003571701593,0.999999637936117
"2085",15.90337912,1.49998722155272,1.49998448425133,2.25008116316107,4.50003461615578,0.999999637860547
"2086",15.9110103,1.49998717269163,1.49998438245031,2.25008036441293,4.50003351200778,0.999999637784403
"2087",15.91864148,1.49998712364376,1.49998428027501,2.25007956348191,4.50003240455404,0.999999637707688
"2088",15.92627266,1.4999870744084,1.4999841777243,2.25007876036703,4.50003129379028,0.999999637630386
"2089",15.93390384,1.49998702498481,1.49998407479642,2.25007795505149,4.50003017969435,0.999999637552505
"2090",15.94153502,1.4999869753723,1.49998397149016,2.25007714753188,4.50002906225926,0.999999637474031
"2091",15.9491662,1.49998692557013,1.49998386780414,2.25007633780181,4.50002794147449,0.999999637394956
"2092",15.95679738,1.49998687557757,1.49998376373659,2.25007552584389,4.50002681731728,0.999999637315289
"2093",15.96442856,1.49998682539391,1.49998365928616,2.25007471165218,4.50002568977767,0.99999963723502
"2094",15.97205974,1.49998677501841,1.49998355445152,2.25007389522105,4.50002455884608,0.99999963715414
"2095",15.97969092,1.49998672445034,1.49998344923103,2.25007307653681,4.50002342450383,0.999999637072651
"2096",15.9873221,1.49998667368896,1.49998334362335,2.25007225559468,4.50002228674215,0.999999636990542
"2097",15.99495328,1.49998662273353,1.49998323762709,2.25007143238689,4.50002114554915,0.999999636907807
"2098",16.00258446,1.49998657158331,1.49998313124045,2.25007060689754,4.50002000090345,0.99999963682445
"2099",16.01021564,1.49998652023756,1.4999830244622,2.2500697791232,4.50001885279798,0.999999636740458
"2100",16.01784682,1.49998646869552,1.49998291729065,2.25006894905049,4.50001770121426,0.999999636655834
"2101",16.025478,1.49998641695645,1.49998280972459,2.25006811667726,4.50001654614653,0.99999963657056
"2102",16.03310918,1.4999863650196,1.4999827017622,2.25006728198677,4.5000153875726,0.999999636484644
"2103",16.04074036,1.49998631288421,1.499982593402,2.25006644497046,4.50001422547945,0.999999636398079
"2104",16.04837154,1.49998626054952,1.49998248464266,2.25006560562341,4.50001305985816,0.999999636310854
"2105",16.05600272,1.49998620801476,1.49998237548241,2.25006476393094,4.5000118906888,0.999999636222972
"2106",16.0636339,1.49998615527918,1.49998226592001,2.25006391989089,4.50001071796544,0.999999636134417
"2107",16.07126508,1.49998610234201,1.49998215595357,2.25006307348435,4.50000954166346,0.999999636045197
"2108",16.07889626,1.49998604920247,1.49998204558167,2.25006222470572,4.50000836177309,0.999999635955303
"2109",16.08652744,1.49998599585979,1.49998193480312,2.25006137355451,4.50000717829024,0.999999635864714
"2110",16.09415862,1.4999859423132,1.49998182361575,2.25006052000525,4.50000599118288,0.999999635773451
"2111",16.1017898,1.49998588856191,1.49998171201845,2.25005966406045,4.50000480045026,0.999999635681488
"2112",16.10942098,1.49998583460514,1.49998160000947,2.25005880570546,4.50000360607241,0.999999635588829
"2113",16.11705216,1.49998578044212,1.49998148758719,2.25005794493002,4.50000240803432,0.999999635495469
"2114",16.12468334,1.49998572607204,1.49998137475023,2.25005708172809,4.50000120632568,0.999999635401398
"2115",16.13231452,1.49998567149412,1.49998126149676,2.25005621608585,4.50000000092727,0.999999635306615
"2116",16.1399457,1.49998561670756,1.49998114782536,2.25005534799657,4.49999879182805,0.999999635211111
"2117",16.14757688,1.49998556171157,1.49998103373446,2.25005447745148,4.49999757901459,0.999999635114878
"2118",16.15520806,1.49998550650534,1.49998091922227,2.25005360443596,4.49999636246684,0.999999635017919
"2119",16.16283924,1.49998545108808,1.49998080428732,2.25005272894418,4.4999951421746,0.999999634920222
"2120",16.17047042,1.49998539545897,1.49998068892782,2.25005185096167,4.49999391811803,0.999999634821787
"2121",16.1781016,1.4999853396172,1.49998057314231,2.25005097048237,4.49999269028671,0.999999634722603
"2122",16.18573278,1.49998528356197,1.49998045692921,2.25005008749777,4.49999145866733,0.999999634622662
"2123",16.19336396,1.49998522729245,1.49998034028678,2.25004920199494,4.49999022324178,0.999999634521963
"2124",16.20099514,1.49998517080783,1.49998022321348,2.25004831396689,4.49998898399847,0.999999634420495
"2125",16.20862632,1.49998511410729,1.49998010570731,2.2500474233944,4.49998774091211,0.999999634318266
"2126",16.2162575,1.49998505718999,1.49997998776705,2.25004653027818,4.49998649397982,0.999999634215254
"2127",16.22388868,1.49998500005512,1.49997986939077,2.25004563460136,4.4999852431789,0.999999634111463
"2128",16.23151986,1.49998494270183,1.4999797505769,2.25004473635646,4.4999839884972,0.999999634006882
"2129",16.23915104,1.4999848851293,1.49997963132361,2.25004383552923,4.49998272991494,0.999999633901511
"2130",16.24678222,1.49998482733668,1.49997951162949,2.25004293211558,4.49998146742382,0.999999633795336
"2131",16.2544134,1.49998476932314,1.49997939149273,2.25004202610248,4.49998020100538,0.999999633688353
"2132",16.26204458,1.49998471108783,1.49997927091146,2.25004111747531,4.49997893063939,0.999999633580563
"2133",16.26967576,1.4999846526299,1.49997914988456,2.25004020623766,4.49997765632608,0.999999633471938
"2134",16.27730694,1.49998459394851,1.49997902840961,2.25003929236161,4.49997637803026,0.999999633362499
"2135",16.28493812,1.49998453504279,1.49997890648504,2.25003837584065,4.49997509574071,0.999999633252234
"2136",16.2925693,1.49998447591189,1.49997878410972,2.25003745667818,4.49997380945745,0.999999633141114
"2137",16.30020048,1.49998441655495,1.49997866128114,2.25003653484427,4.49997251914304,0.999999633029162
"2138",16.30783166,1.4999843569711,1.49997853799803,2.25003561033994,4.49997122479465,0.999999632916354
"2139",16.31546284,1.49998429715949,1.49997841425852,2.2500346831512,4.49996992639269,0.999999632802689
"2140",16.32309402,1.49998423711923,1.49997829006089,2.25003375326842,4.4999686239224,0.999999632688159
"2141",16.3307252,1.49998417684945,1.49997816540351,2.2500328206828,4.49996731737007,0.999999632572752
"2142",16.33835638,1.49998411634928,1.49997804028426,2.2500318853757,4.49996600671072,0.999999632456476
"2143",16.34598756,1.49998405561783,1.49997791470149,2.25003094733879,4.49996469193101,0.99999963233932
"2144",16.35361874,1.49998399465423,1.49997778865366,2.25003000656722,4.49996337302154,0.999999632221267
"2145",16.36124992,1.49998393345757,1.49997766213909,2.25002906305192,4.49996204996816,0.999999632102306
"2146",16.3688811,1.49998387202698,1.49997753515538,2.25002811676659,4.4999607227374,0.999999631982457
"2147",16.37651228,1.49998381036156,1.49997740770122,2.25002716771338,4.49995939132745,0.99999963186169
"2148",16.38414346,1.49998374846041,1.49997727977476,2.2500262158791,4.4999580557196,0.999999631740002
"2149",16.39177464,1.49998368632263,1.4999771513741,2.25002526125075,4.4999567158951,0.999999631617389
"2150",16.39940582,1.49998362394732,1.49997702249748,2.25002430381853,4.49995537183894,0.999999631493842
"2151",16.407037,1.49998356133356,1.49997689314295,2.25002334356756,4.49995402353035,0.999999631369359
"2152",16.41466818,1.49998349848045,1.49997676330897,2.25002238049405,4.49995267096091,0.999999631243922
"2153",16.42229936,1.49998343538706,1.4999766329934,2.25002141457926,4.49995131410547,0.999999631117534
"2154",16.42993054,1.4999833720525,1.49997650219458,2.2500204458162,4.49994995295209,0.999999630990182
"2155",16.43756172,1.49998330847582,1.49997637091041,2.25001947418765,4.4999485874772,0.999999630861867
"2156",16.4451929,1.4999832446561,1.49997623913926,2.25001849968781,4.49994721767018,0.999999630732573
"2157",16.45282408,1.49998318059242,1.49997610687924,2.25001752230412,4.49994584351272,0.999999630602294
"2158",16.46045526,1.49998311628385,1.49997597412859,2.25001654202804,4.49994446499104,0.999999630471019
"2159",16.46808644,1.49998305172944,1.49997584088513,2.25001555884094,4.49994308207999,0.99999963033875
"2160",16.47571762,1.49998298692826,1.49997570714719,2.25001457273598,4.49994169476769,0.999999630205472
"2161",16.4833488,1.49998292187937,1.49997557291282,2.25001358370033,4.49994030303546,0.999999630071179
"2162",16.49097998,1.49998285658181,1.49997543818013,2.25001259172274,4.4999389068664,0.999999629935864
"2163",16.49861116,1.49998279103463,1.49997530294724,2.25001159679194,4.4999375062436,0.999999629799517
"2164",16.50624234,1.4999827252369,1.49997516721215,2.25001059889381,4.49993610114692,0.999999629662133
"2165",16.51387352,1.49998265918763,1.49997503097302,2.25000959801907,4.4999346915616,0.999999629523702
"2166",16.5215047,1.49998259288588,1.49997489422773,2.25000859415106,4.49993327746455,0.999999629384222
"2167",16.52913588,1.49998252633068,1.49997475697463,2.2500075872848,4.49993185884591,0.999999629243675
"2168",16.53676706,1.49998245952105,1.49997461921173,2.25000657740686,4.49993043568624,0.999999629102054
"2169",16.54439824,1.49998239245604,1.49997448093677,2.25000556449784,4.49992900795935,0.999999628959363
"2170",16.55202942,1.49998232513465,1.49997434214815,2.2500045485551,4.49992757565786,0.999999628815578
"2171",16.5596606,1.49998225755592,1.49997420284364,2.25000352955936,4.49992613875577,0.999999628670704
"2172",16.56729178,1.49998218971885,1.49997406302167,2.25000250750878,4.49992469724651,0.999999628524714
"2173",16.57492296,1.49998212162246,1.49997392267969,2.25000148237682,4.49992325109591,0.999999628377623
"2174",16.58255414,1.49998205326576,1.49997378181606,2.25000045416024,4.49992180029583,0.999999628229409
"2175",16.59018532,1.49998198464775,1.4999736404287,2.24999942284465,4.49992034482559,0.999999628080066
"2176",16.5978165,1.49998191576744,1.49997349851571,2.24999838841996,4.49991888466942,0.999999627929581
"2177",16.60544768,1.49998184662382,1.49997335607485,2.24999735086836,4.49991741980281,0.999999627777955
"2178",16.61307886,1.49998177721588,1.4999732131042,2.2499963101796,4.49991595020973,0.999999627625175
"2179",16.62071004,1.49998170754262,1.49997306960208,2.24999526635048,4.49991447588197,0.999999627471217
"2180",16.62834122,1.49998163760302,1.49997292556571,2.24999421934976,4.49991299677993,0.999999627316103
"2181",16.6359724,1.49998156739606,1.49997278099378,2.24999316918249,4.49991151290471,0.999999627159795
"2182",16.64360358,1.49998149692072,1.49997263588389,2.24999211582807,4.49991002422854,0.999999627002296
"2183",16.65123476,1.49998142617598,1.49997249023375,2.24999105926746,4.4999085307255,0.999999626843608
"2184",16.65886594,1.4999813551608,1.4999723440416,2.24998999949642,4.49990703238607,0.999999626683708
"2185",16.66649712,1.49998128387416,1.49997219730547,2.24998893650403,4.49990552919344,0.999999626522584
"2186",16.6741283,1.499981212315,1.49997205002324,2.24998787027644,4.49990402112735,0.999999626360227
"2187",16.68175948,1.4999811404823,1.49997190219268,2.24998680079782,4.49990250816535,0.999999626196633
"2188",16.68939066,1.499981068375,1.49997175381152,2.24998572805079,4.49990099028321,0.9999996260318
"2189",16.69702184,1.49998099599206,1.4999716048779,2.24998465202832,4.49989946746828,0.999999625865708
"2190",16.70465302,1.49998092333243,1.49997145538977,2.24998357271916,4.49989793970326,0.999999625698345
"2191",16.7122842,1.49998085039504,1.49997130534486,2.24998249010653,4.49989640696448,0.999999625529707
"2192",16.71991538,1.49998077717883,1.499971154741,2.24998140417701,4.49989486923206,0.999999625359784
"2193",16.72754656,1.49998070368274,1.49997100357621,2.24998031492002,4.49989332648943,0.999999625188563
"2194",16.73517774,1.4999806299057,1.49997085184799,2.24997922231463,4.49989177870823,0.999999625016046
"2195",16.74280892,1.49998055584663,1.49997069955462,2.24997812635832,4.49989022588069,0.999999624842205
"2196",16.7504401,1.49998048150446,1.49997054669372,2.24997702703114,4.49988866797979,0.999999624667041
"2197",16.75807128,1.4999804068781,1.49997039326317,2.24997592432276,4.49988710498884,0.999999624490538
"2198",16.76570246,1.49998033196647,1.49997023926072,2.24997481821671,4.49988553688458,0.999999624312692
"2199",16.77333364,1.49998025676847,1.49997008468411,2.24997370869875,4.499883963646,0.999999624133494
"2200",16.78096482,1.49998018128302,1.49996992953146,2.24997259576153,4.49988238526015,0.999999623952921
"2201",16.788596,1.49998010550901,1.49996977380037,2.24997147938862,4.49988080170336,0.999999623770969
"2202",16.79622718,1.49998002944534,1.49996961748848,2.24997035956162,4.49987921295016,0.999999623587635
"2203",16.80385836,1.49997995309091,1.49996946059361,2.24996923626834,4.49987761898183,0.999999623402905
"2204",16.81148954,1.4999798764446,1.49996930311387,2.24996810950296,4.49987601978688,0.999999623216756
"2205",16.81912072,1.49997979950529,1.49996914504652,2.24996697924002,4.49987441533161,0.999999623029196
"2206",16.8267519,1.49997972227187,1.49996898638958,2.24996584547142,4.49987280560199,0.999999622840205
"2207",16.83438308,1.49997964474321,1.49996882714091,2.24996470818674,4.49987119058121,0.999999622649764
"2208",16.84201426,1.49997956691819,1.499968667298,2.24996356736553,4.49986957024127,0.999999622457875
"2209",16.84964544,1.49997948879566,1.49996850685866,2.24996242299631,4.4998679445641,0.999999622264522
"2210",16.85727662,1.4999794103745,1.49996834582052,2.24996127506292,4.49986631352646,0.999999622069697
"2211",16.8649078,1.49997933165356,1.4999681841815,2.24996012355546,4.49986467711222,0.99999962187338
"2212",16.87253898,1.4999792526317,1.49996802193915,2.24995896845715,4.49986303529718,0.999999621675566
"2213",16.88017016,1.49997917330776,1.49996785909125,2.24995780975517,4.49986138806196,0.99999962147624
"2214",16.88780134,1.4999790936806,1.49996769563537,2.24995664743275,4.49985973538243,0.999999621275395
"2215",16.89543252,1.49997901374904,1.4999675315691,2.24995548147404,4.49985807723555,0.999999621073021
"2216",16.9030637,1.49997893351194,1.49996736689028,2.24995431186802,4.49985641360378,0.999999620869101
"2217",16.91069488,1.49997885296811,1.49996720159651,2.24995313859918,4.49985474446443,0.999999620663624
"2218",16.91832606,1.4999787721164,1.49996703568535,2.24995196165143,4.49985306979412,0.999999620456582
"2219",16.92595724,1.49997869095561,1.49996686915461,2.24995078101367,4.49985138957515,0.999999620247956
"2220",16.93358842,1.49997860948458,1.49996670200189,2.24994959667041,4.49984970378484,0.999999620037735
"2221",16.9412196,1.49997852770211,1.49996653422472,2.24994840860524,4.49984801239935,0.999999619825909
"2222",16.94885078,1.49997844560701,1.49996636582073,2.24994721680405,4.49984631539752,0.999999619612467
"2223",16.95648196,1.49997836319809,1.49996619678745,2.24994602125024,4.49984461275524,0.999999619397397
"2224",16.96411314,1.49997828047415,1.49996602712229,2.24994482192446,4.49984290444548,0.999999619180695
"2225",16.97174432,1.49997819743398,1.49996585682355,2.24994361882859,4.499841190465,0.99999961896232
"2226",16.9793755,1.49997811407638,1.49996568588794,2.2499424119273,4.49983947076857,0.999999618742293
"2227",16.98700668,1.49997803040013,1.49996551431358,2.24994120121927,4.49983774534928,0.999999618520578
"2228",16.99463786,1.49997794640402,1.49996534209775,2.24993998668206,4.49983601417648,0.999999618297175
"2229",17.00226904,1.49997786208682,1.49996516923816,2.24993876830495,4.49983427723261,0.999999618072063
"2230",17.00990022,1.4999777774473,1.49996499573222,2.24993754606965,4.49983253449161,0.999999617845234
"2231",17.0175314,1.49997769248424,1.49996482157749,2.24993631996118,4.49983078593116,0.999999617616673
"2232",17.02516258,1.49997760719639,1.49996464677158,2.24993508996712,4.49982903153171,0.999999617386364
"2233",17.03279376,1.49997752158252,1.49996447131169,2.24993385606453,4.49982727126189,0.999999617154305
"2234",17.04042494,1.49997743564137,1.49996429519574,2.24993261824773,4.4998255051098,0.999999616920465
"2235",17.04805612,1.49997734937171,1.49996411842095,2.24993137649483,4.49982373304516,0.999999616684842
"2236",17.0556873,1.49997726277226,1.49996394098476,2.24993013078957,4.4998219550441,0.999999616447424
"2237",17.06331848,1.49997717584178,1.49996376288473,2.24992888111866,4.49982017108599,0.999999616208192
"2238",17.07094966,1.49997708857899,1.49996358411849,2.24992762746979,4.49981838115136,0.999999615967126
"2239",17.07858084,1.49997700098262,1.49996340468319,2.24992636982058,4.49981658520938,0.999999615724223
"2240",17.08621202,1.49997691305141,1.49996322457647,2.24992510815999,4.49981478324184,0.999999615479462
"2241",17.0938432,1.49997682478406,1.49996304379558,2.24992384246722,4.49981297521973,0.999999615232836
"2242",17.10147438,1.49997673617931,1.49996286233802,2.24992257272891,4.49981116112218,0.999999614984326
"2243",17.10910556,1.49997664723584,1.49996268020133,2.24992129893141,4.49980934092816,0.999999614733914
"2244",17.11673674,1.49997655795238,1.49996249738251,2.24992002105008,4.49980751460405,0.999999614481599
"2245",17.12436792,1.49997646832762,1.49996231387949,2.24991873908097,4.49980568213969,0.999999614227346
"2246",17.1319991,1.49997637836026,1.4999621296894,2.24991745300223,4.49980384350459,0.999999613971149
"2247",17.13963028,1.49997628804898,1.49996194480937,2.24991616279178,4.49980199866809,0.999999613713004
"2248",17.14726146,1.49997619739248,1.49996175923707,2.24991486843989,4.49980014761347,0.999999613452884
"2249",17.15489264,1.49997610638943,1.49996157296958,2.24991356992515,4.49979829031053,0.999999613190782
"2250",17.16252382,1.49997601503851,1.4999613860047,2.24991226724071,4.49979642674584,0.999999612926666
"2251",17.170155,1.49997592333839,1.49996119833923,2.24991096035821,4.49979455688146,0.999999612660542
"2252",17.17778618,1.49997583128773,1.49996100997074,2.24990964926674,4.49979268069918,0.999999612392383
"2253",17.18541736,1.4999757388852,1.49996082089671,2.24990833395412,4.49979079817926,0.999999612122167
"2254",17.19304854,1.49997564612945,1.49996063111397,2.24990701439183,4.49978890928366,0.999999611849897
"2255",17.20067972,1.49997555301912,1.49996044062008,2.24990569057031,4.4997870139955,0.999999611575546
"2256",17.2083109,1.49997545955287,1.49996024941237,2.24990436247306,4.49978511229028,0.999999611299097
"2257",17.21594208,1.49997536572933,1.49996005748811,2.2499030300835,4.49978320414324,0.999999611020532
"2258",17.22357326,1.49997527154714,1.49995986484432,2.249901693379,4.49978128952278,0.999999610739845
"2259",17.23120444,1.49997517700493,1.49995967147857,2.24990035235102,4.49977936841312,0.999999610457005
"2260",17.23883562,1.49997508210131,1.49995947738775,2.24989900697334,4.49977744077868,0.999999610172012
"2261",17.2464668,1.49997498683492,1.49995928256935,2.24989765723522,4.49977550660117,0.999999609884836
"2262",17.25409798,1.49997489120436,1.49995908702041,2.24989630311525,4.49977356585036,0.999999609595469
"2263",17.26172916,1.49997479520824,1.4999588907382,2.24989494459746,4.49977161850204,0.999999609303891
"2264",17.26936034,1.49997469884516,1.49995869371994,2.24989358166509,4.49976966453111,0.999999609010083
"2265",17.27699152,1.49997460211372,1.49995849596269,2.24989221429875,4.49976770390941,0.999999608714033
"2266",17.2846227,1.49997450501252,1.49995829746392,2.24989084248662,4.49976573661749,0.999999608415712
"2267",17.29225388,1.49997440754013,1.49995809822049,2.24988946620498,4.49976376262222,0.999999608115114
"2268",17.29988506,1.49997430969515,1.49995789822947,2.24988808543327,4.49976178189424,0.999999607812227
"2269",17.30751624,1.49997421147614,1.49995769748829,2.24988670016145,4.49975979441582,0.999999607507017
"2270",17.31514742,1.49997411288168,1.49995749599366,2.24988531036179,4.49975780014938,0.999999607199487
"2271",17.3227786,1.49997401391033,1.49995729374331,2.24988391603056,4.4997557990843,0.999999606889591
"2272",17.33040978,1.49997391456065,1.4999570907339,2.24988251713972,4.49975379118263,0.999999606577331
"2273",17.33804096,1.49997381483119,1.49995688696246,2.24988111366883,4.49975177641495,0.999999606262691
"2274",17.34567214,1.49997371472051,1.4999566824264,2.2498797056081,4.49974975476373,0.999999605945639
"2275",17.35330332,1.49997361422714,1.49995647712264,2.24987829293633,4.49974772619849,0.999999605626162
"2276",17.3609345,1.49997351334963,1.49995627104805,2.24987687562926,4.49974569068562,0.99999960530425
"2277",17.36856568,1.4999734120865,1.4999560641999,2.24987545367557,4.49974364820561,0.999999604979874
"2278",17.37619686,1.49997331043628,1.49995585657513,2.24987402705295,4.49974159872697,0.999999604653021
"2279",17.38382804,1.4999732083975,1.49995564817083,2.24987259574546,4.49973954222504,0.999999604323666
"2280",17.39145922,1.49997310596865,1.49995543898399,2.24987115973382,4.49973747867147,0.999999603991793
"2281",17.3990904,1.49997300314827,1.49995522901154,2.24986971899718,4.49973540803623,0.999999603657386
"2282",17.40672158,1.49997289993484,1.49995501825059,2.24986827352016,4.49973333029529,0.999999603320418
"2283",17.41435276,1.49997279632687,1.49995480669797,2.24986682328013,4.49973124541649,0.999999602980878
"2284",17.42198394,1.49997269232285,1.49995459435069,2.2498653682595,4.49972915337325,0.999999602638743
"2285",17.42961512,1.49997258792126,1.49995438120568,2.2498639084385,4.49972705413662,0.999999602293995
"2286",17.4372463,1.49997248312059,1.49995416726007,2.24986244380187,4.49972494768271,0.999999601946606
"2287",17.44487748,1.4999723779193,1.49995395251058,2.2498609743272,4.49972283397931,0.999999601596563
"2288",17.45250866,1.49997227231588,1.4999537369543,2.24985949999719,4.49972071300037,0.99999960124384
"2289",17.46013984,1.49997216630877,1.49995352058801,2.24985802079133,4.49971858471571,0.999999600888421
"2290",17.46777102,1.49997205989644,1.49995330340851,2.24985653668704,4.49971644909315,0.99999960053029
"2291",17.4754022,1.49997195307734,1.49995308541277,2.24985504766697,4.49971430610625,0.999999600169422
"2292",17.48303338,1.49997184584992,1.49995286659792,2.24985355371809,4.49971215573341,0.999999599805785
"2293",17.49066456,1.49997173821261,1.49995264696031,2.24985205480856,4.49970999793179,0.99999959943938
"2294",17.49829574,1.49997163016384,1.49995242649727,2.24985055093031,4.49970783268536,0.999999599070164
"2295",17.50592692,1.49997152170205,1.49995220520511,2.24984904205138,4.49970565995106,0.999999598698137
"2296",17.5135581,1.49997141282566,1.49995198308139,2.24984752816844,4.49970347971825,0.999999598323249
"2297",17.52118928,1.49997130353307,1.49995176012229,2.24984600924729,4.49970129194124,0.999999597945503
"2298",17.52882046,1.49997119382271,1.49995153632476,2.2498444852712,4.4996990965942,0.999999597564871
"2299",17.53645164,1.49997108369296,1.4999513116858,2.24984295622596,4.49969689365391,0.999999597181321
"2300",17.54408282,1.49997097314224,1.49995108620179,2.24984142208126,4.49969468307918,0.999999596794848
"2301",17.551714,1.49997086216893,1.49995085986997,2.24983988282846,4.49969246485312,0.999999596405409
"2302",17.55934518,1.49997075077141,1.49995063268672,2.2498383384388,4.4996902389361,0.999999596012996
"2303",17.56697636,1.49997063894807,1.49995040464867,2.24983678888944,4.49968800529514,0.999999595617592
"2304",17.57460754,1.49997052669728,1.49995017575309,2.24983523417185,4.49968576391356,0.999999595219151
"2305",17.58223872,1.49997041401739,1.49994994599634,2.24983367425809,4.49968351475251,0.999999594817664
"2306",17.5898699,1.49997030090678,1.49994971537486,2.24983210912136,4.4996812577745,0.999999594413117
"2307",17.59750108,1.4999701873638,1.49994948388596,2.24983053875492,4.49967899296466,0.999999594005464
"2308",17.60513226,1.49997007338679,1.49994925152567,2.24982896312442,4.49967672027682,0.999999593594703
"2309",17.61276344,1.49996995897409,1.4999490182911,2.24982738221809,4.49967443969054,0.999999593180795
"2310",17.62039462,1.49996984412405,1.49994878417869,2.24982579601021,4.49967215116935,0.999999592763724
"2311",17.6280258,1.49996972883498,1.49994854918519,2.24982420448297,4.49966985468574,0.99999959234346
"2312",17.63565698,1.49996961310521,1.49994831330703,2.24982260761047,4.49966755020306,0.999999591919987
"2313",17.64328816,1.49996949693305,1.49994807654105,2.24982100537707,4.49966523769627,0.99999959149327
"2314",17.65091934,1.49996938031682,1.49994783888374,2.24981939775908,4.49966291713107,0.99999959106329
"2315",17.65855052,1.49996926325482,1.49994760033152,2.24981778473106,4.49966058847135,0.999999590630027
"2316",17.6661817,1.49996914574534,1.49994736088127,2.24981616627874,4.49965825169343,0.999999590193443
"2317",17.67381288,1.49996902778667,1.49994712052929,2.24981454237495,4.49965590675906,0.999999589753524
"2318",17.68144406,1.4999689093771,1.49994687927227,2.24981291300126,4.49965355363987,0.999999589310238
"2319",17.68907524,1.4999687905149,1.49994663710661,2.24981127813275,4.49965119230017,0.999999588863564
"2320",17.69670642,1.49996867119834,1.49994639402886,2.24980963774903,4.49964882270922,0.999999588413475
"2321",17.7043376,1.49996855142569,1.49994615003585,2.24980799183464,4.49964644484201,0.999999587959931
"2322",17.71196878,1.4999684311952,1.49994590512342,2.24980634035404,4.49964405865055,0.999999587502933
"2323",17.71959996,1.49996831050512,1.49994565928859,2.24980468329651,4.4996416641152,0.999999587042431
"2324",17.72723114,1.49996818935369,1.49994541252762,2.24980302063568,4.49963926119834,0.999999586578407
"2325",17.73486232,1.49996806773916,1.4999451648369,2.24980135234806,4.49963684986566,0.999999586110836
"2326",17.7424935,1.49996794565975,1.49994491621276,2.24979967840904,4.49963443008155,0.999999585639694
"2327",17.75012468,1.49996782311369,1.49994466665209,2.24979799880616,4.49963200182422,0.999999585164937
"2328",17.75775586,1.49996770009919,1.4999444161509,2.24979631350876,4.49962956505104,0.999999584686551
"2329",17.76538704,1.49996757661446,1.49994416470559,2.24979462249346,4.4996271197278,0.99999958420451
"2330",17.77301822,1.4999674526577,1.49994391231265,2.24979292574094,4.49962466582472,0.99999958371878
"2331",17.7806494,1.49996732822711,1.49994365896848,2.24979122322883,4.4996222033086,0.999999583229331
"2332",17.78828058,1.49996720332088,1.49994340466931,2.24978951493143,4.49961973214239,0.99999958273614
"2333",17.79591176,1.4999670779372,1.49994314941158,2.24978780082802,4.49961725229475,0.999999582239174
"2334",17.80354294,1.49996695207422,1.49994289319149,2.24978608089248,4.49961476372812,0.999999581738409
"2335",17.81117412,1.49996682573013,1.49994263600554,2.24978435510672,4.49961226641397,0.999999581233808
"2336",17.8188053,1.49996669890309,1.49994237784963,2.24978262343844,4.49960976030765,0.999999580725358
"2337",17.82643648,1.49996657159124,1.49994211872051,2.24978088587404,4.49960724538582,0.99999958021301
"2338",17.83406766,1.49996644379274,1.49994185861429,2.24977914238705,4.49960472161033,0.99999957969674
"2339",17.84169884,1.49996631550573,1.49994159752704,2.24977739295091,4.49960218894289,0.999999579176525
"2340",17.84933002,1.49996618672833,1.4999413354552,2.24977563754465,4.49959964735179,0.999999578652328
"2341",17.8569612,1.49996605745868,1.49994107239491,2.24977387614374,4.49959709680092,0.99999957812412
"2342",17.86459238,1.49996592769489,1.49994080834247,2.24977210872606,4.49959453725711,0.999999577591869
"2343",17.87222356,1.49996579743507,1.49994054329383,2.24977033526259,4.49959196867918,0.999999577055551
"2344",17.87985474,1.49996566667734,1.49994027724542,2.24976855573481,4.49958939103787,0.999999576515126
"2345",17.88748592,1.49996553541977,1.49994001019346,2.2497667701196,4.49958680429875,0.99999957597056
"2346",17.8951171,1.49996540366048,1.49993974213373,2.24976497838504,4.49958420841724,0.999999575421836
"2347",17.90274828,1.49996527139753,1.4999394730626,2.24976318051158,4.49958160336289,0.999999574868913
"2348",17.91037946,1.499965138629,1.49993920297623,2.2497613764757,4.49957898910067,0.999999574311757
"2349",17.91801064,1.49996500535296,1.49993893187052,2.24975956624875,4.49957636558963,0.999999573750344
"2350",17.92564182,1.49996487156746,1.49993865974179,2.2497577498109,4.4995737327989,0.999999573184631
"2351",17.933273,1.49996473727058,1.49993838658615,2.2497559271385,4.49957109069316,0.999999572614584
"2352",17.94090418,1.49996460246034,1.49993811239931,2.24975409819902,4.49956843922703,0.999999572040184
"2353",17.94853536,1.49996446713478,1.49993783717776,2.24975226297659,4.49956577837408,0.99999957146138
"2354",17.95616654,1.49996433129194,1.4999375609171,2.24975042143787,4.49956310808781,0.999999570878155
"2355",17.96379772,1.49996419492984,1.49993728361364,2.24974857356382,4.49956042833809,0.999999570290463
"2356",17.9714289,1.49996405804649,1.4999370052634,2.24974671932979,4.49955773908834,0.999999569698269
"2357",17.97906008,1.49996392063991,1.49993672586186,2.24974485869934,4.49955504028853,0.999999569101559
"2358",17.98669126,1.49996378270809,1.49993644540572,2.24974299166294,4.49955233191927,0.999999568500269
"2359",17.99432244,1.49996364424902,1.49993616389048,2.24974111818558,4.49954961393206,0.999999567894381
"2360",18.00195362,1.49996350526069,1.49993588131219,2.24973923824392,4.49954688629169,0.999999567283856
"2361",18.0095848,1.49996336574108,1.49993559766663,2.24973735180948,4.49954414895702,0.999999566668664
"2362",18.01721598,1.49996322568815,1.49993531294983,2.249735458859,4.49954140189291,0.999999566048763
"2363",18.02484716,1.49996308509987,1.49993502715786,2.24973355937035,4.49953864506539,0.99999956542411
"2364",18.03247834,1.49996294397419,1.49993474028623,2.24973165330958,4.49953587842711,0.999999564794685
"2365",18.04010952,1.49996280230906,1.49993445233091,2.24972974065324,4.49953310194247,0.999999564160445
"2366",18.0477407,1.49996266010241,1.499934163288,2.24972782138048,4.49953031557894,0.999999563521344
"2367",18.05537188,1.49996251735218,1.499933873153,2.24972589545783,4.49952751928959,0.999999562877356
"2368",18.06300306,1.49996237405629,1.49993358192182,2.24972396286159,4.49952471303842,0.999999562228441
"2369",18.07063424,1.49996223021265,1.49993328959024,2.24972202356496,4.49952189678597,0.999999561574559
"2370",18.07826542,1.49996208581917,1.49993299615426,2.24972007754522,4.4995190704975,0.999999560915667
"2371",18.0858966,1.49996194087374,1.4999327016092,2.24971812476699,4.49951623412368,0.999999560251741
"2372",18.09352778,1.49996179537426,1.49993240595109,2.24971616520937,4.49951338763161,0.999999559582732
"2373",18.10115896,1.49996164931862,1.49993210917553,2.24971419884213,4.49951053097788,0.999999558908606
"2374",18.10879014,1.49996150270467,1.49993181127838,2.24971222564171,4.49950766412655,0.999999558229319
"2375",18.11642132,1.4999613555303,1.49993151225548,2.2497102455839,4.4995047870409,0.999999557544824
"2376",18.1240525,1.49996120779336,1.49993121210203,2.24970825863151,4.49950189966936,0.9999995568551
"2377",18.13168368,1.49996105949169,1.49993091081405,2.24970626476516,4.49949900198062,0.999999556160093
"2378",18.13931486,1.49996091062314,1.49993060838703,2.24970426395311,4.49949609392941,0.999999555459768
"2379",18.14694604,1.49996076118555,1.49993030481666,2.24970225616884,4.49949317547625,0.999999554754085
"2380",18.15457722,1.49996061117673,1.49993000009855,2.24970024138579,4.49949024658142,0.999999554042998
"2381",18.1622084,1.49996046059451,1.49992969422838,2.24969821957728,4.49948730720531,0.999999553326465
"2382",18.16983958,1.49996030943669,1.49992938720151,2.24969619071056,4.49948435730126,0.999999552604453
"2383",18.17747076,1.49996015770108,1.49992907901358,2.24969415475938,4.49948139682991,0.999999551876916
"2384",18.18510194,1.49996000538546,1.49992876966018,2.24969211169693,4.49947842575124,0.999999551143809
"2385",18.19273312,1.49995985248762,1.49992845913685,2.24969006149481,4.49947544402344,0.999999550405089
"2386",18.2003643,1.49995969900533,1.4999281474388,2.24968800411828,4.49947245159748,0.999999549660727
"2387",18.20799548,1.49995954493636,1.49992783456198,2.24968593954856,4.49946944844236,0.999999548910659
"2388",18.21562666,1.49995939027847,1.49992752050179,2.24968386775568,4.49946643451434,0.999999548154844
"2389",18.22325784,1.4999592350294,1.49992720525349,2.24968178870609,4.49946340976563,0.999999547393247
"2390",18.23088902,1.4999590791869,1.49992688881245,2.2496797023699,4.49946037415249,0.999999546625827
"2391",18.2385202,1.4999589227487,1.4999265711743,2.2496776087231,4.49945732763779,0.999999545852528
"2392",18.24615138,1.49995876571252,1.4999262523344,2.2496755077351,4.49945427017702,0.999999545073309
"2393",18.25378256,1.49995860807607,1.49992593228819,2.24967339937721,4.49945120172781,0.999999544288122
"2394",18.26141374,1.49995844983707,1.49992561103067,2.24967128361317,4.49944812223889,0.999999543496936
"2395",18.26904492,1.49995829099321,1.49992528855766,2.2496691604234,4.49944503167818,0.999999542699685
"2396",18.2766761,1.49995813154217,1.4999249648642,2.2496670297716,4.49944192999448,0.999999541896336
"2397",18.28430728,1.49995797148164,1.49992463994564,2.24966489162904,4.49943881714508,0.99999954108684
"2398",18.29193846,1.49995781080928,1.49992431379749,2.24966274597075,4.49943569309161,0.99999954027114
"2399",18.29956964,1.49995764952276,1.49992398641473,2.24966059276032,4.49943255778258,0.999999539449202
"2400",18.30720082,1.49995748761974,1.49992365779271,2.24965843196969,4.49942941117594,0.999999538620974
"2401",18.314832,1.49995732509785,1.49992332792698,2.2496562635749,4.49942625323444,0.999999537786394
"2402",18.32246318,1.49995716195473,1.49992299681221,2.24965408753404,4.49942308390017,0.999999536945438
"2403",18.33009436,1.499956998188,1.49992266444387,2.24965190382214,4.49941990313454,0.999999536098045
"2404",18.33772554,1.49995683379528,1.49992233081732,2.24964971241313,4.49941671089761,0.999999535244157
"2405",18.34535672,1.49995666877419,1.49992199592739,2.24964751326825,4.49941350713506,0.999999534383741
"2406",18.3529879,1.49995650312231,1.49992165976954,2.24964530636365,4.49941029180946,0.999999533516732
"2407",18.36061908,1.49995633683724,1.49992132233854,2.24964309166089,4.49940706486668,0.999999532643095
"2408",18.36825026,1.49995616991655,1.49992098362997,2.24964086913892,4.4994038262724,0.999999531762759
"2409",18.37588144,1.49995600235782,1.4999206436385,2.24963863875727,4.49940057597018,0.999999530875691
"2410",18.38351262,1.49995583415861,1.49992030235948,2.24963640049086,4.49939731392102,0.999999529981827
"2411",18.3911438,1.49995566531648,1.49991995978774,2.24963415430313,4.49939404007278,0.999999529081126
"2412",18.39877498,1.49995549582895,1.4999196159184,2.24963190016484,4.49939075438165,0.999999528173529
"2413",18.40640616,1.49995532569357,1.49991927074655,2.24962963804544,4.4993874568023,0.999999527258982
"2414",18.41403734,1.49995515490786,1.49991892426713,2.24962736791211,4.49938414728678,0.999999526337434
"2415",18.42166852,1.49995498346934,1.49991857647504,2.24962508973158,4.49938082578649,0.999999525408833
"2416",18.4292997,1.49995481137551,1.49991822736535,2.24962280347299,4.49937749225579,0.999999524473123
"2417",18.43693088,1.49995463862386,1.49991787693302,2.24962050910577,4.49937414664902,0.999999523530246
"2418",18.44456206,1.49995446521189,1.49991752517285,2.24961820659484,4.49937078891549,0.999999522580153
"2419",18.45219324,1.49995429113706,1.49991717207965,2.24961589590566,4.49936741900507,0.999999521622792
"2420",18.45982442,1.49995411639684,1.49991681764864,2.24961357701308,4.49936403687831,0.999999520658092
"2421",18.4674556,1.4999539409887,1.49991646187432,2.24961124987633,4.4993606424779,0.999999519686015
"2422",18.47508678,1.49995376491008,1.49991610475167,2.249608914466,4.49935723575941,0.999999518706495
"2423",18.48271796,1.49995358815841,1.49991574627551,2.24960657074878,4.49935381667401,0.999999517719476
"2424",18.49034914,1.49995341073113,1.49991538644078,2.24960421869485,4.49935038517664,0.999999516724895
"2425",18.49798032,1.49995323262564,1.49991502524196,2.24960185826418,4.49934694121077,0.999999515722707
"2426",18.5056115,1.49995305383937,1.49991466267396,2.24959948942689,4.49934348473124,0.999999514712846
"2427",18.51324268,1.4999528743697,1.49991429873176,2.24959711215429,4.49934001569428,0.999999513695244
"2428",18.52087386,1.49995269421403,1.49991393340954,2.24959472640163,4.49933653403771,0.999999512669864
"2429",18.52850504,1.49995251336974,1.4999135667025,2.24959233214557,4.49933303972378,0.999999511636625
"2430",18.53613622,1.49995233183418,1.49991319860504,2.24958992934597,4.49932953269556,0.999999510595479
"2431",18.5437674,1.49995214960473,1.49991282911178,2.24958751796881,4.4993260129029,0.999999509546365
"2432",18.55139858,1.49995196667872,1.49991245821765,2.24958509798496,4.49932248030147,0.999999508489212
"2433",18.55902976,1.4999517830535,1.49991208591692,2.24958266935359,4.49931893483324,0.999999507423972
"2434",18.56666094,1.49995159872639,1.49991171220435,2.24958023204393,4.49931537645173,0.999999506350574
"2435",18.57429212,1.49995141369472,1.4999113370745,2.24957778601966,4.49931180510427,0.999999505268961
"2436",18.5819233,1.49995122795578,1.49991096052201,2.24957533124932,4.49930822074338,0.99999950417906
"2437",18.58955448,1.49995104150688,1.49991058254116,2.24957286769209,4.49930462331106,0.999999503080823
"2438",18.59718566,1.4999508543453,1.49991020312676,2.24957039531873,4.49930101276248,0.999999501974171
"2439",18.60481684,1.49995066646831,1.49990982227309,2.24956791409045,4.49929738904175,0.999999500859049
"2440",18.61244802,1.49995047787319,1.49990943997464,2.24956542397182,4.49929375209685,0.999999499735392
"2441",18.6200792,1.49995028855719,1.49990905622606,2.2495629249321,4.49929010188106,0.999999498603123
"2442",18.62771038,1.49995009851756,1.49990867102143,2.24956041692797,4.49928643833324,0.999999497462194
"2443",18.63534156,1.49994990775152,1.49990828435553,2.24955789993198,4.49928276141033,0.999999496312519
"2444",18.64297274,1.4999497162563,1.49990789622241,2.24955537390054,4.49927907105088,0.999999495154049
"2445",18.65060392,1.49994952402912,1.49990750661642,2.24955283879792,4.49927536720222,0.999999493986715
"2446",18.6582351,1.49994933106718,1.49990711553223,2.24955029459471,4.49927164981893,0.999999492810434
"2447",18.66586628,1.49994913736767,1.49990672296388,2.24954774124882,4.49926791884106,0.999999491625151
"2448",18.67349746,1.49994894292777,1.49990632890562,2.24954517872281,4.49926417421394,0.999999490430797
"2449",18.68112864,1.49994874774465,1.49990593335211,2.24954260698769,4.49926041589256,0.999999489227288
"2450",18.68875982,1.49994855181547,1.49990553629713,2.24954002599761,4.4992566438124,0.999999488014571
"2451",18.696391,1.49994835513738,1.49990513773508,2.24953743571892,4.499252857923,0.99999948679257
"2452",18.70402218,1.49994815770751,1.4999047376604,2.2495348361186,4.4992490581747,0.999999485561205
"2453",18.71165336,1.499947959523,1.49990433606691,2.24953222715284,4.49924524450515,0.999999484320417
"2454",18.71928454,1.49994776058097,1.49990393294891,2.24952960878688,4.4992414168625,0.999999483070129
"2455",18.72691572,1.4999475608785,1.49990352830053,2.24952698098283,4.49923757519122,0.999999481810268
"2456",18.7345469,1.49994736041271,1.499903122116,2.2495243437049,4.49923371943824,0.999999480540757
"2457",18.74217808,1.49994715918066,1.49990271438916,2.24952169691046,4.49922984954242,0.999999479261532
"2458",18.74980926,1.49994695717944,1.49990230511438,2.24951904056817,4.49922596545561,0.999999477972504
"2459",18.75744044,1.4999467544061,1.49990189428545,2.24951637463355,4.49922206711465,0.999999476673612
"2460",18.76507162,1.4999465508577,1.49990148189652,2.2495136990717,4.49921815446708,0.999999475364773
"2461",18.7727028,1.49994634653126,1.49990106794165,2.2495110138448,4.4992142274573,0.999999474045908
"2462",18.78033398,1.49994614142383,1.4999006524146,2.24950831890992,4.49921028602366,0.99999947271695
"2463",18.78796516,1.4999459355324,1.49990023530955,2.2495056142329,4.49920633011454,0.999999471377811
"2464",18.79559634,1.49994572885399,1.49989981662012,2.24950289976842,4.49920235966548,0.999999470028428
"2465",18.80322752,1.49994552138559,1.4998993963405,2.24950017548323,4.49919837462583,0.999999468668709
"2466",18.8108587,1.49994531312417,1.49989897446462,2.24949744133887,4.4991943749389,0.999999467298572
"2467",18.81848988,1.49994510406672,1.49989855098601,2.24949469728878,4.49919036053873,0.999999465917954
"2468",18.82612106,1.49994489421018,1.49989812589885,2.24949194330128,4.49918633137615,0.999999464526756
"2469",18.83375224,1.4999446835515,1.49989769919692,2.24948917933501,4.49918228739121,0.999999463124902
"2470",18.84138342,1.49994447208762,1.49989727087373,2.249486405345,4.49917822851947,0.99999946171232
"2471",18.8490146,1.49994425981546,1.49989684092311,2.24948362129213,4.49917415470325,0.999999460288925
"2472",18.85664578,1.49994404673193,1.49989640933913,2.24948082714305,4.49917006589146,0.999999458854621
"2473",18.86427696,1.49994383283393,1.49989597611505,2.24947802284786,4.49916596201396,0.999999457409343
"2474",18.87190814,1.49994361811834,1.49989554124481,2.2494752083715,4.49916184301757,0.999999455952996
"2475",18.87953932,1.49994340258205,1.49989510472208,2.24947238367253,4.49915770884178,0.999999454485496
"2476",18.8871705,1.49994318622191,1.49989466654035,2.24946954870751,4.49915355942371,0.999999453006763
"2477",18.89480168,1.49994296903478,1.49989422669346,2.24946670343985,4.49914939470823,0.999999451516701
"2478",18.90243286,1.49994275101749,1.49989378517482,2.24946384782416,4.49914521463021,0.999999450015233
"2479",18.91006404,1.49994253216688,1.49989334197809,2.24946098182147,4.49914101913168,0.999999448502265
"2480",18.91769522,1.49994231247976,1.4998928970968,2.24945810538916,4.49913680815059,0.999999446977711
"2481",18.9253264,1.49994209195293,1.49989245052453,2.24945521848753,4.499132581628,0.999999445441479
"2482",18.93295758,1.49994187058319,1.49989200225443,2.24945232106677,4.49912833949358,0.999999443893495
"2483",18.94058876,1.4999416483673,1.49989155228048,2.24944941309616,4.49912408169849,0.999999442333645
"2484",18.94821994,1.49994142530205,1.49989110059577,2.24944649452568,4.49911980817208,0.999999440761855
"2485",18.95585112,1.49994120138417,1.49989064719377,2.24944356531393,4.49911551885327,0.99999943917803
"2486",18.9634823,1.49994097661042,1.49989019206784,2.24944062541766,4.49911121367897,0.99999943758208
"2487",18.97111348,1.49994075097752,1.49988973521152,2.24943767479782,4.4991068925907,0.999999435973904
"2488",18.97874466,1.4999405244822,1.49988927661795,2.24943471340761,4.49910255552114,0.999999434353416
"2489",18.98637584,1.49994029712114,1.49988881628061,2.24943174120638,4.49909820241003,0.999999432720516
"2490",18.99400702,1.49994006889105,1.49988835419262,2.24942875814773,4.49909383319036,0.999999431075115
"2491",19.0016382,1.49993983978861,1.49988789034741,2.24942576419249,4.49908944780329,0.99999942941711
"2492",19.00926938,1.49993960981047,1.49988742473809,2.24942275929274,4.4990850461802,0.999999427746411
"2493",19.01690056,1.4999393789533,1.4998869573579,2.24941974340631,4.49908062825865,0.999999426062918
"2494",19.02453174,1.49993914721373,1.49988648819994,2.24941671648728,4.49907619397202,0.999999424366537
"2495",19.03216292,1.49993891458839,1.49988601725755,2.2494136784952,4.49907174325991,0.999999422657161
"2496",19.0397941,1.4999386810739,1.49988554452381,2.24941062938461,4.4990672760561,0.999999420934693
"2497",19.04742528,1.49993844666686,1.49988506999167,2.24940756910755,4.49906279229146,0.999999419199038
"2498",19.05505646,1.49993821136385,1.49988459365446,2.24940449762429,4.49905829190629,0.999999417450086
"2499",19.06268764,1.49993797516146,1.49988411550487,2.24940141488284,4.49905377482666,0.99999941568775
"2500",19.07031882,1.49993773805625,1.49988363553623,2.24939832084458,4.49904924099396,0.999999413911913
"2501",19.07795,1.49993750004476,1.49988315374146,2.24939521546204,4.49904469033946,0.999999412122475
"2502",19.08558118,1.49993726112354,1.49988267011342,2.24939209868783,4.49904012279438,0.999999410319337
"2503",19.09321236,1.4999370212891,1.49988218464511,2.24938897047686,4.49903553829264,0.999999408502392
"2504",19.10084354,1.49993678053796,1.49988169732947,2.24938583078477,4.49903093676871,0.999999406671532
"2505",19.10847472,1.49993653886661,1.49988120815937,2.24938267956421,4.49902631815383,0.999999404826652
"2506",19.1161059,1.49993629627153,1.49988071712772,2.24937951677049,4.49902168238204,0.99999940296764
"2507",19.12373708,1.49993605274921,1.49988022422727,2.2493763423551,4.49901702938314,0.999999401094394
"2508",19.13136826,1.49993580829608,1.49987972945087,2.24937315627283,4.49901235909045,0.999999399206801
"2509",19.13899944,1.49993556290861,1.49987923279133,2.24936995847713,4.49900767143583,0.999999397304751
"2510",19.14663062,1.4999353165832,1.49987873424123,2.24936674891739,4.49900296634645,0.999999395388139
"2511",19.1542618,1.49993506931629,1.49987823379345,2.24936352755026,4.49899824375763,0.999999393456847
"2512",19.16189298,1.49993482110427,1.49987773144051,2.24936029432426,4.4989935035954,0.99999939151077
"2513",19.16952416,1.49993457194353,1.49987722717535,2.24935704919778,4.49898874579699,0.999999389549782
"2514",19.17715534,1.49993432183045,1.49987672099028,2.24935379211601,4.49898397028456,0.999999387573785
"2515",19.18478652,1.49993407076138,1.49987621287824,2.2493505230381,4.49897917699607,0.999999385582646
"2516",19.1924177,1.49993381873268,1.49987570283153,2.24934724190991,4.49897436585428,0.999999383576263
"2517",19.20004888,1.49993356574067,1.49987519084269,2.24934394868348,4.49896953678888,0.999999381554518
"2518",19.20768006,1.49993331178167,1.4998746769045,2.24934064331462,4.498964689734,0.999999379517284
"2519",19.21531124,1.49993305685199,1.49987416100929,2.2493373257516,4.49895982461492,0.999999377464448
"2520",19.22294242,1.49993280094792,1.49987364314936,2.24933399594242,4.49895494135655,0.999999375395898
"2521",19.2305736,1.49993254406574,1.49987312331735,2.24933065384244,4.49895003989219,0.999999373311502
"2522",19.23820478,1.4999322862017,1.49987260150564,2.24932729940047,4.49894512014777,0.999999371211143
"2523",19.24583596,1.49993202735206,1.49987207770651,2.24932393256603,4.49894018204968,0.999999369094701
"2524",19.25346714,1.49993176751305,1.49987155191243,2.24932055329165,4.49893522552786,0.999999366962047
"2525",19.26109832,1.49993150668089,1.49987102411554,2.24931716152387,4.49893025050528,0.999999364813065
"2526",19.2687295,1.49993124485178,1.49987049430828,2.24931375721535,4.49892525691191,0.999999362647622
"2527",19.27636068,1.49993098202191,1.49986996248291,2.24931034031597,4.49892024467446,0.999999360465591
"2528",19.28399186,1.49993071818746,1.49986942863149,2.24930691077164,4.498915213715,0.999999358266855
"2529",19.29162304,1.49993045334459,1.49986889274618,2.24930346853088,4.49891016395852,0.999999356051285
"2530",19.29925422,1.49993018748945,1.49986835481943,2.2493000135487,4.49890509533744,0.999999353818738
"2531",19.3068854,1.49992992061817,1.49986781484316,2.24929654576922,4.4989000077716,0.999999351569096
"2532",19.31451658,1.49992965272685,1.49986727280952,2.24929306514217,4.49889490118725,0.999999349302223
"2533",19.32214776,1.49992938381162,1.49986672871058,2.24928957161503,4.49888977550799,0.999999347017991
"2534",19.32977894,1.49992911386855,1.49986618253825,2.24928606513442,4.4988846306563,0.999999344716269
"2535",19.33741012,1.49992884289371,1.49986563428471,2.24928254565102,4.49887946655931,0.999999342396916
"2536",19.3450413,1.49992857088317,1.49986508394175,2.24927901310869,4.49887428313628,0.999999340059807
"2537",19.35267248,1.49992829783297,1.4998645315016,2.24927546746015,4.49886908031665,0.999999337704792
"2538",19.36030366,1.49992802373912,1.49986397695603,2.24927190865072,4.49886385802109,0.99999933533174
"2539",19.36793484,1.49992774859765,1.49986342029691,2.24926833662639,4.49885861617114,0.999999332940513
"2540",19.37556602,1.49992747240455,1.49986286151597,2.24926475133165,4.49885335468653,0.999999330530978
"2541",19.3831972,1.4999271951558,1.49986230060522,2.24926115271679,4.49884807349359,0.999999328102986
"2542",19.39082838,1.49992691684737,1.49986173755636,2.24925754072634,4.49884277251193,0.999999325656399
"2543",19.39845956,1.49992663747521,1.49986117236118,2.2492539153069,4.49883745166355,0.999999323191074
"2544",19.40609074,1.49992635703525,1.4998606050113,2.24925027640292,4.49883211086779,0.999999320706871
"2545",19.41372192,1.49992607552342,1.49986003549859,2.24924662396267,4.4988267500485,0.999999318203638
"2546",19.4213531,1.49992579293561,1.49985946381447,2.24924295792747,4.49882136912129,0.999999315681239
"2547",19.42898428,1.49992550926771,1.49985888995096,2.24923927825022,4.49881596801514,0.99999931313951
"2548",19.43661546,1.49992522451561,1.49985831389911,2.24923558486507,4.49881054663736,0.999999310578328
"2549",19.44424664,1.49992493867515,1.49985773565093,2.24923187772505,4.49880510491699,0.999999307997523
"2550",19.45187782,1.49992465174217,1.49985715519764,2.24922815676941,4.49879964276698,0.999999305396959
"2551",19.459509,1.49992436371251,1.49985657253101,2.24922442194736,4.49879416011183,0.999999302776471
"2552",19.46714018,1.49992407458197,1.49985598764229,2.24922067319874,4.49878865686518,0.999999300135918
"2553",19.47477136,1.49992378434634,1.49985540052294,2.24921691046855,4.49878313294637,0.999999297475142
"2554",19.48240254,1.4999234930014,1.49985481116451,2.24921313370221,4.49877758827553,0.999999294793985
"2555",19.49003372,1.49992320054291,1.49985421955818,2.24920934284051,4.49877202276698,0.999999292092295
"2556",19.4976649,1.49992290696661,1.49985362569552,2.24920553783138,4.49876643634338,0.999999289369905
"2557",19.50529608,1.49992261226824,1.49985302956746,2.24920171860955,4.49876082891223,0.999999286626675
"2558",19.51292726,1.49992231644351,1.49985243116527,2.24919788511887,4.49875520039123,0.999999283862442
"2559",19.52055844,1.49992201948811,1.49985183048071,2.24919403731125,4.4987495507076,0.999999281077022
"2560",19.52818962,1.49992172139773,1.4998512275045,2.24919017512011,4.49874387976688,0.999999278270275
"2561",19.5358208,1.49992142216802,1.49985062222786,2.2491862984886,4.49873818748591,0.999999275442034
"2562",19.54345198,1.49992112179463,1.49985001464203,2.24918240736019,4.49873247378187,0.999999272592129
"2563",19.55108316,1.49992082027319,1.49984940473785,2.24917850167219,4.49872673856467,0.999999269720405
"2564",19.55871434,1.49992051759931,1.49984879250684,2.24917458137433,4.49872098175856,0.999999266826674
"2565",19.56634552,1.4999202137686,1.49984817793965,2.24917064640039,4.49871520326929,0.999999263910784
"2566",19.5739767,1.49991990877662,1.49984756102732,2.24916669669217,4.49870940301177,0.999999260972563
"2567",19.58160788,1.49991960261895,1.49984694176089,2.24916273219205,4.49870358090154,0.999999258011835
"2568",19.58923906,1.49991929529112,1.499846320131,2.24915875283431,4.4986977368448,0.999999255028442
"2569",19.59687024,1.49991898678867,1.49984569612907,2.2491547585701,4.49869187076698,0.999999252022183
"2570",19.60450142,1.49991867710711,1.4998450697454,2.24915074932843,4.49868598256802,0.999999248992909
"2571",19.6121326,1.49991836624193,1.49984444097077,2.24914672504777,4.49868007215868,0.999999245940445
"2572",19.61976378,1.49991805418861,1.4998438097966,2.2491426856805,4.49867413946569,0.999999242864583
"2573",19.62739496,1.49991774094261,1.4998431762131,2.24913863115467,4.49866818438766,0.999999239765169
"2574",19.63502614,1.49991742649937,1.49984254021109,2.24913456141197,4.49866220683883,0.999999236642015
"2575",19.64265732,1.49991711085432,1.49984190178118,2.2491304763896,4.49865620672819,0.999999233494943
"2576",19.6502885,1.49991679400286,1.49984126091398,2.2491263760245,4.49865018396452,0.999999230323772
"2577",19.65791968,1.49991647594039,1.49984061760017,2.24912226025786,4.49864413846112,0.99999922712831
"2578",19.66555086,1.49991615666227,1.49983997183023,2.24911812902464,4.49863807012434,0.999999223908376
"2579",19.67318204,1.49991583616387,1.49983932359494,2.24911398226812,4.49863197886986,0.99999922066377
"2580",19.68081322,1.49991551444052,1.4998386728844,2.24910981991762,4.49862586459727,0.99999921739432
"2581",19.6884444,1.49991519148753,1.49983801968919,2.249105641913,4.49861972721821,0.99999921409983
"2582",19.69607558,1.49991486730021,1.49983736399981,2.24910144819239,4.49861356664229,0.999999210780104
"2583",19.70370676,1.49991454187385,1.49983670580645,2.24909723868886,4.49860738277321,0.999999207434956
"2584",19.71133794,1.4999142152037,1.49983604509958,2.24909301334098,4.49860117552094,0.999999204064186
"2585",19.71896912,1.49991388728502,1.4998353818695,2.24908877208492,4.49859494479254,0.999999200667596
"2586",19.7266003,1.49991355811304,1.49983471610638,2.24908451485456,4.49858869049246,0.999999197244992
"2587",19.73423148,1.49991322768296,1.49983404780051,2.24908024158639,4.49858241252805,0.999999193796172
"2588",19.74186266,1.49991289598998,1.4998333769419,2.24907595221246,4.49857611080139,0.999999190320943
"2589",19.74949384,1.49991256302928,1.49983270352091,2.24907164667151,4.49856978522235,0.999999186819092
"2590",19.75712502,1.499912228796,1.49983202752746,2.24906732489455,4.49856343569167,0.999999183290424
"2591",19.7647562,1.49991189328529,1.49983134895177,2.24906298681869,4.49855706211718,0.999999179734725
"2592",19.77238738,1.49991155649226,1.49983066778382,2.24905863237708,4.49855066440194,0.999999176151792
"2593",19.78001856,1.49991121841202,1.49982998401345,2.24905426150077,4.49854424244657,0.99999917254142
"2594",19.78764974,1.49991087903965,1.49982929763082,2.24904987412682,4.49853779615859,0.999999168903392
"2595",19.79528092,1.4999105383702,1.49982860862564,2.24904547018451,4.49853132543643,0.999999165237504
"2596",19.8029121,1.49991019639873,1.49982791698785,2.24904104960827,4.4985248301844,0.999999161543539
"2597",19.81054328,1.49990985312026,1.49982722270742,2.24903661233318,4.49851831030742,0.999999157821275
"2598",19.81817446,1.49990950852979,1.49982652577393,2.24903215828758,4.49851176570266,0.999999154070505
"2599",19.82580564,1.49990916262232,1.49982582617728,2.24902768740647,4.49850519627484,0.999999150291003
"2600",19.83343682,1.4999088153928,1.49982512390702,2.24902319961792,4.49849860192063,0.999999146482558
"2601",19.841068,1.49990846683619,1.49982441895299,2.24901869485729,4.49849198254497,0.999999142644938
"2602",19.84869918,1.49990811694741,1.49982371130467,2.24901417305205,4.49848533804375,0.999999138777928
"2603",19.85633036,1.49990776572138,1.49982300095182,2.24900963413688,4.498478668321,0.999999134881294
"2604",19.86396154,1.49990741315299,1.49982228788363,2.24900507803545,4.49847197326795,0.999999130954825
"2605",19.87159272,1.4999070592371,1.49982157209007,2.24900050468662,4.49846525279334,0.999999126998272
"2606",19.8792239,1.49990670396858,1.49982085356029,2.24899591401442,4.49845850678873,0.999999123011419
"2607",19.88685508,1.49990634734224,1.49982013228371,2.24899130594847,4.49845173515198,0.999999118994032
"2608",19.89448626,1.4999059893529,1.49981940824988,2.24898668042092,4.49844493778394,0.999999114945872
"2609",19.90211744,1.49990562999536,1.49981868144816,2.2489820373617,4.49843811458261,0.999999110866701
"2610",19.90974862,1.49990526926439,1.49981795186768,2.24897737669575,4.49843126544031,0.999999106756289
"2611",19.9173798,1.49990490715473,1.49981721949768,2.24897269835157,4.49842439025331,0.999999102614398
"2612",19.92501098,1.49990454366112,1.49981648432748,2.24896800225948,4.49841748891994,0.99999909844078
"2613",19.93264216,1.49990417877828,1.49981574634628,2.24896328834745,4.49841056133569,0.999999094235194
"2614",19.94027334,1.49990381250089,1.49981500554316,2.24895855654215,4.49840360739457,0.999999089997394
"2615",19.94790452,1.49990344482363,1.49981426190702,2.24895380676676,4.49839662698646,0.999999085727145
"2616",19.9555357,1.49990307574114,1.49981351542729,2.24894903895635,4.49838962001471,0.999999081424178
"2617",19.96316688,1.49990270524806,1.49981276609276,2.24894425303331,4.49838258636814,0.999999077088252
"2618",19.97079806,1.499902333339,1.49981201389233,2.24893944892228,4.49837552593805,0.99999907271912
"2619",19.97842924,1.49990196000855,1.49981125881502,2.24893462655149,4.49836843861978,0.99999906831652
"2620",19.98606042,1.49990158525127,1.49981050084956,2.24892978584426,4.49836132430287,0.999999063880203
"2621",19.9936916,1.49990120906172,1.49980973998499,2.24892492672918,4.49835418288301,0.999999059409902
"2622",20.00132278,1.49990083143442,1.49980897620979,2.24892004912656,4.49834701424602,0.999999054905369
"2623",20.00895396,1.49990045236388,1.49980820951316,2.24891515296867,4.49833981829174,0.999999050366321
"2624",20.01658514,1.49990007184459,1.49980743988327,2.24891023817097,4.49833259490018,0.999999045792518
"2625",20.02421632,1.499899689871,1.49980666730912,2.24890530466339,4.49832534396829,0.999999041183678
"2626",20.0318475,1.49989930643757,1.49980589177935,2.24890035237005,4.49831806538609,0.999999036539531
"2627",20.03947868,1.49989892153871,1.49980511328227,2.24889538121056,4.49831075903821,0.999999031859818
"2628",20.04710986,1.49989853516883,1.49980433180648,2.24889039110913,4.4983034248146,0.999999027144262
"2629",20.05474104,1.4998981473223,1.49980354734054,2.24888538198959,4.49829606260485,0.999999022392587
"2630",20.06237222,1.49989775799349,1.49980275987288,2.24888035377569,4.498288672298,0.999999017604512
"2631",20.0700034,1.49989736717673,1.49980196939175,2.24887530638586,4.49828125377722,0.999999012779768
"2632",20.07763458,1.49989697486633,1.49980117588558,2.2488702397442,4.49827380693196,0.999999007918068
"2633",20.08526576,1.49989658105659,1.49980037934281,2.24886515377532,4.49826633165216,0.999999003019121
"2634",20.09289694,1.49989618574177,1.49979957975128,2.24886004839188,4.49825882781401,0.999998998082664
"2635",20.10052812,1.49989578891614,1.49979877709955,2.2488549235221,4.49825129531141,0.999998993108389
"2636",20.1081593,1.49989539057391,1.49979797137566,2.24884977908361,4.49824373402617,0.999998988096014
"2637",20.11579048,1.4998949907093,1.49979716256772,2.2488446149975,4.49823614384367,0.999998983045246
"2638",20.12342166,1.49989458931648,1.49979635066373,2.24883943118174,4.49822852464597,0.999998977955794
"2639",20.13105284,1.49989418638961,1.4997955356518,2.24883422755803,4.4982208763191,0.999998972827357
"2640",20.13868402,1.49989378192284,1.49979471751985,2.24882900404445,4.49821319874491,0.999998967659638
"2641",20.1463152,1.49989337591028,1.49979389625574,2.24882376055871,4.49820549180468,0.999998962452339
"2642",20.15394638,1.49989296834603,1.49979307184749,2.2488184970217,4.49819775538343,0.999998957205151
"2643",20.16157756,1.49989255922415,1.4997922442828,2.24881321334961,4.49818998936044,0.999998951917772
"2644",20.16920874,1.4998921485387,1.49979141354958,2.24880790946259,4.49818219361964,0.999998946589889
"2645",20.17683992,1.4998917362837,1.49979057963524,2.24880258527174,4.49817436803435,0.999998941221208
"2646",20.1844711,1.49989132245316,1.49978974252792,2.24879724070309,4.49816651249505,0.999998935811393
"2647",20.19210228,1.49989090704105,1.4997889022147,2.24879187566258,4.49815862686894,0.999998930360156
"2648",20.19973346,1.49989049004134,1.49978805868369,2.24878649007679,4.49815071104697,0.999998924867153
"2649",20.20736464,1.49989007144795,1.49978721192219,2.24878108385718,4.49814276490252,0.999998919332077
"2650",20.21499582,1.4998896512548,1.49978636191772,2.24877565691997,4.49813478831437,0.999998913754602
"2651",20.222627,1.49988922945578,1.49978550865747,2.24877020917556,4.49812678115452,0.999998908134418
"2652",20.23025818,1.49988880604474,1.49978465212929,2.24876474054773,4.49811874331032,0.999998902471174
"2653",20.23788936,1.49988838101554,1.49978379232022,2.24875925094549,4.49811067465191,0.999998896764553
"2654",20.24552054,1.49988795436199,1.49978292921742,2.24875374028058,4.49810257505256,0.999998891014232
"2655",20.25315172,1.49988752607788,1.49978206280867,2.24874820847716,4.4980944443998,0.999998885219845
"2656",20.2607829,1.49988709615699,1.4997811930805,2.24874265543585,4.4980862825538,0.999998879381092
"2657",20.26841408,1.49988666459305,1.49978032002049,2.24873708107784,4.49807808939859,0.99999887349761
"2658",20.27604526,1.4998862313798,1.49977944361558,2.24873148531424,4.4980698648061,0.99999886756906
"2659",20.28367644,1.49988579651093,1.49977856385277,2.24872586805589,4.49806160864815,0.999998861595101
"2660",20.29130762,1.49988535998012,1.49977768071905,2.24872022921439,4.4980533207974,0.999998855575387
"2661",20.2989388,1.49988492178101,1.49977679420139,2.24871456870263,4.49804500112763,0.999998849509563
"2662",20.30656998,1.49988448190724,1.49977590428667,2.24870888643191,4.4980366495108,0.999998843397275
"2663",20.31420116,1.4998840403524,1.4997750109617,2.24870318231205,4.49802826581723,0.999998837238171
"2664",20.32183234,1.49988359711008,1.4997741142133,2.24869745625497,4.49801984991927,0.999998831031888
"2665",20.32946352,1.49988315217382,1.49977321402824,2.2486917081705,4.49801140168709,0.999998824778064
"2666",20.3370947,1.49988270553715,1.49977231039306,2.24868593796696,4.4980029209887,0.99999881847634
"2667",20.34472588,1.49988225719358,1.4997714032944,2.24868014555331,4.49799440769296,0.999998812126349
"2668",20.35235706,1.49988180713659,1.49977049271891,2.24867433084025,4.49798586167058,0.999998805727717
"2669",20.35998824,1.49988135535963,1.49976957865309,2.24866849373532,4.49797728278859,0.999998799280074
"2670",20.36761942,1.49988090185612,1.49976866108323,2.2486626341439,4.49796867091127,0.999998792783051
"2671",20.3752506,1.49988044661948,1.49976773999609,2.24865675198027,4.49796002591325,0.999998786236252
"2672",20.38288178,1.49987998964308,1.49976681537785,2.24865084714873,4.49795134765736,0.999998779639305
"2673",20.39051296,1.49987953092027,1.4997658872147,2.24864491955341,4.49794263600631,0.999998772991833
"2674",20.39814414,1.49987907044439,1.49976495549317,2.24863896910617,4.4979338908316,0.999998766293434
"2675",20.40577532,1.49987860820874,1.49976402019906,2.24863299570606,4.49792511198971,0.999998759543738
"2676",20.4134065,1.49987814420658,1.49976308131877,2.24862699926376,4.49791629935053,0.999998752742337
"2677",20.42103768,1.49987767843118,1.49976213883832,2.24862097968337,4.49790745277627,0.99999874588884
"2678",20.42866886,1.49987721087576,1.49976119274378,2.24861493687,4.49789857213024,0.999998738982847
"2679",20.43630004,1.49987674153351,1.49976024302114,2.24860887072877,4.49788965727561,0.999998732023953
"2680",20.44393122,1.49987627039762,1.49975928965628,2.24860278116332,4.49788070807363,0.999998725011755
"2681",20.4515624,1.49987579746123,1.49975833263502,2.24859666807588,4.49787172438407,0.999998717945849
"2682",20.45919358,1.49987532271746,1.49975737194319,2.24859053137045,4.49786270606839,0.999998710825821
"2683",20.46682476,1.49987484615941,1.49975640756671,2.24858437095307,4.49785365299048,0.999998703651248
"2684",20.47445594,1.49987436778014,1.49975543949111,2.24857818672279,4.49784456500595,0.999998696421721
"2685",20.48208712,1.49987388757271,1.49975446770198,2.24857197858085,4.49783544197289,0.999998689136822
"2686",20.4897183,1.49987340553011,1.49975349218497,2.24856574643,4.497826283751,0.999998681796123
"2687",20.49734948,1.49987292164535,1.49975251292571,2.24855949017378,4.49781709020077,0.999998674399191
"2688",20.50498066,1.49987243591138,1.49975152990958,2.2485532097103,4.49780786117643,0.999998666945601
"2689",20.51261184,1.49987194832115,1.49975054312213,2.24854690494334,4.49779859653847,0.999998659434911
"2690",20.52024302,1.49987145886755,1.49974955254834,2.24854057576543,4.49778929613436,0.999998651866703
"2691",20.5278742,1.49987096754347,1.49974855817392,2.24853422208374,4.4977799598285,0.999998644240515
"2692",20.53550538,1.49987047434177,1.4997475599839,2.24852784379317,4.49777058747084,0.999998636555916
"2693",20.54313656,1.49986997925527,1.49974655796349,2.24852144079316,4.49776117891649,0.999998628812454
"2694",20.55076774,1.49986948227678,1.49974555209792,2.24851501298396,4.49775173402147,0.999998621009674
"2695",20.55839892,1.49986898339906,1.49974454237202,2.24850856025854,4.4977422526332,0.999998613147134
"2696",20.5660301,1.49986848261485,1.49974352877106,2.24850208251974,4.49773273461041,0.999998605224362
"2697",20.57366128,1.49986797991688,1.49974251127981,2.24849557966024,4.49772317980012,0.999998597240907
"2698",20.58129246,1.49986747529784,1.49974148988341,2.24848905158153,4.49771358805923,0.99999858919629
"2699",20.58892364,1.49986696875038,1.49974046456627,2.2484824981726,4.49770395923005,0.999998581090062
"2700",20.59655482,1.49986646026714,1.49973943531348,2.24847591933392,4.49769429316833,0.999998572921738
"2701",20.604186,1.49986594984073,1.49973840210959,2.24846931495778,4.49768458972,0.99999856469085
"2702",20.61181718,1.49986543746371,1.49973736493935,2.24846268494121,4.49767484873642,0.999998556396911
"2703",20.61944836,1.49986492312865,1.49973632378733,2.24845602917764,4.49766507006478,0.999998548039441
"2704",20.62707954,1.49986440682805,1.49973527863794,2.24844934755887,4.49765525355008,0.999998539617959
"2705",20.63471072,1.49986388855441,1.49973422947583,2.24844263998122,4.49764539904267,0.999998531131965
"2706",20.6423419,1.4998633683002,1.4997331762853,2.24843590633627,4.49763550638706,0.999998522580968
"2707",20.64997308,1.49986284605784,1.49973211905071,2.24842914651583,4.49762557542815,0.999998513964473
"2708",20.65760426,1.49986232181975,1.49973105775633,2.24842236041215,4.49761560601107,0.999998505281976
"2709",20.66523544,1.4998617955783,1.49972999238639,2.24841554791668,4.49760559797996,0.999998496532972
"2710",20.67286662,1.49986126732583,1.49972892292496,2.24840870891886,4.49759555117653,0.999998487716956
"2711",20.6804978,1.49986073705466,1.49972784935634,2.24840184331305,4.49758546544805,0.999998478833402
"2712",20.68812898,1.49986020475709,1.49972677166421,2.24839495098255,4.49757534062892,0.999998469881813
"2713",20.69576016,1.49985967042537,1.49972568983304,2.24838803182607,4.49756517657127,0.999998460861641
"2714",20.70339134,1.49985913405172,1.49972460384623,2.24838108572351,4.49755497310525,0.999998451772388
"2715",20.71102252,1.49985859562836,1.49972351368797,2.24837411256998,4.49754473007857,0.999998442613504
"2716",20.7186537,1.49985805514745,1.49972241934193,2.24836711225143,4.49753444732824,0.999998433384463
"2717",20.72628488,1.49985751260113,1.49972132079171,2.24836008465358,4.4975241246908,0.999998424084733
"2718",20.73391606,1.49985696798151,1.49972021802099,2.2483530296643,4.49751376200523,0.999998414713769
"2719",20.74154724,1.49985642128067,1.49971911101353,2.24834594717283,4.49750335911204,0.99999840527102
"2720",20.74917842,1.49985587249066,1.49971799975276,2.24833883706425,4.49749291584668,0.999998395755937
"2721",20.7568096,1.49985532160351,1.49971688422195,2.24833169922052,4.49748243204092,0.999998386167977
"2722",20.76444078,1.49985476861119,1.49971576440469,2.24832453353102,4.49747190753496,0.999998376506571
"2723",20.77207196,1.49985421350567,1.49971464028428,2.24831733987921,4.49746134216222,0.999998366771158
"2724",20.77970314,1.49985365627887,1.49971351184388,2.24831011814822,4.49745073575533,0.999998356961174
"2725",20.78733432,1.4998530969227,1.49971237906673,2.24830286822212,4.4974400881481,0.999998347076048
"2726",20.7949655,1.49985253542901,1.49971124193597,2.24829558998468,4.49742939917382,0.999998337115201
"2727",20.80259668,1.49985197178965,1.4997101004347,2.24828828331931,4.49741866866516,0.999998327078051
"2728",20.81022786,1.49985140599642,1.49970895454571,2.24828094810454,4.49740789644913,0.999998316964025
"2729",20.81785904,1.49985083804109,1.49970780425233,2.24827358422913,4.49739708236448,0.999998306772512
"2730",20.82549022,1.49985026791539,1.49970664953698,2.2482661915665,4.49738622623194,0.999998296502941
"2731",20.8331214,1.49984969561105,1.49970549038265,2.24825877000102,4.4973753278849,0.999998286154704
"2732",20.84075258,1.49984912111974,1.49970432677201,2.24825131941182,4.49736438715051,0.9999982757272
"2733",20.84838376,1.4998485444331,1.49970315868762,2.24824383967669,4.49735340385431,0.999998265219826
"2734",20.85601494,1.49984796554275,1.49970198611231,2.24823633067948,4.49734237782868,0.999998254631958
"2735",20.86364612,1.49984738444027,1.49970080902838,2.24822879229464,4.49733130889501,0.999998243962991
"2736",20.8712773,1.49984680111721,1.49969962741825,2.24822122440011,4.49732019687854,0.999998233212302
"2737",20.87890848,1.4998462155651,1.49969844126442,2.24821362687504,4.49730904160598,0.999998222379262
"2738",20.88653966,1.4998456277754,1.49969725054907,2.24820599959465,4.49729784289909,0.999998211463244
"2739",20.89417084,1.49984503773959,1.49969605525455,2.24819834243717,4.49728660058323,0.999998200463606
"2740",20.90180202,1.49984444544907,1.49969485536304,2.24819065527875,4.49727531448112,0.999998189379708
"2741",20.9094332,1.49984385089524,1.49969365085645,2.24818293799168,4.49726398441083,0.999998178210913
"2742",20.91706438,1.49984325406946,1.49969244171696,2.24817519045342,4.4972526101964,0.999998166956562
"2743",20.92469556,1.49984265496303,1.49969122792658,2.24816741253916,4.4972411916591,0.999998155615997
"2744",20.93232674,1.49984205356726,1.49969000946694,2.24815960411833,4.49722972861329,0.999998144188571
"2745",20.93995792,1.49984144987339,1.49968878631989,2.24815176506461,4.49721822087823,0.999998132673615
"2746",20.9475891,1.49984084387265,1.4996875584674,2.24814389525539,4.4972066682773,0.999998121070445
"2747",20.95522028,1.49984023555623,1.499686325891,2.24813599455949,4.49719507062393,0.999998109378394
"2748",20.96285146,1.49983962491529,1.49968508857209,2.24812806284598,4.49718342773144,0.99999809759679
"2749",20.97048264,1.49983901194093,1.49968384649242,2.24812009998908,4.49717173941938,0.999998085724935
"2750",20.97811382,1.49983839662426,1.49968259963329,2.24811210585703,4.49716000549988,0.999998073762144
"2751",20.985745,1.49983777895633,1.49968134797628,2.24810408032327,4.49714822579122,0.99999806170771
"2752",20.99337618,1.49983715892814,1.49968009150244,2.24809602325253,4.49713640010129,0.999998049560944
"2753",21.00100736,1.4998365365307,1.49967883019311,2.24808793451601,4.4971245282454,0.999998037321131
"2754",21.00863854,1.49983591175494,1.49967756402925,2.24807981397805,4.49711261003075,0.999998024987569
"2755",21.01626972,1.49983528459179,1.49967629299216,2.24807166151071,4.49710064527341,0.999998012559526
"2756",21.0239009,1.49983465503213,1.49967501706276,2.24806347697882,4.497088633781,0.999998000036284
"2757",21.03153208,1.4998340230668,1.49967373622191,2.24805526024863,4.49707657536241,0.999997987417115
"2758",21.03916326,1.49983338868661,1.49967245045063,2.24804701118812,4.49706446982872,0.999997974701275
"2759",21.04679444,1.49983275188235,1.49967115972944,2.24803872965815,4.49705231698239,0.999997961888039
"2760",21.05442562,1.49983211264475,1.49966986403915,2.24803041552603,4.49704011663322,0.99999794897665
"2761",21.0620568,1.49983147096451,1.4996685633604,2.24802206865569,4.49702786858713,0.999997935966358
"2762",21.06968798,1.49983082683232,1.49966725767356,2.24801368890783,4.49701557264596,0.999997922856412
"2763",21.07731916,1.4998301802388,1.49966594695928,2.24800527614812,4.49700322861739,0.99999790964604
"2764",21.08495034,1.49982953117455,1.49966463119791,2.24799683023865,4.4969908363046,0.999997896334473
"2765",21.09258152,1.49982887963014,1.49966331036957,2.24798835103787,4.49697839550648,0.999997882920945
"2766",21.1002127,1.49982822559609,1.49966198445466,2.24797983840926,4.49696590602775,0.999997869404667
"2767",21.10784388,1.49982756906289,1.49966065343334,2.24797129221375,4.49695336766985,0.99999785578485
"2768",21.11547506,1.49982691002101,1.49965931728561,2.2479627123099,4.49694078023144,0.999997842060705
"2769",21.12310624,1.49982624846085,1.49965797599136,2.24795409855534,4.49692814350985,0.999997828231436
"2770",21.13073742,1.49982558437281,1.49965662953064,2.24794545081071,4.4969154573059,0.999997814296231
"2771",21.1383686,1.49982491774721,1.49965527788326,2.24793676893356,4.49690272141668,0.99999780025428
"2772",21.14599978,1.49982424857439,1.49965392102883,2.24792805277899,4.49688993563613,0.999997786104772
"2773",21.15363096,1.49982357684459,1.4996525589472,2.24791930220683,4.4968770997637,0.999997771846872
"2774",21.16126214,1.49982290254807,1.49965119161784,2.24791051707088,4.49686421359168,0.999997757479756
"2775",21.16889332,1.49982222567501,1.49964981902004,2.24790169722311,4.49685127690994,0.9999977430026
"2776",21.1765245,1.49982154621558,1.49964844113376,2.2478928425269,4.49683828952181,0.999997728414532
"2777",21.18415568,1.49982086415989,1.49964705793798,2.24788395283102,4.49682525121307,0.999997713714719
"2778",21.19178686,1.49982017949804,1.49964566941185,2.24787502798647,4.49681216177218,0.999997698902313
"2779",21.19941804,1.49981949222006,1.49964427553488,2.24786606785164,4.49679902099617,0.999997683976433
"2780",21.20704922,1.49981880231597,1.49964287628583,2.24785707227371,4.49678582866855,0.999997668936226
"2781",21.2146804,1.49981810977574,1.49964147164379,2.24784804110525,4.49677258457921,0.999997653780812
"2782",21.22231158,1.4998174145893,1.49964006158786,2.24783897419976,4.49675928851901,0.9999976385093
"2783",21.22994276,1.49981671674654,1.49963864609663,2.24782987140349,4.49674594027003,0.999997623120813
"2784",21.23757394,1.49981601623732,1.4996372251491,2.24782073257029,4.49673253962317,0.999997607614442
"2785",21.24520512,1.49981531305145,1.49963579872369,2.24781155754414,4.49671908635776,0.999997591989297
"2786",21.2528363,1.49981460717871,1.49963436679917,2.24780234617748,4.49670558026263,0.999997576244457
"2787",21.26046748,1.49981389860885,1.49963292935389,2.24779309831418,4.4966920211167,0.999997560379015
"2788",21.26809866,1.49981318733156,1.49963148636639,2.24778381380338,4.49667840870485,0.99999754439204
"2789",21.27572984,1.49981247333649,1.49963003781492,2.24777449249071,4.49666474280749,0.999997528282602
"2790",21.28336102,1.49981175661328,1.49962858367776,2.24776513422158,4.49665102320494,0.999997512049764
"2791",21.2909922,1.4998110371515,1.49962712393308,2.2477557388415,4.49663724967731,0.999997495692577
"2792",21.29862338,1.4998103149407,1.49962565855883,2.24774630619226,4.49662342200025,0.999997479210097
"2793",21.30625456,1.49980958997036,1.49962418753312,2.24773683612006,4.49660953995444,0.999997462601355
"2794",21.31388574,1.49980886222997,1.49962271083358,2.24772732846243,4.49659560331028,0.999997445865399
"2795",21.32151692,1.49980813170893,1.49962122843841,2.24771778306893,4.49658161185205,0.999997429001231
"2796",21.3291481,1.49980739839663,1.49961974032491,2.24770819977388,4.49656756534604,0.999997412007892
"2797",21.33677928,1.49980666228241,1.49961824647094,2.24769857842131,4.4965534635699,0.99999739488438
"2798",21.34441046,1.49980592335557,1.49961674685418,2.24768891885367,4.49653930629919,0.99999737762969
"2799",21.35204164,1.49980518160536,1.49961524145163,2.24767922090302,4.49652509329704,0.99999736024284
"2800",21.35967282,1.49980443702101,1.49961373024112,2.24766948441608,4.49651082434376,0.999997342722791
"2801",21.367304,1.49980368959169,1.49961221319951,2.24765970922368,4.49649649920082,0.999997325068546
"2802",21.37493518,1.49980293930654,1.49961069030404,2.24764989516387,4.49648211763804,0.999997307279072
"2803",21.38256636,1.49980218615465,1.49960916153205,2.24764004207728,4.49646767942814,0.999997289353319
"2804",21.39019754,1.49980143012507,1.49960762686034,2.24763014979678,4.49645318433447,0.999997271290253
"2805",21.39782872,1.49980067120682,1.49960608626578,2.24762021815687,4.49643863212223,0.999997253088823
"2806",21.4054599,1.49979990938886,1.49960453972516,2.24761024699089,4.49642402255521,0.999997234747971
"2807",21.41309108,1.49979914466012,1.4996029872153,2.24760023613458,4.49640935539964,0.999997216266621
"2808",21.42072226,1.49979837700948,1.49960142871264,2.24759018541748,4.49639463041448,0.999997197643708
"2809",21.42835344,1.49979760642579,1.49959986419387,2.24758009467418,4.49637984736445,0.999997178878137
"2810",21.43598462,1.49979683289784,1.49959829363532,2.24756996373487,4.49636500600883,0.99999715996882
"2811",21.4436158,1.49979605641439,1.49959671701341,2.24755979243033,4.49635010610771,0.999997140914653
"2812",21.45124698,1.49979527696416,1.49959513430432,2.24754958059054,4.49633514741975,0.999997121714526
"2813",21.45887816,1.49979449453582,1.49959354548411,2.24753932804179,4.49632012969938,0.999997102367329
"2814",21.46650934,1.49979370911799,1.49959195052895,2.24752903461512,4.49630505270636,0.999997082871926
"2815",21.47414052,1.49979292069925,1.4995903494147,2.24751870013624,4.49628991619396,0.999997063227187
"2816",21.4817717,1.49979212926816,1.4995887421173,2.2475083244329,4.49627471991785,0.999997043431964
"2817",21.48940288,1.4997913348132,1.49958712861235,2.24749790732856,4.49625946362839,0.999997023485112
"2818",21.49703406,1.49979053732283,1.49958550887567,2.24748744865084,4.49624414708074,0.999997003385461
"2819",21.50466524,1.49978973678546,1.49958388288281,2.24747694822401,4.49622877002589,0.999996983131841
"2820",21.51229642,1.49978893318945,1.49958225060904,2.24746640586819,4.49621333220988,0.999996962723082
"2821",21.5199276,1.49978812652312,1.49958061202994,2.24745582140949,4.49619783338558,0.999996942157985
"2822",21.52755878,1.49978731677475,1.49957896712073,2.24744519466938,4.49618227330025,0.999996921435353
"2823",21.53518996,1.49978650393256,1.49957731585653,2.24743452546832,4.4961666516998,0.999996900553983
"2824",21.54282114,1.49978568798476,1.49957565821235,2.24742381362513,4.49615096832812,0.999996879512663
"2825",21.55045232,1.49978486891947,1.49957399416324,2.24741305896149,4.49613522293219,0.999996858310159
"2826",21.5580835,1.49978404672479,1.49957232368394,2.24740226129352,4.49611941525238,0.999996836945247
"2827",21.56571468,1.49978322138877,1.4995706467493,2.24739142044042,4.49610354503254,0.999996815416677
"2828",21.57334586,1.49978239289943,1.49956896333419,2.24738053622306,4.49608761201824,0.999996793723182
"2829",21.58097704,1.49978156124471,1.49956727341279,2.24736960845101,4.49607161594167,0.999996771863522
"2830",21.58860822,1.49978072641253,1.49956557695977,2.24735863694399,4.49605555654669,0.99999674983641
"2831",21.5962394,1.49977988839076,1.49956387394943,2.2473476215151,4.49603943356932,0.999996727640567
"2832",21.60387058,1.49977904716721,1.49956216435614,2.24733656198016,4.49602324674864,0.999996705274694
"2833",21.61150176,1.49977820272967,1.49956044815384,2.24732545814869,4.49600699581604,0.9999966827375
"2834",21.61913294,1.49977735506587,1.49955872531664,2.2473143098342,4.49599068050747,0.999996660027668
"2835",21.62676412,1.49977650416347,1.49955699581847,2.24730311684721,4.49597430055531,0.999996637143877
"2836",21.6343953,1.49977565001012,1.4995552596332,2.24729187899926,4.49595785569286,0.999996614084791
"2837",21.64202648,1.4997747925934,1.49955351673469,2.24728059610185,4.49594134565322,0.999996590849061
"2838",21.64965766,1.49977393190085,1.49955176709627,2.24726926795923,4.49592477016077,0.999996567435348
"2839",21.65728884,1.49977306791997,1.49955001069166,2.24725789438216,4.49590812894751,0.999996543842279
"2840",21.66492002,1.49977220063819,1.49954824749417,2.24724647517633,4.49589142173915,0.999996520068485
"2841",21.6725512,1.49977133004292,1.49954647747708,2.24723501014748,4.49587464826139,0.999996496112581
"2842",21.68018238,1.4997704561215,1.49954470061359,2.24722349910092,4.49585780823922,0.999996471973173
"2843",21.68781356,1.49976957886124,1.49954291687705,2.24721194184517,4.49584090140129,0.999996447648841
"2844",21.69544474,1.49976869824938,1.49954112624004,2.24720033817776,4.49582392746302,0.999996423138188
"2845",21.70307592,1.49976781427313,1.4995393286756,2.2471886879035,4.49580688614836,0.999996398439779
"2846",21.7107071,1.49976692691964,1.49953752415647,2.24717699082448,4.49578977717779,0.999996373552176
"2847",21.71833828,1.49976603617602,1.49953571265533,2.24716524674122,4.49577260026996,0.999996348473928
"2848",21.72596946,1.49976514202933,1.4995338941446,2.24715345545269,4.49575535514116,0.99999632320358
"2849",21.73360064,1.49976424446656,1.49953206859688,2.24714161676008,4.49573804151052,0.999996297739652
"2850",21.74123182,1.49976334347468,1.49953023598443,2.24712973046082,4.49572065909233,0.999996272080663
"2851",21.748863,1.4997624390406,1.49952839627938,2.24711779635113,4.49570320759934,0.999996246225122
"2852",21.75649418,1.49976153115117,1.49952654945379,2.24710581422679,4.49568568674357,0.999996220171526
"2853",21.76412536,1.4997606197932,1.49952469547974,2.24709378388468,4.49566809623828,0.999996193918352
"2854",21.77175654,1.49975970495345,1.49952283432898,2.24708170511753,4.49565043579156,0.999996167464078
"2855",21.77938772,1.49975878661862,1.4995209659734,2.24706957772114,4.49563270511493,0.999996140807153
"2856",21.7870189,1.49975786477537,1.49951909038451,2.24705740148641,4.49561490391399,0.999996113946033
"2857",21.79465008,1.4997569394103,1.49951720753389,2.24704517620542,4.49559703189565,0.99999608687915
"2858",21.80228126,1.49975601050998,1.49951531739293,2.24703290166881,4.49557908876482,0.99999605960493
"2859",21.80991244,1.4997550780609,1.49951341993288,2.24702057766614,4.49556107422492,0.999996032121784
"2860",21.81754362,1.4997541420495,1.49951151512497,2.24700820398665,4.49554298797903,0.999996004428111
"2861",21.8251748,1.49975320246221,1.49950960294015,2.24699578041697,4.49552482972668,0.999995976522301
"2862",21.83280598,1.49975225928535,1.49950768334939,2.24698330674405,4.4955065991679,0.99999594840273
"2863",21.84043716,1.49975131250522,1.49950575632366,2.24697078275652,4.49548829600431,0.99999592006775
"2864",21.84806834,1.49975036210808,1.49950382183345,2.24695820823587,4.49546991992898,0.999995891515724
"2865",21.85569952,1.49974940808011,1.49950187984957,2.24694558296997,4.49545147064237,0.999995862744975
"2866",21.8633307,1.49974845040744,1.49949993034214,2.24693290673607,4.49543294783217,0.999995833753848
"2867",21.87096188,1.49974748907617,1.49949797328185,2.24692017932181,4.4954143511982,0.999995804540635
"2868",21.87859306,1.49974652407233,1.49949600863878,2.2469074005059,4.49539568042952,0.999995775103642
"2869",21.88622424,1.49974555538189,1.49949403638302,2.24689457006838,4.49537693521662,0.999995745441156
"2870",21.89385542,1.49974458299078,1.49949205648451,2.24688168778764,4.4953581152478,0.999995715551451
"2871",21.9014866,1.49974360688488,1.49949006891315,2.24686875344234,4.49533922021151,0.999995685432785
"2872",21.90911778,1.49974262705,1.49948807363873,2.2468557668104,4.4953202497952,0.9999956550834
"2873",21.91674896,1.4997416434719,1.49948607063067,2.24684272766457,4.49530120367999,0.99999562450154
"2874",21.92438014,1.4997406561363,1.49948405985867,2.24682963578355,4.49528208155379,0.999995593685412
"2875",21.93201132,1.49973966502885,1.4994820412921,2.24681649094127,4.49526288309881,0.999995562633221
"2876",21.9396425,1.49973867013516,1.49948001490006,2.24680329290825,4.49524360799294,0.999995531343167
"2877",21.94727368,1.49973767144076,1.49947798065164,2.2467900414565,4.49522425591563,0.999995499813428
"2878",21.95490486,1.49973666893115,1.49947593851597,2.246776736359,4.49520482654736,0.99999546804216
"2879",21.96253604,1.49973566259176,1.49947388846187,2.24676337738447,4.49518531956341,0.999995436027518
"2880",21.97016722,1.49973465240797,1.49947183045806,2.24674996430198,4.49516573463922,0.999995403767635
"2881",21.9777984,1.49973363836512,1.49946976447316,2.24673649687912,4.49514607144831,0.999995371260633
"2882",21.98542958,1.49973262044846,1.49946769047557,2.24672297488126,4.49512632966141,0.999995338504624
"2883",21.99306076,1.4997315986432,1.49946560843385,2.24670939807761,4.49510650895349,0.999995305497688
"2884",22.00069194,1.49973057293452,1.49946351831577,2.24669576622532,4.49508660898522,0.99999527223793
"2885",22.00832312,1.49972954330749,1.49946142009,2.24668207909715,4.49506662943547,0.999995238723378
"2886",22.0159543,1.49972850974717,1.4994593137242,2.24666833645059,4.49504656996483,0.999995204952099
"2887",22.02358548,1.49972747223854,1.49945719918616,2.24665453804631,4.49502643023752,0.999995170922128
"2888",22.03121666,1.49972643076652,1.49945507644364,2.24664068364559,4.4950062099182,0.999995136631481
"2889",22.03884784,1.499725385316,1.4994529454642,2.24662677300661,4.49498590866788,0.999995102078162
"2890",22.04647902,1.49972433587178,1.49945080621541,2.24661280589074,4.49496552615079,0.99999506726015
"2891",22.0541102,1.49972328241861,1.49944865866451,2.24659878205298,4.49494506202379,0.999995032175421
"2892",22.06174138,1.4997222249412,1.49944650277853,2.24658470124731,4.49492451594206,0.999994996821941
"2893",22.06937256,1.49972116342418,1.49944433852463,2.24657056323052,4.49490388756409,0.999994961197642
"2894",22.07700374,1.49972009785213,1.49944216586953,2.2465563677525,4.49488317654001,0.999994925300464
"2895",22.08463492,1.49971902820958,1.49943998478043,2.24654211457326,4.4948623825316,0.999994889128288
"2896",22.0922661,1.49971795448098,1.4994377952236,2.24652780343827,4.49484150518328,0.999994852679029
"2897",22.09989728,1.49971687665074,1.49943559716558,2.24651343409832,4.49482054414563,0.999994815950563
"2898",22.10752846,1.49971579470321,1.49943339057274,2.24649900630266,4.49479949906713,0.99999477894075
"2899",22.11515964,1.49971470862266,1.49943117541136,2.24648451980015,4.49477836959564,0.999994741647431
"2900",22.12279082,1.49971361839332,1.49942895164741,2.24646997433559,4.49475715537405,0.999994704068441
"2901",22.130422,1.49971252399935,1.49942671924707,2.24645536965869,4.49473585605073,0.999994666201577
"2902",22.13805318,1.49971142542486,1.49942447817593,2.24644070550975,4.49471447126291,0.999994628044649
"2903",22.14568436,1.4997103226539,1.49942222839963,2.24642598163218,4.4946930006511,0.999994589595434
"2904",22.15331554,1.49970921567043,1.49941996988385,2.24641119777053,4.49467144385701,0.999994550851684
"2905",22.16094672,1.4997081044584,1.49941770259396,2.24639635366527,4.49464980051742,0.999994511811143
"2906",22.1685779,1.49970698900164,1.49941542649503,2.24638144905316,4.49462807026443,0.99999447247155
"2907",22.17620908,1.49970586928397,1.4994131415524,2.24636648367708,4.49460625273711,0.999994432830597
"2908",22.18384026,1.49970474528911,1.49941084773073,2.24635145726919,4.49458434756177,0.999994392885995
"2909",22.19147144,1.49970361700075,1.49940854499514,2.2463363695705,4.49456235437493,0.999994352635399
"2910",22.19910262,1.4997024844025,1.49940623331009,2.24632122031281,4.49454027280196,0.999994312076476
"2911",22.2067338,1.4997013474779,1.49940391264018,2.24630600923086,4.49451810247155,0.999994271206861
"2912",22.21436498,1.49970020621045,1.49940158294972,2.2462907360558,4.49449584300791,0.999994230024179
"2913",22.22199616,1.49969906058356,1.49939924420303,2.24627540052052,4.49447349403713,0.999994188526025
"2914",22.22962734,1.4996979105806,1.49939689636407,2.24626000235321,4.49445105517942,0.999994146709988
"2915",22.23725852,1.49969675618487,1.499394539397,2.24624454128541,4.49442852605895,0.999994104573623
"2916",22.2448897,1.49969559737959,1.49939217326546,2.24622901704267,4.49440590629238,0.999994062114484
"2917",22.25252088,1.49969443414795,1.49938979793314,2.24621342935201,4.49438319549798,0.999994019330095
"2918",22.26015206,1.49969326647305,1.49938741336334,2.24619777793544,4.49436039328785,0.999993976217975
"2919",22.26778324,1.49969209433792,1.49938501951968,2.24618206252098,4.49433749928102,0.999993932775598
"2920",22.27541442,1.49969091772555,1.49938261636523,2.24616628282865,4.49431451308688,0.999993889000442
"2921",22.2830456,1.49968973661885,1.49938020386299,2.24615043857985,4.49429143431608,0.999993844889957
"2922",22.29067678,1.49968855100066,1.49937778197587,2.24613452949425,4.49426826257713,0.999993800441576
"2923",22.29830796,1.49968736085377,1.4993753506666,2.24611855529027,4.49424499747687,0.999993755652709
"2924",22.30593914,1.4996861661609,1.49937290989777,2.24610251568559,4.49422163862091,0.999993710520749
"2925",22.31357032,1.49968496690468,1.49937045963185,2.24608641039658,4.4941981856132,0.999993665043063
"2926",22.3212015,1.49968376306772,1.49936799983095,2.24607023913556,4.49417463805262,0.999993619217014
"2927",22.32883268,1.49968255463252,1.49936553045745,2.24605400161977,4.49415099554373,0.999993573039917
"2928",22.33646386,1.49968134158153,1.49936305147312,2.2460376975583,4.49412725768109,0.999993526509094
"2929",22.34409504,1.49968012389715,1.49936056283986,2.24602132666309,4.49410342406255,0.999993479621831
"2930",22.35172622,1.49967890156169,1.49935806451927,2.24600488864316,4.49407949428214,0.999993432375398
"2931",22.3593574,1.49967767455739,1.49935555647279,2.24598838320544,4.49405546793127,0.999993384767048
"2932",22.36698858,1.49967644286645,1.49935303866176,2.24597181005667,4.49403134460093,0.999993336794008
"2933",22.37461976,1.49967520647097,1.49935051104739,2.24595516890304,4.49400712388111,0.999993288453481
"2934",22.38225094,1.499673965353,1.49934797359082,2.24593845945004,4.49398280536094,0.999993239742645
"2935",22.38988212,1.49967271949452,1.49934542625268,2.24592168139696,4.49395838862179,0.999993190658677
"2936",22.3975133,1.49967146887744,1.49934286899359,2.24590483444415,4.49393387324607,0.99999314119872
"2937",22.40514448,1.4996702134836,1.49934030177439,2.24588791829578,4.49390925882071,0.999993091359879
"2938",22.41277566,1.49966895329477,1.49933772455537,2.24587093264958,4.49388454492446,0.999993041139252
"2939",22.42040684,1.49966768829265,1.49933513729651,2.24585387719871,4.49385973113067,0.99999299053393
"2940",22.42803802,1.49966641845888,1.49933253995802,2.24583675164166,4.49383481701863,0.999992939540954
"2941",22.4356692,1.49966514377501,1.49932993249963,2.24581955567025,4.49380980215959,0.999992888157365
"2942",22.44330038,1.49966386422254,1.49932731488114,2.24580228897933,4.49378468612802,0.999992836380162
"2943",22.45093156,1.49966257978289,1.49932468706212,2.24578495125981,4.49375946849374,0.99999278420633
"2944",22.45856274,1.4996612904374,1.49932204900198,2.24576754220271,4.4937341488262,0.999992731632827
"2945",22.46619392,1.49965999616737,1.49931940065981,2.24575006149471,4.4937087266896,0.999992678656599
"2946",22.4738251,1.49965869695399,1.49931674199454,2.24573250882128,4.4936832016464,0.999992625274565
"2947",22.48145628,1.49965739277841,1.49931407296527,2.24571488387135,4.49365757326306,0.999992571483605
"2948",22.48908746,1.49965608362169,1.49931139353069,2.24569718632899,4.49363184109992,0.999992517280585
"2949",22.49671864,1.49965476946481,1.49930870364901,2.24567941587235,4.49360600471003,0.999992462662366
"2950",22.50434982,1.49965345028871,1.49930600327885,2.24566157218622,4.49358006365422,0.999992407625754
"2951",22.511981,1.49965212607423,1.49930329237838,2.24564365495014,4.49355401748678,0.999992352167543
"2952",22.51961218,1.49965079680214,1.49930057090549,2.24562566384118,4.4935278657587,0.999992296284509
"2953",22.52724336,1.49964946245314,1.49929783881819,2.24560759853789,4.49350160802279,0.999992239973388
"2954",22.53487454,1.49964812300787,1.49929509607382,2.24558945871111,4.49347524382213,0.999992183230919
"2955",22.54250572,1.49964677844688,1.49929234263008,2.24557124403742,4.49344877270661,0.999992126053786
"2956",22.5501369,1.49964542875064,1.49928957844438,2.24555295419112,4.49342219422304,0.99999206843865
"2957",22.55776808,1.49964407389957,1.49928680347354,2.24553458883765,4.49339550790755,0.999992010382177
"2958",22.56539926,1.49964271387399,1.49928401767458,2.24551614764749,4.49336871330193,0.999991951880979
"2959",22.57303044,1.49964134865416,1.49928122100456,2.24549763029214,4.49334180994907,0.999991892931633
"2960",22.58066162,1.49963997822026,1.49927841341987,2.24547903643481,4.49331479738162,0.999991833530718
"2961",22.5882928,1.49963860255239,1.49927559487675,2.24546036573728,4.49328767513031,0.999991773674785
"2962",22.59592398,1.4996372216306,1.49927276533171,2.24544161786646,4.49326044273184,0.999991713360332
"2963",22.60355516,1.49963583543482,1.49926992474061,2.24542279248101,4.49323309971273,0.999991652583855
"2964",22.61118634,1.49963444394494,1.49926707305933,2.24540388924053,4.49320564560041,0.999991591341817
"2965",22.61881752,1.49963304714076,1.49926421024362,2.24538490780451,4.49317807992194,0.999991529630644
"2966",22.6264487,1.499631645002,1.49926133624899,2.24536584782933,4.49315040220044,0.999991467446744
"2967",22.63407988,1.49963023750831,1.49925845103057,2.24534670896732,4.49312261195391,0.999991404786504
"2968",22.64171106,1.49962882463926,1.49925555454379,2.24532749087587,4.49309470870626,0.99999134164626
"2969",22.64934224,1.49962740637434,1.49925264674333,2.24530819320367,4.49306669197056,0.999991278022345
"2970",22.65697342,1.49962598269295,1.49924972758391,2.24528881559917,4.4930385612596,0.999991213911061
"2971",22.6646046,1.49962455357445,1.49924679702031,2.24526935771491,4.49301031609058,0.999991149308657
"2972",22.67223578,1.49962311899808,1.49924385500668,2.2452498191938,4.49298195596909,0.999991084211386
"2973",22.67986696,1.49962167894302,1.49924090149736,2.24523019968298,4.49295348040559,0.999991018615449
"2974",22.68749814,1.49962023338837,1.49923793644629,2.24521049882554,4.49292488890526,0.999990952517026
"2975",22.69512932,1.49961878231314,1.49923495980715,2.24519071626129,4.49289618096924,0.999990885912275
"2976",22.7027605,1.49961732569629,1.4992319715336,2.2451708516311,4.49286735609962,0.999990818797315
"2977",22.71039168,1.49961586351665,1.49922897157922,2.24515090457593,4.49283841379842,0.999990751168226
"2978",22.71802286,1.49961439575301,1.49922595989704,2.24513087472912,4.49280935355832,0.999990683021083
"2979",22.72565404,1.49961292238408,1.49922293644017,2.24511076172724,4.49278017487553,0.99999061435191
"2980",22.73328522,1.49961144338846,1.49921990116139,2.24509056520301,4.49275087724137,0.99999054515671
"2981",22.7409164,1.49960995874468,1.49921685401329,2.24507028478682,4.49272146014432,0.999990475431458
"2982",22.74854758,1.49960846843121,1.49921379494819,2.24504992010746,4.49269192307043,0.999990405172097
"2983",22.75617876,1.49960697242641,1.49921072391862,2.24502947079655,4.49266226550913,0.99999033437452
"2984",22.76380994,1.49960547070857,1.49920764087638,2.24500893647748,4.49263248693959,0.999990263034617
"2985",22.77144112,1.49960396325589,1.49920454577341,2.24498831677647,4.49260258684412,0.999990191148225
"2986",22.7790723,1.49960245004651,1.49920143856121,2.2449676113138,4.49257256469779,0.999990118711168
"2987",22.78670348,1.49960093105845,1.49919831919135,2.24494681971299,4.49254241997915,0.999990045719216
"2988",22.79433466,1.49959940626968,1.49919518761483,2.24492594158988,4.49251215215733,0.999989972168133
"2989",22.80196584,1.49959787565806,1.499192043783,2.24490497656654,4.49248176070879,0.999989898053615
"2990",22.80959702,1.49959633920138,1.49918888764636,2.24488392425395,4.49245124509627,0.999989823371365
"2991",22.8172282,1.49959479687736,1.49918571915568,2.24486278426824,4.49242060478856,0.999989748117024
"2992",22.82485938,1.49959324866359,1.49918253826128,2.24484155622032,4.49238983924785,0.999989672286214
"2993",22.83249056,1.49959169453763,1.49917934491342,2.24482023972092,4.49235894793593,0.999989595874514
"2994",22.84012174,1.49959013447691,1.49917613906187,2.24479883437566,4.49232793030813,0.999989518877487
"2995",22.84775292,1.4995885684588,1.49917292065666,2.24477733979455,4.49229678582478,0.999989441290633
"2996",22.8553841,1.49958699646058,1.49916968964723,2.24475575558006,4.49226551393703,0.999989363109442
"2997",22.86301528,1.49958541845942,1.49916644598288,2.24473408133443,4.49223411409536,0.999989284329363
"2998",22.87064646,1.49958383443244,1.49916318961283,2.24471231665945,4.49220258574955,0.999989204945803
"2999",22.87827764,1.49958224435665,1.49915992048597,2.24469046115394,4.49217092834544,0.999989124954139
"3000",22.88590882,1.49958064820898,1.49915663855106,2.24466851441522,4.49213914132692,0.999989044349712
"3001",22.89354,1.49957904596626,1.49915334375643,2.24464647603653,4.49210722413261,0.999988963127835
"3002",22.90117118,1.49957743760526,1.49915003605047,2.24462434561206,4.49207517620219,0.999988881283774
"3003",22.90880236,1.49957582310262,1.49914671538125,2.24460212273349,4.49204299697187,0.99998879881276
"3004",22.91643354,1.49957420243493,1.49914338169649,2.24457980698883,4.49201068587321,0.999988715709995
"3005",22.92406472,1.49957257557868,1.49914003494384,2.24455739796528,4.49197824233668,0.999988631970641
"3006",22.9316959,1.49957094251025,1.49913667507074,2.24453489524926,4.49194566579142,0.999988547589816
"3007",22.93932708,1.49956930320596,1.49913330202434,2.24451229842361,4.49191295566201,0.999988462562609
"3008",22.94695826,1.49956765764201,1.49912991575164,2.24448960707057,4.49188011137209,0.999988376884065
"3009",22.95458944,1.49956600579454,1.4991265161993,2.24446682076859,4.49184713234045,0.999988290549197
"3010",22.96222062,1.49956434763958,1.49912310331372,2.24444393909352,4.49181401798247,0.999988203552986
"3011",22.9698518,1.49956268315307,1.49911967704133,2.24442096162327,4.49178076771576,0.999988115890353
"3012",22.97748298,1.49956101231087,1.49911623732819,2.24439788793123,4.49174738095227,0.999988027556194
"3013",22.98511416,1.49955933508873,1.49911278411996,2.24437471758646,4.49171385709837,0.999987938545374
"3014",22.99274534,1.49955765146232,1.49910931736246,2.24435145016141,4.49168019556433,0.999987848852697
"3015",23.00037652,1.49955596140722,1.49910583700081,2.24432808522029,4.49164639575019,0.999987758472952
"3016",23.0080077,1.49955426489891,1.4991023429803,2.24430462233032,4.49161245705935,0.999987667400867
"3017",23.01563888,1.49955256191278,1.49909883524573,2.24428106105308,4.49157837888819,0.999987575631145
"3018",23.02327006,1.49955085242411,1.49909531374182,2.24425740095091,4.49154416063361,0.999987483158437
"3019",23.03090124,1.49954913640813,1.49909177841286,2.24423364158036,4.49150980168538,0.999987389977367
"3020",23.03853242,1.49954741383992,1.49908822920321,2.24420978250113,4.49147530143676,0.999987296082498
"3021",23.0461636,1.49954568469451,1.49908466605694,2.24418582326889,4.49144065927592,0.999987201468356
"3022",23.05379478,1.4995439489468,1.49908108891751,2.24416176343323,4.49140587458334,0.999987106129446
"3023",23.06142596,1.49954220657163,1.49907749772846,2.24413760254516,4.49137094674097,0.999987010060213
"3024",23.06905714,1.49954045754372,1.49907389243303,2.24411334015313,4.49133587512745,0.999986913255061
"3025",23.07668832,1.49953870183769,1.49907027297434,2.24408897580484,4.49130065912022,0.999986815708347
"3026",23.0843195,1.49953693942808,1.4990666392951,2.24406450904353,4.49126529809102,0.999986717414394
"3027",23.09195068,1.49953517028933,1.49906299133762,2.24403993940824,4.49122979140632,0.999986618367489
"3028",23.09958186,1.49953339439578,1.49905932904444,2.2440152664429,4.49119413843808,0.999986518561846
"3029",23.10721304,1.49953161172166,1.49905565235754,2.24399048968373,4.49115833854883,0.999986417991658
"3030",23.11484422,1.49952982224113,1.49905196121856,2.24396560866404,4.49112239109726,0.999986316651076
"3031",23.1224754,1.49952802592822,1.49904825556917,2.24394062291893,4.49108629544389,0.999986214534191
"3032",23.13010658,1.49952622275688,1.4990445353505,2.24391553197699,4.49105005094119,0.999986111635064
"3033",23.13773776,1.49952441270097,1.49904080050376,2.24389033536924,4.4910136569442,0.999986007947693
"3034",23.14536894,1.49952259573422,1.49903705096964,2.24386503262076,4.49097711280053,0.999985903466045
"3035",23.15300012,1.49952077183028,1.4990332866887,2.24383962325577,4.4909404178565,0.999985798184033
"3036",23.1606313,1.49951894096271,1.49902950760102,2.2438141067934,4.49090357145196,0.999985692095539
"3037",23.16826248,1.49951710310495,1.49902571364694,2.24378848275733,4.49086657293205,0.999985585194366
"3038",23.17589366,1.49951525823035,1.49902190476612,2.24376275066356,4.49082942163221,0.999985477474293
"3039",23.18352484,1.49951340631215,1.49901808089795,2.24373691002481,4.49079211688377,0.999985368929056
"3040",23.19115602,1.49951154732349,1.49901424198186,2.24371096035644,4.49075465802089,0.999985259552322
"3041",23.1987872,1.49950968123742,1.49901038795669,2.24368490116612,4.49071704436819,0.999985149337732
"3042",23.20641838,1.49950780802688,1.4990065187612,2.24365873196228,4.49067927525085,0.999985038278864
"3043",23.21404956,1.49950592766469,1.49900263433384,2.24363245224993,4.49064134998971,0.999984926369255
"3044",23.22168074,1.49950404012359,1.49899873461293,2.24360606153403,4.4906032679052,0.999984813602376
"3045",23.22931192,1.49950214537622,1.49899481953639,2.24357955931432,4.49056502831124,0.999984699971667
"3046",23.2369431,1.49950024339509,1.49899088904178,2.24355294508793,4.49052663051821,0.999984585470514
"3047",23.24457428,1.49949833415262,1.49898694306661,2.24352621835178,4.49048807383595,0.999984470092245
"3048",23.25220546,1.49949641762114,1.49898298154798,2.24349937859895,4.49044935756942,0.999984353830143
"3049",23.25983664,1.49949449377284,1.49897900442281,2.24347242532095,4.49041048102134,0.999984236677435
"3050",23.26746782,1.49949256257984,1.49897501162778,2.24344535800722,4.49037144349171,0.999984118627293
"3051",23.275099,1.49949062401413,1.49897100309888,2.24341817613935,4.49033224427062,0.999983999672865
"3052",23.28273018,1.4994886780476,1.49896697877255,2.24339087920619,4.49029288265669,0.999983879807199
"3053",23.29036136,1.49948672465204,1.49896293858447,2.24336346668713,4.49025335793691,0.999983759023321
"3054",23.29799254,1.49948476379913,1.49895888247005,2.24333593805971,4.49021366939558,0.999983637314205
"3055",23.30562372,1.49948279546043,1.49895481036459,2.24330829280074,4.49017381631588,0.999983514672758
"3056",23.3132549,1.49948081960741,1.49895072220301,2.2432805303835,4.49013379797643,0.99998339109184
"3057",23.32088608,1.49947883621142,1.49894661792008,2.24325265028021,4.49009361365425,0.999983266564249
"3058",23.32851726,1.49947684524371,1.49894249745004,2.2432246519573,4.49005326261907,0.999983141082743
"3059",23.33614844,1.4994748466754,1.49893836072713,2.24319653488203,4.49001274414136,0.999983014640007
"3060",23.34377962,1.49947284047753,1.49893420768519,2.24316829851834,4.48997205748718,0.999982887228677
"3061",23.3514108,1.49947082662101,1.49893003825777,2.24313994232702,4.48993120191845,0.999982758841331
"3062",23.35904198,1.49946880507664,1.49892585237799,2.24311146576412,4.48989017669122,0.999982629470504
"3063",23.36667316,1.49946677581513,1.49892164997895,2.24308286828683,4.48984898106246,0.999982499108653
"3064",23.37430434,1.49946473880704,1.49891743099341,2.24305414934935,4.48980761428524,0.99998236774818
"3065",23.38193552,1.49946269402285,1.49891319535354,2.24302530839864,4.4897660756036,0.999982235381453
"3066",23.3895667,1.49946064143292,1.49890894299156,2.24299634488385,4.48972436426394,0.999982102000754
"3067",23.39719788,1.4994585810075,1.49890467383933,2.24296725825068,4.48968247950806,0.999981967598313
"3068",23.40482906,1.49945651271671,1.49890038782819,2.24293804793915,4.48964042057066,0.999981832166314
"3069",23.41246024,1.49945443653058,1.49889608488968,2.24290871339262,4.48959818669022,0.999981695696851
"3070",23.42009142,1.49945235241901,1.49889176495442,2.24287925404428,4.48955577709246,0.999981558181995
"3071",23.4277226,1.49945026035179,1.49888742795318,2.24284966933005,4.48951319100615,0.999981419613728
"3072",23.43535378,1.4994481602986,1.49888307381629,2.24281995868123,4.48947042765421,0.999981279983982
"3073",23.44298496,1.49944605222899,1.49887870247376,2.2427901215262,4.48942748625564,0.999981139284626
"3074",23.45061614,1.49944393611242,1.49887431385522,2.24276015728965,4.48938436602461,0.999980997507472
"3075",23.45824732,1.49944181191821,1.49886990789017,2.24273006539541,4.48934106617411,0.99998085464426
"3076",23.4658785,1.49943967961557,1.4988654845078,2.24269984526476,4.48929758591356,0.999980710686666
"3077",23.47350968,1.49943753917359,1.49886104363682,2.24266949631425,4.4892539244463,0.99998056562631
"3078",23.48114086,1.49943539056127,1.49885658520567,2.24263901795739,4.48921008097179,0.99998041945475
"3079",23.48877204,1.49943323374744,1.4988521091427,2.24260840960817,4.4891660546897,0.999980272163462
"3080",23.49640322,1.49943106870087,1.49884761537571,2.24257767067422,4.48912184479167,0.999980123743877
"3081",23.5040344,1.49942889539016,1.4988431038323,2.24254680056229,4.48907745046793,0.999979974187346
"3082",23.51166558,1.49942671378383,1.49883857443956,2.24251579867307,4.48903287090108,0.999979823485173
"3083",23.51929676,1.49942452385025,1.49883402712469,2.24248466441072,4.48898810527753,0.999979671628563
"3084",23.52692794,1.4994223255577,1.49882946181408,2.24245339716929,4.48894315277119,0.999979518608688
"3085",23.53455912,1.49942011887431,1.49882487843415,2.24242199634455,4.4888980125577,0.999979364416629
"3086",23.5421903,1.4994179037681,1.4988202769109,2.24239046132855,4.48885268380781,0.999979209043406
"3087",23.54982148,1.49941568020698,1.49881565716994,2.24235879150873,4.48880716568648,0.999979052479975
"3088",23.55745266,1.49941344815873,1.49881101913662,2.24232698627101,4.48876145735635,0.999978894717216
"3089",23.56508384,1.49941120759099,1.49880636273583,2.24229504499658,4.48871555797399,0.999978735745949
"3090",23.57271502,1.49940895847131,1.49880168789258,2.24226296706877,4.48866946669842,0.999978575556897
"3091",23.5803462,1.4994067007671,1.49879699453079,2.24223075185827,4.48862318267281,0.999978414140761
"3092",23.58797738,1.49940443444564,1.4987922825749,2.24219839874439,4.48857670505047,0.999978251488111
"3093",23.59560856,1.49940215947408,1.49878755194839,2.24216590709435,4.48853003296979,0.999978087589491
"3094",23.60323974,1.49939987581948,1.49878280257457,2.24213327627456,4.48848316556784,0.99997792243536
"3095",23.61087092,1.49939758344874,1.49877803437668,2.24210050565242,4.48843610198243,0.999977756016086
"3096",23.6185021,1.49939528232865,1.49877324727723,2.24206759458641,4.48838884134035,0.99997758832199
"3097",23.62613328,1.49939297242587,1.49876844119855,2.24203454243397,4.4883413827667,0.999977419343309
"3098",23.63376446,1.49939065370693,1.49876361606294,2.24200134855403,4.48829372538809,0.999977249070183
"3099",23.64139564,1.49938832613824,1.49875877179186,2.24196801229523,4.48824586831827,0.999977077492711
"3100",23.64902682,1.49938598968608,1.4987539083066,2.24193453300581,4.48819781067012,0.999976904600904
"3101",23.656658,1.49938364431659,1.49874902552823,2.24190091003148,4.48814955155331,0.99997673038469
"3102",23.66428918,1.4993812899958,1.49874412337738,2.24186714271476,4.48810109007301,0.999976554833922
"3103",23.67192036,1.49937892668961,1.4987392017744,2.24183323039507,4.48805242533045,0.999976377938377
"3104",23.67955154,1.49937655436378,1.49873426063935,2.24179917240957,4.48800355642374,0.999976199687743
"3105",23.68718272,1.49937417298394,1.49872929989148,2.241764968086,4.48795448243919,0.999976020071666
"3106",23.6948139,1.49937178251559,1.49872431945031,2.24173061675726,4.48790520246905,0.999975839079665
"3107",23.70244508,1.4993693829241,1.49871931923476,2.24169611774958,4.48785571559708,0.999975656701201
"3108",23.71007626,1.49936697417473,1.49871429916324,2.24166147038396,4.48780602090032,0.999975472925659
"3109",23.71770744,1.49936455623257,1.49870925915395,2.24162667397959,4.48775611745337,0.999975287742339
"3110",23.72533862,1.4993621290626,1.4987041991248,2.24159172785389,4.48770600432821,0.999975101140449
"3111",23.7329698,1.49935969262967,1.49869911899323,2.24155663131896,4.48765568059004,0.999974913109124
"3112",23.74060098,1.49935724689848,1.49869401867621,2.24152138368238,4.48760514529824,0.999974723637423
"3113",23.74823216,1.49935479183362,1.49868889809058,2.24148598425126,4.48755439751121,0.999974532714306
"3114",23.75586334,1.49935232739951,1.49868375715271,2.24145043232822,4.48750343628157,0.999974340328654
"3115",23.76349452,1.49934985356048,1.4986785957787,2.24141472721365,4.48745226065886,0.999974146469256
"3116",23.7711257,1.49934737028068,1.49867341388396,2.24137886819968,4.48740086968227,0.999973951124839
"3117",23.77875688,1.49934487752416,1.4986682113838,2.24134285457975,4.48734926239207,0.999973754284022
"3118",23.78638806,1.49934237525481,1.49866298819329,2.24130668564437,4.48729743782481,0.999973555935332
"3119",23.79401924,1.4993398634364,1.49865774422682,2.24127036067715,4.48724539500817,0.999973356067226
"3120",23.80165042,1.49933734203254,1.49865247939851,2.24123387895953,4.48719313296682,0.999973154668065
"3121",23.8092816,1.49933481100672,1.49864719362216,2.24119723977015,4.48714065072174,0.999972951726118
"3122",23.81691278,1.49933227032229,1.49864188681112,2.24116044238311,4.4870879472879,0.99997274722957
"3123",23.82454396,1.49932971994246,1.49863655887844,2.24112348607022,4.48703502167722,0.999972541166506
"3124",23.83217514,1.4993271598303,1.49863120973666,2.24108637009795,4.48698187289471,0.999972333524932
"3125",23.83980632,1.49932458994873,1.49862583929799,2.24104909372968,4.48692849994127,0.999972124292758
"3126",23.8474375,1.49932201026054,1.49862044747436,2.24101165622693,4.48687490181518,0.999971913457792
"3127",23.85506868,1.49931942072838,1.49861503417714,2.24097405684528,4.48682107750701,0.999971701007761
"3128",23.86269986,1.49931682131475,1.49860959931743,2.24093629483781,4.48676702600415,0.999971486930291
"3129",23.87033104,1.49931421198201,1.49860414280593,2.24089836945437,4.48671274628948,0.999971271212913
"3130",23.87796222,1.49931159269239,1.49859866455283,2.2408602799393,4.48665823733881,0.99997105384307
"3131",23.8855934,1.49930896340795,1.49859316446805,2.24082202553531,4.48660349812568,0.999970834808098
"3132",23.89322458,1.49930632409064,1.49858764246096,2.24078360547859,4.48654852761529,0.999970614095251
"3133",23.90085576,1.49930367470223,1.49858209844077,2.2407450190056,4.48649332477273,0.999970391691664
"3134",23.90848694,1.49930101520438,1.4985765323161,2.24070626534626,4.4864378885548,0.99997016758439
"3135",23.91611812,1.49929834555857,1.49857094399518,2.24066734372656,4.48638221791316,0.99996994176038
"3136",23.9237493,1.49929566572615,1.49856533338581,2.24062825336869,4.4863263117944,0.999969714206486
"3137",23.93138048,1.49929297566834,1.49855970039554,2.2405889934931,4.48627016914268,0.999969484909451
"3138",23.93901166,1.49929027534619,1.49855404493129,2.24054956331367,4.48621378889359,0.999969253855926
"3139",23.94664284,1.49928756472061,1.49854836689988,2.24050996204368,4.48615716998197,0.999969021032447
"3140",23.95427402,1.49928484375236,1.4985426662074,2.24047018888957,4.48610031133354,0.99996878642546
"3141",23.9619052,1.49928211240205,1.49853694275953,2.24043024305326,4.48604321186836,0.99996855002131
"3142",23.96953638,1.49927937063014,1.49853119646176,2.2403901237357,4.4859858705048,0.999968311806224
"3143",23.97716756,1.49927661839695,1.49852542721893,2.24034983013137,4.48592828615304,0.999968071766333
"3144",23.98479874,1.49927385566264,1.49851963493575,2.24030936143371,4.48587045772169,0.99996782988765
"3145",23.99242992,1.49927108238722,1.49851381951609,2.24026871682801,4.48581238410872,0.9999675861561
"3146",24.0000611,1.49926829853054,1.49850798086386,2.24022789550037,4.48575406421305,0.999967340557477
"3147",24.00769228,1.49926550405233,1.49850211888215,2.24018689662877,4.48569549692305,0.999967093077487
"3148",24.01532346,1.49926269891212,1.49849623347373,2.24014571938803,4.48563668112298,0.999966843701719
"3149",24.02295464,1.49925988306933,1.49849032454113,2.24010436295139,4.48557761569478,0.999966592415643
"3150",24.03058582,1.49925705648319,1.49848439198606,2.24006282648316,4.485518299509,0.99996633920464
"3151",24.038217,1.49925421911281,1.49847843571022,2.24002110914926,4.48545873143781,0.999966084053948
"3152",24.04584818,1.49925137091711,1.49847245561452,2.23997921010648,4.48539891034189,0.999965826948722
"3153",24.05347936,1.49924851185488,1.49846645159975,2.23993712851216,4.48533883508211,0.999965567873975
"3154",24.06111054,1.49924564188475,1.49846042356601,2.23989486351554,4.48527850450915,0.999965306814627
"3155",24.06874172,1.49924276096518,1.49845437141287,2.23985241426152,4.48521791746787,0.999965043755482
"3156",24.0763729,1.49923986905448,1.49844829503978,2.23980977989422,4.48515707280183,0.999964778681212
"3157",24.08400408,1.4992369661108,1.49844219434552,2.23976695955107,4.48509596934608,0.999964511576382
"3158",24.09163526,1.49923405209215,1.49843606922848,2.23972395236596,4.48503460593087,0.999964242425436
"3159",24.09926644,1.49923112695635,1.49842991958656,2.23968075746763,4.48497298137982,0.999963971212701
"3160",24.10689762,1.49922819066108,1.49842374531699,2.2396373739788,4.48491109450861,0.999963697922398
"3161",24.1145288,1.49922524316386,1.49841754631708,2.23959380102378,4.48484894413467,0.99996342253859
"3162",24.12215998,1.49922228442203,1.49841132248341,2.23955003771942,4.4847865290659,0.999963145045237
"3163",24.12979116,1.49921931439279,1.49840507371173,2.23950608317376,4.48472384809883,0.9999628654262
"3164",24.13742234,1.49921633303317,1.49839879989779,2.2394619364959,4.48466090003104,0.999962583665186
"3165",24.14505352,1.49921334030003,1.49839250093666,2.2394175967883,4.48459768365152,0.99996229974579
"3166",24.1526847,1.49921033615008,1.4983861767231,2.23937306315075,4.48453419774562,0.99996201365147
"3167",24.16031588,1.49920732053985,1.49837982715128,2.23932833467721,4.4844704410911,0.999961725365566
"3168",24.16794706,1.49920429342573,1.49837345211477,2.23928341045545,4.48440641245779,0.999961434871301
"3169",24.17557824,1.49920125476391,1.49836705150691,2.23923828957178,4.48434211061329,0.999961142151748
"3170",24.18320942,1.49919820451045,1.49836062522048,2.23919297110723,4.48427753431834,0.999960847189858
"3171",24.1908406,1.49919514262121,1.4983541731475,2.23914745413471,4.48421268232325,0.999960549968471
"3172",24.19847178,1.49919206905191,1.49834769518005,2.23910173772924,4.48414755338062,0.999960250470257
"3173",24.20610296,1.49918898375809,1.49834119120918,2.23905582095417,4.4840821462283,0.999959948677791
"3174",24.21373414,1.49918588669512,1.49833466112577,2.23900970287341,4.48401645960429,0.999959644573489
"3175",24.22136532,1.4991827778182,1.49832810482028,2.23896338254543,4.48395049223978,0.999959338139634
"3176",24.2289965,1.49917965708237,1.49832152218223,2.2389168590198,4.48388424285428,0.999959029358398
"3177",24.23662768,1.49917652444248,1.49831491310093,2.23887013134382,4.48381771016446,0.9999587182118
"3178",24.24425886,1.49917337985324,1.49830827746541,2.23882319856426,4.48375089288563,0.999958404681702
"3179",24.25189004,1.49917022326917,1.49830161516389,2.23877605971789,4.48368378972062,0.999958088749853
"3180",24.25952122,1.4991670546446,1.49829492608402,2.2387287138368,4.48361639936592,0.999957770397862
"3181",24.2671524,1.49916387393372,1.49828821011317,2.23868115995058,4.4835487205147,0.999957449607186
"3182",24.27478358,1.49916068109053,1.49828146713804,2.23863339708209,4.4834807518514,0.999957126359147
"3183",24.28241476,1.49915747606885,1.49827469704498,2.23858542425169,4.48341249205692,0.999956800634914
"3184",24.29004594,1.49915425882234,1.4982678997196,2.23853724047175,4.48334393980193,0.999956472415527
"3185",24.29767712,1.49915102930448,1.49826107504739,2.23848884475468,4.48327509375684,0.999956141681853
"3186",24.3053083,1.49914778746856,1.49825422291275,2.23844023610088,4.48320595257676,0.999955808414652
"3187",24.31293948,1.49914453326771,1.49824734319986,2.2383914135098,4.48313651491524,0.999955472594517
"3188",24.32057066,1.49914126665487,1.49824043579253,2.23834237597745,4.48306677942124,0.999955134201878
"3189",24.32820184,1.49913798758282,1.49823350057378,2.2382931224918,4.48299674473337,0.999954793217036
"3190",24.33583302,1.49913469600414,1.49822653742615,2.23824365203675,4.4829264094847,0.999954449620134
"3191",24.3434642,1.49913139187124,1.49821954623178,2.23819396359188,4.48285577230285,0.99995410339116
"3192",24.35109538,1.49912807513635,1.49821252687219,2.23814405613136,4.48278483180811,0.999953754509948
"3193",24.35872656,1.49912474575152,1.4982054792283,2.23809392862361,4.48271358661331,0.999953402956183
"3194",24.36635774,1.49912140366861,1.4981984031804,2.2380435800302,4.48264203532251,0.999953048709402
"3195",24.37398892,1.49911804883931,1.49819129860842,2.23799300931019,4.48257017653617,0.999952691748973
"3196",24.3816201,1.49911468121513,1.49818416539188,2.23794221541918,4.48249800885014,0.999952332054092
"3197",24.38925128,1.49911130074737,1.49817700340927,2.23789119730157,4.48242553084595,0.999951969603833
"3198",24.39688246,1.49910790738717,1.49816981253896,2.23783995390134,4.48235274110435,0.99995160437708
"3199",24.40451364,1.49910450108549,1.49816259265857,2.23778848415585,4.48227963819728,0.999951236352563
"3200",24.41214482,1.49910108179307,1.49815534364525,2.23773678699729,4.4822062206901,0.999950865508848
"3201",24.419776,1.49909764946051,1.49814806537554,2.23768486135228,4.48213248714075,0.999950491824339
"3202",24.42740718,1.49909420403819,1.49814075772529,2.23763270614066,4.48205843609838,0.999950115277282
"3203",24.43503836,1.4990907454763,1.49813342057002,2.23758032027943,4.48198406610826,0.99994973584574
"3204",24.44266954,1.49908727372487,1.4981260537844,2.23752770267709,4.48190937570471,0.999949353507629
"3205",24.45030072,1.49908378873371,1.49811865724279,2.23747485223964,4.48183436341859,0.999948968240675
"3206",24.4579319,1.49908029045246,1.49811123081901,2.23742176786821,4.48175902777426,0.999948580022431
"3207",24.46556308,1.49907677883056,1.49810377438585,2.23736844845292,4.48168336728204,0.999948188830311
"3208",24.47319426,1.49907325381727,1.49809628781597,2.23731489288393,4.48160738045193,0.999947794641522
"3209",24.48082544,1.49906971536164,1.49808877098144,2.23726110004514,4.48153106578582,0.999947397433101
"3210",24.48845662,1.49906616341254,1.49808122375323,2.2372070688096,4.48145442177156,0.999946997181938
"3211",24.4960878,1.49906259791865,1.49807364600233,2.2371527980517,4.4813774468984,0.999946593864708
"3212",24.50371898,1.49905901882843,1.49806603759885,2.23709828663664,4.48130013964377,0.999946187457926
"3213",24.51135016,1.49905542609018,1.49805839841221,2.23704353342256,4.4812224984759,0.999945777937934
"3214",24.51898134,1.49905181965199,1.49805072831159,2.23698853726685,4.48114452186174,0.999945365280866
"3215",24.52661252,1.49904819946174,1.49804302716509,2.23693329701497,4.48106620825291,0.999944949462707
"3216",24.5342437,1.49904456546713,1.49803529484049,2.23687781151046,4.48098755609829,0.999944530459237
"3217",24.54187488,1.49904091761566,1.49802753120498,2.23682207959038,4.48090856383845,0.999944108246052
"3218",24.54950606,1.49903725585462,1.49801973612498,2.23676610008515,4.4808292299051,0.999943682798569
"3219",24.55713724,1.49903358013111,1.49801190946633,2.23670987181934,4.4807495527223,0.999943254092014
"3220",24.56476842,1.49902989039204,1.49800405109446,2.23665339361395,4.48066953070936,0.999942822101409
"3221",24.5723996,1.4990261865841,1.49799616087383,2.23659666428,4.48058916227273,0.99994238680161
"3222",24.58003078,1.49902246865378,1.49798823866847,2.23653968262488,4.48050844581395,0.999941948167266
"3223",24.58766196,1.49901873654738,1.49798028434186,2.23648244745094,4.48042737972785,0.999941506172825
"3224",24.59529314,1.49901499021099,1.49797229775666,2.23642495755247,4.48034596239884,0.999941060792551
"3225",24.60292432,1.49901122959049,1.49796427877486,2.23636721171698,4.48026419220248,0.999940612000518
"3226",24.6105555,1.49900745463157,1.4979562272581,2.23630920872906,4.48018206751039,0.999940159770578
"3227",24.61818668,1.4990036652797,1.49794814306715,2.23625094736537,4.48009958668368,0.999939704076397
"3228",24.62581786,1.49899986148016,1.49794002606213,2.23619242639574,4.48001674807476,0.999939244891441
"3229",24.63344904,1.498996043178,1.49793187610273,2.2361336445864,4.47993355003104,0.999938782188958
"3230",24.64108022,1.49899221031809,1.49792369304746,2.23607460069118,4.47984999088411,0.999938315942027
"3231",24.6487114,1.49898836284506,1.4979154767549,2.23601529346624,4.4797660689681,0.999937846123471
"3232",24.65634258,1.49898450070336,1.49790722708231,2.23595572165406,4.47968178259948,0.999937372705947
"3233",24.66397376,1.49898062383721,1.49789894388674,2.23589588399522,4.47959713009224,0.999936895661876
"3234",24.67160494,1.49897673219063,1.49789062702422,2.23583577922069,4.4795121097477,0.99993641496349
"3235",24.67923612,1.49897282570742,1.49788227635054,2.2357754060598,4.47942671986489,0.999935930582775
"3236",24.6868673,1.49896890433118,1.49787389172044,2.23571476323056,4.4793409587283,0.999935442491536
"3237",24.69449848,1.49896496800528,1.49786547298801,2.23565384944567,4.47925482461525,0.999934950661353
"3238",24.70212966,1.4989610166729,1.49785702000698,2.23559266341453,4.47916831579873,0.999934455063567
"3239",24.70976084,1.49895705027697,1.49784853262983,2.23553120383346,4.4790814305348,0.999933955669343
"3240",24.71739202,1.49895306876024,1.49784001070897,2.23546946939958,4.47899416708022,0.999933452449578
"3241",24.7250232,1.49894907206522,1.4978314540958,2.23540745879947,4.47890652367823,0.999932945374969
"3242",24.73265438,1.49894506013421,1.49782286264089,2.23534517071185,4.47881849856159,0.999932434415999
"3243",24.74028556,1.4989410329093,1.49781423619438,2.23528260381182,4.47873008995836,0.999931919542902
"3244",24.74791674,1.49893699033235,1.49780557460568,2.23521975676695,4.47864129608681,0.999931400725693
"3245",24.75554792,1.498932932345,1.4977968777233,2.23515662823678,4.47855211515444,0.999930877934162
"3246",24.7631791,1.49892885888868,1.4977881453952,2.23509321687467,4.47846254536105,0.999930351137866
"3247",24.77081028,1.49892476990458,1.49777937746852,2.23502952132743,4.47837258489743,0.999929820306126
"3248",24.77844146,1.49892066533369,1.49777057378977,2.23496554023463,4.47828223194518,0.99992928540803
"3249",24.78607264,1.49891654511677,1.49776173420481,2.23490127223051,4.4781914846787,0.999928746412419
"3250",24.79370382,1.49891240919435,1.4977528585584,2.23483671593833,4.4781003412582,0.999928203287924
"3251",24.801335,1.49890825750673,1.49774394669513,2.23477186997989,4.4780087998418,0.999927656002895
"3252",24.80896618,1.498904089994,1.49773499845834,2.234706732965,4.47791685857202,0.999927104525477
"3253",24.81659736,1.49889990659601,1.497726013691,2.23464130350022,4.47782451558697,0.999926548823544
"3254",24.82422854,1.4988957072524,1.49771699223504,2.23457558018156,4.47773176901114,0.999925988864745
"3255",24.83185972,1.49889149190256,1.49770793393187,2.23450956160075,4.47763861696321,0.999925424616465
"3256",24.8394909,1.49888726048567,1.49769883862225,2.23444324634314,4.47754505755357,0.999924856045833
"3257",24.84712208,1.49888301294067,1.49768970614573,2.23437663298235,4.47745108887723,0.999924283119757
"3258",24.85475326,1.49887874920627,1.49768053634148,2.23430972008784,4.47735670902394,0.999923705804869
"3259",24.86238444,1.49887446922095,1.49767132904785,2.23424250622254,4.47726191607449,0.999923124067542
"3260",24.87001562,1.49887017292295,1.49766208410238,2.23417498994099,4.47716670809888,0.999922537873899
"3261",24.8776468,1.49886586025031,1.4976528013417,2.2341071697882,4.47707108315484,0.999921947189817
"3262",24.88527798,1.49886153114078,1.49764348060199,2.23403904430674,4.47697503929639,0.999921351980879
"3263",24.89290916,1.49885718553193,1.49763412171848,2.23397061202844,4.47687857456391,0.999920752212427
"3264",24.90054034,1.49885282336105,1.4976247245254,2.2339018714762,4.47678168698597,0.999920147849545
"3265",24.90817152,1.49884844456523,1.49761528885655,2.23383282116905,4.47668437458593,0.999919538857027
"3266",24.9158027,1.49884404908129,1.49760581454478,2.23376345961684,4.47658663537516,0.99991892519941
"3267",24.92343388,1.49883963684584,1.49759630142205,2.23369378532056,4.47648846735355,0.999918306840964
"3268",24.93106506,1.49883520779523,1.4975867493197,2.23362379677565,4.4763898685136,0.999917683745674
"3269",24.93869624,1.49883076186557,1.49757715806829,2.23355349247033,4.47629083683821,0.999917055877246
"3270",24.94632742,1.49882629899276,1.49756752749725,2.23348287088129,4.47619137029551,0.999916423199132
"3271",24.9539586,1.49882181911241,1.4975578574355,2.23341193048121,4.47609146684802,0.99991578567448
"3272",24.96158978,1.49881732215992,1.49754814771115,2.23334066973439,4.4759911244475,0.99991514326616
"3273",24.96922096,1.49881280807044,1.49753839815125,2.23326908709521,4.47589034103261,0.999914495936771
"3274",24.97685214,1.49880827677887,1.4975286085823,2.23319718101328,4.47578911453571,0.999913843648605
"3275",24.98448332,1.49880372821986,1.49751877882974,2.23312494992732,4.47568744287502,0.999913186363685
"3276",24.9921145,1.49879916232783,1.49750890871833,2.23305239227027,4.47558532396104,0.999912524043728
"3277",24.99974568,1.49879457903694,1.49749899807185,2.23297950646507,4.47548275569126,0.999911856650172
"3278",25.00737686,1.49878997828111,1.49748904671349,2.2329062909299,4.47537973595679,0.999911184144137
"3279",25.01500804,1.49878535999399,1.49747905446532,2.23283274407142,4.47527626263378,0.999910506486469
"3280",25.02263922,1.498780724109,1.49746902114862,2.23275886428898,4.47517233358878,0.999909823637708
"3281",25.0302704,1.49877607055931,1.49745894658394,2.23268464997561,4.47506794667988,0.999909135558078
"3282",25.03790158,1.49877139927782,1.49744883059078,2.23261009951335,4.47496309975104,0.99990844220752
"3283",25.04553276,1.4987667101972,1.49743867298796,2.23253521127861,4.47485779063855,0.999907743545648
"3284",25.05316394,1.49876200324984,1.49742847359331,2.23245998363795,4.47475201716592,0.999907039531779
"3285",25.06079512,1.49875727836791,1.4974182322238,2.23238441494993,4.47464577714619,0.999906330124914
"3286",25.0684263,1.49875253548328,1.4974079486955,2.2323085035642,4.47453906838067,0.999905615283744
"3287",25.07605748,1.49874777452759,1.49739762282368,2.23223224782314,4.47443188866115,0.999904894966637
"3288",25.08368866,1.49874299543224,1.49738725442265,2.23215564605973,4.47432423576712,0.999904169131648
"3289",25.09131984,1.49873819812832,1.49737684330593,2.23207869660022,4.47421610746904,0.999903437736497
"3290",25.09895102,1.49873338254671,1.4973663892859,2.23200139775883,4.47410750152193,0.999902700738605
"3291",25.1065822,1.498728548618,1.49735589217425,2.23192374784403,4.47399841567299,0.999901958095047
"3292",25.11421338,1.49872369627253,1.49734535178169,2.23184574515444,4.47388884765669,0.999901209762578
"3293",25.12184456,1.49871882544037,1.497334767918,2.23176738798039,4.47377879519644,0.999900455697619
"3294",25.12947574,1.49871393605133,1.49732414039216,2.23168867460482,4.47366825600594,0.999899695856247
"3295",25.13710692,1.49870902803497,1.4973134690119,2.23160960329769,4.47355722778214,0.999898930194231
"3296",25.1447381,1.49870410132056,1.49730275358448,2.23153017232546,4.47344570821712,0.999898158666965
"3297",25.15236928,1.49869915583711,1.49729199391595,2.23145037994267,4.47333369498746,0.999897381229522
"3298",25.16000046,1.49869419151337,1.49728118981133,2.23137022439433,4.47322118575717,0.999896597836637
"3299",25.16763164,1.49868920827782,1.49727034107481,2.23128970391704,4.47310817817931,0.999895808442691
"3300",25.17526282,1.49868420605867,1.49725944750984,2.23120881674161,4.47299466989909,0.999895013001696
"3301",25.182894,1.49867918478385,1.49724850891846,2.23112756108379,4.47288065854233,0.999894211467351
"3302",25.19052518,1.49867414438103,1.49723752510225,2.23104593515645,4.47276614173077,0.999893403792958
"3303",25.19815636,1.49866908477761,1.49722649586135,2.23096393715776,4.47265111706702,0.999892589931501
"3304",25.20578754,1.4986640059007,1.49721542099533,2.23088156528101,4.47253558214724,0.99989176983557
"3305",25.21341872,1.49865890767715,1.49720430030257,2.23079881770832,4.47241953455281,0.99989094345741
"3306",25.2210499,1.49865379003352,1.4971931335804,2.23071569261137,4.47230297185166,0.999890110748905
"3307",25.22868108,1.49864865289612,1.49718192062539,2.23063218815528,4.4721858916028,0.999889271661551
"3308",25.23631226,1.49864349619095,1.49717066123282,2.230548302492,4.47206829134832,0.999888426146499
"3309",25.24394344,1.49863831984376,1.49715935519732,2.23046403376843,4.47195016862329,0.999887574154494
"3310",25.25157462,1.49863312377999,1.49714800231232,2.23037938011954,4.4718315209473,0.999886715635924
"3311",25.2592058,1.49862790792483,1.49713660237014,2.23029433966961,4.47171234582603,0.999885850540802
"3312",25.26683698,1.49862267220316,1.49712515516231,2.23020891053576,4.47159264075553,0.99988497881874
"3313",25.27446816,1.49861741653961,1.49711366047909,2.2301230908231,4.47147240321619,0.999884100418983
"3314",25.28209934,1.49861214085849,1.49710211811011,2.23003687863079,4.47135163068058,0.999883215290359
"3315",25.28973052,1.49860684508385,1.49709052784347,2.22995027204317,4.47123032060181,0.999882323381342
"3316",25.2973617,1.49860152913944,1.49707888946657,2.22986326913839,4.47110847042485,0.999881424639982
"3317",25.30499288,1.49859619294874,1.49706720276559,2.22977586798296,4.47098607757934,0.999880519013948
"3318",25.31262406,1.49859083643492,1.49705546752584,2.2296880666349,4.47086313948391,0.999879606450493
"3319",25.32025524,1.49858545952088,1.49704368353144,2.22959986314154,4.47073965354291,0.999878686896475
"3320",25.32788642,1.49858006212921,1.49703185056546,2.22951125553985,4.47061561714729,0.999877760298347
"3321",25.3355176,1.49857464418223,1.49701996841001,2.22942224185832,4.47049102767664,0.999876826602138
"3322",25.34314878,1.49856920560195,1.49700803684589,2.22933282011165,4.47036588249283,0.999875885753491
"3323",25.35077996,1.4985637463101,1.49699605565297,2.2292429883074,4.47024017894796,0.999874937697612
"3324",25.35841114,1.4985582662281,1.49698402461021,2.22915274444382,4.470113914382,0.99987398237928
"3325",25.36604232,1.49855276527709,1.49697194349514,2.22906208650567,4.46998708611729,0.999873019742873
"3326",25.3736735,1.49854724337791,1.49695981208447,2.2289710124704,4.46985969146637,0.999872049732321
"3327",25.38130468,1.4985417004511,1.49694763015354,2.22887952030175,4.46973172772405,0.999871072291151
"3328",25.38893586,1.49853613641688,1.49693539747694,2.22878760795736,4.46960319217682,0.999870087362422
"3329",25.39656704,1.49853055119522,1.49692311382771,2.2286952733794,4.46947408209105,0.999869094888797
"3330",25.40419822,1.49852494470573,1.49691077897819,2.22860251450437,4.46934439472545,0.99986809481246
"3331",25.4118294,1.49851931686776,1.49689839269925,2.22850932925385,4.46921412731945,0.999867087075188
"3332",25.41946058,1.49851366760033,1.49688595476081,2.22841571554128,4.46908327710146,0.999866071618288
"3333",25.42709176,1.49850799682219,1.49687346493175,2.2283216712705,4.46895184128729,0.999865048382615
"3334",25.43472294,1.49850230445174,1.49686092297936,2.22822719432952,4.46881981707214,0.999864017308605
"3335",25.44235412,1.49849659040711,1.49684832867027,2.22813228260083,4.4686872016438,0.999862978336197
"3336",25.4499853,1.4984908546061,1.49683568176978,2.22803693395453,4.46855399217373,0.999861931404884
"3337",25.45761648,1.4984850969662,1.49682298204197,2.22794114624886,4.46842018581789,0.9998608764537
"3338",25.46524766,1.49847931740462,1.49681022924968,2.2278449173303,4.46828577971677,0.99985981342122
"3339",25.47287884,1.49847351583821,1.49679742315475,2.22774824503684,4.46815077099953,0.999858742245526
"3340",25.48051002,1.49846769218355,1.49678456351776,2.22765112719345,4.4680151567785,0.999857662864243
"3341",25.4881412,1.49846184635689,1.49677165009803,2.22755356161395,4.46787893415112,0.999856575214515
"3342",25.49577238,1.49845597827415,1.4967586826537,2.22745554610158,4.46774210020083,0.999855479233002
"3343",25.50340356,1.49845008785097,1.49674566094189,2.22735707844898,4.46760465199735,0.999854374855871
"3344",25.51103474,1.49844417500263,1.49673258471821,2.22725815643548,4.46746658659272,0.999853262018818
"3345",25.51866592,1.49843823964413,1.49671945373716,2.22715877782956,4.46732790102482,0.99985214065704
"3346",25.5262971,1.49843228169013,1.49670626775209,2.22705894038919,4.46718859231757,0.99985101070523
"3347",25.53392828,1.49842630105497,1.49669302651517,2.22695864186138,4.46704865748052,0.999849872097576
"3348",25.54155946,1.49842029765267,1.49667972977706,2.22685787997876,4.46690809350428,0.999848724767786
"3349",25.54919064,1.49841427139693,1.49666637728739,2.22675665246461,4.46676689736717,0.999847568649038
"3350",25.55682182,1.49840822220112,1.49665296879458,2.22665495703034,4.46662506603197,0.999846403674002
"3351",25.564453,1.49840214997829,1.49663950404549,2.22655279137379,4.46648259644332,0.999845229774848
"3352",25.57208418,1.49839605464117,1.49662598278618,2.22645015318482,4.46633948553552,0.999844046883191
"3353",25.57971536,1.49838993610213,1.49661240476083,2.22634704013527,4.46619573021926,0.999842854930174
"3354",25.58734654,1.49838379427326,1.49659876971293,2.22624344989139,4.46605132739765,0.999841653846361
"3355",25.59497772,1.49837762906628,1.49658507738423,2.2261393801027,4.46590627395185,0.999840443561822
"3356",25.6026089,1.4983714403926,1.49657132751548,2.22603482840984,4.46576056675127,0.999839224006065
"3357",25.61024008,1.49836522816328,1.49655751984605,2.22592979244013,4.46561420264788,0.999837995108068
"3358",25.61787126,1.49835899228906,1.49654365411374,2.22582426980667,4.46546717847478,0.99983675679628
"3359",25.62550244,1.49835273268033,1.49652973005546,2.2257182581139,4.46531949105376,0.999835508998573
"3360",25.63313362,1.49834644924717,1.49651574740638,2.22561175495052,4.4651711371858,0.999834251642294
"3361",25.6407648,1.49834014189931,1.49650170590064,2.22550475789524,4.46502211365877,0.999832984654214
"3362",25.64839598,1.49833381054611,1.49648760527087,2.22539726451342,4.46487241724276,0.999831707960551
"3363",25.65602716,1.49832745509664,1.49647344524859,2.2252892723593,4.46472204469348,0.999830421486944
"3364",25.66365834,1.4983210754596,1.4964592255634,2.22518077896989,4.4645709927437,0.999829125158501
"3365",25.67128952,1.49831467154334,1.49644494594419,2.22507178187549,4.46441925811741,0.999827818899709
"3366",25.6789207,1.4983082432559,1.49643060611809,2.22496227858996,4.46426683751692,0.999826502634505
"3367",25.68655188,1.49830179050493,1.49641620581093,2.2248522666154,4.46411372762897,0.999825176286236
"3368",25.69418306,1.49829531319778,1.4964017447471,2.22474174344001,4.46395992512217,0.999823839777668
"3369",25.70181424,1.49828881124141,1.4963872226497,2.2246307065409,4.46380542665017,0.999822493030964
"3370",25.70944542,1.49828228454245,1.49637263924047,2.22451915338201,4.46365022884949,0.999821135967688
"3371",25.7170766,1.4982757330072,1.49635799423944,2.22440708141171,4.463494328336,0.999819768508826
"3372",25.72470778,1.49826915654156,1.49634328736559,2.22429448806846,4.46333772171251,0.999818390574732
"3373",25.73233896,1.49826255505113,1.49632851833605,2.22418137077404,4.46318040555982,0.999817002085178
"3374",25.73997014,1.49825592844111,1.49631368686709,2.22406772694185,4.46302237644765,0.99981560295928
"3375",25.74760132,1.49824927661637,1.49629879267291,2.22395355396651,4.46286363092092,0.999814193115582
"3376",25.7552325,1.49824259948143,1.4962838354666,2.22383884923242,4.46270416551106,0.999812772471974
"3377",25.76286368,1.49823589694042,1.49626881495972,2.22372361010964,4.46254397673059,0.999811340945728
"3378",25.77049486,1.49822916889715,1.49625373086242,2.2236078339558,4.46238306107551,0.999809898453469
"3379",25.77812604,1.49822241525504,1.49623858288316,2.22349151811231,4.46222141502051,0.999808444911207
"3380",25.78575722,1.49821563591715,1.49622337072927,2.22337465991063,4.46205903502708,0.999806980234277
"3381",25.7933884,1.4982088307862,1.49620809410605,2.22325725666342,4.46189591753187,0.999805504337409
"3382",25.80101958,1.49820199976451,1.49619275271787,2.22313930567496,4.46173205896044,0.99980401713463
"3383",25.80865076,1.49819514275407,1.49617734626723,2.22302080423225,4.46156745571551,0.99980251853934
"3384",25.81628194,1.49818825965647,1.49616187445507,2.22290174960794,4.46140210418086,0.999801008464279
"3385",25.82391312,1.49818135037296,1.49614633698114,2.22278213906381,4.4612360007259,0.999799486821489
"3386",25.8315443,1.4981744148044,1.49613073354322,2.22266196984371,4.46106914169629,0.999797953522372
"3387",25.83917548,1.49816745285129,1.49611506383778,2.22254123917932,4.46090152342165,0.999796408477634
"3388",25.84680666,1.49816046441374,1.49609932755976,2.22241994428881,4.46073314221357,0.999794851597291
"3389",25.85443784,1.4981534493915,1.49608352440238,2.22229808237395,4.46056399436219,0.999793282790685
"3390",25.86206902,1.49814640768395,1.49606765405735,2.2221756506232,4.46039407613986,0.999791701966456
"3391",25.8697002,1.49813933919008,1.49605171621484,2.22205264621063,4.4602233838,0.999790109032542
"3392",25.87733138,1.4981322438085,1.4960357105633,2.22192906629502,4.46005191357567,0.999788503896184
"3393",25.88496256,1.49812512143746,1.4960196367897,2.22180490802143,4.45987966168182,0.999786886463901
"3394",25.89259374,1.49811797197481,1.49600349457944,2.22168016852042,4.4597066243143,0.999785256641496
"3395",25.90022492,1.49811079531801,1.49598728361598,2.22155484490547,4.45953279764619,0.99978361433407
"3396",25.9078561,1.49810359136416,1.49597100358147,2.22142893427746,4.45935817783402,0.999781959445978
"3397",25.91548728,1.49809636000997,1.49595465415634,2.22130243372222,4.45918276101424,0.999780291880841
"3398",25.92311846,1.49808910115174,1.4959382350192,2.22117534030855,4.45900654330089,0.999778611541561
"3399",25.93074964,1.4980818146854,1.49592174584725,2.22104765109306,4.45882952079175,0.999776918330269
"3400",25.93838082,1.4980745005065,1.4959051863158,2.22091936311457,4.45865168956108,0.999775212148371
"3401",25.946012,1.49806715851018,1.49588855609863,2.2207904733986,4.45847304566545,0.999773492896499
"3402",25.95364318,1.49805978859119,1.49587185486772,2.22066097895371,4.45829358513909,0.999771760474538
"3403",25.96127436,1.4980523906439,1.49585508229337,2.22053087677399,4.4581133039969,0.999770014781598
"3404",25.96890554,1.49804496456227,1.49583823804412,2.22040016383694,4.45793219823187,0.999768255716026
"3405",25.97653672,1.49803751023986,1.49582132178691,2.22026883710619,4.45775026381854,0.999766483175374
"3406",25.9841679,1.49803002756986,1.49580433318692,2.22013689352918,4.45756749670993,0.999764697056416
"3407",25.99179908,1.49802251644502,1.49578727190745,2.22000433003644,4.45738389283678,0.999762897255144
"3408",25.99943026,1.49801497675772,1.49577013761013,2.2198711435433,4.45719944810953,0.999761083666747
"3409",26.00706144,1.49800740839993,1.49575292995488,2.21973733094988,4.45701415841848,0.999759256185606
"3410",26.01469262,1.49799981126319,1.49573564859985,2.21960288914017,4.45682801963257,0.999757414705294
"3411",26.0223238,1.49799218523868,1.49571829320123,2.21946781498094,4.45664102759776,0.999755559118579
"3412",26.02995498,1.49798453021715,1.49570086341352,2.21933210532296,4.45645317813889,0.999753689317405
"3413",26.03758616,1.49797684608892,1.49568335888951,2.21919575700281,4.45626446706183,0.999751805192872
"3414",26.04521734,1.49796913274393,1.49566577928005,2.21905876683853,4.45607489014794,0.999749906635265
"3415",26.05284852,1.4979613900717,1.49564812423413,2.21892113163209,4.45588444315717,0.999747993534022
"3416",26.0604797,1.49795361796134,1.49563039339906,2.21878284817018,4.45569312182921,0.999746065777729
"3417",26.06811088,1.49794581630153,1.49561258642009,2.21864391322114,4.45550092187933,0.999744123254131
"3418",26.07574206,1.49793798498056,1.49559470294083,2.2185043235389,4.45530783900359,0.999742165850093
"3419",26.08337324,1.49793012388627,1.4955767426028,2.21836407585812,4.45511386887253,0.999740193451636
"3420",26.09100442,1.49792223290611,1.49555870504582,2.21822316689863,4.45491900713695,0.999738205943891
"3421",26.0986356,1.49791431192709,1.4955405899077,2.21808159336252,4.454723249424,0.999736203211115
"3422",26.10626678,1.49790636083581,1.49552239682434,2.21793935193436,4.45452659133757,0.999734185136685
"3423",26.11389796,1.49789837951844,1.4955041254298,2.21779643928248,4.45432902846002,0.999732151603074
"3424",26.12152914,1.49789036786072,1.49548577535614,2.21765285205776,4.45413055635032,0.99973010249186
"3425",26.12916032,1.49788232574798,1.49546734623348,2.21750858689351,4.45393117054412,0.999728037683716
"3426",26.1367915,1.4978742530651,1.49544883769009,2.21736364040655,4.4537308665552,0.99972595705839
"3427",26.14442268,1.49786614969654,1.49543024935226,2.21721800919614,4.45352963987391,0.999723860494713
"3428",26.15205386,1.49785801552633,1.49541158084407,2.21707168984217,4.45332748596472,0.999721747870604
"3429",26.15968504,1.49784985043807,1.49539283178782,2.21692467890864,4.45312440027105,0.999719619063032
"3430",26.16731622,1.49784165431492,1.49537400180387,2.216776972942,4.45292037821292,0.999717473948018
"3431",26.1749474,1.4978334270396,1.49535509051032,2.21662856846931,4.45271541518445,0.999715312400652
"3432",26.18257858,1.4978251684944,1.49533609752352,2.2164794620017,4.45250950655857,0.999713134295048
"3433",26.19020976,1.49781687856117,1.49531702245755,2.21632965003064,4.45230264768196,0.99971093950437
"3434",26.19784094,1.49780855712131,1.49529786492476,2.21617912903174,4.45209483388027,0.99970872790079
"3435",26.20547212,1.49780020405578,1.49527862453498,2.21602789545912,4.45188606045035,0.999706499355532
"3436",26.2131033,1.4977918192451,1.49525930089636,2.21587594575159,4.45167632266866,0.999704253738807
"3437",26.22073448,1.49778340256935,1.49523989361472,2.21572327632735,4.45146561578432,0.999701990919851
"3438",26.22836566,1.49777495390815,1.49522040229405,2.21556988358914,4.45125393502552,0.999699710766871
"3439",26.23599684,1.49776647314068,1.49520082653594,2.21541576391799,4.45104127559176,0.999697413147094
"3440",26.24362802,1.49775796014566,1.49518116593992,2.21526091367721,4.45082763265868,0.999695097926724
"3441",26.2512592,1.49774941480136,1.49516142010356,2.21510532921264,4.45061300137874,0.999692764970922
"3442",26.25889038,1.4977408369856,1.49514158862214,2.21494900685032,4.45039737687785,0.999690414143831
"3443",26.26652156,1.49773222657575,1.49512167108871,2.21479194289691,4.45018075425601,0.999688045308555
"3444",26.27415274,1.49772358344871,1.49510166709441,2.21463413364171,4.4499631285902,0.999685658327134
"3445",26.28178392,1.49771490748093,1.49508157622784,2.21447557535242,4.44974449492836,0.999683253060574
"3446",26.2894151,1.49770619854839,1.49506139807563,2.21431626427936,4.44952484829521,0.999680829368801
"3447",26.29704628,1.49769745652661,1.49504113222217,2.21415619665349,4.44930418368963,0.999678387110666
"3448",26.30467746,1.49768868129066,1.49502077824956,2.21399536868548,4.44908249608339,0.999675926143948
"3449",26.31230864,1.49767987271512,1.49500033573762,2.21383377656657,4.44885978042216,0.999673446325336
"3450",26.31993982,1.49767103067413,1.4949798042641,2.21367141646969,4.44863603162722,0.99967094751041
"3451",26.327571,1.49766215504133,1.49495918340433,2.21350828454673,4.44841124459167,0.999668429553653
"3452",26.33520218,1.49765324568992,1.4949384727313,2.21334437692954,4.44818541418173,0.999665892308438
"3453",26.34283336,1.4976443024926,1.49491767181592,2.21317968973184,4.44795853523937,0.999663335626999
"3454",26.35046454,1.49763532532162,1.49489678022655,2.2130142190451,4.44773060257681,0.999660759360456
"3455",26.35809572,1.49762631404873,1.49487579752941,2.21284796094261,4.44750161098179,0.999658163358773
"3456",26.3657269,1.49761726854523,1.49485472328827,2.21268091147636,4.44727155521362,0.999655547470774
"3457",26.37335808,1.49760818868191,1.49483355706464,2.21251306667852,4.44704043000503,0.99965291154412
"3458",26.38098926,1.4975990743291,1.49481229841744,2.21234442255934,4.44680823005937,0.999650255425319
"3459",26.38862044,1.49758992535665,1.49479094690356,2.21217497511151,4.44657495005635,0.999647578959677
"3460",26.39625162,1.4975807416339,1.49476950207723,2.21200472030474,4.44634058464494,0.999644881991335
"3461",26.4038828,1.49757152302972,1.49474796349033,2.2118336540886,4.44610512844709,0.999642164363236
"3462",26.41151398,1.49756226941251,1.49472633069227,2.21166177239124,4.44586857605603,0.999639425917125
"3463",26.41914516,1.49755298065015,1.49470460323026,2.21148907112227,4.44563092204001,0.999636666493511
"3464",26.42677634,1.49754365661003,1.49468278064876,2.21131554616772,4.44539216093564,0.999633885931708
"3465",26.43440752,1.49753429715907,1.49466086248976,2.21114119339207,4.44515228725071,0.999631084069801
"3466",26.4420387,1.49752490216368,1.49463884829302,2.21096600864121,4.44491129546789,0.99962826074461
"3467",26.44966988,1.49751547148977,1.49461673759568,2.21078998773864,4.44466918003978,0.999625415791713
"3468",26.45730106,1.49750600500275,1.49459452993215,2.21061312648418,4.44442593538727,0.999622549045452
"3469",26.46493224,1.49749650256753,1.4945722248346,2.21043542065892,4.44418155590595,0.999619660338872
"3470",26.47256342,1.49748696404854,1.49454982183263,2.21025686602189,4.44393603596182,0.999616749503742
"3471",26.4801946,1.49747738930967,1.49452732045297,2.21007745830779,4.44368936988813,0.999613816370568
"3472",26.48782578,1.49746777821433,1.4945047202202,2.20989719323324,4.44344155199369,0.999610860768519
"3473",26.49545696,1.49745813062541,1.49448202065602,2.20971606649007,4.44319257655418,0.999607882525484
"3474",26.50308814,1.49744844640529,1.49445922127965,2.20953407374943,4.4429424378172,0.999604881468019
"3475",26.51071932,1.49743872541585,1.49443632160749,2.2093512106584,4.44269112999812,0.999601857421369
"3476",26.5183505,1.49742896751843,1.49441332115353,2.20916747284383,4.44243864728496,0.99959881020942
"3477",26.52598168,1.49741917257389,1.494390219429,2.2089828559092,4.44218498383426,0.999595739654717
"3478",26.53361286,1.49740934044254,1.49436701594244,2.20879735543529,4.44193013377199,0.999592645578449
"3479",26.54124404,1.4973994709842,1.49434371019978,2.20861096698107,4.44167409119472,0.999589527800424
"3480",26.54887522,1.49738956405814,1.49432030170398,2.20842368608017,4.44141685016484,0.999586386139098
"3481",26.5565064,1.49737961952314,1.49429678995572,2.2082355082474,4.44115840471936,0.999583220411492
"3482",26.56413758,1.49736963723742,1.49427317445249,2.20804642897063,4.44089874885895,0.999580030433268
"3483",26.57176876,1.49735961705869,1.49424945468936,2.20785644371769,4.44063787655715,0.999576816018643
"3484",26.57939994,1.49734955884415,1.49422563015847,2.20766554793136,4.44037578175383,0.999573576980428
"3485",26.58703112,1.49733946245044,1.49420170034909,2.20747373703103,4.44011245835714,0.999570313130004
"3486",26.5946623,1.49732932773367,1.49417766474769,2.20728100641223,4.4398479002431,0.999567024277307
"3487",26.60229348,1.49731915454944,1.49415352283822,2.20708735144974,4.4395821012596,0.99956371023079
"3488",26.60992466,1.49730894275279,1.49412927410138,2.20689276749131,4.43931505521802,0.999560370797473
"3489",26.61755584,1.49729869219823,1.49410491801523,2.20669724986253,4.43904675589984,0.999557005782879
"3490",26.62518702,1.49728840273974,1.49408045405488,2.20650079386458,4.43877719705341,0.999553614991047
"3491",26.6328182,1.49727807423074,1.49405588169253,2.2063033947744,4.43850637239443,0.999550198224517
"3492",26.64044938,1.49726770652411,1.49403120039756,2.20610504784586,4.43823427560723,0.999546755284304
"3493",26.64808056,1.49725729947219,1.49400640963624,2.20590574830652,4.43796090034068,0.99954328596992
"3494",26.65571174,1.49724685292678,1.49398150887203,2.20570549136114,4.43768624021268,0.999539790079323
"3495",26.66334292,1.49723636673912,1.49395649756542,2.20550427219018,4.4374102888081,0.999536267408924
"3496",26.6709741,1.49722584075988,1.49393137517372,2.20530208594715,4.43713303967559,0.999532717753594
"3497",26.67860528,1.49721527483922,1.49390614115148,2.20509892776343,4.43685448633354,0.999529140906608
"3498",26.68623646,1.4972046688267,1.49388079495005,2.20489479274377,4.43657462226436,0.999525536659674
"3499",26.69386764,1.49719402257135,1.49385533601786,2.20468967596937,4.43629344091841,0.999521904802889
"3500",26.70149882,1.49718333592163,1.49382976380018,2.20448357249489,4.4360109357102,0.999518245124757
"3501",26.70913,1.49717260872544,1.49380407773917,2.20427647734986,4.43572710002003,0.99951455741216
"3502",26.71676118,1.49716184083012,1.49377827727406,2.20406838554004,4.4354419271959,0.99951084145033
"3503",26.72439236,1.49715103208243,1.49375236184064,2.20385929204259,4.43515541054708,0.999507097022887
"3504",26.73202354,1.49714018232858,1.49372633087185,2.20364919181197,4.43486754335185,0.999503323911761
"3505",26.73965472,1.4971292914142,1.49370018379729,2.20343807977468,4.43457831885074,0.999499521897235
"3506",26.7472859,1.49711835918435,1.49367392004355,2.20322595083364,4.43428773025191,0.999495690757884
"3507",26.75491708,1.49710738548351,1.49364753903394,2.20301279986451,4.43399577072665,0.999491830270601
"3508",26.76254826,1.49709637015561,1.49362104018833,2.20279862171515,4.43370243340843,0.999487940210587
"3509",26.77017944,1.49708531304396,1.49359442292368,2.20258341120993,4.43340771139864,0.99948402035129
"3510",26.77781062,1.49707421399132,1.49356768665348,2.20236716314511,4.43311159776055,0.99948007046444
"3511",26.7854418,1.49706307283986,1.493540830788,2.20214987229084,4.43281408552176,0.999476090320017
"3512",26.79307298,1.49705188943117,1.4935138547342,2.20193153339077,4.43251516767378,0.999472079686234
"3513",26.80070416,1.49704066360624,1.49348675789563,2.20171214116097,4.43221483717058,0.999468038329538
"3514",26.80833534,1.49702939520549,1.49345953967275,2.20149169029265,4.43191308693219,0.999463966014564
"3515",26.81596652,1.49701808406873,1.49343219946227,2.20127017544669,4.43160990983742,0.999459862504179
"3516",26.8235977,1.4970067300352,1.4934047366578,2.20104759125943,4.43130529873138,0.999455727559406
"3517",26.83122888,1.49699533294351,1.49337715064948,2.20082393233913,4.43099924642108,0.999451560939443
"3518",26.83886006,1.49698389263172,1.49334944082386,2.20059919326573,4.43069174567467,0.999447362401656
"3519",26.84649124,1.49697240893725,1.49332160656429,2.20037336859318,4.43038278922495,0.999443131701533
"3520",26.85412242,1.49696088169693,1.49329364725046,2.20014645284629,4.43007236976485,0.999438868592702
"3521",26.8617536,1.49694931074701,1.49326556225859,2.19991844052267,4.42976047995015,0.999434572826901
"3522",26.86938478,1.4969376959231,1.49323735096146,2.19968932609203,4.42944711239844,0.999430244153963
"3523",26.87701596,1.49692603706023,1.49320901272813,2.19945910399477,4.42913225968728,0.999425882321815
"3524",26.88464714,1.4969143339928,1.49318054692434,2.19922776864514,4.42881591435842,0.999421487076434
"3525",26.89227832,1.4969025865546,1.49315195291203,2.19899531442693,4.42849806891196,0.999417058161871
"3526",26.8999095,1.49689079457883,1.49312323004964,2.19876173569661,4.42817871581048,0.999412595320203
"3527",26.90754068,1.49687895789803,1.49309437769192,2.19852702678139,4.42785784747662,0.999408098291539
"3528",26.91517186,1.49686707634417,1.49306539519005,2.19829118198019,4.4275354562942,0.999403566813989
"3529",26.92280304,1.49685514974857,1.49303628189137,2.19805419556202,4.42721153460602,0.99939900062367
"3530",26.93043422,1.49684317794192,1.49300703713969,2.19781606176799,4.42688607471661,0.999394399454661
"3531",26.9380654,1.49683116075431,1.49297766027496,2.197576774809,4.42655906888909,0.999389763039018
"3532",26.94569658,1.49681909801519,1.49294815063346,2.19733632886707,4.42623050934695,0.999385091106736
"3533",26.95332776,1.49680698955337,1.49291850754766,2.19709471809451,4.42590038827285,0.999380383385746
"3534",26.96095894,1.49679483519705,1.49288873034622,2.1968519366139,4.42556869780864,0.999375639601895
"3535",26.96859012,1.49678263477378,1.49285881835409,2.19660797851909,4.42523543005666,0.999370859478916
"3536",26.9762213,1.49677038811047,1.4928287708921,2.19636283787137,4.4249005770746,0.999366042738458
"3537",26.98385248,1.49675809503341,1.49279858727749,2.19611650870462,4.42456413088229,0.999361189100004
"3538",26.99148366,1.49674575536823,1.49276826682347,2.19586898502125,4.4242260834564,0.999356298280907
"3539",26.99911484,1.49673336893993,1.49273780883946,2.19562026079438,4.42388642673321,0.999351369996337
"3540",27.00674602,1.49672093557286,1.4927072126306,2.19537032996393,4.42354515260335,0.999346403959316
"3541",27.0143772,1.49670845509071,1.49267647749843,2.1951191864421,4.42320225291923,0.999341399880633
"3542",27.02200838,1.49669592731655,1.49264560274032,2.19486682410897,4.42285771948899,0.999336357468877
"3543",27.02963956,1.49668335207276,1.49261458764962,2.19461323681371,4.42251154407815,0.999331276430402
"3544",27.03727074,1.49667072918109,1.49258343151565,2.19435841837451,4.42216371840955,0.999326156469314
"3545",27.04490192,1.49665805846263,1.49255213362365,2.1941023625783,4.42181423416282,0.99932099728745
"3546",27.0525331,1.4966453397378,1.49252069325476,2.19384506318032,4.42146308297399,0.999315798584368
"3547",27.06016428,1.49663257282638,1.49248910968595,2.19358651390446,4.42111025643563,0.99931056005732
"3548",27.06779546,1.49661975754746,1.49245738219014,2.19332670844337,4.42075574609722,0.999305281401237
"3549",27.07542664,1.49660689371947,1.49242551003597,2.19306564045714,4.42039954346325,0.999299962308717
"3550",27.08305782,1.49659398116019,1.49239349248784,2.19280330357368,4.42004163999374,0.999294602470008
"3551",27.090689,1.49658101968671,1.49236132880614,2.19253969139045,4.41968202710648,0.999289201572963
"3552",27.09832018,1.49656800911544,1.49232901824665,2.19227479746988,4.41932069617088,0.99928375930308
"3553",27.10595136,1.49655494926215,1.49229656006123,2.19200861534492,4.41895763851548,0.999278275343408
"3554",27.11358254,1.49654183994188,1.4922639534971,2.19174113851335,4.41859284542015,0.9992727493746
"3555",27.12121372,1.49652868096904,1.49223119779725,2.19147236044098,4.4182263081204,0.999267181074855
"3556",27.1288449,1.49651547215731,1.49219829220043,2.19120227456201,4.4178580178079,0.999261570119889
"3557",27.13647608,1.49650221331973,1.49216523594078,2.19093087427553,4.41748796562572,0.999255916182958
"3558",27.14410726,1.49648890426862,1.49213202824814,2.19065815294899,4.4171161426729,0.999250218934798
"3559",27.15173844,1.49647554481562,1.49209866834778,2.19038410391513,4.41674254000036,0.999244478043638
"3560",27.15936962,1.49646213477168,1.4920651554607,2.19010872047509,4.41636714861506,0.99923869317514
"3561",27.1670008,1.49644867394704,1.49203148880308,2.18983199589369,4.41598995947364,0.999232863992439
"3562",27.17463198,1.49643516215127,1.49199766758681,2.18955392340428,4.41561096348875,0.99922699015606
"3563",27.18226316,1.49642159919321,1.49196369101904,2.18927449620464,4.41523015152379,0.999221071323947
"3564",27.18989434,1.49640798488102,1.49192955830241,2.18899370745932,4.41484751439574,0.999215107151409
"3565",27.19752552,1.49639431902215,1.4918952686349,2.18871155029818,4.41446304287337,0.999209097291125
"3566",27.2051567,1.49638060142332,1.49186082120979,2.1884280178164,4.41407672767715,0.999203041393109
"3567",27.21278788,1.49636683189058,1.49182621521564,2.18814310307423,4.41368855947884,0.999196939104701
"3568",27.22041906,1.49635301022923,1.49179144983638,2.18785679909812,4.41329852890305,0.999190790070529
"3569",27.22805024,1.49633913624388,1.49175652425114,2.18756909887897,4.4129066265248,0.999184593932501
"3570",27.23568142,1.49632520973841,1.49172143763431,2.1872799953731,4.41251284287086,0.999178350329779
"3571",27.2433126,1.49631123051598,1.49168618915522,2.18698948149953,4.41211716841597,0.999172058898783
"3572",27.25094378,1.49629719837903,1.49165077797873,2.18669755014479,4.41171959358934,0.999165719273114
"3573",27.25857496,1.49628311312929,1.49161520326445,2.18640419415701,4.41132010876666,0.999159331083597
"3574",27.26620614,1.49626897456772,1.49157946416737,2.18610940635087,4.41091870427671,0.999152893958204
"3575",27.27383732,1.4962547824946,1.49154355983742,2.18581317950404,4.41051537039652,0.999146407522066
"3576",27.2814685,1.49624053670945,1.49150748941945,2.18551550635752,4.41011009735184,0.999139871397454
"3577",27.28909968,1.49622623701105,1.49147125205339,2.18521637961646,4.40970287531815,0.999133285203736
"3578",27.29673086,1.49621188319746,1.49143484687415,2.18491579195023,4.40929369442076,0.999126648557359
"3579",27.30436204,1.49619747506598,1.49139827301162,2.1846137359913,4.40888254473333,0.999119961071832
"3580",27.31199322,1.49618301241319,1.49136152959033,2.18431020433413,4.40846941627614,0.999113222357722
"3581",27.3196244,1.4961684950349,1.49132461573003,2.1840051895387,4.40805429902102,0.99910643202258
"3582",27.32725558,1.4961539227262,1.49128753054487,2.18369868412462,4.40763718288324,0.999099589670993
"3583",27.33488676,1.49613929528139,1.49125027314417,2.1833906805772,4.40721805772975,0.999092694904481
"3584",27.34251794,1.49612461249405,1.49121284263172,2.18308117134211,4.40679691337187,0.999085747321537
"3585",27.35014912,1.49610987415699,1.49117523810628,2.18277014882948,4.40637373957082,0.999078746517554
"3586",27.3577803,1.49609508006227,1.49113745866114,2.18245760541003,4.40594852603244,0.999071692084845
"3587",27.36541148,1.49608023000117,1.49109950338426,2.18214353341711,4.40552126240991,0.999064583612595
"3588",27.37304266,1.49606532376423,1.4910613713582,2.18182792514547,4.40509193830205,0.999057420686843
"3589",27.38067384,1.4960503611412,1.49102306166018,2.18151077285258,4.40466054325509,0.999050202890449
"3590",27.38830502,1.49603534192107,1.49098457336184,2.18119206875589,4.40422706675889,0.999042929803093
"3591",27.3959362,1.49602026589206,1.4909459055295,2.18087180503606,4.40379149825122,0.999035601001213
"3592",27.40356738,1.49600513284163,1.49090705722372,2.18054997383286,4.40335382711235,0.999028216058031
"3593",27.41119856,1.49598994255642,1.49086802749972,2.18022656724876,4.40291404266965,0.999020774543473
"3594",27.41882974,1.49597469482233,1.49082881540703,2.17990157734657,4.40247213419451,0.999013276024179
"3595",27.42646092,1.49595938942447,1.4907894199895,2.17957499614903,4.40202809090165,0.999005720063481
"3596",27.4340921,1.49594402614714,1.49074984028536,2.17924681564022,4.40158190195104,0.99899810622135
"3597",27.44172328,1.49592860477388,1.49071007532711,2.17891702776421,4.40113355644598,0.998990434054394
"3598",27.44935446,1.49591312508742,1.4906701241415,2.17858562442488,4.40068304343291,0.998982703115826
"3599",27.45698564,1.49589758686971,1.49062998574944,2.1782525974862,4.40023035190157,0.998974912955437
"3600",27.46461682,1.49588198990189,1.49058965916619,2.1779179387729,4.39977547078608,0.998967063119552
"3601",27.472248,1.49586633396431,1.49054914340094,2.1775816400676,4.39931838896087,0.998959153151046
"3602",27.47987918,1.49585061883651,1.490508437457,2.17724369311291,4.39885909524342,0.998951182589285
"3603",27.48751036,1.49583484429724,1.49046754033195,2.17690408961186,4.39839757839502,0.998943150970087
"3604",27.49514154,1.49581901012441,1.49042645101712,2.17656282122481,4.3979338271163,0.998935057825741
"3605",27.50277272,1.49580311609517,1.49038516849789,2.17621987957128,4.39746783004976,0.998926902684946
"3606",27.5104039,1.4957871619858,1.4903436917538,2.17587525623141,4.39699957578176,0.998918685072766
"3607",27.51803508,1.4957711475718,1.49030201975793,2.17552894274073,4.39652905283531,0.998910404510669
"3608",27.52566626,1.49575507262785,1.49026015147742,2.17518093059494,4.39605624967645,0.998902060516432
"3609",27.53329744,1.49573893692779,1.49021808587331,2.17483121124851,4.39558115471241,0.998893652604127
"3610",27.54092862,1.49572274024465,1.49017582190027,2.17447977611253,4.39510375628868,0.998885180284125
"3611",27.5485598,1.49570648235061,1.49013335850661,2.17412661655519,4.39462404268937,0.998876643063054
"3612",27.55619098,1.49569016301706,1.49009069463466,2.173771723905,4.39414200214181,0.998868040443724
"3613",27.56382216,1.49567378201452,1.49004782922004,2.17341508944474,4.3936576228081,0.99885937192518
"3614",27.57145334,1.49565733911269,1.49000476119233,2.17305670441721,4.39317089279302,0.998850637002591
"3615",27.57908452,1.49564083408042,1.48996148947434,2.17269656001978,4.39268180013636,0.998841835167293
"3616",27.5867157,1.49562426668574,1.4899180129826,2.17233464740821,4.39219033281824,0.998832965906702
"3617",27.59434688,1.4956076366958,1.48987433062705,2.17197095769396,4.39169647875538,0.998824028704323
"3618",27.60197806,1.49559094387693,1.48983044131117,2.1716054819461,4.39120022580353,0.998815023039687
"3619",27.60960924,1.49557418799461,1.48978634393172,2.17123821118914,4.39070156175457,0.998805948388349
"3620",27.61724042,1.49555736881345,1.48974203737878,2.1708691364032,4.39020047433669,0.998796804221855
"3621",27.6248716,1.49554048609721,1.48969752053584,2.17049824852524,4.38969695121586,0.998787590007688
"3622",27.63250278,1.49552353960879,1.48965279227965,2.17012553844792,4.38919097999448,0.998778305209253
"3623",27.64013396,1.49550652911022,1.48960785148013,2.16975099701908,4.38868254821033,0.998768949285848
"3624",27.64776514,1.49548945436269,1.48956269700029,2.16937461504127,4.38817164333605,0.998759521692638
"3625",27.65539632,1.49547231512649,1.48951732769643,2.16899638327335,4.38765825278125,0.998750021880598
"3626",27.6630275,1.49545511116106,1.48947174241781,2.16861629242845,4.38714236388961,0.998740449296507
"3627",27.67065868,1.49543784222496,1.48942594000676,2.16823433317435,4.38662396393936,0.998730803382907
"3628",27.67828986,1.49542050807586,1.4893799192986,2.16785049613389,4.38610304014379,0.998721083578062
"3629",27.68592104,1.49540310847056,1.48933367912151,2.16746477188339,4.385579579649,0.998711289315947
"3630",27.69355222,1.49538564316497,1.48928721829678,2.16707715095504,4.38505356953719,0.998701420026174
"3631",27.7011834,1.49536811191414,1.48924053563821,2.16668762383262,4.38452499682062,0.998691475134024
"3632",27.70881458,1.49535051447219,1.48919362995269,2.16629618095558,4.38399384844724,0.998681454060345
"3633",27.71644576,1.49533285059238,1.48914650003978,2.1659028127169,4.38346011129763,0.998671356221549
"3634",27.72407694,1.49531512002705,1.48909914469154,2.165507509461,4.38292377218209,0.998661181029608
"3635",27.73170812,1.49529732252765,1.48905156269296,2.16511026148785,4.38238481784619,0.998650927891954
"3636",27.7393393,1.49527945784473,1.48900375282148,2.16471105904938,4.38184323496582,0.998640596211494
"3637",27.74697048,1.49526152572795,1.48895571384714,2.16430989235033,4.38129901014837,0.998630185386564
"3638",27.75460166,1.49524352592603,1.48890744453238,2.16390675154777,4.38075212993171,0.998619694810891
"3639",27.76223284,1.49522545818679,1.48885894363225,2.16350162675199,4.38020258078572,0.998609123873549
"3640",27.76986402,1.49520732225716,1.48881020989404,2.16309450802447,4.3796503491092,0.998598471958945
"3641",27.7774952,1.49518911788312,1.4887612420575,2.16268538537976,4.37909542123236,0.998587738446756
"3642",27.78512638,1.49517084480974,1.48871203885465,2.16227424878358,4.37853778341435,0.998576922711916
"3643",27.79275756,1.49515250278118,1.48866259900967,2.16186108815302,4.37797742184326,0.998566024124575
"3644",27.80038874,1.49513409154065,1.48861292123909,2.1614458933576,4.37741432263757,0.998555042050042
"3645",27.80801992,1.49511561083045,1.48856300425137,2.16102865421662,4.37684847184248,0.998543975848786
"3646",27.8156511,1.49509706039194,1.48851284674725,2.16060936050171,4.3762798554333,0.998532824876358
"3647",27.82328228,1.49507843996553,1.48846244741941,2.16018800193474,4.37570845931251,0.998521588483379
"3648",27.83091346,1.4950597492907,1.48841180495252,2.15976456818819,4.3751342693102,0.998510266015498
"3649",27.83854464,1.49504098810601,1.48836091802314,2.15933904888486,4.37455727118356,0.99849885681335
"3650",27.84617582,1.49502215614903,1.48830978529979,2.15891143359813,4.37397745061722,0.998487360212515
"3651",27.853807,1.49500325315642,1.4882584054427,2.15848171185107,4.37339479322193,0.998475775543489
"3652",27.86143818,1.49498427886387,1.48820677710393,2.15804987311668,4.37280928453475,0.998464102131636
"3653",27.86906936,1.4949652330061,1.48815489892714,2.15761590681692,4.37222091001777,0.998452339297162
"3654",27.87670054,1.49494611531691,1.48810276954781,2.15717980232461,4.37162965506048,0.998440486355043
"3655",27.88433172,1.49492692552909,1.48805038759286,2.15674154896041,4.37103550497567,0.998428542615029
"3656",27.8919629,1.49490766337451,1.48799775168079,2.15630113599445,4.37043844500155,0.998416507381574
"3657",27.89959408,1.49488832858403,1.48794486042157,2.1558585526456,4.36983846030058,0.998404379953806
"3658",27.90722526,1.49486892088758,1.48789171241669,2.15541378808202,4.3692355359603,0.998392159625471
"3659",27.91485644,1.49484944001408,1.4878383062588,2.15496683141887,4.36862965698993,0.998379845684929
"3660",27.92248762,1.49482988569148,1.48778464053201,2.15451767172049,4.36802080832345,0.998367437415069
"3661",27.9301188,1.49481025764676,1.48773071381155,2.15406629799852,4.36740897481676,0.998354934093301
"3662",27.93774998,1.49479055560591,1.48767652466394,2.15361269921295,4.36679414124914,0.998342334991488
"3663",27.94538116,1.49477077929391,1.48762207164679,2.15315686427115,4.36617629232183,0.998329639375918
"3664",27.95301234,1.49475092843479,1.48756735330881,2.15269878202824,4.36555541265841,0.998316846507253
"3665",27.96064352,1.49473100275155,1.4875123681895,2.15223844128478,4.36493148680152,0.998303955640519
"3666",27.9682747,1.4947110019662,1.48745711481965,2.15177583079088,4.36430449921846,0.998290966024991
"3667",27.97590588,1.49469092579975,1.48740159172057,2.15131093924086,4.36367443429373,0.998277876904236
"3668",27.98353706,1.4946707739722,1.48734579740465,2.15084375527729,4.36304127633456,0.998264687515996
"3669",27.99116824,1.49465054620257,1.48728973037491,2.1503742674883,4.36240500956696,0.998251397092188
"3670",27.99879942,1.49463024220881,1.4872333891251,2.14990246440846,4.361765618137,0.998238004858838
"3671",28.0064306,1.49460986170792,1.48717677213953,2.14942833451748,4.36112308610883,0.998224510036057
"3672",28.01406178,1.49458940441583,1.48711987789319,2.14895186624205,4.3604773974671,0.998210911837959
"3673",28.02169296,1.49456887004747,1.48706270485141,2.14847304795276,4.35982853611275,0.998197209472665
"3674",28.02932414,1.49454825831674,1.48700525147014,2.14799186796706,4.35917648586683,0.998183402142203
"3675",28.03695532,1.49452756893652,1.48694751619551,2.14750831454611,4.3585212304661,0.998169489042509
"3676",28.0445865,1.49450680161864,1.4868894974641,2.14702237589677,4.3578627535658,0.998155469363348
"3677",28.05221768,1.4944859560739,1.48683119370264,2.14653404017021,4.35720103873741,0.998141342288281
"3678",28.05984886,1.49446503201208,1.486772603328,2.14604329546174,4.35653606946848,0.998127106994622
"3679",28.06748004,1.49444402914188,1.4867137247473,2.14555012981174,4.35586782916372,0.998112762653367
"3680",28.07511122,1.49442294717099,1.48665455635746,2.14505453120332,4.35519630114173,0.998098308429183
"3681",28.0827424,1.49440178580602,1.4865950965456,2.14455648756461,4.35452146863802,0.998083743480318
"3682",28.09037358,1.49438054475254,1.48653534368865,2.14405598676702,4.35384331480255,0.998069066958576
"3683",28.09800476,1.49435922371507,1.48647529615323,2.14355301662438,4.35316182269821,0.99805427800928
"3684",28.10563594,1.49433782239706,1.48641495229594,2.14304756489516,4.35247697530411,0.998039375771181
"3685",28.11326712,1.49431634050089,1.48635431046292,2.14253961927961,4.3517887555113,0.998024359376452
"3686",28.1208983,1.49429477772788,1.48629336898996,2.14202916742126,4.35109714612478,0.99800922795061
"3687",28.12852948,1.49427313377829,1.48623212620239,2.14151619690588,4.35040212986195,0.997993980612475
"3688",28.13616066,1.49425140835128,1.48617058041508,2.14100069526226,4.34970368935356,0.997978616474107
"3689",28.14379184,1.49422960114495,1.48610872993221,2.14048264996036,4.34900180714107,0.997963134640781
"3690",28.15142302,1.4942077118563,1.48604657304727,2.13996204841226,4.3482964656778,0.997947534210911
"3691",28.1590542,1.49418574018128,1.48598410804306,2.13943887797186,4.3475876473284,0.997931814276005
"3692",28.16668538,1.49416368581471,1.48592133319157,2.13891312593463,4.34687533436845,0.997915973920608
"3693",28.17431656,1.49414154845033,1.48585824675392,2.13838477953752,4.34615950898415,0.997900012222248
"3694",28.18194774,1.49411932778081,1.48579484698013,2.13785382595774,4.34544015327043,0.997883928251401
"3695",28.18957892,1.49409702349767,1.48573113210931,2.13732025231405,4.34471724923285,0.997867721071411
"3696",28.1972101,1.49407463529137,1.48566710036938,2.13678404566551,4.34399077878547,0.99785138973845
"3697",28.20484128,1.49405216285124,1.48560274997704,2.13624519301133,4.34326072375066,0.997834933301465
"3698",28.21247246,1.4940296058655,1.48553807913779,2.13570368129159,4.34252706585999,0.997818350802106
"3699",28.22010364,1.49400696402128,1.48547308604574,2.13515949738579,4.34178978675204,0.997801641274693
"3700",28.22773482,1.49398423700454,1.4854077688835,2.13461262811311,4.34104886797256,0.997784803746146
"3701",28.235366,1.49396142450018,1.48534212582231,2.13406306023315,4.3403042909755,0.997767837235921
"3702",28.24299718,1.49393852619192,1.48527615502169,2.13351078044368,4.33955603711969,0.997750740755977
"3703",28.25062836,1.49391554176238,1.48520985462952,2.13295577538222,4.33880408767086,0.997733513310699
"3704",28.25825954,1.49389247089304,1.48514322278198,2.13239803162524,4.33804842380048,0.997716153896841
"3705",28.26589072,1.49386931326425,1.48507625760341,2.13183753568822,4.33728902658558,0.997698661503469
"3706",28.2735219,1.4938460685552,1.4850089572061,2.13127427402372,4.33652587700608,0.997681035111926
"3707",28.28115308,1.49382273644395,1.48494131969056,2.13070823302454,4.33575895594888,0.997663273695721
"3708",28.28878426,1.49379931660741,1.48487334314503,2.13013939901991,4.3349882442026,0.997645376220527
"3709",28.29641544,1.49377580872134,1.48480502564569,2.12956775827794,4.33421372246063,0.997627341644075
"3710",28.30404662,1.49375221246033,1.48473636525648,2.12899329700423,4.33343537131924,0.997609168916114
"3711",28.3116778,1.49372852749783,1.48466736002887,2.1284160013409,4.332653171276,0.997590856978367
"3712",28.31930898,1.49370475350611,1.48459800800209,2.12783585736862,4.33186710273241,0.997572404764423
"3713",28.32694016,1.49368089015628,1.48452830720283,2.12725285110463,4.33107714599113,0.997553811199712
"3714",28.33457134,1.49365693711828,1.48445825564501,2.12666696850209,4.33028328125471,0.997535075201447
"3715",28.34220252,1.49363289406088,1.48438785133005,2.12607819545166,4.3294854886279,0.99751619567853
"3716",28.3498337,1.49360876065165,1.48431709224655,2.12548651778017,4.32868374811541,0.997497171531511
"3717",28.35746488,1.49358453655699,1.4842459763703,2.12489192125103,4.32787803962244,0.997478001652505
"3718",28.36509606,1.49356022144213,1.48417450166409,2.12429439156306,4.32706834295292,0.997458684925154
"3719",28.37272724,1.49353581497109,1.48410266607763,2.12369391435056,4.3262546378093,0.997439220224555
"3720",28.38035842,1.49351131680668,1.48403046754754,2.12309047518367,4.32543690379303,0.997419606417178
"3721",28.3879896,1.49348672661056,1.48395790399736,2.12248405956886,4.32461512040509,0.997399842360792
"3722",28.39562078,1.49346204404313,1.48388497333703,2.12187465294557,4.32378926704101,0.997379926904459
"3723",28.40325196,1.49343726876364,1.4838116734634,2.12126224069057,4.32295932299682,0.997359858888375
"3724",28.41088314,1.49341240043008,1.48373800225956,2.12064680811315,4.32212526746234,0.997339637143895
"3725",28.41851432,1.49338743869926,1.48366395759518,2.12002834045869,4.32128707952569,0.997319260493392
"3726",28.4261455,1.49336238322675,1.48358953732612,2.11940682290572,4.32044473816926,0.99729872775024
"3727",28.43377668,1.49333723366692,1.48351473929466,2.11878224056815,4.31959822227266,0.997278037718692
"3728",28.44140786,1.4933119896729,1.48343956132896,2.11815457849241,4.31874751060826,0.997257189193876
"3729",28.44903904,1.49328665089659,1.48336400124331,2.11752382165913,4.31789258184368,0.997236180961675
"3730",28.45667022,1.49326121698866,1.48328805683797,2.1168899549827,4.31703341454087,0.997215011798664
"3731",28.4643014,1.49323568759854,1.48321172589898,2.11625296331038,4.31616998715462,0.997193680472058
"3732",28.47193258,1.49321006237442,1.4831350061982,2.11561283142309,4.31530227803363,0.997172185739613
"3733",28.47956376,1.49318434096323,1.48305789549286,2.11496954403293,4.31443026541665,0.997150526349603
"3734",28.48719494,1.49315852301069,1.48298039152607,2.11432308578693,4.31355392743773,0.997128701040668
"3735",28.49482612,1.49313260816121,1.48290249202614,2.11367344126306,4.3126732421204,0.997106708541815
"3736",28.5024573,1.49310659605799,1.48282419470676,2.11302059497166,4.31178818737941,0.997084547572312
"3737",28.51008848,1.49308048634295,1.48274549726689,2.11236453135579,4.31089874102103,0.997062216841601
"3738",28.51771966,1.49305427865673,1.48266639739053,2.11170523478935,4.31000488074035,0.99703971504926
"3739",28.52535084,1.49302797263872,1.48258689274673,2.11104268957854,4.30910658412294,0.99701704088489
"3740",28.53298202,1.49300156792702,1.48250698098956,2.11037687996135,4.30820382864412,0.996994193028047
"3741",28.5406132,1.49297506415847,1.48242665975767,2.10970779010564,4.30729659166591,0.9969711701482
"3742",28.54824438,1.49294846096862,1.4823459266746,2.10903540411159,4.30638485044038,0.996947970904596
"3743",28.55587556,1.49292175799172,1.48226477934839,2.1083597060095,4.30546858210623,0.996924593946231
"3744",28.56350674,1.49289495486074,1.48218321537169,2.10768067976116,4.30454776369071,0.996901037911729
"3745",28.57113792,1.49286805120736,1.48210123232133,2.10699830925754,4.30362237210593,0.996877301429314
"3746",28.5787691,1.49284104666195,1.48201882775847,2.1063125783203,4.30269238415088,0.996853383116692
"3747",28.58640028,1.49281394085359,1.48193599922853,2.10562347070174,4.30175777651119,0.996829281580967
"3748",28.59403146,1.49278673341004,1.4818527442609,2.10493097008362,4.30081852575719,0.99680499541858
"3749",28.60166264,1.49275942395776,1.48176906036887,2.10423506007695,4.29987460834339,0.996780523215229
"3750",28.60929382,1.49273201212188,1.48168494504957,2.10353572422262,4.29892600060916,0.99675586354577
"3751",28.616925,1.49270449752622,1.48160039578384,2.10283294599055,4.29797267877737,0.996731014974144
"3752",28.62455618,1.49267687979327,1.48151541003613,2.10212670878003,4.29701461895455,0.996705976053289
"3753",28.63218736,1.4926491585442,1.48142998525435,2.10141699591912,4.29605179712983,0.996680745325056
"3754",28.63981854,1.49262133339884,1.48134411886979,2.10070379066459,4.2950841891747,0.996655321320127
"3755",28.64744972,1.49259340397569,1.48125780829681,2.09998707620075,4.29411177084102,0.99662970255795
"3756",28.6550809,1.49256536989191,1.4811710509332,2.0992668356421,4.29313451776465,0.996603887546588
"3757",28.66271208,1.49253723076329,1.48108384415947,2.0985430520295,4.2921524054597,0.996577874782718
"3758",28.67034326,1.4925089862043,1.48099618533916,2.09781570833271,4.29116540932185,0.996551662751474
"3759",28.67797444,1.49248063582805,1.48090807181861,2.09708478744934,4.29017350462686,0.996525249926388
"3760",28.68560562,1.49245217924628,1.48081950092664,2.09635027220369,4.28917666652832,0.996498634769315
"3761",28.6932368,1.49242361606938,1.48073046997468,2.0956121453479,4.28817487005933,0.996471815730319
"3762",28.70086798,1.49239494590636,1.48064097625657,2.09487038956157,4.2871680901316,0.996444791247583
"3763",28.70849916,1.49236616836488,1.48055101704845,2.09412498745121,4.28615630153441,0.996417559747329
"3764",28.71613034,1.4923372830512,1.48046058960849,2.09337592154983,4.28513947893376,0.996390119643731
"3765",28.72376152,1.49230828957022,1.480369691177,2.09262317431748,4.28411759687296,0.996362469338806
"3766",28.7313927,1.49227918752544,1.48027831897607,2.09186672814025,4.28309062977087,0.996334607222341
"3767",28.73902388,1.49224997651898,1.4801864702096,2.09110656533069,4.28205855192226,0.996306531671782
"3768",28.74665506,1.49222065615156,1.48009414206325,2.09034266812825,4.2810213374982,0.996278241052128
"3769",28.75428624,1.49219122602253,1.48000133170394,2.08957501869687,4.27997896054229,0.99624973371589
"3770",28.76191742,1.49216168572979,1.47990803628015,2.08880359912755,4.27893139497413,0.996221008002926
"3771",28.7695486,1.49213203486989,1.47981425292154,2.08802839143607,4.2778786145858,0.996192062240395
"3772",28.77717978,1.49210227303791,1.47971997873881,2.08724937756374,4.27682059304254,0.996162894742643
"3773",28.78481096,1.49207239982757,1.47962521082382,2.08646653937798,4.27575730388341,0.99613350381108
"3774",28.79244214,1.49204241483113,1.4795299462491,2.08567985867032,4.27468872051818,0.996103887734128
"3775",28.80007332,1.49201231763945,1.47943418206794,2.08488931715764,4.27361481622866,0.996074044787089
"3776",28.8077045,1.49198210784195,1.47933791531417,2.08409489648138,4.27253556416746,0.996043973232058
"3777",28.81533568,1.49195178502663,1.47924114300216,2.08329657820805,4.27145093735838,0.996013671317802
"3778",28.82296686,1.49192134878004,1.47914386212634,2.0824943438276,4.27036090869361,0.995983137279704
"3779",28.83059804,1.49189079868729,1.47904606966154,2.08168817475549,4.26926545093673,0.995952369339593
"3780",28.83822922,1.49186013433204,1.47894776256248,2.08087805233068,4.26816453671924,0.995921365705696
"3781",28.8458604,1.49182935529653,1.47884893776373,2.08006395781596,4.26705813854087,0.995890124572514
"3782",28.85349158,1.4917984611615,1.47874959217961,2.07924587239809,4.26594622876945,0.995858644120717
"3783",28.86112276,1.49176745150625,1.47864972270409,2.07842377718791,4.26482877964079,0.995826922517025
"3784",28.86875394,1.49173632590863,1.47854932621048,2.07759765321924,4.2637057632567,0.995794957914129
"3785",28.87638512,1.49170508394501,1.47844839955133,2.07676748144886,4.26257715158474,0.995762748450576
"3786",28.8840163,1.49167372519027,1.47834693955848,2.07593324275782,4.26144291645974,0.995730292250632
"3787",28.89164748,1.49164224921784,1.47824494304265,2.0750949179494,4.26030302958057,0.995697587424211
"3788",28.89927866,1.49161065559965,1.47814240679349,2.07425248775033,4.25915746251159,0.995664632066734
"3789",28.90690984,1.49157894390616,1.47803932757931,2.07340593280992,4.258006186681,0.99563142425904
"3790",28.91454102,1.49154711370631,1.47793570214679,2.07255523369928,4.25684917337941,0.995597962067286
"3791",28.9221722,1.49151516456756,1.47783152722136,2.07170037091389,4.2556863937633,0.995564243542767
"3792",28.92980338,1.49148309605589,1.47772679950632,2.07084132486964,4.25451781884885,0.995530266721901
"3793",28.93743456,1.49145090773574,1.47762151568324,2.06997807590559,4.25334341951563,0.995496029626039
"3794",28.94506574,1.49141859917005,1.47751567241164,2.06911060428321,4.25216316650524,0.995461530261365
"3795",28.95269692,1.49138616992027,1.47740926632865,2.06823889018491,4.25097703041866,0.995426766618818
"3796",28.9603281,1.49135361954629,1.47730229404917,2.06736291371607,4.24978498171902,0.995391736673917
"3797",28.96795928,1.49132094760651,1.47719475216539,2.06648265490259,4.24858699072757,0.995356438386702
"3798",28.97559046,1.49128815365778,1.47708663724693,2.06559809369296,4.2473830276264,0.99532086970156
"3799",28.98322164,1.49125523725544,1.47697794584042,2.06470920995645,4.24617306245544,0.99528502854715
"3800",28.99085282,1.49122219795326,1.47686867446948,2.06381598348389,4.24495706511312,0.995248912836256
"3801",28.998484,1.49118903530349,1.47675881963454,2.06291839398723,4.24373500535564,0.995212520465676
"3802",29.00611518,1.49115574885684,1.47664837781276,2.0620164211003,4.24250685279734,0.995175849316077
"3803",29.01374636,1.49112233816244,1.47653734545749,2.06111004437627,4.24127257690691,0.995138897251934
"3804",29.02137754,1.49108880276789,1.47642571899865,2.06019924329088,4.24003214701157,0.995101662121317
"3805",29.02900872,1.49105514221921,1.47631349484218,2.05928399723983,4.23878553229296,0.995064141755835
"3806",29.0366399,1.49102135606087,1.47620066936984,2.05836428553892,4.2375327017869,0.995026333970499
"3807",29.04427108,1.49098744383575,1.47608723893943,2.05744008742585,4.23627362438568,0.994988236563548
"3808",29.05190226,1.49095340508517,1.47597319988412,2.05651138205762,4.23500826883377,0.994949847316384
"3809",29.05953344,1.49091923934887,1.47585854851267,2.05557814851233,4.23373660373026,0.994911163993395
"3810",29.06716462,1.49088494616499,1.47574328110896,2.05464036578758,4.23245859752581,0.994872184341863
"3811",29.0747958,1.4908505250701,1.47562739393211,2.05369801280214,4.23117421852501,0.994832906091787
"3812",29.08242698,1.49081597559915,1.47551088321598,2.05275106839392,4.22988343488273,0.994793326955802
"3813",29.09005816,1.49078129728552,1.47539374516928,2.05179951132149,4.22858621460611,0.994753444629003
"3814",29.09768934,1.49074648966097,1.47527597597515,2.05084332026287,4.2272825255523,0.99471325678884
"3815",29.10532052,1.49071155225564,1.47515757179114,2.04988247381609,4.22597233542884,0.994672761094968
"3816",29.1129517,1.49067648459807,1.47503852874896,2.04891695049884,4.22465561179275,0.994631955189114
"3817",29.12058288,1.49064128621519,1.47491884295432,2.04794672874869,4.2233323220504,0.994590836694937
"3818",29.12821406,1.49060595663229,1.47479851048676,2.04697178692294,4.2220024334569,0.994549403217887
"3819",29.13584524,1.49057049537303,1.47467752739924,2.04599210329732,4.22066591311367,0.994507652345102
"3820",29.14347642,1.49053490195945,1.47455588971842,2.04500765606859,4.21932272797187,0.994465581645191
"3821",29.1511076,1.49049917591194,1.47443359344405,2.04401842335214,4.21797284482847,0.994423188668162
"3822",29.15873878,1.49046331674926,1.47431063454887,2.04302438318246,4.21661623032635,0.994380470945259
"3823",29.16636996,1.49042732398851,1.47418700897852,2.04202551351358,4.21525285095461,0.99433742598881
"3824",29.17400114,1.49039119714513,1.4740627126513,2.04102179221891,4.21388267304782,0.99429405129208
"3825",29.18163232,1.49035493573293,1.47393774145792,2.04001319709075,4.21250566278481,0.994250344329141
"3826",29.1892635,1.49031853926403,1.47381209126141,2.03899970584092,4.21112178618923,0.994206302554703
"3827",29.19689468,1.49028200724889,1.4736857578968,2.03798129610008,4.20973100912795,0.994161923403986
"3828",29.20452586,1.49024533919631,1.47355873717095,2.03695794541768,4.20833329731053,0.994117204292571
"3829",29.21215704,1.49020853461339,1.4734310248624,2.03592963126254,4.20692861628961,0.99407214261623
"3830",29.21978822,1.49017159300557,1.47330261672117,2.03489633102251,4.20551693145994,0.994026735750784
"3831",29.2274194,1.49013451387659,1.47317350846847,2.03385802200421,4.20409820805751,0.993980981051958
"3832",29.23505058,1.4900972967285,1.47304369579648,2.03281468143291,4.20267241115867,0.993934875855228
"3833",29.24268176,1.49005994106165,1.47291317436837,2.03176628645347,4.20123950568137,0.99388841747564
"3834",29.25031294,1.49002244637469,1.47278193981777,2.0307128141291,4.1997994563825,0.993841603207686
"3835",29.25794412,1.48998481216456,1.47264998774878,2.02965424144204,4.19835222785854,0.993794430325129
"3836",29.2655753,1.4899470379265,1.47251731373571,2.02859054529356,4.19689778454498,0.993746896080844
"3837",29.27320648,1.48990912315401,1.47238391332273,2.02752170250332,4.19543609071488,0.993698997706673
"3838",29.28083766,1.48987106733889,1.4722497820239,2.0264476898104,4.19396711047982,0.99365073241324
"3839",29.28846884,1.4898328699712,1.47211491532268,2.02536848387214,4.19249080778763,0.993602097389816
"3840",29.29610002,1.48979453053927,1.47197930867196,2.02428406126531,4.1910071464237,0.993553089804125
"3841",29.3037312,1.4897560485297,1.47184295749367,2.02319439848522,4.18951609000895,0.993503706802205
"3842",29.31136238,1.48971742342733,1.4717058571786,2.022099471946,4.18801760199978,0.993453945508232
"3843",29.31899356,1.48967865471527,1.47156800308629,2.02099925798149,4.18651164568887,0.993403803024329
"3844",29.32662474,1.48963974187486,1.47142939054449,2.0198937328429,4.18499818420102,0.993353276430467
"3845",29.33425592,1.4896006843857,1.47129001484931,2.01878287270182,4.18347718049712,0.993302362784207
"3846",29.3418871,1.48956148172563,1.47114987126479,2.01766665364822,4.18194859737063,0.993251059120586
"3847",29.34951828,1.48952213337069,1.47100895502266,2.01654505169118,4.18041239744803,0.993199362451926
"3848",29.35714946,1.48948263879519,1.47086726132219,2.01541804275899,4.17886854318842,0.993147269767659
"3849",29.36478064,1.48944299747162,1.47072478532983,2.0142856026987,4.17731699688218,0.993094778034165
"3850",29.37241182,1.48940320887072,1.47058152217912,2.01314770727677,4.17575772065143,0.993041884194578
"3851",29.380043,1.48936327246143,1.47043746697037,2.01200433217894,4.17419067644918,0.992988585168615
"3852",29.38767418,1.48932318771089,1.47029261477042,2.01085545301007,4.1726158260585,0.992934877852399
"3853",29.39530536,1.48928295408445,1.47014696061241,2.00970104529447,4.17103313109236,0.992880759118274
"3854",29.40293654,1.48924257104566,1.47000049949554,2.00854108447589,4.16944255299302,0.992826225814626
"3855",29.41056772,1.48920203805623,1.46985322638484,2.00737554591755,4.16784405303148,0.992771274765696
"3856",29.4181989,1.48916135457611,1.46970513621085,2.00620440490213,4.16623759230668,0.992715902771406
"3857",29.42583008,1.48912052006338,1.46955622386942,2.00502763663191,4.16462313174526,0.99266010660716
"3858",29.43346126,1.48907953397432,1.46940648422154,2.00384521622937,4.16300063210168,0.992603883023651
"3859",29.44109244,1.48903839576339,1.46925591209294,2.00265711873638,4.16137005395642,0.992547228746692
"3860",29.44872362,1.48899710488318,1.46910450227386,2.00146331911478,4.15973135771609,0.992490140477018
"3861",29.4563548,1.48895566078449,1.46895224951893,2.00026379224682,4.15808450361355,0.992432614890075
"3862",29.46398598,1.48891406291622,1.46879914854678,1.99905851293473,4.15642945170649,0.992374648635852
"3863",29.47161716,1.48887231072546,1.46864519403977,1.9978474559009,4.15476616187701,0.992316238338675
"3864",29.47924834,1.48883040365744,1.46849038064374,1.996630595788,4.15309459383119,0.99225738059702
"3865",29.48687952,1.4887883411555,1.46833470296795,1.99540790716006,4.15141470710003,0.992198071983275
"3866",29.4945107,1.48874612266115,1.4681781555844,1.99417936450075,4.14972646103597,0.992138309043611
"3867",29.50214188,1.488703747614,1.46802073302793,1.99294494221495,4.1480298148148,0.992078088297724
"3868",29.50977306,1.48866121545181,1.46786242979584,1.99170461462903,4.14632472743517,0.992017406238633
"3869",29.51740424,1.48861852561044,1.46770324034752,1.99045835598985,4.14461115771647,0.991956259332514
"3870",29.52503542,1.48857567752386,1.46754315910421,1.98920614046542,4.14288906429899,0.99189464401848
"3871",29.5326666,1.48853267062417,1.46738218044891,1.987947942146,4.14115840564501,0.991832556708333
"3872",29.54029778,1.48848950434155,1.4672202987258,1.98668373504273,4.13941914003574,0.991769993786419
"3873",29.54792896,1.48844617810428,1.46705750824015,1.98541349308885,4.13767122557265,0.991706951609375
"3874",29.55556014,1.48840269133874,1.46689380325802,1.98413719013952,4.13591462017629,0.991643426505929
"3875",29.56319132,1.48835904346941,1.466729178006,1.98285479997251,4.13414928158666,0.991579414776673
"3876",29.5708225,1.48831523391881,1.46656362667069,1.98156629628705,4.13237516736054,0.991514912693892
"3877",29.57845368,1.48827126210758,1.46639714339879,1.98027165270584,4.13059223487396,0.991449916501283
"3878",29.58608486,1.4882271274544,1.46622972229643,1.97897084277373,4.12880044131919,0.991384422413792
"3879",29.59371604,1.48818282937604,1.46606135742922,1.97766383995915,4.12699974370635,0.99131842661735
"3880",29.60134722,1.4881383672873,1.46589204282168,1.97635061765349,4.12519009886141,0.991251925268681
"3881",29.6089784,1.48809374060107,1.46572177245706,1.97503114917154,4.1233714634262,0.991184914495072
"3882",29.61660958,1.48804894872827,1.46555054027699,1.97370540775168,4.12154379385786,0.991117390394145
"3883",29.62424076,1.48800399107785,1.46537834018139,1.97237336655712,4.11970704642988,0.9910493490336
"3884",29.63187194,1.48795886705683,1.46520516602771,1.97103499867398,4.11786117722828,0.99098078645106
"3885",29.63950312,1.48791357607025,1.46503101163107,1.96969027711363,4.11600614215438,0.990911698653767
"3886",29.6471343,1.48786811752116,1.46485587076381,1.96833917481247,4.11414189692368,0.990842081618368
"3887",29.65476548,1.48782249081067,1.46467973715501,1.96698166463117,4.11226839706365,0.990771931290716
"3888",29.66239666,1.48777669533787,1.46450260449044,1.96561771935637,4.11038559791567,0.990701243585583
"3889",29.67002784,1.48773073049989,1.46432446641197,1.96424731169967,4.10849345463236,0.990630014386473
"3890",29.67765902,1.48768459569185,1.46414531651752,1.96287041429922,4.1065919221794,0.990558239545329
"3891",29.6852902,1.48763829030687,1.46396514836052,1.96148699971888,4.10468095533312,0.990485914882339
"3892",29.69292138,1.48759181373609,1.46378395544973,1.96009704044933,4.10276050868137,0.990413036185661
"3893",29.70055256,1.48754516536861,1.4636017312489,1.95870050890839,4.10083053662316,0.990339599211178
"3894",29.70818374,1.48749834459153,1.46341846917618,1.95729737743993,4.09889099336587,0.990265599682304
"3895",29.71581492,1.48745135078994,1.46323416260429,1.95588761831684,4.09694183292912,0.990191033289638
"3896",29.7234461,1.48740418334687,1.46304880485974,1.95447120373888,4.09498300914039,0.990115895690801
"3897",29.73107728,1.48735684164336,1.46286238922268,1.95304810583442,4.09301447563669,0.99004018251014
"3898",29.73870846,1.48730932505839,1.4626749089265,1.95161829666023,4.09103618586337,0.98996388933849
"3899",29.74633964,1.48726163296891,1.46248635715756,1.95018174820216,4.08904809307414,0.989887011732906
"3900",29.75397082,1.4872137647498,1.46229672705482,1.94873843237557,4.08705015033081,0.989809545216401
"3901",29.761602,1.48716571977392,1.46210601170944,1.94728832102525,4.08504231050213,0.989731485277705
"3902",29.76923318,1.48711749741204,1.46191420416451,1.94583138592657,4.08302452626452,0.989652827370977
"3903",29.77686436,1.48706909703289,1.46172129741462,1.94436759878516,4.08099675010064,0.989573566915561
"3904",29.78449554,1.48702051800313,1.46152728440552,1.94289693123749,4.07895893429928,0.989493699295719
"3905",29.79212672,1.48697175968732,1.46133215803386,1.94141935485192,4.07691103095581,0.989413219860337
"3906",29.7997579,1.48692282144798,1.46113591114668,1.93993484112839,4.07485299197084,0.989332123922682
"3907",29.80738908,1.48687370264551,1.46093853654112,1.93844336149888,4.07278476904979,0.989250406760127
"3908",29.81502026,1.48682440263823,1.46074002696412,1.93694488732884,4.07070631370398,0.989168063613844
"3909",29.82265144,1.48677492078238,1.46054037511188,1.93543938991614,4.0686175772481,0.989085089688579
"3910",29.83028262,1.48672525643207,1.46033957362969,1.93392684049295,4.06651851080191,0.989001480152322
"3911",29.8379138,1.48667540893933,1.46013761511135,1.93240721022518,4.06440906528824,0.988917230136068
"3912",29.84554498,1.48662537765406,1.459934492099,1.9308804702139,4.06228919143426,0.988832334733492
"3913",29.85317616,1.48657516192405,1.45973019708262,1.92934659149523,4.0601588397701,0.988746789000692
"3914",29.86080734,1.48652476109496,1.45952472249959,1.92780554504072,4.05801796062824,0.988660587955907
"3915",29.86843852,1.48647417451033,1.45931806073445,1.92625730175842,4.05586650414417,0.9885737265792
"3916",29.8760697,1.48642340151155,1.45911020411839,1.92470183249302,4.05370442025542,0.988486199812189
"3917",29.88370088,1.48637244143789,1.45890114492894,1.92313910802667,4.05153165870165,0.988398002557735
"3918",29.89133206,1.48632129362647,1.45869087538959,1.92156909907964,4.0493481690245,0.988309129679645
"3919",29.89896324,1.48626995741225,1.45847938766925,1.91999177631019,4.04715390056626,0.988219576002402
"3920",29.90659442,1.48621843212803,1.45826667388199,1.9184071103158,4.04494880247064,0.98812933631083
"3921",29.9142256,1.48616671710448,1.4580527260866,1.91681507163379,4.04273282368235,0.988038405349802
"3922",29.92185678,1.48611481167005,1.45783753628612,1.91521563074138,4.04050591294617,0.987946777823944
"3923",29.92948796,1.48606271515107,1.45762109642756,1.913608758057,4.03826801880768,0.987854448397304
"3924",29.93711914,1.48601042687165,1.45740339840138,1.91199442394041,4.03601908961229,0.987761411693062
"3925",29.94475032,1.48595794615376,1.45718443404105,1.91037259869334,4.03375907350487,0.987667662293216
"3926",29.9523815,1.48590527231713,1.45696419512276,1.9087432525606,4.0314879184303,0.987573194738247
"3927",29.96001268,1.48585240467934,1.45674267336491,1.9071063557303,4.02920557213265,0.987478003526817
"3928",29.96764386,1.48579934255575,1.45651986042761,1.90546187833446,4.02691198215453,0.987382083115464
"3929",29.97527504,1.4857460852595,1.45629574791248,1.90380979045029,4.02460709583825,0.987285427918232
"3930",29.98290622,1.48569263210155,1.456070327362,1.90215006210044,4.02229086032451,0.987188032306385
"3931",29.9905374,1.48563898239062,1.45584359025908,1.90048266325333,4.01996322255178,0.987089890608086
"3932",29.99816858,1.48558513543322,1.45561552802678,1.8988075638247,4.01762412925739,0.986990997108034
"3933",30.00579976,1.48553109053363,1.45538613202778,1.8971247336779,4.01527352697669,0.986891346047143
"3934",30.01343094,1.48547684699389,1.45515539356395,1.89543414262497,4.01291136204323,0.986790931622207
"3935",30.02106212,1.48542240411381,1.45492330387573,1.89373576042632,4.01053758058699,0.986689747985599
"3936",30.0286933,1.48536776119096,1.45468985414206,1.8920295567933,4.00815212853714,0.986587789244847
"3937",30.03632448,1.48531291752064,1.4544550354795,1.89031550138722,4.0057549516189,0.986485049462383
"3938",30.04395566,1.48525787239591,1.45421883894209,1.88859356382142,4.00334599535549,0.986381522655129
"3939",30.05158684,1.48520262510758,1.45398125552069,1.88686371366133,4.00092520506684,0.986277202794189
"3940",30.05921802,1.48514717494416,1.45374227614266,1.8851259204258,3.99849252587025,0.986172083804469
"3941",30.0668492,1.48509152119193,1.45350189167128,1.88338015358761,3.99604790267961,0.986066159564348
"3942",30.07448038,1.48503566313487,1.45326009290527,1.88162638257413,3.99359128020515,0.985959423905319
"3943",30.08211156,1.48497960005467,1.45301687057844,1.87986457676899,3.99112260295455,0.985851870611601
"3944",30.08974274,1.48492333123076,1.45277221535908,1.87809470551211,3.98864181523144,0.985743493419814
"3945",30.09737392,1.48486685594024,1.45252611784953,1.876316738101,3.98614886113601,0.985634286018596
"3946",30.1050051,1.48481017345794,1.45227856858571,1.87453064379181,3.98364368456516,0.985524242048226
"3947",30.11263628,1.48475328305638,1.45202955803657,1.8727363917998,3.98112622921168,0.985413355100281
"3948",30.12026746,1.48469618400575,1.45177907660367,1.87093395130072,3.97859643856492,0.985301618717238
"3949",30.12789864,1.48463887557396,1.45152711462062,1.86912329143157,3.97605425591042,0.985189026392107
"3950",30.13552982,1.48458135702656,1.4512736623526,1.86730438129157,3.9734996243299,0.985075571568052
"3951",30.143161,1.48452362762682,1.45101870999581,1.86547718994296,3.97093248670087,0.984961247638023
"3952",30.15079218,1.48446568663562,1.45076224767712,1.86364168641272,3.96835278569788,0.98484604794433
"3953",30.15842336,1.48440753331155,1.45050426545329,1.86179783969254,3.96576046379072,0.984729965778311
"3954",30.16605454,1.48434916691085,1.45024475331072,1.85994561874077,3.96315546324604,0.984612994379892
"3955",30.17368572,1.48429058668738,1.44998370116473,1.85808499248283,3.9605377261262,0.984495126937231
"3956",30.1813169,1.48423179189269,1.44972109885917,1.85621592981279,3.95790719429023,0.984376356586288
"3957",30.18894808,1.48417278177594,1.44945693616583,1.85433839959405,3.95526380939327,0.984256676410451
"3958",30.19657926,1.48411355558394,1.44919120278381,1.85245237066046,3.95260751288646,0.984136079440132
"3959",30.20421044,1.48405411256112,1.44892388833918,1.85055781181769,3.94993824601762,0.984014558652345
"3960",30.21184162,1.48399445194954,1.4486549823844,1.84865469184458,3.94725594983173,0.983892106970287
"3961",30.2194728,1.48393457298889,1.4483844743975,1.84674297949309,3.94456056516883,0.983768717262988
"3962",30.22710398,1.48387447491645,1.44811235378195,1.84482264349112,3.94185203266702,0.98364438234481
"3963",30.23473516,1.48381415696712,1.44783860986579,1.84289365254247,3.93913029276058,0.983519094975092
"3964",30.24236634,1.4837536183734,1.4475632319012,1.84095597532847,3.93639528568071,0.983392847857704
"3965",30.24999752,1.48369285836541,1.44728620906394,1.83900958050935,3.93364695145601,0.983265633640619
"3966",30.2576287,1.48363187617082,1.44700753045273,1.83705443672511,3.930885229912,0.983137444915495
"3967",30.26525988,1.48357067101492,1.44672718508874,1.83509051259709,3.92811006067187,0.983008274217235
"3968",30.27289106,1.48350924212057,1.44644516191495,1.833117776729,3.92532138315616,0.982878114023564
"3969",30.28052224,1.48344758870819,1.44616144979556,1.83113619770818,3.92251913658299,0.982746956754588
"3970",30.28815342,1.48338570999581,1.44587603751558,1.82914574410741,3.91970325996916,0.982614794772328
"3971",30.2957846,1.48332360519897,1.44558891377999,1.82714638448555,3.91687369212917,0.982481620380311
"3972",30.30341578,1.48326127353083,1.44530006721329,1.82513808738918,3.91403037167593,0.982347425823107
"3973",30.31104696,1.48319871420205,1.44500948635892,1.82312082135418,3.91117323702146,0.982212203285865
"3974",30.31867814,1.48313592642087,1.44471715967858,1.82109455490679,3.90830222637654,0.982075944893879
"3975",30.32630932,1.48307290939307,1.4444230755516,1.81905925656484,3.90541727775079,0.981938642712126
"3976",30.3339405,1.48300966232195,1.44412722227453,1.81701489484002,3.90251832895436,0.981800288744774
"3977",30.34157168,1.48294618440836,1.44382958806025,1.81496143823819,3.89960531759641,0.981660874934765
"3978",30.34920286,1.48288247485067,1.44353016103753,1.81289885526173,3.89667818108677,0.981520393163304
"3979",30.35683404,1.48281853284478,1.44322892925031,1.81082711441034,3.89373685663535,0.981378835249423
"3980",30.36446522,1.4827543575841,1.44292588065722,1.80874618418333,3.89078128125373,0.981236192949455
"3981",30.3720964,1.48268994825955,1.4426210031307,1.80665603308024,3.88781139175407,0.98109245795661
"3982",30.37972758,1.48262530405954,1.44231428445659,1.80455662960306,3.88482712475059,0.98094762190045
"3983",30.38735876,1.48256042417002,1.44200571233335,1.80244794225736,3.88182841665936,0.980801676346426
"3984",30.39498994,1.48249530777441,1.4416952743714,1.80032993955404,3.87881520369888,0.980654612795382
"3985",30.40262112,1.4824299540536,1.44138295809269,1.79820259001132,3.87578742189137,0.980506422683023
"3986",30.4102523,1.48236436218601,1.44106875092969,1.79606586215547,3.87274500706154,0.980357097379487
"3987",30.41788348,1.4822985313475,1.44075264022501,1.79391972452337,3.8696878948387,0.980206628188776
"3988",30.42551466,1.48223246071143,1.4404346132305,1.79176414566322,3.86661602065571,0.980055006348308
"3989",30.43314584,1.48216614944861,1.44011465710685,1.78959909413737,3.86352931975135,0.979902223028343
"3990",30.44077702,1.48209959672732,1.43979275892262,1.78742453852297,3.86042772716897,0.979748269331527
"3991",30.4484082,1.48203280171331,1.43946890565383,1.7852404474145,3.85731117775873,0.979593136292327
"3992",30.45603938,1.48196576356975,1.43914308418299,1.78304678942482,3.85417960617655,0.979436814876553
"3993",30.46367056,1.4818984814573,1.43881528129863,1.78084353318749,3.85103294688594,0.979279295980799
"3994",30.47130174,1.48183095453404,1.43848548369452,1.77863064735845,3.84787113415831,0.979120570431916
"3995",30.47893292,1.48176318195547,1.4381536779689,1.77640810061747,3.84469410207295,0.978960628986501
"3996",30.4865641,1.48169516287456,1.43781985062389,1.77417586167053,3.84150178451864,0.978799462330332
"3997",30.49419528,1.48162689644169,1.43748398806466,1.77193389925132,3.83829411519358,0.978637061077842
"3998",30.50182646,1.48155838180463,1.43714607659881,1.76968218212341,3.83507102760677,0.978473415771555
"3999",30.50945764,1.48148961810863,1.4368061024355,1.76742067908157,3.83183245507748,0.978308516881576
"4000",30.51708882,1.48142060449629,1.43646405168493,1.76514935895471,3.82857833073781,0.978142354804969
"4001",30.52472,1.48135134010766,1.43611991035735,1.76286819060673,3.82530858753154,0.97797491986527
"4002",30.53235118,1.48128182408016,1.43577366436252,1.76057714293932,3.82202315821631,0.977806202311872
"4003",30.53998236,1.48121205554862,1.4354252995089,1.75827618489379,3.818721975364,0.977636192319468
"4004",30.54761354,1.48114203364527,1.43507480150278,1.75596528545267,3.81540497136092,0.977464879987506
"4005",30.55524472,1.4810717574997,1.43472215594768,1.7536444136422,3.81207207840935,0.977292255339585
"4006",30.5628759,1.48100122623891,1.43436734834351,1.75131353853454,3.80872322852852,0.977118308322868
"4007",30.57050708,1.48093043898725,1.43401036408582,1.74897262924947,3.80535835355501,0.976943028807519
"4008",30.57813826,1.48085939486645,1.43365118846494,1.74662165495664,3.80197738514358,0.976766406586108
"4009",30.58576944,1.48078809299561,1.43328980666531,1.7442605848779,3.79858025476858,0.97658843137301
"4010",30.59340062,1.48071653249119,1.43292620376463,1.7418893882894,3.79516689372473,0.976409092803799
"4011",30.6010318,1.480644712467,1.43256036473299,1.73950803452349,3.79173723312742,0.976228380434681
"4012",30.60866298,1.4805726320342,1.43219227443231,1.73711649297187,3.78829120391546,0.976046283741813
"4013",30.61629416,1.48050029030129,1.43182191761521,1.73471473308668,3.78482873684998,0.975862792120774
"4014",30.62392534,1.48042768637412,1.43144927892441,1.73230272438356,3.78134976251679,0.975677894885896
"4015",30.63155652,1.48035481935587,1.43107434289187,1.7298804364438,3.77785421132721,0.97549158126965
"4016",30.6391877,1.48028168834707,1.43069709393787,1.72744783891651,3.77434201351879,0.975303840422037
"4017",30.64681888,1.48020829244553,1.43031751637032,1.72500490152129,3.77081309915703,0.975114661409931
"4018",30.65445006,1.48013463074642,1.42993559438378,1.72255159405037,3.76726739813605,0.97492403321646
"4019",30.66208124,1.48006070234222,1.42955131205875,1.72008788637133,3.76370484018021,0.974731944740347
"4020",30.66971242,1.47998650632271,1.42916465336064,1.71761374842902,3.76012535484446,0.974538384795301
"4021",30.6773436,1.47991204177497,1.42877560213913,1.7151291502488,3.75652887151682,0.97434334210931
"4022",30.68497478,1.4798373077834,1.42838414212708,1.71263406193841,3.75291531941853,0.974146805324035
"4023",30.69260596,1.47976230342968,1.42799025693984,1.71012845369082,3.74928462760592,0.973948762994122
"4024",30.70023714,1.47968702779279,1.42759393007425,1.70761229578689,3.74563672497174,0.973749203586533
"4025",30.70786832,1.479611479949,1.4271951449078,1.70508555859756,3.74197154024594,0.9735481154799
"4026",30.7154995,1.47953565897184,1.42679388469776,1.70254821258706,3.73828900199798,0.97334548696381
"4027",30.72313068,1.47945956393215,1.4263901325802,1.700000228315,3.73458903863717,0.973141306238163
"4028",30.73076186,1.47938319389801,1.4259838715692,1.69744157643952,3.730871578415,0.972935561412454
"4029",30.73839304,1.47930654793479,1.42557508455581,1.69487222771975,3.72713654942605,0.972728240505097
"4030",30.74602422,1.47922962510511,1.42516375430722,1.69229215301868,3.72338387960974,0.97251933144272
"4031",30.7536554,1.47915242446885,1.4247498634658,1.68970132330582,3.71961349675164,0.97230882205947
"4032",30.76128658,1.47907494508315,1.42433339454815,1.68709970966017,3.71582532848522,0.972096700096293
"4033",30.76891776,1.47899718600239,1.42391432994423,1.68448728327309,3.71201930229362,0.971882953200221
"4034",30.77654894,1.4789191462782,1.42349265191628,1.68186401545092,3.70819534551056,0.971667568923671
"4035",30.78418012,1.47884082495945,1.42306834259795,1.67922987761802,3.7043533853225,0.971450534723706
"4036",30.7918113,1.47876222109224,1.42264138399335,1.67658484131993,3.70049334877046,0.971231837961295
"4037",30.79944248,1.47868333371989,1.42221175797609,1.67392887822613,3.69661516275156,0.97101146590059
"4038",30.80707366,1.47860416188297,1.42177944628818,1.67126196013299,3.69271875402051,0.970789405708185
"4039",30.81470484,1.47852470461926,1.42134443053918,1.66858405896693,3.68880404919167,0.970565644452364
"4040",30.82233602,1.47844496096376,1.42090669220512,1.66589514678741,3.68487097474071,0.970340169102357
"4041",30.8299672,1.47836492994866,1.42046621262758,1.66319519579023,3.68091945700676,0.970112966527559
"4042",30.83759838,1.47828461060338,1.42002297301258,1.66048417831039,3.67694942219386,0.969884023496791
"4043",30.84522956,1.47820400195455,1.41957695442968,1.65776206682554,3.6729607963734,0.969653326677506
"4044",30.85286074,1.47812310302597,1.41912813781083,1.65502883395884,3.66895350548527,0.969420862635044
"4045",30.86049192,1.47804191283866,1.41867650394942,1.65228445248257,3.66492747534074,0.969186617831816
"4046",30.8681231,1.47796043041083,1.41822203349927,1.64952889532125,3.66088263162405,0.968950578626527
"4047",30.87575428,1.47787865475785,1.41776470697346,1.64676213555486,3.6568188998944,0.968712731273394
"4048",30.88338546,1.4777965848923,1.41730450474337,1.64398414642225,3.6527362055881,0.968473061921338
"4049",30.89101664,1.47771421982392,1.41684140703763,1.64119490132464,3.648634474021,0.968231556613165
"4050",30.89864782,1.47763155855963,1.41637539394093,1.63839437382875,3.64451363039007,0.967988201284778
"4051",30.906279,1.47754860010351,1.41590644539311,1.6355825376707,3.64037359977645,0.967742981764327
"4052",30.91391018,1.47746534345682,1.41543454118794,1.63275936675907,3.63621430714699,0.967495883771407
"4053",30.92154136,1.47738178761797,1.41495966097203,1.62992483517844,3.63203567735653,0.967246892916234
"4054",30.92917254,1.47729793158252,1.41448178424383,1.62707891719341,3.62783763515103,0.966995994698769
"4055",30.93680372,1.47721377434319,1.41400089035241,1.6242215872517,3.62362010516912,0.966743174507908
"4056",30.9444349,1.47712931488985,1.41351695849639,1.62135281998796,3.61938301194483,0.966488417620622
"4057",30.95206608,1.47704455220952,1.41302996772268,1.61847259022728,3.61512627990964,0.966231709201115
"4058",30.95969726,1.47695948528632,1.41253989692565,1.6155808729895,3.61084983339623,0.965973034299901
"4059",30.96732844,1.47687411310156,1.41204672484566,1.61267764349213,3.60655359663949,0.96571237785301
"4060",30.97495962,1.47678843463365,1.41155043006803,1.6097628771546,3.60223749377984,0.965449724681071
"4061",30.9825908,1.47670244885813,1.41105099102192,1.60683654960213,3.59790144886608,0.965185059488416
"4062",30.99022198,1.47661615474768,1.41054838597905,1.60389863666918,3.59354538585728,0.96491836686224
"4063",30.99785316,1.47652955127206,1.41004259305264,1.600949114404,3.58916922862661,0.964649631271628
"4064",31.00548434,1.4764426373982,1.4095335901961,1.59798795907188,3.58477290096298,0.964378837066726
"4065",31.01311552,1.4763554120901,1.40902135520188,1.59501514715954,3.58035632657448,0.964105968477784
"4066",31.0207467,1.47626787430889,1.40850586570031,1.59203065537909,3.57591942909127,0.963831009614247
"4067",31.02837788,1.4761800230128,1.40798709915831,1.58903446067205,3.57146213206828,0.963553944463831
"4068",31.03600906,1.47609185715714,1.40746503287812,1.5860265402133,3.56698435898792,0.963274756891603
"4069",31.04364024,1.47600337569435,1.40693964399619,1.58300687141545,3.56248603326358,0.962993430639026
"4070",31.05127142,1.47591457757395,1.40641090948184,1.57997543193292,3.55796707824245,0.962709949323009
"4071",31.0589026,1.47582546174253,1.40587880613601,1.57693219966607,3.55342741720848,0.962424296434972
"4072",31.06653378,1.4757360271438,1.40534331059005,1.5738771527657,3.54886697338591,0.962136455339856
"4073",31.07416496,1.47564627271853,1.40480439930434,1.57081026963699,3.54428566994183,0.961846409275191
"4074",31.08179614,1.47555619740457,1.4042620485671,1.56773152894407,3.53968342998993,0.961554141350098
"4075",31.08942732,1.47546580013684,1.4037162344931,1.56464090961463,3.5350601765941,0.961259634544277
"4076",31.0970585,1.47537507984736,1.40316693302216,1.56153839084357,3.53041583277038,0.960962871707103
"4077",31.10468968,1.47528403546519,1.4026141199182,1.55842395209854,3.52575032149244,0.960663835556507
"4078",31.11232086,1.47519266591645,1.40205777076748,1.5552975731234,3.52106356569288,0.960362508678089
"4079",31.11995204,1.47510097012436,1.40149786097765,1.55215923394355,3.51635548826848,0.960058873524009
"4080",31.12758322,1.47500894700915,1.40093436577613,1.54900891487014,3.5116260120827,0.959752912412024
"4081",31.1352144,1.47491659548813,1.40036726020891,1.54584659650477,3.50687505996978,0.959444607524428
"4082",31.14284558,1.47482391447567,1.39979651913908,1.54267225974416,3.50210255473803,0.959133940907037
"4083",31.15047676,1.47473090288317,1.39922211724554,1.53948588578497,3.49730841917408,0.958820894468118
"4084",31.15810794,1.47463755961908,1.39864402902158,1.53628745612845,3.49249257604617,0.958505449977356
"4085",31.16573912,1.47454388358889,1.39806222877344,1.53307695258535,3.4876549481083,0.958187589064778
"4086",31.1733703,1.47444987369514,1.3974766906189,1.52985435728061,3.48279545810377,0.95786729321971
"4087",31.18100148,1.47435552883739,1.396887388486,1.52661965265849,3.47791402876972,0.95754454378965
"4088",31.18863266,1.47426084791224,1.39629429611137,1.52337282148729,3.47301058284043,0.95721932197924
"4089",31.19626384,1.47416582981332,1.39569738703904,1.52011384686463,3.46808504305225,0.95689160884911
"4090",31.20389502,1.47407047343129,1.39509663461876,1.51684271222201,3.46313733214661,0.956561385314843
"4091",31.2115262,1.47397477765383,1.39449201200469,1.51355940133039,3.45816737287528,0.956228632145807
"4092",31.21915738,1.47387874136562,1.39388349215389,1.51026389830514,3.45317508800427,0.955893329964051
"4093",31.22678856,1.4737823634484,1.39327104782478,1.50695618761094,3.4481604003177,0.955555459243202
"4094",31.23441974,1.47368564278089,1.39265465157566,1.5036362540674,3.44312323262273,0.955215000307296
"4095",31.24205092,1.47358857823884,1.3920342757633,1.5003040828542,3.43806350775405,0.954871933329636
"4096",31.2496821,1.473491168695,1.39140989254122,1.49695965951612,3.43298114857768,0.954526238331669
"4097",31.25731328,1.47339341301913,1.3907814738584,1.49360296996895,3.42787607799669,0.954177895181763
"4098",31.26494446,1.473295310078,1.3901489914575,1.49023400050433,3.42274821895463,0.953826883594104
"4099",31.27257564,1.47319685873538,1.38951241687346,1.48685273779545,3.41759749444097,0.953473183127469
"4100",31.28020682,1.47309805785202,1.38887172143188,1.48345916890268,3.41242382749583,0.953116773184043
"4101",31.287838,1.47299890628569,1.38822687624744,1.48005328127885,3.40722714121456,0.952757633008229
"4102",31.29546918,1.47289940289114,1.3875778522223,1.47663506277503,3.40200735875289,0.952395741685431
"4103",31.30310036,1.47279954652013,1.38692462004452,1.47320450164612,3.39676440333176,0.952031078140844
"4104",31.31073154,1.47269933602139,1.38626715018644,1.46976158655651,3.39149819824254,0.951663621138211
"4105",31.31836272,1.47259877024064,1.38560541290297,1.46630630658576,3.38620866685178,0.951293349278623
"4106",31.3259939,1.47249784802059,1.3849393782301,1.46283865123462,3.38089573260699,0.950920240999215
"4107",31.33362508,1.47239656820094,1.38426901598309,1.45935861043054,3.37555931904132,0.950544274571968
"4108",31.34125626,1.47229492961834,1.38359429575492,1.45586617453383,3.37019934977939,0.950165428102405
"4109",31.34888744,1.47219293110646,1.38291518691459,1.45236133434354,3.36481574854255,0.949783679528322
"4110",31.35651862,1.47209057149591,1.38223165860531,1.44884408110317,3.35940843915395,0.949399006618539
"4111",31.3641498,1.47198784961429,1.38154367974292,1.44531440650708,3.35397734554469,0.949011386971554
"4112",31.37178098,1.47188476428618,1.38085121901424,1.44177230270648,3.34852239175958,0.948620798014251
"4113",31.37941216,1.47178131433312,1.38015424487506,1.43821776231526,3.3430435019619,0.948227217000631
"4114",31.38704334,1.47167749857361,1.37945272554871,1.43465077841665,3.33754060044042,0.947830621010414
"4115",31.39467452,1.47157331582313,1.37874662902409,1.43107134456901,3.33201361161432,0.947430986947771
"4116",31.4023057,1.47146876489413,1.37803592305401,1.42747945481245,3.32646246003977,0.947028291539929
"4117",31.40993688,1.47136384459599,1.37732057515329,1.42387510367485,3.32088707041544,0.946622511335864
"4118",31.41756806,1.47125855373509,1.37660055259713,1.42025828617863,3.31528736758937,0.946213622704873
"4119",31.42519924,1.47115289111476,1.37587582241915,1.41662899784678,3.30966327656435,0.945801601835259
"4120",31.43283042,1.47104685553526,1.37514635140958,1.41298723470953,3.3040147225046,0.94538642473292
"4121",31.4404616,1.47094044579385,1.37441210611355,1.4093329933111,3.29834163074257,0.944968067219922
"4122",31.44809278,1.4708336606847,1.37367305282903,1.40566627071578,3.29264392678441,0.944546504933155
"4123",31.45572396,1.47072649899898,1.37292915760515,1.40198706451506,3.28692153631743,0.944121713322855
"4124",31.46335514,1.47061895952478,1.3721803862402,1.39829537283405,3.28117438521635,0.943693667651199
"4125",31.47098632,1.47051104104714,1.37142670427976,1.39459119433825,3.2754023995499,0.943262342990879
"4126",31.4786175,1.47040274234807,1.37066807701481,1.39087452824042,3.26960550558789,0.942827714223622
"4127",31.48624868,1.47029406220652,1.36990446947979,1.3871453743074,3.26378362980811,0.942389756038736
"4128",31.49387986,1.47018499939837,1.36913584645065,1.38340373286695,3.25793669890308,0.941948442931654
"4129",31.50151104,1.47007555269649,1.36836217244292,1.37964960481482,3.25206463978753,0.94150374920241
"4130",31.50914222,1.46996572087064,1.36758341170966,1.37588299162151,3.24616737960495,0.941055648954202
"4131",31.5167734,1.46985550268756,1.36679952823958,1.37210389533957,3.24024484573551,0.940604116091827
"4132",31.52440458,1.46974489691094,1.366010485755,1.36831231861067,3.23429696580327,0.940149124320176
"4133",31.53203576,1.46963390230138,1.36521624770979,1.36450826467263,3.22832366768342,0.939690647142721
"4134",31.53966694,1.46952251761644,1.36441677728737,1.3606917373667,3.22232487950995,0.939228657859963
"4135",31.54729812,1.46941074161064,1.36361203739867,1.3568627411448,3.21630052968336,0.938763129567873
"4136",31.5549293,1.46929857303541,1.36280199068007,1.35302128107689,3.21025054687845,0.938294035156323
"4137",31.56256048,1.46918601063912,1.36198659949128,1.34916736285828,3.20417486005211,0.937821347307513
"4138",31.57019166,1.46907305316712,1.36116582591328,1.34530099281706,3.19807339845124,0.937345038494383
"4139",31.57782284,1.46895969936164,1.36033963174624,1.34142217792164,3.19194609162115,0.936865080978988
"4140",31.58545402,1.46884594796191,1.35950797850728,1.33753092578808,3.18579286941301,0.936381446810929
"4141",31.5930852,1.46873179770405,1.35867082742843,1.33362724468787,3.17961366199294,0.935894107825674
"4142",31.60071638,1.46861724732113,1.35782813945446,1.32971114355548,3.17340839984984,0.93540303564295
"4143",31.60834756,1.46850229554319,1.35697987524065,1.32578263199606,3.1671770138042,0.934908201665072
"4144",31.61597874,1.46838694109716,1.35612599515062,1.32184172029303,3.16091943501628,0.934409577075306
"4145",31.62360992,1.46827118270693,1.35526645925414,1.3178884194162,3.15463559499546,0.933907132836143
"4146",31.6312411,1.46815501909334,1.35440122732489,1.31392274102919,3.14832542560836,0.933400839687661
"4147",31.63887228,1.46803844897416,1.35353025883821,1.30994469749766,3.14198885908828,0.932890668145776
"4148",31.64650346,1.46792147106408,1.35265351296882,1.30595430189706,3.13562582804395,0.93237658850056
"4149",31.65413464,1.46780408407474,1.35177094858861,1.30195156802075,3.1292362654689,0.931858570814479
"4150",31.66176582,1.46768628671474,1.35088252426422,1.29793651038785,3.12282010475032,0.931336584920692
"4151",31.669397,1.46756807768958,1.34998819825487,1.29390914425158,3.11637727967901,0.930810600421247
"4152",31.67702818,1.46744945570174,1.34908792850989,1.28986948560721,3.10990772445832,0.930280586685352
"4153",31.68465936,1.4673304194506,1.34818167266652,1.28581755120048,3.10341137371437,0.929746512847541
"4154",31.69229054,1.46721096763251,1.34726938804741,1.28175335853564,3.09688816250528,0.929208347805927
"4155",31.69992172,1.46709109894075,1.34635103165827,1.27767692588381,3.0903380263311,0.92866606022038
"4156",31.7075529,1.46697081206554,1.3454265601855,1.27358827229139,3.08376090114397,0.928119618510685
"4157",31.71518408,1.46685010569405,1.34449592999377,1.26948741758852,3.07715672335832,0.927568990854694
"4158",31.72281526,1.46672897851039,1.34355909712351,1.26537438239739,3.07052542986073,0.927014145186511
"4159",31.73044644,1.46660742919561,1.34261601728853,1.26124918814082,3.06386695802052,0.926455049194598
"4160",31.73807762,1.4664854564277,1.34166664587347,1.25711185705083,3.05718124570021,0.925891670319899
"4161",31.7457088,1.46636305888163,1.34071093793141,1.25296241217736,3.05046823126628,0.925323975753928
"4162",31.75333998,1.46624023522928,1.33974884818121,1.24880087739669,3.04372785359956,0.924751932436895
"4163",31.76097116,1.46611698413949,1.33878033100505,1.24462727742029,3.03696005210627,0.924175507055759
"4164",31.76860234,1.46599330427806,1.33780534044589,1.24044163780363,3.03016476672917,0.923594666042279
"4165",31.77623352,1.46586919430773,1.3368238302049,1.23624398495494,3.02334193795864,0.923009375571064
"4166",31.7838647,1.4657446528882,1.33583575363882,1.23203434614407,3.01649150684385,0.922419601557613
"4167",31.79149588,1.46561967867612,1.33484106375732,1.22781274951135,3.00961341500413,0.921825309656332
"4168",31.79912706,1.46549427032511,1.33383971322046,1.2235792240766,3.00270760464065,0.921226465258533
"4169",31.80675824,1.46536842648574,1.33283165433598,1.21933379974823,2.99577401854822,0.920623033490386
"4170",31.81438942,1.46524214580552,1.33181683905659,1.21507650733206,2.98881260012674,0.920014979210946
"4171",31.8220206,1.46511542692896,1.33079521897739,1.21080737854074,2.98182329339381,0.919402267010035
"4172",31.82965178,1.4649882684975,1.32976674533296,1.20652644600251,2.97480604299593,0.918784861206274
"4173",31.83728296,1.46486066914958,1.32873136899486,1.20223374327083,2.9677607942218,0.918162725844896
"4174",31.84491414,1.46473262752056,1.32768904046868,1.19792930483324,2.96068749301387,0.917535824695749
"4175",31.85254532,1.46460414224283,1.32663970989131,1.19361316612089,2.95358608598138,0.916904121251126
"4176",31.8601765,1.4644752119457,1.32558332702821,1.18928536351779,2.94645652041297,0.916267578723659
"4177",31.86780768,1.46434583525549,1.32451984127053,1.18494593437023,2.93929874428953,0.915626160044172
"4178",31.87543886,1.46421601079548,1.32344920163224,1.18059491699612,2.93211270629712,0.914979827859536
"4179",31.88307004,1.46408573718593,1.32237135674731,1.17623235069457,2.9248983558403,0.914328544530475
"4180",31.89070122,1.46395501304411,1.32128625486684,1.17185827575535,2.91765564305539,0.913672272129381
"4181",31.8983324,1.46382383698422,1.32019384385606,1.16747273346843,2.91038451882386,0.913010972438111
"4182",31.90596358,1.46369220761752,1.3190940711915,1.1630757661336,2.90308493478617,0.912344606945755
"4183",31.91359476,1.4635601235522,1.31798688395798,1.15866741707016,2.89575684335543,0.911673136846391
"4184",31.92122594,1.46342758339347,1.31687222884563,1.15424773062649,2.88840019773136,0.910996523036837
"4185",31.92885712,1.46329458574355,1.31575005214691,1.14981675218985,2.88101495191443,0.910314726114373
"4186",31.9364883,1.46316112920163,1.31462029975358,1.1453745281962,2.87360106072041,0.909627706374412
"4187",31.94411948,1.46302721236394,1.31348291715367,1.14092110613989,2.86615847979442,0.908935423808238
"4188",31.95175066,1.46289283382369,1.31233784942837,1.13645653458354,2.85868716562581,0.908237838100652
"4189",31.95938184,1.46275799217111,1.31118504124897,1.13198086316799,2.85118707556307,0.907534908627608
"4190",31.96701302,1.46262268599345,1.31002443687371,1.12749414262209,2.84365816782837,0.906826594453899
"4191",31.9746442,1.46248691387497,1.3088559801447,1.12299642477279,2.83610040153332,0.906112854330701
"4192",31.98227538,1.46235067439696,1.30767961448469,1.11848776255504,2.82851373669387,0.905393646693229
"4193",31.98990656,1.46221396613773,1.3064952828939,1.11396821002183,2.82089813424584,0.904668929658303
"4194",31.99753774,1.46207678767263,1.30530292794685,1.10943782235434,2.81325355606096,0.903938661021875
"4195",32.00516892,1.46193913757402,1.30410249178903,1.10489665587187,2.80557996496223,0.903202798256635
"4196",32.0128001,1.46180101441133,1.30289391613376,1.10034476804213,2.79787732474048,0.902461298509458
"4197",32.02043128,1.46166241675101,1.30167714225876,1.09578221749128,2.79014560017022,0.901714118598976
"4198",32.02806246,1.46152334315657,1.30045211100296,1.09120906401418,2.78238475702624,0.900961215013032
"4199",32.03569364,1.46138379218856,1.29921876276304,1.08662536858456,2.77459476210009,0.900202543906159
"4200",32.04332482,1.4612437624046,1.29797703749027,1.08203119336541,2.76677558321743,0.899438061096971
"4201",32.050956,1.46110325235936,1.29672687468681,1.07742660171898,2.75892718925401,0.89866772206571
"4202",32.05858718,1.46096226060458,1.29546821340264,1.0728116582174,2.75104955015403,0.897891481951499
"4203",32.06621836,1.46082078568907,1.29420099223181,1.06818642865277,2.74314263694658,0.897109295549875
"4204",32.07384954,1.46067882615871,1.29292514930916,1.06355098004758,2.7352064217637,0.896321117310066
"4205",32.08148072,1.46053638055647,1.29164062230678,1.05890538066513,2.72724087785817,0.895526901332369
"4206",32.0891119,1.4603934474224,1.29034734843045,1.05424970001991,2.71924597962141,0.894726601365463
"4207",32.09674308,1.46025002529364,1.28904526441618,1.049584008888,2.71122170260179,0.893920170803713
"4208",32.10437426,1.46010611270444,1.28773430652646,1.04490837931741,2.70316802352261,0.893107562684523
"4209",32.11200544,1.45996170818613,1.28641441054687,1.04022288463877,2.69508492030141,0.892288729685485
"4210",32.11963662,1.45981681026716,1.2850855117823,1.03552759947558,2.68697237206834,0.891463624121708
"4211",32.1272678,1.4596714174731,1.28374754505333,1.03082259975478,2.67883035918523,0.890632197943021
"4212",32.13489898,1.45952552832663,1.28240044469258,1.02610796271729,2.67065886326502,0.889794402731158
"4213",32.14253016,1.45937914134755,1.28104414454093,1.02138376692844,2.66245786719105,0.888950189696963
"4214",32.15016134,1.45923225505281,1.27967857794379,1.01665009228852,2.65422735513677,0.888099509677549
"4215",32.15779252,1.45908486795647,1.2783036777474,1.01190702004341,2.64596731258595,0.887242313133391
"4216",32.1654237,1.45893697856977,1.27691937629494,1.00715463279498,2.63767772635243,0.886378550145486
"4217",32.17305488,1.45878858540107,1.27552560542273,1.00239301451172,2.62935858460075,0.885508170412432
"4218",32.18068606,1.45863968695591,1.27412229645635,0.997622250539237,2.62100987686643,0.884631123247524
"4219",32.18831724,1.45849028173696,1.27270938020678,0.99284242761088,2.6126315940772,0.883747357575747
"4220",32.19594842,1.4583403682441,1.27128678696648,0.988053633858275,2.60422372857382,0.882856821930848
"4221",32.2035796,1.45818994497437,1.26985444650543,0.98325595882186,2.59578627413148,0.8819594644523
"4222",32.21121078,1.45803901042198,1.26841228806713,0.978449493461439,2.58731922598114,0.88105523288234
"4223",32.21884196,1.45788756307836,1.26696024036461,0.973634330166757,2.5788225808315,0.880144074562869
"4224",32.22647314,1.45773560143211,1.26549823157636,0.968810562768003,2.57029633689089,0.879225936432423
"4225",32.23410432,1.45758312396906,1.26402618934231,0.963978286546428,2.56174049388967,0.878300765023047
"4226",32.2417355,1.45743012917224,1.26254404075971,0.959137598244784,2.55315505310265,0.877368506457203
"4227",32.24936668,1.45727661552191,1.26105171237894,0.954288596077869,2.54454001737171,0.876429106444657
"4228",32.25699786,1.45712258149554,1.25954913019939,0.94943137974305,2.53589539112908,0.875482510279261
"4229",32.26462904,1.45696802556787,1.25803621966525,0.9445660504307,2.52722118042034,0.874528662835819
"4230",32.27226022,1.45681294621085,1.25651290566131,0.939692710834729,2.51851739292817,0.873567508566838
"4231",32.2798914,1.45665734189371,1.2549791125086,0.934811465162917,2.5097840379958,0.872598991499348
"4232",32.28752258,1.45650121108292,1.25343476396024,0.929922419147498,2.50102112665157,0.871623055231548
"4233",32.29515376,1.45634455224223,1.25187978319699,0.925025680055418,2.49222867163276,0.870639642929607
"4234",32.30278494,1.45618736383267,1.25031409282289,0.920121356698722,2.48340668741025,0.869648697324348
"4235",32.31041612,1.45602964431255,1.24873761486094,0.915209559444949,2.47455519021353,0.868650160707864
"4236",32.3180473,1.45587139213748,1.24715027074864,0.910290400227414,2.46567419805583,0.867643974930163
"4237",32.32567848,1.45571260576038,1.24555198133346,0.905363992555421,2.45676373075913,0.866630081395867
"4238",32.33330966,1.45555328363147,1.24394266686844,0.900430451524573,2.44782380998033,0.865608421060677
"4239",32.34094084,1.4553934241983,1.24232224700761,0.895489893826922,2.43885445923696,0.864578934428004
"4240",32.34857202,1.45523302590575,1.24069064080137,0.890542437761075,2.4298557039332,0.863541561545525
"4241",32.3562032,1.45507208719604,1.23904776669199,0.88558820324236,2.42082757138678,0.862496242001634
"4242",32.36383438,1.45491060650874,1.23739354250894,0.880627311812876,2.41177009085569,0.861442914921931
"4243",32.37146556,1.45474858228079,1.23572788546414,0.875659886651397,2.40268329356507,0.860381518965724
"4244",32.37909674,1.45458601294648,1.23405071214732,0.870686052583401,2.39356721273471,0.85931199232244
"4245",32.38672792,1.45442289693751,1.23236193852128,0.865705936090912,2.38442188360684,0.858234272707985
"4246",32.3943591,1.45425923268293,1.23066147991708,0.860719665322334,2.37524734347402,0.857148297361153
"4247",32.40199028,1.45409501860923,1.22894925102923,0.855727370102197,2.36604363170749,0.856054003039969
"4248",32.40962146,1.45393025314029,1.22722516591083,0.85072918194084,2.35681078978569,0.854951326017991
"4249",32.41725264,1.45376493469741,1.22548913796866,0.845725234044017,2.3475488613232,0.853840202080631
"4250",32.42488382,1.45359906169932,1.2237410799583,0.840715661322435,2.33825789209993,0.852720566521382
"4251",32.432515,1.45343263256221,1.22198090397912,0.835700600401243,2.32893793009086,0.851592354138039
"4252",32.44014618,1.45326564569971,1.22020852146925,0.830680189629361,2.31958902549554,0.850455499228957
"4253",32.44777736,1.45309809952291,1.2184238432006,0.825654569088765,2.31021123076848,0.849309935589184
"4254",32.45540854,1.45292999244038,1.21662677927372,0.820623880603751,2.3008046006497,0.848155596506602
"4255",32.46303972,1.45276132285819,1.21481723911273,0.815588267749962,2.29136919219543,0.846992414758046
"4256",32.4706709,1.45259208917988,1.21299513146007,0.810547875863437,2.28190506480928,0.845820322605432
"4257",32.47830208,1.45242228980654,1.21116036437142,0.805502852049491,2.2724122802738,0.844639251791737
"4258",32.48593326,1.45225192313674,1.20931284521031,0.800453345191508,2.26289090278216,0.8434491335371
"4259",32.49356444,1.45208098756661,1.207452480643,0.795399505959677,2.2533409989706,0.842249898534741
"4260",32.50119562,1.45190948148982,1.20557917663301,0.790341486819477,2.24376263795061,0.841041476946997
"4261",32.5088268,1.45173740329759,1.20369283843588,0.785279442040198,2.23415589134202,0.839823798401204
"4262",32.51645798,1.45156475137872,1.20179337059362,0.78021352770323,2.22452083330602,0.838596791985636
"4263",32.52408916,1.4513915241196,1.19988067692944,0.775143901710266,2.21485754057891,0.837360386245342
"4264",32.53172034,1.45121771990419,1.19795466054209,0.770070723791395,2.2051660925059,0.836114509178013
"4265",32.53935152,1.45104333711408,1.19601522380049,0.764994155513,2.19544657107554,0.834859088229731
"4266",32.5469827,1.45086837412848,1.194062268338,0.759914360285517,2.18569906095401,0.83359405029087
"4267",32.55461388,1.45069282932422,1.19209569504693,0.754831503371138,2.17592364952057,0.832319321691673
"4268",32.56224506,1.45051670107579,1.19011540407284,0.749745751891242,2.16612042690269,0.831034828198084
"4269",32.56987624,1.45033998775535,1.18812129480876,0.744657274833709,2.15628948601176,0.8297404950074
"4270",32.57750742,1.45016268773271,1.18611326588956,0.739566243060116,2.14643092257932,0.828436246743897
"4271",32.5851386,1.44998479937538,1.18409121518615,0.734472829312737,2.13654483519376,0.827122007454394
"4272",32.59276978,1.44980632104858,1.18205503979952,0.72937720822128,2.12663132533673,0.825797700603964
"4273",32.60040096,1.44962725111524,1.18000463605503,0.724279556309631,2.116690497421,0.824463249071311
"4274",32.60803214,1.44944758793602,1.17793989949634,0.719180052002207,2.10672245882766,0.823118575144429
"4275",32.61566332,1.44926732986932,1.17586072487953,0.714078875630266,2.09672731994448,0.821763600515976
"4276",32.6232945,1.44908647527132,1.17376700616708,0.708976209437966,2.08670519420439,0.820398246278735
"4277",32.63092568,1.44890502249594,1.17165863652172,0.703872237588183,2.07665619812413,0.819022432921065
"4278",32.63855686,1.44872296989492,1.16953550830045,0.698767146168203,2.06658045134379,0.817636080322219
"4279",32.64618804,1.44854031581779,1.16739751304829,0.69366112319511,2.05647807666644,0.816239107747677
"4280",32.65381922,1.4483570586119,1.1652445414921,0.688554358620999,2.04634920009814,0.814831433844488
"4281",32.6614504,1.44817319662244,1.16307648353436,0.683447044337971,2.03619395088863,0.813412976636498
"4282",32.66908158,1.44798872819245,1.16089322824681,0.678339374182833,2.02601246157213,0.811983653519602
"4283",32.67671276,1.44780365166281,1.15869466386417,0.673231543941635,2.01580486800894,0.810543381256885
"4284",32.68434394,1.44761796537233,1.15648067777771,0.66812375135387,2.00557130942706,0.80909207597382
"4285",32.69197512,1.44743166765767,1.1542511565288,0.663016196116483,1.99531192846455,0.807629653153381
"4286",32.6996063,1.44724475685344,1.15200598580243,0.657909079887583,1.98502687121221,0.806156027631095
"4287",32.70723748,1.44705723129215,1.14974505042065,0.652802606289879,1.97471628725665,0.804671113590108
"4288",32.71486866,1.44686908930429,1.147468234336,0.647696980913881,1.96438032972405,0.803174824556168
"4289",32.72249984,1.44668032921827,1.14517542062484,0.642592411320723,1.954019155324,0.801667073392613
"4290",32.73013102,1.44649094936052,1.14286649148065,0.637489107044789,1.94363292439409,0.800147772295281
"4291",32.7377622,1.44630094805545,1.14054132820736,0.632387279595972,1.93322180094497,0.798616832787354
"4292",32.74539338,1.44611032362548,1.13819981121239,0.627287142461629,1.92278595270556,0.797074165714312
"4293",32.75302456,1.44591907439106,1.13584181999998,0.622188911108254,1.91232555116912,0.795519681238643
"4294",32.76065574,1.44572719867072,1.13346723316415,0.617092802982754,1.90184077163955,0.79395328883465
"4295",32.76828692,1.44553469478101,1.13107592838182,0.611999037513459,1.89133179327826,0.792374897283184
"4296",32.7759181,1.44534156103659,1.12866778240577,0.606907836110725,1.88079879915148,0.790784414666296
"4297",32.78354928,1.44514779575024,1.12624267105754,0.601819422167218,1.87024197627805,0.789181748361961
"4298",32.79118046,1.44495339723281,1.12380046922041,0.596734021057831,1.85966151567784,0.787566805038602
"4299",32.79881164,1.44475836379335,1.12134105083213,0.591651860139187,1.84905761242049,0.785939490649672
"4300",32.80644282,1.44456269373902,1.11886428887771,0.586573168748831,1.83843046567466,0.784299710428248
"4301",32.814074,1.44436638537519,1.11637005538221,0.581498178203922,1.82778027875801,0.782647368881382
"4302",32.82170518,1.44416943700539,1.1138582214033,0.576427121799655,1.81710725918738,0.780982369784673
"4303",32.82933636,1.44397184693141,1.1113286570239,0.571360234807133,1.80641161872968,0.779304616176591
"4304",32.83696754,1.44377361345323,1.10878123134475,0.56629775447091,1.79569357345328,0.777614010352849
"4305",32.84459872,1.44357473486912,1.10621581247689,0.561239920006064,1.78495334377996,0.775910453860676
"4306",32.8522299,1.4433752094756,1.10363226753406,0.556186972594813,1.77419115453719,0.774193847493146
"4307",32.85986108,1.44317503556749,1.10103046262513,0.551139155382701,1.76340723501121,0.772464091283383
"4308",32.86749226,1.44297421143792,1.09841026284635,0.54609671347429,1.75260181900048,0.770721084498696
"4309",32.87512344,1.44277273537837,1.09577153227366,0.541059893928384,1.74177514486975,0.768964725634755
"4310",32.88275462,1.44257060567865,1.09311413395485,0.536028945752784,1.73092745560465,0.76719491240969
"4311",32.8903858,1.44236782062695,1.09043792990173,0.531004119898477,1.72005899886684,0.765411541758085
"4312",32.89801698,1.44216437850988,1.08774278108218,0.525985669253391,1.70917002704978,0.763614509825005
"4313",32.90564816,1.44196027761244,1.08502854741216,0.520973848635563,1.6982607973349,0.761803711959987
"4314",32.91327934,1.44175551621806,1.0822950877477,0.515968914785773,1.68733157174858,0.759979042710846
"4315",32.92091052,1.44155009260867,1.07954225987677,0.510971126359681,1.67638261721952,0.758140395817643
"4316",32.9285417,1.44134400506463,1.07676992051108,0.505980743919308,1.66541420563675,0.756287664206433
"4317",32.93617288,1.44113725186483,1.07397792527791,0.50099802992403,1.65442661390827,0.754420739983047
"4318",32.94380406,1.4409298312867,1.07116612871177,0.496023248720894,1.64342012402025,0.752539514426787
"4319",32.95143524,1.44072174160617,1.06833438424604,0.491056666534422,1.63239502309678,0.750643877984157
"4320",32.95906642,1.44051298109778,1.06548254420458,0.486098551455688,1.62135160346036,0.748733720262383
"4321",32.9666976,1.44030354803464,1.06261045979321,0.481149173430856,1.61029016269279,0.746808930023077
"4322",32.97432878,1.44009344068849,1.05971798109116,0.476208804249034,1.59921100369695,0.744869395175732
"4323",32.98195996,1.43988265732968,1.05680495704244,0.471277717529432,1.5881144347589,0.742915002771173
"4324",32.98959114,1.43967119622725,1.05387123544721,0.466356188707899,1.57700076961094,0.740945638994974
"4325",32.99722232,1.4394590556489,1.05091666295296,0.461444495022727,1.56587032749491,0.738961189160893
"4326",33.0048535,1.43924623386105,1.04794108504572,0.456542915499747,1.55472343322654,0.736961537704098
"4327",33.01248468,1.43903272912884,1.04494434604117,0.451651730936748,1.54356041726016,0.734946568174524
"4328",33.02011586,1.43881853971617,1.0419262890757,0.446771223887069,1.53238161575412,0.732916163230028
"4329",33.02774704,1.43860366388572,1.03888675609734,0.441901678642539,1.521187370637,0.730870204629622
"4330",33.03537822,1.43838809989897,1.03582558785674,0.437043381215526,1.50997802967429,0.728808573226494
"4331",33.0430094,1.43817184601623,1.03274262389791,0.432196619320308,1.49875394653586,0.726731148961182
"4332",33.05064058,1.43795490049666,1.0296377025491,0.427361682353553,1.48751548086414,0.724637810854467
"4333",33.05827176,1.43773726159828,1.02651066091337,0.42253886137401,1.47626299834281,0.722528437000424
"4334",33.06590294,1.43751892757804,1.02336133485932,0.417728449081362,1.46499687076642,0.720402904559279
"4335",33.07353412,1.4372998966918,1.02018955901159,0.412930739794178,1.45371747611044,0.718261089750237
"4336",33.0811653,1.43708016719438,1.01699516674134,0.408146029427044,1.44242519860229,0.71610286784433
"4337",33.08879648,1.43685973733957,1.01377799015668,0.403374615466702,1.43112042879281,0.713928113157067
"4338",33.09642766,1.43663860538017,1.01053786009295,0.398616796947403,1.41980356362864,0.711736699041241
"4339",33.10405884,1.436416769568,1.00727460610306,0.393872874425184,1.40847500652526,0.709528497879411
"4340",33.11169002,1.43619422815396,1.0039880564476,0.389143149951269,1.39713516744071,0.707303381076574
"4341",33.1193212,1.435970979388,1.00067803808499,0.384427927044473,1.38578446295011,0.70506121905263
"4342",33.12695238,1.43574702151921,0.997344376661479,0.379727510662604,1.37442331632088,0.702801881234876
"4343",33.13458356,1.4355223527958,0.993986896501125,0.375042207172804,1.36305215758874,0.700525236050317
"4344",33.14221474,1.43529697146515,0.990605420595667,0.370372324320946,1.35167142363446,0.698231150918121
"4345",33.14984592,1.43507087577382,0.987199770594318,0.365718171199854,1.34028155826133,0.695919492241804
"4346",33.1574771,1.43484406396761,0.98376976679351,0.361080058216504,1.32888301227346,0.693590125401481
"4347",33.16510828,1.43461653429154,0.980315228126504,0.356458297058095,1.31747624355481,0.69124291474603
"4348",33.17273946,1.43438828498993,0.976835972152964,0.351853200657003,1.30606171714903,0.68887772358521
"4349",33.18037064,1.43415931430639,0.973331815048463,0.347265083154555,1.29463990534009,0.686494414181667
"4350",33.18800182,1.43392962048386,0.969802571593853,0.342694259863629,1.28321128773368,0.684092847742937
"4351",33.195633,1.43369920176465,0.96624805516461,0.33814104723007,1.27177635133946,0.681672884413341
"4352",33.20326418,1.43346805639044,0.962668077720058,0.333605762792839,1.26033559065407,0.67923438326585
"4353",33.21089536,1.43323618260234,0.959062449792538,0.329088725142964,1.24888950774503,0.676777202293896
"4354",33.21852654,1.43300357864092,0.955430980476463,0.324590253881159,1.23743861233537,0.674301198403102
"4355",33.22615772,1.43277024274619,0.951773477417322,0.320110669574137,1.2259834218892,0.671806227402896
"4356",33.2337889,1.43253617315771,0.948089746800592,0.315650293709652,1.21452446169806,0.669292143998182
"4357",33.24142008,1.43230136811454,0.944379593340532,0.311209448650098,1.20306226496813,0.666758801780829
"4358",33.24905126,1.43206582585533,0.940642820268941,0.306788457584804,1.19159737290831,0.664206053221196
"4359",33.25668244,1.43182954461832,0.936879229323786,0.302387644480828,1.18013033481916,0.661633749659479
"4360",33.26431362,1.43159252264136,0.933088620737773,0.298007334032378,1.1686617081827,0.659041741297106
"4361",33.2719448,1.43135475816198,0.929270793226826,0.29364785160873,1.15719205875315,0.65642987718796
"4362",33.27957598,1.4311162494174,0.925425543978443,0.289309523200655,1.14572196064845,0.653798005229664
"4363",33.28720716,1.43087699464454,0.921552668640024,0.2849926753653,1.13425199644285,0.651145972154661
"4364",33.29483834,1.4306369920801,0.917651961307044,0.280697635169505,1.12278275726017,0.648473623521295
"4365",33.30246952,1.43039623996053,0.9137232145112,0.276424730131561,1.11131484286824,0.645780803704839
"4366",33.3101007,1.43015473652212,0.909766219208399,0.272174288161307,1.09984886177405,0.643067355888439
"4367",33.31773188,1.429912480001,0.905780764766701,0.267946637498566,1.08838543131992,0.640333122053944
"4368",33.32536306,1.42966946863319,0.901766638954181,0.263742106649939,1.07692517778066,0.637577942972734
"4369",33.33299424,1.42942570065459,0.897723627926626,0.259561024323807,1.06546873646155,0.634801658196423
"4370",33.34062542,1.42918117430108,0.893651516215232,0.255403719363665,1.05401675179745,0.632004106047574
"4371",33.3482566,1.42893588780851,0.889550086714124,0.251270520679551,1.04256987745266,0.629185123610195
"4372",33.35588778,1.42868983941273,0.885419120667831,0.247161757177744,1.03112877642194,0.626344546720305
"4373",33.36351896,1.42844302734965,0.881258397658658,0.243077757688585,1.01969412113249,0.623482209956377
"4374",33.37115014,1.42819544985523,0.877067695593927,0.239018850892348,1.00826659354679,0.620597946629704
"4375",33.37878132,1.42794710516558,0.872846790693176,0.234985365243236,0.996846885266613,0.617691588774668
"4376",33.3864125,1.42769799151694,0.868595457475201,0.230977628891357,0.98543569763791,0.614762967138971
"4377",33.39404368,1.42744810714571,0.864313468745035,0.226995969602711,0.974033741856785,0.611811911173755
"4378",33.40167486,1.42719745028855,0.860000595580843,0.223040714677182,0.962641739076586,0.608838249023768
"4379",33.40930604,1.42694601918233,0.855656607320646,0.21911219086429,0.951260420515768,0.605841807517187
"4380",33.41693722,1.42669381206423,0.851281271549035,0.215210724277021,0.939890527567163,0.602822412155722
"4381",33.4245684,1.42644082717173,0.846874354083694,0.211336640303275,0.928532811907949,0.59977988710428
"4382",33.43219958,1.42618706274269,0.842435618961904,0.207490263515282,0.917188035611007,0.596714055180853
"4383",33.43983076,1.42593251701534,0.83796482842687,0.203671917576654,0.905856971257128,0.593624737846149
"4384",33.44746194,1.42567718822835,0.833461742913982,0.199881925147175,0.894540402048388,0.590511755193191
"4385",33.45509312,1.42542107462085,0.828926121036983,0.196120607785256,0.883239121922675,0.587374925936848
"4386",33.4627243,1.42516417443247,0.824357719573969,0.192388285847984,0.871953935669177,0.584214067403255
"4387",33.47035548,1.42490648590338,0.81975629345338,0.1886852783888,0.860685659045224,0.58102899551926
"4388",33.47798666,1.42464800727432,0.815121595739772,0.185011903052592,0.849435118893945,0.577819524801578
"4389",33.48561784,1.42438873678664,0.810453377619562,0.181368475968375,0.838203153263331,0.574585468346078
"4390",33.49324902,1.42412867268235,0.805751388386645,0.177755311639356,0.826990611526362,0.571326637816884
"4391",33.5008802,1.42386781320413,0.801015375427855,0.174172722830339,0.815798354502167,0.568042843435365
"4392",33.50851138,1.42360615659538,0.796245084208407,0.170621020452575,0.804627254578628,0.564733893969172
"4393",33.51614256,1.42334370110029,0.791440258257103,0.167100513445733,0.793478195835803,0.561399596720974
"4394",33.52377374,1.42308044496382,0.78660063915155,0.163611508657268,0.782352074170894,0.558039757517367
"4395",33.53140492,1.42281638643178,0.781725966503182,0.16015431071885,0.771249797424183,0.554654180697479
"4396",33.5390361,1.42255152375085,0.776815977942183,0.15672922191996,0.76017228550623,0.551242669101597
"4397",33.54666728,1.42228585516865,0.771870409102325,0.15333654207858,0.749120470526371,0.547805024059693
"4398",33.55429846,1.42201937893372,0.766888993605657,0.149976568408881,0.738095296922379,0.54434104537989
"4399",33.56192964,1.42175209329562,0.761871463047083,0.146649595385843,0.727097721591345,0.540850531336713
"4400",33.56956082,1.42148399650494,0.75681754697883,0.143355914606851,0.716128714021905,0.537333278659432
"4401",33.577192,1.42121508681332,0.751726972894782,0.140095814650068,0.70518925642762,0.533789082520154
"4402",33.58482318,1.42094536247355,0.74659946621474,0.136869580929684,0.694280343881819,0.530217736521984
"4403",33.59245436,1.42067482173955,0.741434750268467,0.133677495547782,0.683402984453446,0.526619032686882
"4404",33.60008554,1.42040346286645,0.736232546279722,0.130519837142995,0.672558199344517,0.522992761443658
"4405",33.60771672,1.4201312841106,0.730992573350094,0.127396880735706,0.661747023028699,0.51933871161575
"4406",33.6153479,1.41985828372963,0.725714548442723,0.124308897569782,0.650970503391208,0.51565667040885
"4407",33.62297908,1.41958445998251,0.720398186365941,0.121256154950863,0.640229701870201,0.511946423398601
"4408",33.63061026,1.41930981112954,0.715043199756728,0.118238916081007,0.629525693599347,0.508207754518079
"4409",33.63824144,1.41903433543242,0.709649299064083,0.115257439889711,0.618859567551856,0.504440446045185
"4410",33.64587262,1.41875803115433,0.704216192532238,0.112311980861232,0.608232426685834,0.500644278589996
"4411",33.6535038,1.4184808965599,0.698743586183776,0.109402788858125,0.597645388091089,0.496819031082
"4412",33.66113498,1.4182029299153,0.693231183802599,0.106530108940916,0.587099583137268,0.49296448075719
"4413",33.66876616,1.41792412948826,0.68767868691673,0.10369418118386,0.576596157623379,0.489080403145082
"4414",33.67639734,1.41764449354814,0.682085794781085,0.100895240486753,0.566136271928897,0.485166572055697
"4415",33.68402852,1.41736402036595,0.676452204359981,0.09813351638261,0.555721101166087,0.481222759566334
"4416",33.6916597,1.41708270821439,0.670777610309641,0.0954092328412862,0.545351835333999,0.477248736008352
"4417",33.69929088,1.41680055536792,0.665061704960433,0.0927226080688028,0.535029679473681,0.473244269953717
"4418",33.70692206,1.41651756010277,0.659304178299086,0.0900738543024714,0.524755853825104,0.469209128201603
"4419",33.71455324,1.41623372069701,0.653504717950716,0.0874631776016043,0.51453159398545,0.465143075764764
"4420",33.72218442,1.41594903543059,0.647663009160706,0.0848907776337912,0.504358151068891,0.461045875855873
"4421",33.7298156,1.41566350258536,0.641778734776482,0.0823568474566707,0.494236791867972,0.456917289873727
"4422",33.73744678,1.41537712044515,0.6358515752291,0.0798615732950697,0.484168799016397,0.452757077389331
"4423",33.74507796,1.41508988729581,0.629881208514749,0.0774051343134931,0.474155471153494,0.448564996131932
"4424",33.75270914,1.41480180142523,0.623867310176081,0.0749877023838224,0.464198123090161,0.444340801974896
"4425",33.76034032,1.41451286112339,0.617809553283367,0.0726094418481472,0.454298085976341,0.440084248921464
"4426",33.7679715,1.41422306468243,0.611707608415598,0.0702705092766994,0.44445670747023,0.435795089090485
"4427",33.77560268,1.41393241039669,0.605561143641322,0.0679710532206986,0.434675351908884,0.431473072701911
"4428",33.78323386,1.41364089656272,0.599369824499428,0.0657112139601259,0.424955400480601,0.427117948062291
"4429",33.79086504,1.41334852147938,0.593133313979788,0.063491123246285,0.415298251398931,0.422729461550155
"4430",33.79849622,1.41305528344785,0.586851272503628,0.061310904039005,0.405705320078133,0.418307357601143
"4431",33.8061274,1.41276118077169,0.580523357903904,0.059170670238519,0.396178039310543,0.413851378693199
"4432",33.81375858,1.41246621175689,0.574149225405419,0.0570705264118008,0.386717859445444,0.409361265331557
"4433",33.82138976,1.41217037471188,0.567728527604839,0.0550105675133238,0.377326248569682,0.404836756033599
"4434",33.82902094,1.41187366794766,0.561260914450561,0.0529908786001497,0.36800469269003,0.400277587313707
"4435",33.83665212,1.41157608977776,0.554746033222332,0.0510115345411702,0.358754695917083,0.395683493667782
"4436",33.8442833,1.41127763851833,0.54818352851092,0.0490725997205504,0.349577780651234,0.391054207557969
"4437",33.85191448,1.41097831248819,0.541573042197334,0.0471741277350559,0.340475487769931,0.386389459396876
"4438",33.85954566,1.41067811000888,0.534914213432175,0.0453161610853889,0.331449376817151,0.381688977532022
"4439",33.86717684,1.41037702940468,0.528206678614655,0.0434987308612516,0.322501026194377,0.376952488229987
"4440",33.87480802,1.41007506900269,0.521450071371448,0.0417218564200826,0.313632033353371,0.372179715660385
"4441",33.8824392,1.40977222713286,0.514644022535519,0.0399855450594187,0.304844014990958,0.367370381879914
"4442",33.89007038,1.40946850212807,0.507788160124659,0.0382897916826637,0.29613860724545,0.362524206816138
"4443",33.89770156,1.40916389232412,0.500882109319869,0.0366345784582064,0.287517465894928,0.357640908251112
"4444",33.90533274,1.40885839605985,0.493925492443644,0.0350198744717841,0.278982266557481,0.35272020180502
"4445",33.91296392,1.40855201167715,0.486917928938067,0.0334456353719466,0.270534704893283,0.347761800919621
"4446",33.9205951,1.40824473752099,0.479859035342662,0.0319118030084824,0.262176496808472,0.34276541684148
"4447",33.92822628,1.40793657193953,0.472748425272169,0.0304183050637405,0.253909378661056,0.337730758605219
"4448",33.93585746,1.40762751328412,0.465585709394159,0.0289650546766865,0.245735107468749,0.332657533016592
"4449",33.94348864,1.40731755990937,0.458370495406341,0.0275519500595433,0.237655461118598,0.327545444635336
"4450",33.95111982,1.40700671017321,0.451102388013867,0.0261788741069534,0.229672238578767,0.322394195758028
"4451",33.958751,1.40669496243693,0.443780988906319,0.0248456939974656,0.221787260112136,0.317203486400704
"4452",33.96638218,1.40638231506521,0.436405896734618,0.0235522607872616,0.214002367492008,0.311973014281414
"4453",33.97401336,1.40606876642622,0.428976707087765,0.0222984089959686,0.206319424219831,0.306702474802665
"4454",33.98164454,1.40575431489164,0.421493012469237,0.0210839561843893,0.198740315744781,0.30139156103356
"4455",33.98927572,1.40543895883671,0.413954402273451,0.0199087025240879,0.191266949685658,0.296039963692053
"4456",33.9969069,1.40512269664029,0.406360462761826,0.0187724303586013,0.183901256054607,0.290647371126842
"4457",34.00453808,1.40480552668494,0.398710777038835,0.0176749037562061,0.176645187483117,0.285213469299307
"4458",34.01216926,1.4044874473569,0.391004925027711,0.0166158680540303,0.169500719449956,0.279737941765125
"4459",34.01980044,1.40416845704624,0.383242483446122,0.0155950493934229,0.162469850511374,0.274220469655934
"4460",34.02743162,1.40384855414681,0.375423025781532,0.0146121542463749,0.155554602533336,0.268660731660687
"4461",34.0350628,1.4035277370564,0.367546122266486,0.0136668689328838,0.148757020926014,0.263058404007022
"4462",34.04269398,1.40320600417671,0.359611339853531,0.0127588591290559,0.142079174880308,0.257413160442282
"4463",34.05032516,1.40288335391342,0.351618242190235,0.0118877693658576,0.135523157606808,0.25172467221468
"4464",34.05795634,1.40255978467629,0.343566389593687,0.0110532225182689,0.12909108657671,0.245992608054027
"4465",34.06558752,1.40223529487916,0.335455339024999,0.0102548192847431,0.12278510376512,0.240216634152463
"4466",34.0732187,1.40190988294004,0.327284644063609,0.00949213765678206,0.116607375896625,0.234396414145074
"4467",34.08084988,1.40158354728113,0.319053854881284,0.0087647323784442,0.110560094693052,0.228531609090236
"4468",34.08848106,1.40125628632893,0.310762518216039,0.00807213439563842,0.104645477123612,0.222621877449937
"4469",34.09611224,1.40092809851424,0.302410177345726,0.0074138502950042,0.0988657656572779,0.21666687506982
"4470",34.10374342,1.40059898227222,0.293996372061588,0.0067893617322262,0.0932232285176018,0.210666255159208
"4471",34.1113746,1.40026893604251,0.285520638641436,0.00619812484957495,0.0877201599397885,0.204619668270865
"4472",34.11900578,1.39993795826919,0.276982509822742,0.00563956968251182,0.0823588804302174,0.198526762280657
"4473",34.12663696,1.3996060474009,0.26838151477547,0.0051130995551605,0.0771417370283362,0.192387182367047
"4474",34.13426814,1.39927320189091,0.259717179074735,0.00461809046445959,0.0720711035709977,0.186200570990454
"4475",34.14189932,1.39893942019709,0.250989024673198,0.00415389045279707,0.0671493809592003,0.179966567872389
"4476",34.1495305,1.39860470078207,0.242196569873279,0.00371981896894083,0.062378997427323,0.17368480997449
"4477",34.15716168,1.39826904211323,0.233339329299214,0.00331516621706084,0.0577624088148678,0.167354931477416
"4478",34.16479286,1.39793244266279,0.22441681386878,0.00293919249363746,0.0533020988406522,0.160976563759497
"4479",34.17242404,1.39759490090783,0.215428530764862,0.00259112751205209,0.0490005793795591,0.154549335375263
"4480",34.18005522,1.39725641533039,0.206373983406873,0.00227016971465454,0.044860390741875,0.148072872033867
"4481",34.1876864,1.39691698441751,0.197252671421839,0.00197548557207592,0.0408841019551279,0.14154679657725
"4482",34.19531758,1.39657660666128,0.188064090615293,0.00170620886965821,0.0370743110486152,0.134970728958168
"4483",34.20294876,1.3962352805589,0.178807732941955,0.00146143998070759,0.0334336453405491,0.12834428621807
"4484",34.21057994,1.39589300461275,0.169483086476287,0.00124024512619008,0.0299647617277187,0.121667082464841
"4485",34.21821112,1.39554977733045,0.16008963538262,0.00104165562076573,0.026670346977706,0.114938728850228
"4486",34.2258423,1.39520559722489,0.150626859885202,0.000864667105520339,0.0235531180243966,0.108158833547295
"4487",34.23347348,1.39486046281431,0.141094236237686,0.000708238767230206,0.020615822266726,0.101327001727609
"4488",34.24110466,1.39451437262238,0.131491236692445,0.000571292543368237,0.0178612378702768,0.0944428355383181
"4489",34.24873584,1.39416732517822,0.121817329473678,0.000452712294936047,0.0152921740550346,0.0875059340782565
"4490",34.25636702,1.39381931901646,0.112071978743369,0.000351342994800666,0.0129114714142547,0.0805158933752111
"4491",34.2639982,1.39347035267734,0.102254644563482,0.000265989915181241,0.0107220022499853,0.0734723063635022
"4492",34.27162938,1.39312042470674,0.0923647828862891,0.000195417695575531,0.00872667081320686,0.0663747628559072
"4493",34.27926056,1.39276953365622,0.082401845597923,0.000138349265277405,0.00692841342322134,0.059222849502013
"4494",34.28689174,1.39241767808315,0.0723652802422017,9.34656488467628e-05,0.00533019943337915,0.0520161498207094
"4495",34.29452292,1.39206485655067,0.0622545293643446,5.94067971240262e-05,0.00393503322350008,0.0447542443215765
"4496",34.3021541,1.39171106762784,0.0520690328533839,3.4764015353005e-05,0.00274594819763978,0.0374367099282377
"4497",34.30978528,1.39135630988966,0.0418082206934387,1.80923964484983e-05,0.00176601971399978,0.0300631221971577
"4498",34.31741646,1.39100058191713,0.0314714970729059,7.9301257701499e-06,0.000998385253780077,0.0226330609762952
"4499",34.32504764,1.39064388229732,0.0210584577559696,2.50094487979822e-06,0.000445959587939754,0.0151460340294149
