"","cohort","Ri","Rc","varRc","RcSS","cumden"
"1",0,1.4999999985,1.49999555547447,2.24982301770487,4.49980968414805,1.00000009108951
"2",0.00763118,1.4999999984828,1.49999556479978,2.24982345293347,4.49981014735248,1.00000009091353
"3",0.01526236,1.49999999846553,1.49999557960279,2.24982411404047,4.49981085286837,1.00000009062148
"4",0.02289354,1.49999999844819,1.49999559985821,2.24982499979494,4.49981179938893,1.0000000902138
"5",0.03052472,1.49999999843079,1.49999562553164,2.24982610859034,4.49981298520439,1.00000008969113
"6",0.0381559,1.49999999841333,1.49999565658092,2.2498274385034,4.49981440826503,1.0000000890543
"7",0.04578708,1.49999999839579,1.49999569295494,2.24982898724132,4.49981606612469,1.00000008830429
"8",0.05341826,1.49999999837819,1.49999573459554,2.24983075222614,4.49981795603096,1.00000008744227
"9",0.06104944,1.49999999836052,1.49999578143589,2.24983273052287,4.49982007484835,1.00000008646956
"10",0.06868062,1.49999999834278,1.49999583340221,2.24983491891329,4.49982241913727,1.00000008538764
"11",0.0763118,1.49999999832498,1.49999589041356,2.24983731389062,4.49982498514818,1.00000008419817
"12",0.08394298,1.49999999830711,1.49999595238147,2.2498399116389,4.4998277687997,1.00000008290293
"13",0.09157416,1.49999999828917,1.49999601921145,2.24984270809841,4.49983076574861,1.00000008150385
"14",0.09920534,1.49999999827116,1.49999609080222,2.24984569893472,4.49983397135666,1.00000008000301
"15",0.10683652,1.49999999825308,1.49999616704672,2.24984887958099,4.49983738073583,1.00000007840261
"16",0.1144677,1.49999999823493,1.49999624783293,2.24985224527251,4.49984098878539,1.00000007670495
"17",0.12209888,1.49999999821672,1.49999633304267,2.2498557909927,4.49984479013415,1.00000007491248
"18",0.12973006,1.49999999819843,1.49999642255371,2.24985951156715,4.49984877924108,1.00000007302772
"19",0.13736124,1.49999999818008,1.49999651623901,2.24986340162794,4.4998529503571,1.00000007105331
"20",0.14499242,1.49999999816165,1.49999661396773,2.249867455657,4.49985729757166,1.00000006899195
"21",0.1526236,1.49999999814315,1.49999671560577,2.24987166800971,4.49986181483781,1.00000006684645
"22",0.16025478,1.49999999812459,1.49999682101566,2.24987603290667,4.49986649596376,1.00000006461966
"23",0.16788596,1.49999999810595,1.49999693005675,2.24988054444512,4.49987133462481,1.00000006231452
"24",0.17551714,1.49999999808724,1.49999704258692,2.24988519666994,4.49987632443944,1.00000005993399
"25",0.18314832,1.49999999806846,1.49999715846174,2.24988998353721,4.4998814589305,1.00000005748109
"26",0.1907795,1.49999999804961,1.49999727753491,2.24989489893069,4.49988673154282,1.00000005495889
"27",0.19841068,1.49999999803068,1.49999739966007,2.24989993674103,4.499892135728,1.00000005237045
"28",0.20604186,1.49999999801168,1.4999975246894,2.24990509080564,4.49989766487998,1.00000004971887
"29",0.21367304,1.49999999799261,1.49999765247453,2.24991035494307,4.49990331237217,1.00000004700727
"30",0.22130422,1.49999999797347,1.49999778286753,2.2499157230002,4.49990907160772,1.00000004423876
"31",0.2289354,1.49999999795426,1.49999791572109,2.24992118885463,4.49991493602225,1.00000004141643
"32",0.23656658,1.49999999793497,1.4999980508877,2.24992674638244,4.49992089904936,1.0000000385434
"33",0.24419776,1.4999999979156,1.4999981882214,2.24993238952906,4.49992695419655,1.00000003562273
"34",0.25182894,1.49999999789617,1.4999983275777,2.24993811230891,4.4999330950448,1.00000003265748
"35",0.25946012,1.49999999787666,1.49999846881403,2.24994390882031,4.49993931526476,1.00000002965066
"36",0.2670913,1.49999999785707,1.4999986117881,2.24994977317914,4.49994560854537,1.00000002660527
"37",0.27472248,1.49999999783741,1.49999875636131,2.24995569965895,4.49995196874444,1.00000002352424
"38",0.28235366,1.49999999781767,1.49999890239639,2.2499616825931,4.49995838978346,1.00000002041048
"39",0.28998484,1.49999999779786,1.49999904975937,2.24996771645874,4.49996486573775,1.00000001726683
"40",0.29761602,1.49999999777797,1.49999919831842,2.24997379582479,4.4999713907807,1.00000001409607
"41",0.3052472,1.49999999775801,1.49999934794445,2.24997991537698,4.49997795921075,1.00000001090096
"42",0.31287838,1.49999999773797,1.49999949851192,2.24998606995411,4.49998456549013,1.00000000768416
"43",0.32050956,1.49999999771786,1.49999964989835,2.24999225452447,4.49999120421965,1.00000000444826
"44",0.32814074,1.49999999769766,1.49999980198395,2.24999846417107,4.49999787012296,1.00000000119582
"45",0.33577192,1.49999999767739,1.4999999546533,2.25000469416158,4.50000455812149,0.999999997929293
"46",0.3434031,1.49999999765704,1.50000010779364,2.25001093987845,4.50001126325937,0.999999994651084
"47",0.35103428,1.49999999763662,1.50000026129581,2.25001719685367,4.50001798074116,0.999999991363518
"48",0.35866546,1.49999999761612,1.50000041505498,2.25002346080217,4.50002470596728,0.999999988068834
"49",0.36629664,1.49999999759553,1.50000056896896,2.25002972755152,4.50003143445873,0.999999984769215
"50",0.37392782,1.49999999757487,1.50000072293974,2.25003599310259,4.50003816192234,0.999999981466756
"51",0.381559,1.49999999755413,1.50000087687352,2.25004225363479,4.50004488425613,0.999999978163464
"52",0.38919018,1.49999999753331,1.50000103067908,2.25004850543386,4.50005159747216,0.999999974861295
"53",0.39682136,1.49999999751242,1.50000118426965,2.25005474497407,4.50005829778444,0.999999971562108
"54",0.40445254,1.49999999749144,1.50000133756186,2.25006096886798,4.50006498155535,0.999999968267694
"55",0.41208372,1.49999999747038,1.50000149047626,2.25006717389571,4.50007164532673,0.999999964979759
"56",0.4197149,1.49999999744924,1.50000164293669,2.25007335697261,4.50007828578538,0.999999961699943
"57",0.42734608,1.49999999742802,1.50000179487094,2.25007951517758,4.50008489979362,0.999999958429799
"58",0.43497726,1.49999999740672,1.50000194620982,2.25008564571692,4.50009148435017,0.999999955170822
"59",0.44260844,1.49999999738534,1.50000209688791,2.25009174595153,4.50009803661965,0.999999951924422
"60",0.45023962,1.49999999736387,1.50000224684334,2.25009781339279,4.50010455392787,0.999999948691938
"61",0.4578708,1.49999999734233,1.50000239601752,2.25010384568418,4.50011103374247,0.999999945474639
"62",0.46550198,1.4999999973207,1.5000025443545,2.25010984058197,4.50011747365193,0.999999942273737
"63",0.47313316,1.49999999729899,1.50000269180244,2.25011579600988,4.50012387142445,0.999999939090359
"64",0.48076434,1.49999999727719,1.50000283831248,2.25012171001634,4.50013022496184,0.999999935925567
"65",0.48839552,1.49999999725531,1.50000298383814,2.25012758074698,4.50013653227031,0.999999932780376
"66",0.4960267,1.49999999723335,1.50000312833645,2.25013340649415,4.50014279151327,0.999999929655722
"67",0.50365788,1.49999999721131,1.50000327176717,2.25013918566116,4.50014900097339,0.999999926552487
"68",0.51128906,1.49999999718918,1.50000341409289,2.25014491676822,4.50015515905854,0.999999923471491
"69",0.51892024,1.49999999716696,1.50000355527866,2.25015059843651,4.50016126428512,0.999999920413504
"70",0.52655142,1.49999999714467,1.50000369529235,2.25015622940486,4.50016731529558,0.999999917379233
"71",0.5341826,1.49999999712228,1.5000038341046,2.25016180852281,4.50017331085131,0.999999914369329
"72",0.54181378,1.49999999709981,1.50000397168786,2.25016733471663,4.50017924979597,0.999999911384403
"73",0.54944496,1.49999999707726,1.50000410801732,2.25017280702568,4.50018513109453,0.999999908425006
"74",0.55707614,1.49999999705461,1.5000042430705,2.25017822458118,4.50019095381069,0.999999905491644
"75",0.56470732,1.49999999703189,1.50000437682641,2.25018358657863,4.50019671707702,0.999999902584788
"76",0.5723385,1.49999999700907,1.50000450926701,2.2501888923336,4.50020242015498,0.999999899704845
"77",0.57996968,1.49999999698617,1.50000464037544,2.25019414120856,4.50020806235641,0.9999998968522
"78",0.58760086,1.49999999696318,1.50000477013795,2.25019933269452,4.50021364313114,0.999999894027168
"79",0.59523204,1.4999999969401,1.50000489854093,2.25020446628661,4.5002191619334,0.999999891230066
"80",0.60286322,1.49999999691693,1.50000502557358,2.25020954159542,4.50022461834143,0.999999888461145
"81",0.6104944,1.49999999689368,1.50000515122673,2.2502145582977,4.50023001200443,0.999999885720626
"82",0.61812558,1.49999999687033,1.50000527549217,2.25021951610882,4.50023534261315,0.999999883008705
"83",0.62575676,1.4999999968469,1.50000539836429,2.25022441485152,4.50024060997352,0.999999880325526
"84",0.63338794,1.49999999682338,1.5000055198374,2.25022925434204,4.50024581388471,0.999999877671233
"85",0.64101912,1.49999999679977,1.50000563990847,2.25023403450756,4.50025095426478,0.999999875045913
"86",0.6486503,1.49999999677606,1.50000575857515,2.25023875530014,4.50025603105873,0.999999872449638
"87",0.65628148,1.49999999675227,1.50000587583615,2.25024341671706,4.50026104426004,0.999999869882457
"88",0.66391266,1.49999999672839,1.50000599169171,2.25024801881533,4.50026599392637,0.999999867344387
"89",0.67154384,1.49999999670441,1.50000610614316,2.25025256169712,4.50027088016388,0.99999986483542
"90",0.67917502,1.49999999668034,1.5000062191923,2.2502570454828,4.50027570309838,0.999999862355541
"91",0.6868062,1.49999999665618,1.50000633084283,2.25026147037004,4.50028046293862,0.999999859904689
"92",0.69443738,1.49999999663193,1.50000644109824,2.25026583654643,4.50028515988265,0.999999857482811
"93",0.70206856,1.49999999660759,1.50000654996365,2.25027014426607,4.50028979419991,0.999999855089818
"94",0.70969974,1.49999999658315,1.50000665744507,2.25027439381995,4.50029436619949,0.999999852725601
"95",0.71733092,1.49999999655862,1.50000676354804,2.25027858547474,4.5002988761646,0.999999850390062
"96",0.7249621,1.499999996534,1.5000068682807,2.25028271960913,4.5003033244984,0.999999848083045
"97",0.73259328,1.49999999650928,1.50000697165033,2.25028679656038,4.50030771155996,0.999999845804414
"98",0.74022446,1.49999999648446,1.50000707366526,2.25029081671076,4.50031203775657,0.99999984355401
"99",0.74785564,1.49999999645956,1.50000717433492,2.2502947804855,4.50031630354173,0.999999841331649
"100",0.75548682,1.49999999643455,1.50000727366806,2.25029868828182,4.5003205093389,0.999999839137163
"101",0.763118,1.49999999640945,1.50000737167484,2.25030254055368,4.50032465563253,0.999999836970351
"102",0.77074918,1.49999999638426,1.5000074683659,2.2503063377743,4.50032874292777,0.999999834831003
"103",0.77838036,1.49999999635897,1.500007563752,2.25031008042016,4.50033277173337,0.999999832718907
"104",0.78601154,1.49999999633358,1.50000765784375,2.25031376896077,4.50033674255068,0.999999830633853
"105",0.79364272,1.49999999630809,1.50000775065339,2.25031740393294,4.50034065595317,0.999999828575594
"106",0.8012739,1.49999999628251,1.500007842192,2.25032098582388,4.50034451246138,0.999999826543911
"107",0.80890508,1.49999999625683,1.50000793247223,2.25032451518533,4.50034831266495,0.999999824538548
"108",0.81653626,1.49999999623105,1.50000802150624,2.25032799254621,4.50035205712927,0.99999982255926
"109",0.82416744,1.49999999620518,1.50000810930628,2.25033141844121,4.50035574642582,0.999999820605802
"110",0.83179862,1.4999999961792,1.50000819588572,2.25033479344818,4.50035938117252,0.999999818677901
"111",0.8394298,1.49999999615313,1.50000828125691,2.25033811810249,4.5003629619418,0.999999816775308
"112",0.84706098,1.49999999612695,1.50000836543325,2.2503413929833,4.50036648935304,0.999999814897751
"113",0.85469216,1.49999999610068,1.5000084484277,2.25034461864893,4.5003699640034,0.999999813044966
"114",0.86232334,1.4999999960743,1.50000853025427,2.25034779570197,4.50037338653754,0.999999811216667
"115",0.86995452,1.49999999604782,1.50000861092568,2.25035092468905,4.50037675754022,0.999999809412595
"116",0.8775857,1.49999999602125,1.50000869045557,2.25035400619702,4.50038007763924,0.999999807632472
"117",0.88521688,1.49999999599457,1.50000876885744,2.25035704080342,4.50038334745264,0.999999805876021
"118",0.89284806,1.49999999596779,1.50000884614514,2.25036002910101,4.5003865676147,0.999999804142959
"119",0.90047924,1.4999999959409,1.50000892233228,2.25036297167188,4.50038973874834,0.999999802433006
"120",0.90811042,1.49999999591392,1.50000899743238,2.25036586909372,4.50039286147183,0.999999800745885
"121",0.9157416,1.49999999588683,1.50000907145913,2.25036872195013,4.50039593640981,0.999999799081315
"122",0.92337278,1.49999999585964,1.50000914442636,2.2503715308299,4.50039896419261,0.999999797439011
"123",0.93100396,1.49999999583234,1.50000921634753,2.25037429630587,4.5004019454334,0.999999795818697
"124",0.93863514,1.49999999580494,1.50000928723593,2.25037701894577,4.50040488073982,0.999999794220097
"125",0.94626632,1.49999999577743,1.50000935710566,2.25037969934598,4.50040777075051,0.999999792642922
"126",0.9538975,1.49999999574982,1.5000094259698,2.2503823380626,4.50041061606084,0.999999791086903
"127",0.96152868,1.4999999957221,1.50000949384204,2.25038493567738,4.50041341729363,0.999999789551755
"128",0.96915986,1.49999999569428,1.50000956073558,2.25038749274881,4.50041617504696,0.999999788037206
"129",0.97679104,1.49999999566635,1.50000962666372,2.25039000984132,4.50041888992517,0.999999786542981
"130",0.98442222,1.49999999563832,1.50000969163981,2.2503924875186,4.50042156253195,0.999999785068804
"131",0.9920534,1.49999999561017,1.50000975567703,2.25039492633932,4.50042419346558,0.999999783614402
"132",0.99968458,1.49999999558192,1.50000981878798,2.25039732683568,4.50042678329604,0.999999782179515
"133",1.00731576,1.49999999555357,1.50000988098604,2.25039968957327,4.50042933262903,0.999999780763863
"134",1.01494694,1.4999999955251,1.50000994228362,2.2504020150755,4.50043184202521,0.999999779367191
"135",1.02257812,1.49999999549652,1.50001000269394,2.25040430390052,4.50043431208239,0.999999777989223
"136",1.0302093,1.49999999546784,1.50001006222924,2.25040655656542,4.50043674335439,0.999999776629706
"137",1.03784048,1.49999999543904,1.50001012090204,2.25040877359631,4.50043913640488,0.999999775288379
"138",1.04547166,1.49999999541014,1.50001017872464,2.25041095551198,4.50044149178949,0.999999773964987
"139",1.05310284,1.49999999538112,1.50001023570931,2.25041310282911,4.5004438100618,0.999999772659275
"140",1.06073402,1.499999995352,1.50001029186811,2.25041521605624,4.50044609176649,0.999999771370991
"141",1.0683652,1.49999999532276,1.5000103472135,2.25041729571533,4.50044833746291,0.999999770099877
"142",1.07599638,1.49999999529341,1.50001040175662,2.25041934227658,4.50045054765464,0.9999997688457
"143",1.08362756,1.49999999526395,1.50001045550962,2.25042135624985,4.50045272288805,0.999999767608207
"144",1.09125874,1.49999999523438,1.50001050848386,2.25042333811203,4.50045486367403,0.999999766387163
"145",1.09888992,1.49999999520469,1.50001056069076,2.25042528834357,4.50045697052738,0.999999765182327
"146",1.1065211,1.49999999517489,1.50001061214203,2.25042720743529,4.50045904397399,0.999999763993456
"147",1.11415228,1.49999999514497,1.50001066284831,2.25042909583361,4.50046108449223,0.999999762820329
"148",1.12178346,1.49999999511495,1.50001071282053,2.2504309539971,4.50046309257344,0.999999761662718
"149",1.12941464,1.4999999950848,1.50001076207042,2.25043278241678,4.50046506874385,0.999999760520375
"150",1.13704582,1.49999999505454,1.50001081060773,2.25043458150257,4.50046701344261,0.9999997593931
"151",1.144677,1.49999999502417,1.50001085844387,2.25043635173104,4.50046892718056,0.999999758280653
"152",1.15230818,1.49999999499368,1.50001090558889,2.25043809352394,4.50047081040953,0.999999757182824
"153",1.15993936,1.49999999496307,1.50001095205307,2.25043980731052,4.50047266358967,0.999999756099398
"154",1.16757054,1.49999999493235,1.50001099784688,2.25044149353028,4.50047448719188,0.999999755030156
"155",1.17520172,1.4999999949015,1.50001104297991,2.25044315258201,4.50047628164368,0.999999753974898
"156",1.1828329,1.49999999487055,1.50001108746259,2.25044478490511,4.5004780474158,0.999999752933405
"157",1.19046408,1.49999999483947,1.50001113130452,2.25044639089854,4.50047978493601,0.999999751905476
"158",1.19809526,1.49999999480827,1.50001117451511,2.25044797095559,4.50048149462578,0.999999750890915
"159",1.20572644,1.49999999477695,1.50001121710394,2.25044952547862,4.50048317691627,0.99999974988952
"160",1.21335762,1.49999999474552,1.5000112590805,2.25045105486072,4.50048483222898,0.999999748901094
"161",1.2209888,1.49999999471396,1.50001130045377,2.25045255947926,4.50048646096828,0.999999747925447
"162",1.22861998,1.49999999468229,1.50001134123334,2.25045403973353,4.50048806356218,0.999999746962378
"163",1.23625116,1.49999999465049,1.5000113814274,2.25045549596526,4.500489640377,0.999999746011717
"164",1.24388234,1.49999999461857,1.50001142104533,2.25045692856638,4.50049119183282,0.999999745073265
"165",1.25151352,1.49999999458653,1.50001146009579,2.25045833789675,4.50049271831544,0.999999744146842
"166",1.2591447,1.49999999455436,1.50001149858698,2.25045972429954,4.50049422019271,0.999999743232276
"167",1.26677588,1.49999999452208,1.5000115365277,2.25046108814002,4.50049569785621,0.999999742329382
"168",1.27440706,1.49999999448967,1.50001157392614,2.25046242976103,4.50049715167341,0.999999741437987
"169",1.28203824,1.49999999445713,1.50001161079043,2.25046374950019,4.50049858200629,0.999999740557921
"170",1.28966942,1.49999999442448,1.50001164712859,2.25046504769254,4.50049998921398,0.999999739689015
"171",1.2973006,1.49999999439169,1.50001168294854,2.25046632466638,4.50050137364849,0.999999738831105
"172",1.30493178,1.49999999435878,1.50001171825819,2.25046758075245,4.50050273566434,0.999999737984021
"173",1.31256296,1.49999999432575,1.50001175306501,2.25046881626075,4.50050407559392,0.999999737147609
"174",1.32019414,1.49999999429259,1.50001178737692,2.25047003151999,4.5005053937897,0.999999736321702
"175",1.32782532,1.4999999942593,1.50001182120098,2.25047122682522,4.5005066905679,0.999999735506151
"176",1.3354565,1.49999999422589,1.50001185454459,2.25047240248386,4.50050796625816,0.9999997347008
"177",1.34308768,1.49999999419234,1.50001188741496,2.25047355879578,4.50050922118198,0.999999733905498
"178",1.35071886,1.49999999415867,1.50001191981932,2.25047469606102,4.50051045566107,0.999999733120092
"179",1.35835004,1.49999999412487,1.50001195176459,2.2504758145671,4.50051167000371,0.999999732344438
"180",1.36598122,1.49999999409095,1.50001198325784,2.25047691460829,4.50051286452541,0.999999731578385
"181",1.3736124,1.49999999405689,1.50001201430555,2.25047799645365,4.50051403951465,0.999999730821798
"182",1.38124358,1.4999999940227,1.50001204491438,2.25047906037817,4.50051519526638,0.999999730074538
"183",1.38887476,1.49999999398838,1.50001207509078,2.25048010665284,4.50051633207098,0.999999729336467
"184",1.39650594,1.49999999395393,1.50001210484168,2.25048113556222,4.50051745023379,0.999999728607439
"185",1.40413712,1.49999999391935,1.50001213417295,2.25048214735149,4.50051855001759,0.999999727887331
"186",1.4117683,1.49999999388463,1.50001216309097,2.25048314228512,4.50051963170598,0.999999727176009
"187",1.41939948,1.49999999384979,1.50001219160199,2.2504841206224,4.50052069557701,0.999999726473341
"188",1.42703066,1.49999999381481,1.50001221971187,2.2504850826063,4.50052174189122,0.999999725779203
"189",1.43466184,1.49999999377969,1.50001224742664,2.2504860284873,4.50052277091721,0.999999725093468
"190",1.44229302,1.49999999374444,1.50001227475218,2.25048695850873,4.50052378291595,0.999999724416012
"191",1.4499242,1.49999999370906,1.50001230169401,2.25048787289949,4.50052477813284,0.99999972374672
"192",1.45755538,1.49999999367354,1.50001232825821,2.25048877191087,4.50052575683748,0.999999723085461
"193",1.46518656,1.49999999363789,1.50001235445015,2.2504896557668,4.50052671926989,0.999999722432123
"194",1.47281774,1.4999999936021,1.50001238027491,2.25049052467655,4.50052766565454,0.9999997217866
"195",1.48044892,1.49999999356617,1.5000124057386,2.25049137889382,4.50052859626352,0.999999721148762
"196",1.4880801,1.49999999353011,1.50001243084591,2.25049221861295,4.5005295113052,0.999999720518509
"197",1.49571128,1.49999999349391,1.50001245560235,2.25049304406113,4.50053041102332,0.999999719895726
"198",1.50334246,1.49999999345757,1.50001248001296,2.2504938554487,4.50053129564335,0.999999719280306
"199",1.51097364,1.49999999342109,1.5000125040828,2.25049465298326,4.50053216538803,0.999999718672143
"200",1.51860482,1.49999999338447,1.50001252781683,2.25049543687062,4.50053302047806,0.999999718071131
"201",1.526236,1.49999999334771,1.50001255122003,2.25049620731698,4.50053386113459,0.999999717477166
"202",1.53386718,1.49999999331081,1.50001257429692,2.25049696451049,4.50053468755938,0.999999716890151
"203",1.54149836,1.49999999327377,1.50001259705269,2.25049770866363,4.50053549998037,0.999999716309978
"204",1.54912954,1.49999999323659,1.50001261949146,2.25049843994849,4.50053629858211,0.999999715736558
"205",1.55676072,1.49999999319926,1.50001264161832,2.25049915857493,4.5005370835897,0.999999715169784
"206",1.5643919,1.49999999316179,1.5000126634374,2.25049986471394,4.50053785518652,0.99999971460957
"207",1.57202308,1.49999999312418,1.500012684953,2.25050055854274,4.50053861356266,0.999999714055824
"208",1.57965426,1.49999999308643,1.50001270617017,2.25050124027031,4.50053935894228,0.999999713508439
"209",1.58728544,1.49999999304853,1.50001272709225,2.25050191003428,4.500540091473,0.999999712967346
"210",1.59491662,1.49999999301049,1.50001274772421,2.25050256804043,4.50054081137556,0.999999712432437
"211",1.6025478,1.4999999929723,1.50001276806989,2.25050321444719,4.50054151881988,0.999999711903633
"212",1.61017898,1.49999999293396,1.50001278813348,2.25050384942785,4.50054221399182,0.999999711380844
"213",1.61781016,1.49999999289548,1.50001280791864,2.25050447313407,4.50054289705402,0.999999710863993
"214",1.62544134,1.49999999285686,1.50001282742977,2.25050508574629,4.50054356820013,0.999999710352987
"215",1.63307252,1.49999999281808,1.50001284667033,2.25050568740802,4.50054422758403,0.999999709847753
"216",1.6407037,1.49999999277915,1.50001286564448,2.250506278291,4.50054487538998,0.999999709348203
"217",1.64833488,1.49999999274008,1.50001288435601,2.25050685855068,4.5005455117847,0.999999708854256
"218",1.65596606,1.49999999270086,1.50001290280842,2.25050742833295,4.50054613692471,0.999999708365837
"219",1.66359724,1.49999999266149,1.50001292100542,2.25050798778956,4.50054675097277,0.99999970788287
"220",1.67122842,1.49999999262196,1.50001293895058,2.25050853706883,4.50054735408798,0.999999707405277
"221",1.6788596,1.49999999258229,1.50001295664724,2.25050907630794,4.50054794641753,0.999999706932989
"222",1.68649078,1.49999999254246,1.50001297409923,2.25050960566554,4.50054852813157,0.999999706465924
"223",1.69412196,1.49999999250249,1.50001299130957,2.25051012526545,4.50054909936294,0.999999706004017
"224",1.70175314,1.49999999246236,1.50001300828181,2.25051063525371,4.50054966026836,0.999999705547195
"225",1.70938432,1.49999999242207,1.50001302501957,2.25051113578022,4.50055021100859,0.999999705095379
"226",1.7170155,1.49999999238163,1.5000130415255,2.25051162695369,4.50055075170027,0.999999704648514
"227",1.72464668,1.49999999234104,1.50001305780315,2.25051210892091,4.50055128250087,0.999999704206524
"228",1.73227786,1.49999999230029,1.50001307385548,2.25051258180323,4.50055180354058,0.999999703769348
"229",1.73990904,1.49999999225939,1.5000130896857,2.25051304573445,4.50055231496291,0.999999703336915
"230",1.74754022,1.49999999221833,1.50001310529705,2.25051350084513,4.50055281690801,0.999999702909159
"231",1.7551714,1.49999999217711,1.50001312069213,2.25051394724537,4.50055330949393,0.999999702486023
"232",1.76280258,1.49999999213574,1.50001313587404,2.2505143850614,4.50055379285607,0.999999702067442
"233",1.77043376,1.4999999920942,1.50001315084583,2.25051481441813,4.50055426712856,0.999999701653351
"234",1.77806494,1.49999999205251,1.50001316561016,2.25051523542635,4.50055473243017,0.999999701243694
"235",1.78569612,1.49999999201066,1.50001318017005,2.25051564821003,4.50055518889389,0.999999700838406
"236",1.7933273,1.49999999196865,1.50001319452806,2.25051605287444,4.50055563663273,0.999999700437433
"237",1.80095848,1.49999999192648,1.50001320868702,2.25051644953537,4.50055607577088,0.999999700040716
"238",1.80858966,1.49999999188415,1.50001322264984,2.25051683831344,4.5005565064378,0.999999699648191
"239",1.81622084,1.49999999184165,1.50001323641846,2.25051721928924,4.50055692871983,0.999999699259819
"240",1.82385202,1.499999991799,1.50001324999618,2.25051759259576,4.50055734275985,0.999999698875529
"241",1.8314832,1.49999999175618,1.50001326338514,2.25051795832379,4.50055774865512,0.999999698495276
"242",1.83911438,1.49999999171319,1.50001327658816,2.25051831658821,4.50055814652896,0.999999698118998
"243",1.84674556,1.49999999167004,1.50001328960739,2.25051866747735,4.50055853647612,0.999999697746652
"244",1.85437674,1.49999999162673,1.50001330244563,2.25051901110629,4.50055891862013,0.999999697378177
"245",1.86200792,1.49999999158325,1.50001331510488,2.25051934755765,4.50055929304959,0.999999697013531
"246",1.8696391,1.49999999153961,1.50001332758805,2.25051967695074,4.50055965989251,0.999999696652652
"247",1.87727028,1.4999999914958,1.50001333989695,2.25051999935949,4.50056001922829,0.999999696295501
"248",1.88490146,1.49999999145182,1.50001335203394,2.25052031488273,4.50056037116281,0.999999695942028
"249",1.89253264,1.49999999140767,1.50001336400157,2.25052062362289,4.5005607158062,0.99999969559218
"250",1.90016382,1.49999999136335,1.50001337580167,2.25052092565679,4.50056105324073,0.999999695245916
"251",1.907795,1.49999999131887,1.50001338743709,2.25052122109952,4.50056138359,0.999999694903177
"252",1.91542618,1.49999999127421,1.50001339890901,2.25052151000253,4.50056170690909,0.999999694563938
"253",1.92305736,1.49999999122939,1.50001341022021,2.25052179247802,4.5005620233185,0.999999694228138
"254",1.93068854,1.49999999118439,1.50001342137271,2.2505220686093,4.50056233290757,0.999999693895736
"255",1.93831972,1.49999999113922,1.50001343236832,2.25052233847042,4.5005626357558,0.999999693566693
"256",1.9459509,1.49999999109388,1.50001344320938,2.25052260215832,4.50056293196718,0.999999693240958
"257",1.95358208,1.49999999104836,1.50001345389744,2.25052285973654,4.50056322160988,0.999999692918499
"258",1.96121326,1.49999999100267,1.50001346443492,2.25052311130231,4.50056350478836,0.999999692599265
"259",1.96884444,1.49999999095681,1.50001347482386,2.25052335694173,4.5005637815949,0.999999692283211
"260",1.97647562,1.49999999091077,1.50001348506557,2.25052359670789,4.50056405208645,0.999999691970311
"261",1.9841068,1.49999999086455,1.50001349516228,2.2505238306921,4.50056431636105,0.999999691660516
"262",1.99173798,1.49999999081816,1.50001350511565,2.2505240589627,4.50056457449203,0.999999691353791
"263",1.99936916,1.49999999077159,1.50001351492791,2.25052428161174,4.50056482657812,0.999999691050088
"264",2.00700034,1.49999999072484,1.50001352460043,2.25052449869329,4.50056507267751,0.99999969074938
"265",2.01463152,1.49999999067792,1.50001353413507,2.25052471028615,4.50056531287452,0.999999690451625
"266",2.0222627,1.49999999063081,1.50001354353354,2.25052491645938,4.50056554724342,0.999999690156787
"267",2.02989388,1.49999999058352,1.50001355279772,2.25052511728952,4.50056577586635,0.999999689864827
"268",2.03752506,1.49999999053606,1.50001356192907,2.25052531283737,4.50056599880849,0.999999689575713
"269",2.04515624,1.49999999048841,1.50001357092967,2.25052550318774,4.50056621616092,0.9999996892894
"270",2.05278742,1.49999999044058,1.50001357980056,2.25052568838339,4.50056642796947,0.999999689005867
"271",2.0604186,1.49999999039256,1.50001358854361,2.25052586850111,4.50056663431658,0.999999688725074
"272",2.06804978,1.49999999034437,1.50001359716048,2.25052604360887,4.50056683527518,0.999999688446985
"273",2.07568096,1.49999999029599,1.50001360565309,2.25052621378448,4.50056703092886,0.999999688171559
"274",2.08331214,1.49999999024742,1.50001361402207,2.25052637905501,4.50056722130656,0.999999687898784
"275",2.09094332,1.49999999019867,1.5000136222697,2.25052653951291,4.50056740650758,0.99999968762861
"276",2.0985745,1.49999999014973,1.50001363039711,2.25052669520475,4.50056758658187,0.999999687361013
"277",2.10620568,1.49999999010061,1.50001363840593,2.2505268461986,4.5005677616024,0.999999687095958
"278",2.11383686,1.49999999005129,1.50001364629751,2.25052699254781,4.50056793162656,0.999999686833417
"279",2.12146804,1.49999999000179,1.50001365407345,2.25052713431883,4.50056809672562,0.999999686573356
"280",2.12909922,1.4999999899521,1.50001366173499,2.2505272715626,4.50056825695422,0.999999686315747
"281",2.1367304,1.49999998990222,1.50001366928361,2.25052740433866,4.50056841237633,0.99999968606056
"282",2.14436158,1.49999998985215,1.50001367672056,2.25052753269977,4.50056856304849,0.999999685807767
"283",2.15199276,1.49999998980189,1.5000136840471,2.25052765669713,4.50056870902569,0.999999685557342
"284",2.15962394,1.49999998975143,1.50001369126501,2.25052777640223,4.50056885038471,0.999999685309247
"285",2.16725512,1.49999998970078,1.50001369837531,2.25052789185759,4.50056898717116,0.99999968506346
"286",2.1748863,1.49999998964994,1.50001370537912,2.25052800311003,4.50056911943523,0.999999684819957
"287",2.18251748,1.49999998959891,1.50001371227793,2.25052811021992,4.50056924724174,0.999999684578706
"288",2.19014866,1.49999998954768,1.50001371907299,2.25052821323781,4.500569370645,0.99999968433968
"289",2.19777984,1.49999998949625,1.50001372576563,2.25052831221869,4.50056948970399,0.999999684102851
"290",2.20541102,1.49999998944463,1.50001373235667,2.25052840719562,4.5005696044542,0.999999683868203
"291",2.2130422,1.49999998939281,1.50001373884749,2.25052849822572,4.50056971495694,0.999999683635704
"292",2.22067338,1.49999998934079,1.50001374523952,2.25052858536668,4.50056982127417,0.999999683405325
"293",2.22830456,1.49999998928857,1.50001375153403,2.25052866867103,4.50056992346221,0.999999683177037
"294",2.23593574,1.49999998923615,1.50001375773161,2.25052874816291,4.50057002154702,0.99999968295083
"295",2.24356692,1.49999998918354,1.5000137638337,2.2505288239013,4.50057011559184,0.999999682726671
"296",2.2511981,1.49999998913072,1.50001376984138,2.25052889593054,4.5005702056443,0.999999682504538
"297",2.25882928,1.4999999890777,1.50001377575592,2.25052896430076,4.50057029175829,0.999999682284404
"298",2.26646046,1.49999998902447,1.50001378157806,2.25052902904474,4.50057037396884,0.999999682066252
"299",2.27409164,1.49999998897105,1.50001378730924,2.25052909022007,4.50057045233789,0.999999681850053
"300",2.28172282,1.49999998891742,1.5000137929502,2.25052914785705,4.50057052689789,0.999999681635789
"301",2.289354,1.49999998886358,1.50001379850217,2.25052920200575,4.50057059770265,0.999999681423436
"302",2.29698518,1.49999998880954,1.50001380396614,2.25052925270708,4.50057066479604,0.999999681212971
"303",2.30461636,1.49999998875529,1.50001380934328,2.25052930000819,4.50057072822872,0.999999681004369
"304",2.31224754,1.49999998870083,1.50001381463438,2.25052934394271,4.5005707880367,0.999999680797614
"305",2.31987872,1.49999998864617,1.50001381984022,2.2505293845408,4.50057084425243,0.99999968059269
"306",2.3275099,1.4999999885913,1.50001382496236,2.25052942186761,4.50057089694582,0.99999968038956
"307",2.33514108,1.49999998853621,1.50001383000111,2.25052945593516,4.50057094612975,0.999999680188222
"308",2.34277226,1.49999998848092,1.50001383495777,2.2505294867965,4.5005709918612,0.999999679988646
"309",2.35040344,1.49999998842542,1.50001383983333,2.25052951449238,4.50057103418392,0.99999967979081
"310",2.35803462,1.4999999883697,1.50001384462838,2.25052953904638,4.50057107312321,0.999999679594703
"311",2.3656658,1.49999998831377,1.50001384934433,2.2505295605164,4.50057110874119,0.999999679400294
"312",2.37329698,1.49999998825763,1.50001385398151,2.25052957891711,4.50057114105357,0.999999679207575
"313",2.38092816,1.49999998820127,1.50001385854123,2.25052959429902,4.50057117011477,0.99999967901652
"314",2.38855934,1.49999998814469,1.50001386302416,2.25052960669196,4.50057119595664,0.999999678827113
"315",2.39619052,1.4999999880879,1.50001386743118,2.25052961613166,4.50057121861751,0.999999678639335
"316",2.4038217,1.4999999880309,1.50001387176307,2.25052962264908,4.50057123813073,0.999999678453171
"317",2.41145288,1.49999998797367,1.50001387602108,2.25052962629534,4.50057125455111,0.999999678268592
"318",2.41908406,1.49999998791623,1.50001388020545,2.25052962708085,4.50057126788986,0.999999678085594
"319",2.42671524,1.49999998785856,1.50001388431723,2.25052962504805,4.50057127819252,0.999999677904155
"320",2.43434642,1.49999998780068,1.50001388835725,2.25052962023107,4.50057128549572,0.999999677724256
"321",2.4419776,1.49999998774258,1.50001389232643,2.25052961266674,4.50057128983904,0.999999677545878
"322",2.44960878,1.49999998768425,1.50001389622524,2.25052960237527,4.50057129124411,0.999999677369011
"323",2.45723996,1.4999999876257,1.50001390005453,2.25052958939072,4.50057128974753,0.999999677193637
"324",2.46487114,1.49999998756692,1.50001390381532,2.25052957375471,4.50057128539398,0.999999677019733
"325",2.47250232,1.49999998750793,1.50001390750816,2.25052955549012,4.50057127820802,0.999999676847288
"326",2.4801335,1.4999999874487,1.50001391113349,2.25052953461485,4.50057126820884,0.999999676676293
"327",2.48776468,1.49999998738925,1.50001391469268,2.25052951118394,4.50057125545559,0.999999676506717
"328",2.49539586,1.49999998732957,1.50001391818619,2.25052948521586,4.50057123996814,0.999999676338552
"329",2.50302704,1.49999998726967,1.50001392161451,2.25052945673305,4.50057122177039,0.999999676171785
"330",2.51065822,1.49999998720953,1.50001392497854,2.25052942576963,4.50057120089917,0.9999996760064
"331",2.5182894,1.49999998714917,1.50001392827885,2.25052939235086,4.50057117738141,0.999999675842382
"332",2.52592058,1.49999998708857,1.50001393151631,2.25052935650958,4.50057115125259,0.999999675679713
"333",2.53355176,1.49999998702774,1.5000139346913,2.25052931826354,4.5005711225316,0.999999675518387
"334",2.54118294,1.49999998696668,1.50001393780469,2.25052927764834,4.50057109125668,0.999999675358382
"335",2.54881412,1.49999998690539,1.50001394085699,2.25052923468391,4.50057105744921,0.999999675199689
"336",2.5564453,1.49999998684386,1.50001394384919,2.25052918940948,4.50057102115147,0.999999675042286
"337",2.56407648,1.4999999867821,1.50001394678177,2.25052914184653,4.50057098238636,0.999999674886162
"338",2.57170766,1.4999999867201,1.50001394965504,2.25052909200737,4.50057094116708,0.999999674731312
"339",2.57933884,1.49999998665786,1.50001395246989,2.25052903992768,4.50057089753203,0.999999674577716
"340",2.58697002,1.49999998659539,1.50001395522713,2.25052898564006,4.5005708515162,0.999999674425357
"341",2.5946012,1.49999998653268,1.50001395792707,2.25052892915799,4.50057080313402,0.999999674274227
"342",2.60223238,1.49999998646972,1.50001396057028,2.25052887050438,4.50057075241013,0.999999674124316
"343",2.60986356,1.49999998640653,1.50001396315748,2.25052880970923,4.50057069937664,0.999999673975606
"344",2.61749474,1.4999999863431,1.50001396568927,2.25052874679623,4.50057064405909,0.999999673828086
"345",2.62512592,1.49999998627942,1.50001396816622,2.25052868178801,4.50057058648178,0.999999673681743
"346",2.6327571,1.4999999862155,1.50001397058891,2.25052861470931,4.5005705266712,0.999999673536565
"347",2.64038828,1.49999998615133,1.50001397295765,2.25052854557353,4.50057046464174,0.999999673392544
"348",2.64801946,1.49999998608692,1.50001397527329,2.25052847441332,4.5005704004285,0.999999673249663
"349",2.65565064,1.49999998602227,1.50001397753638,2.25052840125155,4.50057033405606,0.99999967310791
"350",2.66328182,1.49999998595736,1.5000139797473,2.25052832610459,4.50057026554194,0.999999672967276
"351",2.670913,1.49999998589221,1.50001398190651,2.25052824899102,4.50057019490605,0.999999672827752
"352",2.67854418,1.49999998582681,1.50001398401497,2.25052816994892,4.50057012218939,0.999999672689316
"353",2.68617536,1.49999998576116,1.5000139860725,2.25052808897195,4.50057004738507,0.999999672551975
"354",2.69380654,1.49999998569526,1.50001398808028,2.25052800610801,4.50056997054453,0.9999996724157
"355",2.70143772,1.4999999856291,1.50001399003875,2.25052792137442,4.5005698916864,0.999999672280482
"356",2.7090689,1.4999999855627,1.50001399194791,2.25052783477226,4.50056981081178,0.999999672146323
"357",2.71670008,1.49999998549603,1.50001399380849,2.25052774633075,4.50056972795206,0.999999672013207
"358",2.72433126,1.49999998542912,1.5000139956211,2.25052765607359,4.50056964313275,0.999999671881119
"359",2.73196244,1.49999998536195,1.50001399738636,2.25052756402718,4.50056955638218,0.999999671750047
"360",2.73959362,1.49999998529452,1.50001399910431,2.25052747019423,4.50056946770314,0.99999967161999
"361",2.7472248,1.49999998522683,1.50001400077578,2.25052737460561,4.50056937712897,0.99999967149093
"362",2.75485598,1.49999998515889,1.50001400240106,2.25052727727612,4.50056928467535,0.99999967136286
"363",2.76248716,1.49999998509068,1.50001400398072,2.25052717822782,4.5005691903661,0.999999671235768
"364",2.77011834,1.49999998502222,1.50001400551507,2.25052707747252,4.50056909421389,0.999999671109648
"365",2.77774952,1.49999998495349,1.50001400700478,2.25052697503856,4.50056899624911,0.999999670984485
"366",2.7853807,1.4999999848845,1.50001400845003,2.25052687093219,4.50056889647853,0.999999670860276
"367",2.79301188,1.49999998481525,1.50001400985146,2.25052676518051,4.50056879493118,0.999999670737006
"368",2.80064306,1.49999998474573,1.50001401120937,2.25052665779526,4.5005686916197,0.999999670614669
"369",2.80827424,1.49999998467595,1.50001401252422,2.25052654879482,4.50056858656383,0.999999670493256
"370",2.81590542,1.4999999846059,1.50001401379638,2.2505264381957,4.50056847978123,0.999999670372757
"371",2.8235366,1.49999998453558,1.50001401502631,2.25052632601506,4.50056837129041,0.999999670253164
"372",2.83116778,1.49999998446499,1.5000140162147,2.25052621228124,4.50056826112181,0.99999967013446
"373",2.83879896,1.49999998439413,1.50001401736142,2.25052609699021,4.50056814927094,0.99999967001665
"374",2.84643014,1.49999998432301,1.50001401846738,2.25052598017689,4.50056803577556,0.999999669899713
"375",2.85406132,1.49999998425161,1.50001401953257,2.25052586184231,4.50056792063656,0.999999669783649
"376",2.8616925,1.49999998417993,1.50001402055754,2.25052574200882,4.50056780387801,0.999999669668448
"377",2.86932368,1.49999998410799,1.50001402154258,2.25052562068822,4.50056768551258,0.999999669554102
"378",2.87695486,1.49999998403576,1.50001402248841,2.25052549790896,4.50056756557081,0.999999669440595
"379",2.88458604,1.49999998396327,1.50001402339519,2.25052537367797,4.50056744406019,0.999999669327925
"380",2.89221722,1.49999998389049,1.50001402426325,2.2505252480091,4.50056732099552,0.999999669216084
"381",2.8998484,1.49999998381744,1.50001402509285,2.25052512091282,4.50056719638807,0.999999669105067
"382",2.90747958,1.49999998374411,1.50001402588441,2.25052499240644,4.50056707025639,0.999999668994864
"383",2.91511076,1.49999998367049,1.5000140266387,2.25052486251976,4.50056694263261,0.999999668885459
"384",2.92274194,1.4999999835966,1.50001402735546,2.25052473124426,4.5005668135074,0.999999668776858
"385",2.93037312,1.49999998352242,1.50001402803539,2.25052459860696,4.50056668290991,0.999999668669045
"386",2.9380043,1.49999998344796,1.50001402867872,2.25052446461912,4.5005665508521,0.999999668562015
"387",2.94563548,1.49999998337322,1.50001402928602,2.25052432930057,4.50056641735545,0.999999668455756
"388",2.95326666,1.49999998329819,1.50001402985727,2.25052419265374,4.50056628242238,0.999999668350269
"389",2.96089784,1.49999998322287,1.50001403039296,2.25052405469715,4.50056614607288,0.999999668245542
"390",2.96852902,1.49999998314726,1.5000140308936,2.25052391545167,4.50056600832933,0.999999668141565
"391",2.9761602,1.49999998307137,1.500014031359,2.25052377491042,4.5005658691843,0.999999668038343
"392",2.98379138,1.49999998299518,1.5000140317904,2.25052363312135,4.50056572868945,0.999999667935846
"393",2.99142256,1.49999998291871,1.5000140321874,2.25052349007079,4.50056558682989,0.999999667834085
"394",2.99905374,1.49999998284194,1.50001403255012,2.25052334576362,4.5005654436109,0.999999667733059
"395",3.00668492,1.49999998276488,1.50001403287954,2.25052320023741,4.50056529907295,0.999999667632743
"396",3.0143161,1.49999998268752,1.50001403317564,2.2505230534935,4.50056515321736,0.999999667533139
"397",3.02194728,1.49999998260987,1.50001403343875,2.25052290554383,4.50056500605701,0.999999667434241
"398",3.02957846,1.49999998253192,1.50001403366904,2.25052275639691,4.50056485760097,0.999999667336044
"399",3.03720964,1.49999998245367,1.50001403386713,2.25052260607562,4.50056470787395,0.999999667238535
"400",3.04484082,1.49999998237513,1.50001403403283,2.25052245457619,4.50056455687163,0.999999667141718
"401",3.052472,1.49999998229628,1.50001403416693,2.25052230192677,4.50056440462452,0.999999667045576
"402",3.06010318,1.49999998221713,1.50001403426934,2.25052214812507,4.50056425113004,0.999999666950111
"403",3.06773436,1.49999998213768,1.50001403434071,2.25052199319757,4.50056409641666,0.999999666855308
"404",3.07536554,1.49999998205793,1.50001403438103,2.25052183714475,4.50056394048479,0.999999666761168
"405",3.08299672,1.49999998197787,1.50001403439034,2.2505216799684,4.50056378333638,0.999999666667691
"406",3.0906279,1.4999999818975,1.5000140343697,2.25052152170889,4.50056362501495,0.999999666574852
"407",3.09825908,1.49999998181683,1.50001403431874,2.25052136235316,4.50056346550634,0.999999666482661
"408",3.10589026,1.49999998173585,1.50001403423788,2.25052120191898,4.50056330482958,0.999999666391107
"409",3.11352144,1.49999998165456,1.50001403412745,2.250521040418,4.50056314299729,0.999999666300184
"410",3.12115262,1.49999998157296,1.50001403398759,2.25052087785837,4.50056298001811,0.999999666209888
"411",3.1287838,1.49999998149105,1.50001403381883,2.25052071425863,4.50056281591207,0.999999666120209
"412",3.13641498,1.49999998140882,1.50001403362084,2.25052054960823,4.50056265066771,0.999999666031154
"413",3.14404616,1.49999998132628,1.50001403339492,2.25052038395684,4.50056248433855,0.999999665942692
"414",3.15167734,1.49999998124342,1.50001403314024,2.25052021727338,4.50056231689104,0.999999665854845
"415",3.15930852,1.49999998116025,1.50001403285749,2.25052004958591,4.5005621483553,0.999999665767595
"416",3.1669397,1.49999998107676,1.5000140325471,2.25051988091007,4.50056197874827,0.999999665680933
"417",3.17457088,1.49999998099295,1.50001403220894,2.25051971124239,4.50056180806612,0.999999665594864
"418",3.18220206,1.49999998090882,1.50001403184347,2.25051954060015,4.50056163632746,0.999999665509376
"419",3.18983324,1.49999998082437,1.50001403145093,2.25051936899372,4.50056146354339,0.999999665424464
"420",3.19746442,1.49999998073959,1.50001403103153,2.25051919643191,4.50056128972337,0.999999665340124
"421",3.2050956,1.49999998065449,1.5000140305854,2.25051902292018,4.50056111487322,0.999999665256353
"422",3.21272678,1.49999998056907,1.50001403011293,2.25051884847368,4.50056093900932,0.999999665173141
"423",3.22035796,1.49999998048332,1.50001402961428,2.25051867309903,4.5005607621387,0.999999665090487
"424",3.22798914,1.49999998039724,1.50001402908947,2.25051849679786,4.50056058426308,0.99999966500839
"425",3.23562032,1.49999998031083,1.50001402853917,2.2505183195965,4.50056040541083,0.999999664926833
"426",3.2432515,1.4999999802241,1.50001402796329,2.25051814149159,4.50056022557825,0.999999664845821
"427",3.25088268,1.49999998013703,1.50001402736204,2.25051796249175,4.50056004477462,0.999999664765348
"428",3.25851386,1.49999998004962,1.50001402673565,2.2505177826069,4.5005598630106,0.999999664685409
"429",3.26614504,1.49999997996189,1.50001402608434,2.25051760184493,4.50055968029466,0.999999664606
"430",3.27377622,1.49999997987381,1.50001402540845,2.25051742022045,4.50055949664252,0.999999664527112
"431",3.2814074,1.49999997978541,1.50001402470817,2.25051723774047,4.50055931206166,0.999999664448741
"432",3.28903858,1.49999997969666,1.50001402398337,2.25051705440106,4.50055912654785,0.999999664370892
"433",3.29666976,1.49999997960757,1.50001402323466,2.25051687022597,4.50055894012661,0.99999966429355
"434",3.30430094,1.49999997951815,1.50001402246221,2.25051668522096,4.5005587528042,0.999999664216711
"435",3.31193212,1.49999997942838,1.50001402166598,2.25051649938717,4.50055856458171,0.999999664140376
"436",3.3195633,1.49999997933827,1.50001402084639,2.25051631273972,4.50055837547548,0.999999664064537
"437",3.32719448,1.49999997924781,1.50001402000334,2.25051612527524,4.50055818548181,0.999999663989195
"438",3.33482566,1.49999997915701,1.50001401913733,2.25051593701502,4.50055799462354,0.999999663914339
"439",3.34245684,1.49999997906586,1.50001401824855,2.2505157479639,4.50055780290605,0.999999663839966
"440",3.35008802,1.49999997897436,1.50001401733665,2.25051555811162,4.50055761031807,0.999999663766083
"441",3.3577192,1.49999997888252,1.50001401640254,2.25051536749188,4.50055741689595,0.99999966369267
"442",3.36535038,1.49999997879032,1.50001401544607,2.25051517609976,4.5005572226344,0.99999966361973
"443",3.37298156,1.49999997869777,1.50001401446747,2.25051498394485,4.50055702754365,0.999999663547258
"444",3.38061274,1.49999997860486,1.50001401346696,2.25051479103614,4.50055683163341,0.999999663475249
"445",3.38824392,1.4999999785116,1.50001401244458,2.25051459737519,4.50055663490527,0.999999663403703
"446",3.3958751,1.49999997841799,1.50001401140061,2.25051440297336,4.50055643737151,0.999999663332613
"447",3.40350628,1.49999997832401,1.50001401033522,2.25051420783703,4.50055623903899,0.999999663261976
"448",3.41113746,1.49999997822968,1.50001400924842,2.2505140119674,4.50055603990892,0.999999663191792
"449",3.41876864,1.49999997813499,1.50001400814067,2.25051381538347,4.5005558400017,0.999999663122049
"450",3.42639982,1.49999997803993,1.500014007012,2.25051361808496,4.50055563931715,0.999999663052748
"451",3.434031,1.49999997794451,1.50001400586252,2.25051342007845,4.50055543786217,0.999999662983886
"452",3.44166218,1.49999997784873,1.50001400469244,2.25051322137062,4.50055523564406,0.999999662915459
"453",3.44929336,1.49999997775258,1.50001400350195,2.25051302197049,4.50055503267243,0.999999662847463
"454",3.45692454,1.49999997765606,1.50001400229135,2.25051282188918,4.5005548289593,0.999999662779889
"455",3.46455572,1.49999997755917,1.50001400106038,2.25051262111709,4.50055462449426,0.999999662712746
"456",3.4721869,1.49999997746191,1.50001399980952,2.25051241967419,4.50055441929875,0.999999662646022
"457",3.47981808,1.49999997736429,1.50001399853906,2.25051221757023,4.50055421338336,0.99999966257971
"458",3.48744926,1.49999997726628,1.50001399724866,2.25051201479379,4.5005540067357,0.999999662513818
"459",3.49508044,1.49999997716791,1.50001399593906,2.25051181137287,4.50055379938593,0.99999966244833
"460",3.50271162,1.49999997706915,1.50001399461004,2.25051160730003,4.50055359132601,0.99999966238325
"461",3.5103428,1.49999997697002,1.50001399326173,2.25051140258052,4.50055338256151,0.999999662318577
"462",3.51797398,1.49999997687051,1.50001399189445,2.25051119722689,4.50055317310601,0.999999662254302
"463",3.52560516,1.49999997677062,1.50001399050839,2.25051099124652,4.50055296296743,0.999999662190421
"464",3.53323634,1.49999997667035,1.50001398910359,2.25051078464197,4.50055275214844,0.999999662126933
"465",3.54086752,1.4999999765697,1.50001398768006,2.25051057741352,4.50055254064936,0.999999662063839
"466",3.5484987,1.49999997646866,1.50001398623806,2.25051036957135,4.50055232848115,0.999999662001133
"467",3.55612988,1.49999997636723,1.50001398477796,2.25051016113011,4.50055211565956,0.999999661938806
"468",3.56376106,1.49999997626542,1.50001398329933,2.2505099520743,4.50055190216782,0.999999661876869
"469",3.57139224,1.49999997616321,1.50001398180294,2.25050974243284,4.50055168803714,0.999999661815303
"470",3.57902342,1.49999997606062,1.50001398028848,2.25050953219561,4.50055147325651,0.999999661754115
"471",3.5866546,1.49999997595763,1.50001397875656,2.2505093213837,4.50055125784878,0.999999661693293
"472",3.59428578,1.49999997585426,1.50001397720682,2.2505091099865,4.50055104180232,0.999999661632844
"473",3.60191696,1.49999997575048,1.50001397563968,2.25050889801881,4.50055082513318,0.999999661572759
"474",3.60954814,1.49999997564631,1.50001397405523,2.25050868548462,4.50055060784558,0.999999661513036
"475",3.61717932,1.49999997554174,1.50001397245331,2.25050847237922,4.50055038993439,0.999999661453679
"476",3.6248105,1.49999997543677,1.5000139708343,2.2505082587163,4.50055017141438,0.999999661394679
"477",3.63244168,1.4999999753314,1.50001396919854,2.2505080445095,4.50054995230025,0.999999661336027
"478",3.64007286,1.49999997522562,1.5000139675458,2.25050782975144,4.50054973258394,0.999999661277731
"479",3.64770404,1.49999997511945,1.50001396587634,2.25050761445016,4.50054951227423,0.999999661219783
"480",3.65533522,1.49999997501286,1.50001396419031,2.25050739861324,4.50054929137917,0.999999661162181
"481",3.6629664,1.49999997490587,1.50001396248768,2.25050718224015,4.50054906989814,0.999999661104925
"482",3.67059758,1.49999997479847,1.50001396076902,2.25050696535171,4.50054884785366,0.999999661048002
"483",3.67822876,1.49999997469066,1.50001395903397,2.25050674793603,4.50054862523279,0.999999660991421
"484",3.68585994,1.49999997458244,1.50001395728269,2.25050652999893,4.50054840204182,0.999999660935178
"485",3.69349112,1.4999999744738,1.50001395551526,2.25050631154315,4.50054817828369,0.999999660879272
"486",3.7011223,1.49999997436475,1.50001395373231,2.25050609259413,4.50054795398579,0.999999660823686
"487",3.70875348,1.49999997425528,1.50001395193347,2.25050587313758,4.50054772913264,0.999999660768431
"488",3.71638466,1.49999997414539,1.50001395011872,2.25050565317279,4.50054750372355,0.999999660713508
"489",3.72401584,1.49999997403508,1.50001394828875,2.25050543272676,4.50054727778758,0.999999660658899
"490",3.73164702,1.49999997392435,1.50001394644311,2.25050521178245,4.5005470513063,0.999999660604616
"491",3.7392782,1.4999999738132,1.50001394458263,2.25050499037117,4.5005468243135,0.99999966055064
"492",3.74690938,1.49999997370162,1.50001394270646,2.25050476846355,4.50054659677733,0.999999660496989
"493",3.75454056,1.49999997358962,1.50001394081544,2.25050454608823,4.50054636872889,0.999999660443646
"494",3.76217174,1.49999997347719,1.50001393890946,2.25050432324377,4.50054614016643,0.999999660390612
"495",3.76980292,1.49999997336432,1.50001393698829,2.25050409992123,4.50054591108035,0.999999660337893
"496",3.7774341,1.49999997325103,1.50001393505262,2.25050387614686,4.5005456814989,0.999999660285473
"497",3.78506528,1.4999999731373,1.5000139331022,2.25050365191181,4.50054545141255,0.999999660233359
"498",3.79269646,1.49999997302314,1.50001393113705,2.25050342721707,4.50054522082229,0.999999660181548
"499",3.80032764,1.49999997290855,1.5000139291576,2.25050320207936,4.50054498974616,0.999999660130032
"500",3.80795882,1.49999997279351,1.50001392716382,2.25050297649714,4.50054475818256,0.999999660078812
"501",3.81559,1.49999997267803,1.50001392515575,2.25050275047312,4.50054452613428,0.999999660027886
"502",3.82322118,1.49999997256212,1.50001392313353,2.25050252401291,4.50054429360735,0.999999659977252
"503",3.83085236,1.49999997244576,1.50001392109689,2.25050229710659,4.50054406059105,0.999999659926916
"504",3.83848354,1.49999997232895,1.50001391904678,2.25050206978967,4.50054382712374,0.999999659876854
"505",3.84611472,1.4999999722117,1.50001391698247,2.25050184203592,4.50054359317701,0.999999659827086
"506",3.8537459,1.499999972094,1.5000139149043,2.25050161385801,4.50054335876454,0.999999659777603
"507",3.86137708,1.49999997197585,1.50001391281279,2.25050138527576,4.50054312390771,0.999999659728393
"508",3.86900826,1.49999997185725,1.50001391070731,2.25050115626615,4.5005428885816,0.99999965967947
"509",3.87663944,1.49999997173819,1.50001390858859,2.25050092685578,4.50054265281501,0.999999659630818
"510",3.88427062,1.49999997161868,1.5000139064564,2.25050069703875,4.50054241660134,0.999999659582442
"511",3.8919018,1.49999997149872,1.5000139043109,2.25050046681894,4.50054217994495,0.999999659534339
"512",3.89953298,1.49999997137829,1.50001390215233,2.25050023620716,4.50054194285743,0.999999659486502
"513",3.90716416,1.4999999712574,1.50001389998021,2.25050000518492,4.50054170531874,0.999999659438945
"514",3.91479534,1.49999997113606,1.50001389779551,2.25049977378969,4.50054146736936,0.999999659391641
"515",3.92242652,1.49999997101424,1.50001389559743,2.25049954199192,4.5005412289773,0.999999659344613
"516",3.9300577,1.49999997089197,1.50001389338656,2.25049930981346,4.50054099016617,0.999999659297846
"517",3.93768888,1.49999997076922,1.5000138911632,2.25049907726575,4.50054075094832,0.999999659251331
"518",3.94532006,1.49999997064601,1.50001388892685,2.25049884433053,4.50054051130397,0.999999659205083
"519",3.95295124,1.49999997052232,1.50001388667786,2.25049861102178,4.50054027124819,0.999999659159092
"520",3.96058242,1.49999997039816,1.50001388441641,2.25049837734608,4.5005400307881,0.999999659113354
"521",3.9682136,1.49999997027353,1.50001388214263,2.25049814330864,4.50053978992926,0.999999659067866
"522",3.97584478,1.49999997014842,1.50001387985619,2.25049790889771,4.50053954865894,0.999999659022636
"523",3.98347596,1.49999997002283,1.50001387755746,2.25049767412692,4.50053930699187,0.999999658977656
"524",3.99110714,1.49999996989677,1.50001387524683,2.25049743901173,4.50053906494473,0.999999658932916
"525",3.99873832,1.49999996977022,1.50001387292385,2.25049720353605,4.50053882250007,0.999999658888426
"526",4.0063695,1.49999996964318,1.50001387058889,2.25049696771325,4.50053857967233,0.999999658844179
"527",4.01400068,1.49999996951566,1.50001386824169,2.25049673153423,4.50053833645164,0.99999965880018
"528",4.02163186,1.49999996938766,1.50001386588304,2.25049649502786,4.50053809286923,0.999999658756411
"529",4.02926304,1.49999996925916,1.50001386351228,2.25049625817176,4.5005378489008,0.999999658712888
"530",4.03689422,1.49999996913017,1.50001386112986,2.25049602098139,4.50053760456309,0.999999658669599
"531",4.0445254,1.49999996900069,1.50001385873573,2.25049578345589,4.50053735985514,0.999999658626547
"532",4.05215658,1.49999996887072,1.50001385632987,2.2504955455953,4.50053711477692,0.999999658583731
"533",4.05978776,1.49999996874025,1.50001385391251,2.25049530740757,4.50053686933702,0.999999658541147
"534",4.06741894,1.49999996860928,1.50001385148377,2.25049506889775,4.50053662354093,0.999999658498791
"535",4.07505012,1.4999999684778,1.50001384904368,2.2504948300681,4.50053637739095,0.999999658456663
"536",4.0826813,1.49999996834583,1.50001384659221,2.25049459091633,4.50053613088469,0.999999658414763
"537",4.09031248,1.49999996821335,1.50001384412939,2.25049435144556,4.5005358840254,0.999999658373092
"538",4.09794366,1.49999996808037,1.50001384165559,2.25049411166822,4.50053563682657,0.99999965833164
"539",4.10557484,1.49999996794687,1.50001383917054,2.2504938715763,4.50053538927945,0.999999658290413
"540",4.11320602,1.49999996781287,1.50001383667458,2.25049363118106,4.50053514139625,0.999999658249404
"541",4.1208372,1.49999996767835,1.50001383416749,2.25049339047575,4.50053489316961,0.999999658208618
"542",4.12846838,1.49999996754332,1.50001383164965,2.25049314947488,4.50053464461514,0.999999658168046
"543",4.13609956,1.49999996740778,1.50001382912085,2.25049290817023,4.50053439572404,0.999999658127693
"544",4.14373074,1.49999996727171,1.50001382658131,2.25049266657086,4.50053414650598,0.999999658087554
"545",4.15136192,1.49999996713513,1.5000138240313,2.25049242468654,4.50053389697154,0.999999658047621
"546",4.1589931,1.49999996699802,1.50001382147028,2.25049218249819,4.50053364710008,0.99999965800791
"547",4.16662428,1.49999996686039,1.50001381889883,2.25049194002717,4.50053339691462,0.999999657968405
"548",4.17425546,1.49999996672223,1.50001381631671,2.25049169726559,4.50053314640662,0.999999657929112
"549",4.18188664,1.49999996658355,1.50001381372439,2.25049145422988,4.50053289559387,0.999999657890021
"550",4.18951782,1.49999996644433,1.50001381112162,2.2504912109122,4.50053264446779,0.999999657851136
"551",4.197149,1.49999996630458,1.50001380850836,2.25049096731112,4.50053239302687,0.99999965781246
"552",4.20478018,1.4999999661643,1.50001380588516,2.25049072344706,4.50053214129315,0.999999657773979
"553",4.21241136,1.49999996602348,1.50001380325148,2.25049047930116,4.50053188924614,0.999999657735705
"554",4.22004254,1.49999996588212,1.50001380060791,2.25049023489419,4.50053163690838,0.999999657697626
"555",4.22767372,1.49999996574023,1.50001379795387,2.25048999020668,4.50053138425869,0.999999657659754
"556",4.2353049,1.49999996559779,1.50001379529019,2.25048974526799,4.50053113132888,0.99999965762207
"557",4.24293608,1.4999999654548,1.5000137926162,2.25048950005466,4.5005308780935,0.999999657584591
"558",4.25056726,1.49999996531127,1.50001378993255,2.2504892545904,4.50053062457823,0.9999996575473
"559",4.25819844,1.49999996516719,1.50001378723894,2.25048900886488,4.5005303707718,0.999999657510205
"560",4.26582962,1.49999996502256,1.5000137845355,2.25048876288308,4.50053011667959,0.999999657473302
"561",4.2734608,1.49999996487738,1.50001378182238,2.25048851665121,4.50052986230829,0.999999657436589
"562",4.28109198,1.49999996473164,1.50001377909974,2.25048827017507,4.50052960766415,0.99999965740006
"563",4.28872316,1.49999996458535,1.50001377636708,2.25048802343624,4.50052935272726,0.999999657363729
"564",4.29635434,1.49999996443849,1.50001377362515,2.25048777646365,4.50052909752883,0.999999657327577
"565",4.30398552,1.49999996429108,1.50001377087371,2.2504875292474,4.50052884205817,0.999999657291611
"566",4.3116167,1.4999999641431,1.50001376811255,2.25048728178106,4.50052858630827,0.999999657255834
"567",4.31924788,1.49999996399455,1.50001376534214,2.25048703408193,4.50052833029783,0.999999657220237
"568",4.32687906,1.49999996384544,1.50001376256238,2.25048678614736,4.50052807402391,0.99999965718482
"569",4.33451024,1.49999996369576,1.5000137597733,2.25048653797706,4.50052781748629,0.999999657149585
"570",4.34214142,1.4999999635455,1.50001375697497,2.25048628957539,4.50052756068955,0.999999657114528
"571",4.3497726,1.49999996339467,1.50001375416745,2.25048604094466,4.5005273036362,0.999999657079649
"572",4.35740378,1.49999996324326,1.50001375135071,2.25048579208357,4.50052704632478,0.999999657044948
"573",4.36503496,1.49999996309128,1.50001374852475,2.25048554299245,4.50052678875573,0.999999657010425
"574",4.37266614,1.49999996293871,1.50001374568984,2.25048529368196,4.50052653094042,0.999999656976075
"575",4.38029732,1.49999996278556,1.50001374284597,2.25048504415177,4.50052627287853,0.999999656941896
"576",4.3879285,1.49999996263183,1.50001373999303,2.25048479439838,4.50052601456626,0.999999656907892
"577",4.39555968,1.49999996247751,1.50001373713122,2.25048454442938,4.50052575601173,0.999999656874057
"578",4.40319086,1.49999996232259,1.50001373426067,2.25048429424897,4.50052549721961,0.99999965684039
"579",4.41082204,1.49999996216709,1.50001373138125,2.2504840438539,4.50052523818621,0.999999656806892
"580",4.41845322,1.49999996201099,1.50001372849297,2.25048379324414,4.50052497891152,0.999999656773564
"581",4.4260844,1.49999996185429,1.5000137255958,2.25048354241919,4.50052471939496,0.999999656740407
"582",4.43371558,1.499999961697,1.50001372269026,2.2504832913984,4.50052445965748,0.999999656707407
"583",4.44134676,1.4999999615391,1.50001371977595,2.25048304016745,4.50052419968354,0.999999656674575
"584",4.44897794,1.4999999613806,1.50001371685303,2.25048278873177,4.50052393947903,0.999999656641907
"585",4.45660912,1.4999999612215,1.50001371392168,2.25048253709887,4.50052367905198,0.999999656609398
"586",4.4642403,1.49999996106178,1.50001371098185,2.25048228526752,4.50052341840108,0.999999656577049
"587",4.47187148,1.49999996090146,1.50001370803333,2.25048203322957,4.50052315751745,0.999999656544866
"588",4.47950266,1.49999996074052,1.5000137050765,2.25048178099989,4.50052289641721,0.99999965651284
"589",4.48713384,1.49999996057897,1.50001370211151,2.25048152858443,4.50052263510671,0.999999656480965
"590",4.49476502,1.4999999604168,1.50001369913806,2.25048127597156,4.5005223735734,0.999999656449251
"591",4.5023962,1.49999996025401,1.50001369615627,2.25048102316661,4.50052211182299,0.999999656417694
"592",4.51002738,1.49999996009059,1.50001369316619,2.25048077017187,4.50052184985794,0.999999656386293
"593",4.51765856,1.49999995992656,1.50001369016794,2.2504805169914,4.50052158768263,0.999999656355046
"594",4.52528974,1.49999995976189,1.50001368716151,2.25048026362572,4.50052132529758,0.999999656323951
"595",4.53292092,1.4999999595966,1.5000136841471,2.25048001008139,4.50052106270995,0.999999656293004
"596",4.5405521,1.49999995943067,1.50001368112453,2.25047975635378,4.50052079991454,0.999999656262211
"597",4.54818328,1.49999995926411,1.50001367809379,2.25047950244165,4.50052053691011,0.99999965623157
"598",4.55581446,1.49999995909691,1.50001367505514,2.25047924835473,4.50052027370715,0.999999656201076
"599",4.56344564,1.49999995892908,1.5000136720087,2.25047899409836,4.50052001031138,0.999999656170725
"600",4.57107682,1.4999999587606,1.5000136689542,2.25047873966253,4.50051974671198,0.999999656140525
"601",4.578708,1.49999995859148,1.50001366589172,2.25047848505077,4.50051948291268,0.999999656110473
"602",4.58633918,1.49999995842171,1.50001366282138,2.25047823026832,4.50051921891914,0.999999656080566
"603",4.59397036,1.49999995825129,1.50001365974334,2.2504779753184,4.500518954735,0.999999656050801
"604",4.60160154,1.49999995808022,1.5000136566576,2.2504777202051,4.50051869036439,0.999999656021177
"605",4.60923272,1.4999999579085,1.50001365356414,2.25047746492554,4.50051842580439,0.999999655991695
"606",4.6168639,1.49999995773612,1.50001365046298,2.25047720948138,4.50051816105665,0.999999655962354
"607",4.62449508,1.49999995756308,1.50001364735389,2.25047695386486,4.50051789611279,0.999999655933161
"608",4.63212626,1.49999995738938,1.50001364423731,2.25047669809272,4.50051763099081,0.999999655904103
"609",4.63975744,1.49999995721502,1.50001364111321,2.25047644216256,4.50051736568826,0.999999655875182
"610",4.64738862,1.49999995703999,1.50001363798152,2.25047618607377,4.50051710020432,0.9999996558464
"611",4.6550198,1.49999995686429,1.50001363484227,2.25047592982676,4.50051683453947,0.999999655817756
"612",4.66265098,1.49999995668792,1.5000136316956,2.25047567342716,4.50051656869979,0.999999655789246
"613",4.67028216,1.49999995651087,1.50001362854142,2.2504754168717,4.50051630268171,0.999999655760872
"614",4.67791334,1.49999995633315,1.50001362537984,2.25047516016511,4.50051603649029,0.999999655732633
"615",4.68554452,1.49999995615475,1.50001362221099,2.25047490331217,4.50051577013069,0.999999655704524
"616",4.6931757,1.49999995597567,1.50001361903453,2.25047464630168,4.50051550359075,0.999999655676553
"617",4.70080688,1.4999999557959,1.50001361585106,2.25047438915425,4.50051523689281,0.999999655648707
"618",4.70843806,1.49999995561544,1.50001361265992,2.25047413184684,4.5005149700119,0.999999655621002
"619",4.71606924,1.4999999554343,1.50001360946185,2.25047387440628,4.50051470297705,0.999999655593419
"620",4.72370042,1.49999995525246,1.50001360625647,2.25047361682011,4.50051443577466,0.999999655565966
"621",4.7313316,1.49999995506993,1.50001360304381,2.25047335908853,4.500514168405,0.999999655538645
"622",4.73896278,1.49999995488669,1.50001359982406,2.25047310121973,4.50051390087688,0.99999965551145
"623",4.74659396,1.49999995470276,1.50001359659721,2.25047284321248,4.50051363318898,0.999999655484381
"624",4.75422514,1.49999995451813,1.50001359336324,2.25047258506717,4.50051336534168,0.999999655457438
"625",4.76185632,1.49999995433279,1.50001359012216,2.25047232678437,4.50051309733555,0.999999655430622
"626",4.7694875,1.49999995414674,1.50001358687406,2.25047206836747,4.50051282917427,0.999999655403929
"627",4.77711868,1.49999995395998,1.50001358361902,2.25047180981866,4.50051256086023,0.99999965537736
"628",4.78474986,1.49999995377251,1.500013580357,2.25047155113916,4.50051229239459,0.999999655350912
"629",4.79238104,1.49999995358431,1.50001357708784,2.25047129232163,4.50051202376949,0.999999655324592
"630",4.80001222,1.4999999533954,1.50001357381194,2.25047103338125,4.50051175500133,0.999999655298389
"631",4.8076434,1.49999995320577,1.50001357052904,2.25047077430892,4.50051148608021,0.999999655272309
"632",4.81527458,1.49999995301541,1.50001356723929,2.25047051511013,4.50051121701206,0.999999655246349
"633",4.82290576,1.49999995282433,1.50001356394275,2.2504702557878,4.50051094780003,0.999999655220506
"634",4.83053694,1.49999995263251,1.50001356063949,2.25046999634453,4.5005106784469,0.99999965519478
"635",4.83816812,1.49999995243997,1.50001355732927,2.25046973677184,4.50051040894346,0.999999655169177
"636",4.8457993,1.49999995224668,1.50001355401257,2.25046947708711,4.50051013930853,0.999999655143683
"637",4.85343048,1.49999995205266,1.50001355068884,2.25046921727089,4.50050986952103,0.999999655118314
"638",4.86106166,1.49999995185789,1.50001354735854,2.25046895734098,4.50050959960013,0.999999655093057
"639",4.86869284,1.49999995166238,1.5000135440214,2.25046869728726,4.5005093295349,0.999999655067919
"640",4.87632402,1.49999995146612,1.50001354067785,2.25046843712448,4.50050905934137,0.999999655042889
"641",4.8839552,1.49999995126912,1.50001353732768,2.25046817684698,4.50050878901329,0.999999655017973
"642",4.89158638,1.49999995107136,1.50001353397062,2.25046791644469,4.50050851853972,0.999999654993177
"643",4.89921756,1.49999995087284,1.5000135306072,2.25046765593677,4.50050824794146,0.999999654968488
"644",4.90684874,1.49999995067356,1.50001352723756,2.25046739532825,4.50050797722392,0.999999654943902
"645",4.91447992,1.49999995047352,1.50001352386102,2.25046713459576,4.5005077063617,0.999999654919436
"646",4.9221111,1.49999995027272,1.50001352047804,2.2504668737557,4.50050743537263,0.999999654895079
"647",4.92974228,1.49999995007115,1.50001351708854,2.25046661280591,4.50050716425424,0.999999654870833
"648",4.93737346,1.49999994986881,1.50001351369261,2.25046635174949,4.50050689300995,0.999999654846695
"649",4.94500464,1.4999999496657,1.50001351029032,2.2504660905885,4.50050662164198,0.999999654822664
"650",4.95263582,1.49999994946181,1.50001350688135,2.25046582931344,4.50050635013992,0.999999654798747
"651",4.960267,1.49999994925714,1.50001350346635,2.25046556794643,4.50050607852781,0.999999654774928
"652",4.96789818,1.49999994905168,1.50001350004494,2.25046530647564,4.50050580679272,0.999999654751217
"653",4.97552936,1.49999994884545,1.50001349661701,2.25046504489602,4.50050553492922,0.999999654727616
"654",4.98316054,1.49999994863842,1.50001349318299,2.25046478322272,4.50050526295374,0.999999654704115
"655",4.99079172,1.4999999484306,1.50001348974256,2.2504645214462,4.50050499085585,0.999999654680721
"656",4.9984229,1.49999994822199,1.50001348629596,2.25046425957493,4.5005047186447,0.999999654657428
"657",5.00605408,1.49999994801258,1.50001348284301,2.25046399760225,4.50050444631307,0.999999654634241
"658",5.01368526,1.49999994780237,1.50001347938403,2.25046373554083,4.50050417387462,0.999999654611152
"659",5.02131644,1.49999994759136,1.50001347591876,2.25046347338008,4.50050390131795,0.999999654588167
"660",5.02894762,1.49999994737954,1.50001347244723,2.25046321112306,4.50050362864627,0.999999654565285
"661",5.0365788,1.49999994716691,1.50001346896952,2.25046294877161,4.50050335586157,0.999999654542505
"662",5.04420998,1.49999994695346,1.50001346548564,2.25046268632727,4.50050308296551,0.999999654519825
"663",5.05184116,1.4999999467392,1.5000134619959,2.25046242380078,4.50050280996971,0.999999654497238
"664",5.05947234,1.49999994652413,1.50001345849974,2.25046216117262,4.50050253685297,0.999999654474759
"665",5.06710352,1.49999994630823,1.50001345499788,2.2504618984686,4.50050226364328,0.999999654452368
"666",5.0747347,1.4999999460915,1.50001345148969,2.25046163566702,4.50050199031702,0.999999654430082
"667",5.08236588,1.49999994587395,1.50001344797546,2.25046137277859,4.50050171688582,0.999999654407893
"668",5.08999706,1.49999994565556,1.5000134444553,2.25046110980684,4.50050144335349,0.999999654385798
"669",5.09762824,1.49999994543634,1.50001344092915,2.2504608467499,4.500501169718,0.9999996543638
"670",5.10525942,1.49999994521628,1.50001343739703,2.25046058360976,4.50050089598141,0.999999654341896
"671",5.1128906,1.49999994499538,1.50001343385899,2.25046032038751,4.50050062214495,0.999999654320086
"672",5.12052178,1.49999994477364,1.50001343031512,2.25046005708651,4.50050034821224,0.999999654298368
"673",5.12815296,1.49999994455104,1.50001342676496,2.25045979369178,4.50050007416693,0.999999654276753
"674",5.13578414,1.4999999443276,1.50001342320919,2.25045953022711,4.50049980003486,0.999999654255224
"675",5.14341532,1.4999999441033,1.50001341964748,2.25045926668127,4.50049952580381,0.999999654233789
"676",5.1510465,1.49999994387815,1.50001341607966,2.25045900304806,4.50049925146702,0.999999654212452
"677",5.15867768,1.49999994365213,1.50001341250638,2.25045873935087,4.50049897704989,0.999999654191197
"678",5.16630886,1.49999994342525,1.50001340892687,2.25045847556362,4.50049870252404,0.999999654170043
"679",5.17394004,1.4999999431975,1.50001340534199,2.25045821171587,4.50049842792155,0.999999654148968
"680",5.18157122,1.49999994296889,1.50001340175099,2.25045794778173,4.5004981532143,0.999999654127991
"681",5.1892024,1.4999999427394,1.50001339815441,2.25045768378115,4.5004978784239,0.999999654107099
"682",5.19683358,1.49999994250903,1.5000133945519,2.25045741970148,4.50049760353659,0.9999996540863
"683",5.20446476,1.49999994227778,1.5000133909436,2.2504571555484,4.50049732855851,0.99999965406559
"684",5.21209594,1.49999994204564,1.50001338732958,2.25045689132394,4.50049705349191,0.999999654044968
"685",5.21972712,1.49999994181262,1.50001338371018,2.25045662704116,4.50049677835083,0.999999654024425
"686",5.2273583,1.49999994157871,1.50001338008474,2.25045636267667,4.50049650310991,0.999999654003978
"687",5.23498948,1.4999999413439,1.50001337645368,2.25045609824568,4.50049622778564,0.999999653983615
"688",5.24262066,1.4999999411082,1.50001337281716,2.25045583375345,4.50049595238375,0.999999653963333
"689",5.25025184,1.4999999408716,1.50001336917468,2.25045556918428,4.50049567688705,0.999999653943144
"690",5.25788302,1.49999994063409,1.50001336552655,2.25045530454826,4.50049540130654,0.99999965392304
"691",5.2655142,1.49999994039567,1.50001336187309,2.25045503985682,4.50049512565464,0.999999653903014
"692",5.27314538,1.49999994015634,1.50001335821408,2.25045477510236,4.50049484992303,0.99999965388307
"693",5.28077656,1.4999999399161,1.50001335454923,2.25045451027565,4.50049457410167,0.999999653863215
"694",5.28840774,1.49999993967493,1.5000133508788,2.25045424538643,4.50049429820108,0.999999653843444
"695",5.29603892,1.49999993943285,1.50001334720292,2.25045398043854,4.50049402222544,0.999999653823752
"696",5.3036701,1.49999993918984,1.50001334352148,2.25045371542896,4.50049374617143,0.999999653804143
"697",5.31130128,1.4999999389459,1.50001333983425,2.25045345035015,4.50049347003084,0.999999653784622
"698",5.31893246,1.49999993870103,1.5000133361417,2.25045318521823,4.50049319382119,0.999999653765176
"699",5.32656364,1.49999993845522,1.50001333244358,2.2504529200256,4.50049291753409,0.999999653745813
"700",5.33419482,1.49999993820848,1.50001332874015,2.25045265478001,4.50049264117812,0.999999653726525
"701",5.341826,1.49999993796079,1.50001332503112,2.25045238947348,4.5004923647444,0.99999965370732
"702",5.34945718,1.49999993771215,1.50001332131649,2.25045212410571,4.50049208823263,0.999999653688198
"703",5.35708836,1.49999993746256,1.50001331759652,2.25045185868594,4.50049181165287,0.999999653669152
"704",5.36471954,1.49999993721202,1.50001331387135,2.25045159321898,4.50049153501029,0.999999653650177
"705",5.37235072,1.49999993696052,1.50001331014038,2.25045132768461,4.50049125828292,0.999999653631291
"706",5.3799819,1.49999993670806,1.50001330640415,2.25045106210226,4.50049098149177,0.999999653612477
"707",5.38761308,1.49999993645464,1.50001330266233,2.25045079646022,4.50049070462417,0.999999653593746
"708",5.39524426,1.49999993620024,1.50001329891537,2.25045053077489,4.50049042769786,0.999999653575084
"709",5.40287544,1.49999993594487,1.500013295163,2.25045026503631,4.50049015070207,0.9999996535565
"710",5.41050662,1.49999993568853,1.50001329140518,2.25044999924409,4.50048987363629,0.999999653537993
"711",5.4181378,1.49999993543121,1.5000132876419,2.25044973339891,4.50048959650119,0.999999653519564
"712",5.42576898,1.4999999351729,1.50001328387336,2.25044946750624,4.50048931930279,0.999999653501208
"713",5.43340016,1.4999999349136,1.50001328009944,2.25044920156345,4.50048904203813,0.999999653482928
"714",5.44103134,1.49999993465332,1.50001327632045,2.25044893558139,4.50048876471899,0.999999653464715
"715",5.44866252,1.49999993439204,1.50001327253586,2.25044866954195,4.50048848732567,0.999999653446583
"716",5.4562937,1.49999993412976,1.50001326874609,2.25044840345983,4.50048820987415,0.999999653428522
"717",5.46392488,1.49999993386647,1.50001326495109,2.25044813733414,4.50048793236336,0.999999653410531
"718",5.47155606,1.49999993360219,1.50001326115052,2.25044787115293,4.50048765478034,0.99999965339262
"719",5.47918724,1.49999993333689,1.50001325734501,2.25044760493796,4.50048737714875,0.999999653374773
"720",5.48681842,1.49999993307057,1.50001325353408,2.25044733867392,4.50048709945181,0.999999653357002
"721",5.4944496,1.49999993280324,1.50001324971799,2.25044707236914,4.50048682169867,0.999999653339299
"722",5.50208078,1.49999993253489,1.50001324589638,2.25044680601165,4.50048654387625,0.999999653321675
"723",5.50971196,1.49999993226551,1.50001324206973,2.2504465396191,4.50048626600363,0.999999653304116
"724",5.51734314,1.4999999319951,1.50001323823784,2.25044627318409,4.50048598807287,0.999999653286628
"725",5.52497432,1.49999993172365,1.50001323440079,2.25044600671033,4.50048571008785,0.999999653269208
"726",5.5326055,1.49999993145117,1.50001323055864,2.25044574019931,4.50048543205028,0.999999653251854
"727",5.54023668,1.49999993117765,1.50001322671115,2.25044547364376,4.50048515395215,0.999999653234573
"728",5.54786786,1.49999993090308,1.50001322285842,2.25044520704727,4.50048487579736,0.999999653217363
"729",5.55549904,1.49999993062747,1.50001321900049,2.2504449404113,4.50048459758751,0.999999653200221
"730",5.56313022,1.49999993035079,1.50001321513749,2.25044467374104,4.50048431932814,0.999999653183144
"731",5.5707614,1.49999993007307,1.50001321126946,2.25044440703793,4.50048404102085,0.999999653166131
"732",5.57839258,1.49999992979427,1.50001320739611,2.25044414029271,4.50048376265549,0.99999965314919
"733",5.58602376,1.49999992951442,1.50001320351744,2.25044387350484,4.5004834842315,0.99999965313232
"734",5.59365494,1.49999992923349,1.50001319963401,2.25044360669489,4.50048320577116,0.999999653115506
"735",5.60128612,1.49999992895149,1.50001319574537,2.25044333984711,4.50048292725736,0.99999965309876
"736",5.6089173,1.49999992866841,1.50001319185128,2.250443072953,4.50048264868086,0.99999965308209
"737",5.61654848,1.49999992838425,1.50001318795247,2.25044280603911,4.50048237007044,0.999999653065473
"738",5.62417966,1.49999992809901,1.50001318404838,2.25044253908578,4.50048209140473,0.999999653048927
"739",5.63181084,1.49999992781267,1.50001318013914,2.25044227209797,4.50048181268909,0.999999653032446
"740",5.63944202,1.49999992752524,1.5000131762249,2.25044200508167,4.50048153392998,0.999999653016027
"741",5.6470732,1.49999992723671,1.50001317230566,2.2504417380363,4.50048125512678,0.99999965299967
"742",5.65470438,1.49999992694707,1.50001316838119,2.25044147095487,4.50048097627185,0.99999965298338
"743",5.66233556,1.49999992665633,1.50001316445169,2.25044120384363,4.50048069737199,0.999999652967153
"744",5.66996674,1.49999992636448,1.50001316051703,2.25044093670043,4.50048041842472,0.99999965295099
"745",5.67759792,1.49999992607151,1.50001315657751,2.25044066953394,4.50048013943957,0.999999652934885
"746",5.6852291,1.49999992577742,1.50001315263284,2.25044040233519,4.50047986040671,0.999999652918845
"747",5.69286028,1.49999992548221,1.50001314868325,2.25044013511281,4.50047958133545,0.999999652902863
"748",5.70049146,1.49999992518587,1.5000131447285,2.25043986785797,4.50047930221624,0.999999652886947
"749",5.70812264,1.49999992488839,1.50001314076882,2.25043960057942,4.50047902305856,0.999999652871088
"750",5.71575382,1.49999992458978,1.500013136804,2.25043933327015,4.50047874385473,0.999999652855294
"751",5.723385,1.49999992429003,1.50001313283414,2.25043906593409,4.50047846460897,0.999999652839561
"752",5.73101618,1.49999992398913,1.50001312885924,2.25043879857155,4.50047818532165,0.999999652823888
"753",5.73864736,1.49999992368708,1.50001312487944,2.25043853118807,4.50047790599864,0.999999652808272
"754",5.74627854,1.49999992338388,1.50001312089462,2.25043826377843,4.50047762663445,0.999999652792717
"755",5.75390972,1.49999992307952,1.50001311690477,2.25043799634447,4.50047734723084,0.99999965277722
"756",5.7615409,1.49999992277399,1.50001311291016,2.25043772889403,4.50047706779646,0.999999652761778
"757",5.76917208,1.4999999224673,1.50001310891017,2.25043746140711,4.50047678830946,0.999999652746404
"758",5.77680326,1.49999992215943,1.50001310490543,2.25043719390605,4.50047650879409,0.999999652731081
"759",5.78443444,1.49999992185038,1.50001310089578,2.25043692638401,4.50047622924297,0.999999652715816
"760",5.79206562,1.49999992154016,1.50001309688112,2.25043665884017,4.50047594965506,0.999999652700609
"761",5.7996968,1.49999992122875,1.50001309286141,2.25043639127141,4.50047567002707,0.999999652685461
"762",5.80732798,1.49999992091615,1.50001308883665,2.25043612367947,4.50047539036073,0.999999652670373
"763",5.81495916,1.49999992060235,1.50001308480711,2.25043585607322,4.50047511066575,0.999999652655336
"764",5.82259034,1.49999992028735,1.50001308077257,2.25043558844515,4.50047483093396,0.999999652640358
"765",5.83022152,1.49999991997115,1.50001307673308,2.25043532079865,4.50047455116891,0.999999652625434
"766",5.8378527,1.49999991965375,1.50001307268841,2.2504350531251,4.50047427136122,0.999999652610573
"767",5.84548388,1.49999991933512,1.50001306863925,2.25043478544805,4.50047399153658,0.999999652595756
"768",5.85311506,1.49999991901528,1.50001306458475,2.2504345177402,4.50047371166515,0.999999652581004
"769",5.86074624,1.49999991869422,1.50001306052557,2.25043425002279,4.50047343177007,0.999999652566301
"770",5.86837742,1.49999991837193,1.50001305646134,2.25043398228468,4.50047315183917,0.999999652551655
"771",5.8760086,1.4999999180484,1.50001305239217,2.2504337145292,4.50047287187608,0.999999652537064
"772",5.88363978,1.49999991772365,1.50001304831812,2.25043344675917,4.50047259188379,0.999999652522526
"773",5.89127096,1.49999991739764,1.50001304423911,2.25043317897228,4.50047231185975,0.999999652508042
"774",5.89890214,1.4999999170704,1.50001304015524,2.25043291117174,4.5004720318075,0.999999652493611
"775",5.90653332,1.4999999167419,1.50001303606633,2.25043264335259,4.50047175172152,0.999999652479235
"776",5.9141645,1.49999991641214,1.50001303197273,2.25043237552608,4.5004714716141,0.999999652464907
"777",5.92179568,1.49999991608113,1.50001302787414,2.25043210768383,4.50047119147599,0.999999652450633
"778",5.92942686,1.49999991574885,1.5000130237706,2.25043183982543,4.50047091130684,0.999999652436413
"779",5.93705804,1.4999999154153,1.50001301966203,2.25043157195011,4.5004706311057,0.999999652422248
"780",5.94468922,1.49999991508047,1.50001301554891,2.2504313040739,4.50047035089003,0.999999652408125
"781",5.9523204,1.49999991474437,1.50001301143045,2.25043103617045,4.5004700706311,0.999999652394066
"782",5.95995158,1.49999991440698,1.5000130073074,2.25043076826571,4.50046979035709,0.999999652380049
"783",5.96758276,1.4999999140683,1.50001300317936,2.2504305003459,4.50046951005308,0.999999652366086
"784",5.97521394,1.49999991372832,1.50001299904636,2.2504302324128,4.50046922972087,0.999999652352176
"785",5.98284512,1.49999991338705,1.50001299490854,2.25042996447152,4.500468949366,0.999999652338313
"786",5.9904763,1.49999991304447,1.5000129907658,2.25042969651853,4.50046866898469,0.999999652324502
"787",5.99810748,1.49999991270058,1.50001298661824,2.25042942855822,4.50046838858159,0.999999652310739
"788",6.00573866,1.49999991235537,1.50001298246576,2.25042916058717,4.50046810815298,0.999999652297026
"789",6.01336984,1.49999991200885,1.50001297830844,2.2504288926089,4.50046782770266,0.999999652283361
"790",6.02100102,1.499999911661,1.50001297414613,2.25042862461775,4.50046754722447,0.999999652269748
"791",6.0286322,1.49999991131183,1.500012969979,2.25042835662061,4.50046726672584,0.999999652256182
"792",6.03626338,1.49999991096131,1.50001296580687,2.25042808861148,4.50046698620022,0.999999652242668
"793",6.04389456,1.49999991060946,1.50001296163004,2.25042782060081,4.50046670565894,0.999999652229197
"794",6.05152574,1.49999991025626,1.50001295744816,2.25042755257687,4.50046642508925,0.999999652215779
"795",6.05915692,1.49999990990171,1.50001295326151,2.25042728455042,4.50046614450274,0.999999652202405
"796",6.0667881,1.49999990954581,1.50001294906968,2.25042701650643,4.50046586388314,0.999999652189088
"797",6.07441928,1.49999990918855,1.50001294487358,2.25042674847749,4.50046558326581,0.999999652175801
"798",6.08205046,1.49999990882992,1.50001294067207,2.25042648042404,4.50046530260771,0.999999652162575
"799",6.08968164,1.49999990846992,1.50001293646584,2.25042621237114,4.50046502193602,0.999999652149392
"800",6.09731282,1.49999990810854,1.50001293225491,2.25042594431836,4.50046474125034,0.999999652136251
"801",6.104944,1.49999990774578,1.50001292803886,2.25042567625261,4.50046446053632,0.999999652123162
"802",6.11257518,1.49999990738164,1.50001292381811,2.25042540818928,4.50046417981063,0.999999652110114
"803",6.12020636,1.4999999070161,1.50001291959222,2.25042514011294,4.50046389905652,0.999999652097119
"804",6.12783754,1.49999990664916,1.50001291536173,2.25042487204195,4.50046361829394,0.999999652084163
"805",6.13546872,1.49999990628083,1.50001291112624,2.25042460396343,4.50046333750886,0.999999652071255
"806",6.1430999,1.49999990591108,1.50001290688579,2.25042433587939,4.50046305670335,0.999999652058394
"807",6.15073108,1.49999990553992,1.50001290264069,2.25042406779996,4.50046277588852,0.999999652045571
"808",6.15836226,1.49999990516734,1.5000128983906,2.25042379971439,4.50046249505255,0.999999652032797
"809",6.16599344,1.49999990479334,1.50001289413558,2.25042353162548,4.50046221419847,0.999999652020067
"810",6.17362462,1.49999990441791,1.50001288987566,2.2504232635337,4.50046193332681,0.999999652007383
"811",6.1812558,1.49999990404104,1.50001288561097,2.25042299544439,4.50046165244334,0.999999651994739
"812",6.18888698,1.49999990366273,1.50001288134121,2.25042272734796,4.50046137153751,0.999999651982144
"813",6.19651816,1.49999990328298,1.50001287706677,2.25042245925815,4.50046109062428,0.999999651969587
"814",6.20414934,1.49999990290177,1.50001287278724,2.25042219115975,4.50046080968716,0.999999651957079
"815",6.21178052,1.49999990251911,1.500012868503,2.25042192306855,4.50046052874316,0.999999651944608
"816",6.2194117,1.49999990213498,1.50001286421384,2.25042165497553,4.50046024778252,0.999999651932181
"817",6.22704288,1.49999990174939,1.50001285991954,2.25042138687511,4.50045996679911,0.999999651919803
"818",6.23467406,1.49999990136232,1.50001285562059,2.25042111878302,4.50045968581006,0.999999651907461
"819",6.24230524,1.49999990097377,1.50001285131675,2.25042085069267,4.50045940480808,0.999999651895161
"820",6.24993642,1.49999990058374,1.50001284700798,2.2504205826024,4.5004591237914,0.999999651882904
"821",6.2575676,1.49999990019221,1.50001284269425,2.25042031451158,4.50045884275927,0.99999965187069
"822",6.26519878,1.49999989979919,1.50001283837572,2.25042004642615,4.50045856171814,0.999999651858514
"823",6.27282996,1.49999989940467,1.5000128340523,2.2504197783433,4.50045828066492,0.99999965184638
"824",6.28046114,1.49999989900863,1.50001282972378,2.2504195102564,4.50045799959234,0.999999651834291
"825",6.28809232,1.49999989861109,1.50001282539049,2.25041924217679,4.50045771851273,0.99999965182224
"826",6.2957235,1.49999989821202,1.50001282105232,2.25041897410149,4.50045743742281,0.999999651810228
"827",6.30335468,1.49999989781143,1.50001281670924,2.25041870602979,4.50045715632177,0.999999651798257
"828",6.31098586,1.49999989740931,1.50001281236113,2.25041843795764,4.50045687520519,0.999999651786329
"829",6.31861704,1.49999989700565,1.50001280800823,2.25041816989364,4.50045659408237,0.999999651774437
"830",6.32624822,1.49999989660044,1.50001280365025,2.25041790182853,4.50045631294321,0.999999651762589
"831",6.3338794,1.49999989619369,1.50001279928737,2.2504176337693,4.50045603179524,0.99999965175078
"832",6.34151058,1.49999989578538,1.50001279491959,2.25041736571486,4.50045575063734,0.999999651739009
"833",6.34914176,1.49999989537552,1.5000127905469,2.25041709766678,4.50045546947107,0.999999651727277
"834",6.35677294,1.49999989496408,1.50001278616945,2.25041682962915,4.50045518830099,0.999999651715579
"835",6.36440412,1.49999989455107,1.50001278178689,2.25041656159134,4.50045490711538,0.999999651703925
"836",6.3720353,1.49999989413649,1.50001277739931,2.25041629355696,4.50045462591815,0.999999651692311
"837",6.37966648,1.49999989372031,1.50001277300694,2.25041602553383,4.50045434471781,0.99999965168073
"838",6.38729766,1.49999989330255,1.50001276860952,2.25041575751343,4.50045406350504,0.999999651669191
"839",6.39492884,1.49999989288319,1.50001276420717,2.25041548950011,4.50045378228453,0.999999651657689
"840",6.40256002,1.49999989246223,1.50001275979978,2.25041522149083,4.50045350105299,0.999999651646228
"841",6.4101912,1.49999989203965,1.5000127553875,2.25041495349121,4.50045321981642,0.999999651634801
"842",6.41782238,1.49999989161547,1.50001275097046,2.25041468550566,4.50045293857963,0.999999651623406
"843",6.42545356,1.49999989118966,1.50001274654814,2.25041441751683,4.50045265732371,0.999999651612057
"844",6.43308474,1.49999989076222,1.50001274212113,2.25041414954509,4.50045237607083,0.999999651600737
"845",6.44071592,1.49999989033315,1.5000127376889,2.25041388157428,4.50045209480323,0.999999651589459
"846",6.4483471,1.49999988990244,1.5000127332518,2.25041361361437,4.5004518135319,0.999999651578216
"847",6.45597828,1.49999988947008,1.5000127288097,2.25041334566258,4.50045153225372,0.999999651567009
"848",6.46360946,1.49999988903607,1.50001272436262,2.25041307772018,4.50045125096994,0.999999651555838
"849",6.47124064,1.4999998886004,1.50001271991053,2.25041280978629,4.50045096967968,0.999999651544703
"850",6.47887182,1.49999988816306,1.50001271545342,2.25041254186058,4.50045068838253,0.999999651533605
"851",6.486503,1.49999988772405,1.50001271099122,2.2504122739413,4.50045040707654,0.999999651522544
"852",6.49413418,1.49999988728337,1.50001270652418,2.25041200603761,4.5004501257716,0.999999651511514
"853",6.50176536,1.499999886841,1.50001270205209,2.25041173814298,4.5004498444606,0.99999965150052
"854",6.50939654,1.49999988639694,1.50001269757482,2.25041147025229,4.50044956313797,0.999999651489565
"855",6.51702772,1.49999988595118,1.50001269309282,2.25041120238226,4.50044928182182,0.999999651478637
"856",6.5246589,1.49999988550371,1.50001268860554,2.25041093451434,4.50044900049196,0.99999965146775
"857",6.53229008,1.49999988505454,1.5000126841133,2.25041066665938,4.50044871916016,0.999999651456896
"858",6.53992126,1.49999988460365,1.50001267961593,2.25041039881316,4.50044843782174,0.999999651446078
"859",6.54755244,1.49999988415103,1.50001267511358,2.25041013097951,4.50044815648092,0.999999651435292
"860",6.55518362,1.49999988369669,1.50001267060621,2.25040986315834,4.50044787513752,0.99999965142454
"861",6.5628148,1.49999988324061,1.50001266609385,2.25040959535135,4.50044759379333,0.999999651413818
"862",6.57044598,1.49999988278278,1.50001266157626,2.25040932755059,4.50044731243969,0.999999651403135
"863",6.57807716,1.49999988232321,1.50001265705362,2.25040905976259,4.50044703108365,0.999999651392485
"864",6.58570834,1.49999988186187,1.50001265252588,2.25040879198582,4.50044674972354,0.999999651381868
"865",6.59333952,1.49999988139878,1.50001264799316,2.25040852422471,4.50044646836415,0.999999651371282
"866",6.6009707,1.49999988093391,1.50001264345536,2.25040825647659,4.50044618700252,0.999999651360727
"867",6.60860188,1.49999988046727,1.50001263891252,2.25040798874368,4.50044590564099,0.999999651350204
"868",6.61623306,1.49999987999884,1.50001263436434,2.25040772101515,4.50044562426779,0.99999965133972
"869",6.62386424,1.49999987952862,1.50001262981132,2.25040745330852,4.50044534290199,0.99999965132926
"870",6.63149542,1.4999998790566,1.50001262525285,2.2504071856049,4.50044506152284,0.999999651318842
"871",6.6391266,1.49999987858278,1.50001262068968,2.25040691792838,4.50044478015671,0.999999651308444
"872",6.64675778,1.49999987810715,1.50001261612105,2.25040665025416,4.50044449877647,0.999999651298087
"873",6.65438896,1.4999998776297,1.50001261154745,2.25040638260006,4.50044421740145,0.999999651287756
"874",6.66202014,1.49999987715043,1.5000126069686,2.25040611495625,4.50044393602099,0.99999965127746
"875",6.66965132,1.49999987666932,1.50001260238474,2.25040584733115,4.5004436546442,0.999999651267191
"876",6.6772825,1.49999987618637,1.50001259779554,2.25040557971459,4.50044337325991,0.999999651256959
"877",6.68491368,1.49999987570158,1.50001259320111,2.25040531211086,4.50044309187279,0.999999651246758
"878",6.69254486,1.49999987521493,1.50001258860169,2.25040504452747,4.50044281049102,0.999999651236584
"879",6.70017604,1.49999987472643,1.50001258399722,2.25040477696311,4.50044252911312,0.999999651226436
"880",6.70780722,1.49999987423605,1.50001257938733,2.25040450940652,4.50044224772674,0.999999651216325
"881",6.7154384,1.4999998737438,1.50001257477228,2.25040424186677,4.50044196634174,0.999999651206243
"882",6.72306958,1.49999987324967,1.50001257015211,2.25040397434427,4.50044168495861,0.999999651196189
"883",6.73070076,1.49999987275365,1.50001256552671,2.25040370683761,4.50044140357564,0.999999651186165
"884",6.73833194,1.49999987225574,1.50001256089605,2.25040343934478,4.5004411221907,0.999999651176173
"885",6.74596312,1.49999987175592,1.50001255626015,2.25040317186811,4.50044084080623,0.999999651166209
"886",6.7535943,1.49999987125419,1.50001255161906,2.25040290440871,4.50044055942343,0.999999651156274
"887",6.76122548,1.49999987075054,1.50001254697257,2.2504026369605,4.50044027803564,0.999999651146372
"888",6.76885666,1.49999987024497,1.50001254232101,2.25040236953464,4.50043999665498,0.999999651136494
"889",6.77648784,1.49999986973746,1.5000125376642,2.25040210212535,4.50043971527513,0.999999651126645
"890",6.78411902,1.49999986922801,1.50001253300209,2.25040183473237,4.50043943389573,0.999999651116826
"891",6.7917502,1.49999986871662,1.50001252833467,2.2504015673547,4.50043915251565,0.999999651107035
"892",6.79938138,1.49999986820327,1.50001252366187,2.25040129999135,4.5004388711338,0.999999651097276
"893",6.80701256,1.49999986768796,1.50001251898383,2.25040103264679,4.50043858975502,0.999999651087543
"894",6.81464374,1.49999986717068,1.50001251430052,2.25040076532041,4.50043830837858,0.999999651077838
"895",6.82227492,1.49999986665142,1.50001250961186,2.2504004980106,4.50043802700266,0.999999651068161
"896",6.8299061,1.49999986613017,1.5000125049179,2.25040023071925,4.50043774562932,0.999999651058512
"897",6.83753728,1.49999986560694,1.50001250021865,2.25039996344686,4.50043746425908,0.999999651048888
"898",6.84516846,1.4999998650817,1.50001249551419,2.25039969619624,4.50043718289493,0.999999651039289
"899",6.85279964,1.49999986455446,1.50001249080421,2.25039942895851,4.50043690152717,0.999999651029722
"900",6.86043082,1.4999998640252,1.50001248608877,2.25039916173551,4.50043662015772,0.999999651020184
"901",6.868062,1.49999986349391,1.50001248136811,2.25039889453583,4.50043633879595,0.999999651010669
"902",6.87569318,1.4999998629606,1.50001247664188,2.25039862734781,4.50043605742912,0.999999651001187
"903",6.88332436,1.49999986242524,1.50001247191041,2.25039836018383,4.50043577607061,0.999999650991726
"904",6.89095554,1.49999986188784,1.50001246717349,2.25039809303599,4.50043549471187,0.999999650982295
"905",6.89858672,1.49999986134839,1.50001246243135,2.25039782591347,4.50043521336283,0.999999650972883
"906",6.9062179,1.49999986080687,1.50001245768361,2.25039755880447,4.50043493201051,0.999999650963503
"907",6.91384908,1.49999986026328,1.50001245293035,2.25039729171116,4.50043465065728,0.999999650954152
"908",6.92148026,1.49999985971762,1.50001244817196,2.250397024647,4.50043436931784,0.999999650944818
"909",6.92911144,1.49999985916987,1.50001244340782,2.25039675759237,4.50043408797066,0.999999650935518
"910",6.93674262,1.49999985862002,1.50001243863836,2.25039649056158,4.50043380663139,0.99999965092624
"911",6.9443738,1.49999985806808,1.50001243386341,2.25039622354968,4.50043352529452,0.999999650916987
"912",6.95200498,1.49999985751402,1.50001242908301,2.2503959565586,4.50043324396212,0.999999650907759
"913",6.95963616,1.49999985695784,1.50001242429718,2.25039568958887,4.50043296263477,0.999999650898555
"914",6.96726734,1.49999985639954,1.50001241950565,2.25039542263263,4.50043268130381,0.999999650889381
"915",6.97489852,1.49999985583911,1.50001241470877,2.25039515570216,4.5004323999826,0.999999650880227
"916",6.9825297,1.49999985527653,1.50001240990624,2.25039488878725,4.50043211865998,0.999999650871102
"917",6.99016088,1.4999998547118,1.50001240509824,2.25039462189494,4.50043183734356,0.999999650861999
"918",6.99779206,1.49999985414491,1.50001240028471,2.25039435502313,4.50043155603103,0.99999965085292
"919",7.00542324,1.49999985357586,1.50001239546567,2.2503940881731,4.50043127472375,0.999999650843864
"920",7.01305442,1.49999985300463,1.50001239064102,2.25039382134244,4.50043099341904,0.999999650834834
"921",7.0206856,1.49999985243121,1.50001238581062,2.25039355452727,4.50043071211256,0.999999650825832
"922",7.02831678,1.49999985185561,1.50001238097481,2.25039328773744,4.50043043081515,0.999999650816849
"923",7.03594796,1.4999998512778,1.50001237613341,2.25039302096971,4.50043014952311,0.999999650807889
"924",7.04357914,1.49999985069779,1.50001237128644,2.25039275422423,4.50042986823659,0.999999650798951
"925",7.05121032,1.49999985011555,1.50001236643371,2.25039248749568,4.50042958694974,0.999999650790041
"926",7.0588415,1.49999984953109,1.50001236157528,2.25039222078576,4.50042930566442,0.999999650781156
"927",7.06647268,1.4999998489444,1.50001235671144,2.25039195410544,4.50042902439246,0.999999650772286
"928",7.07410386,1.49999984835547,1.50001235184173,2.25039168743887,4.50042874311664,0.999999650763446
"929",7.08173504,1.49999984776428,1.50001234696645,2.25039142079716,4.50042846184895,0.999999650754626
"930",7.08936622,1.49999984717083,1.50001234208542,2.25039115417515,4.50042818058374,0.99999965074583
"931",7.0969974,1.49999984657512,1.50001233719883,2.25039088757919,4.50042789932789,0.999999650737052
"932",7.10462858,1.49999984597712,1.50001233230647,2.25039062100275,4.50042761807424,0.999999650728299
"933",7.11225976,1.49999984537684,1.50001232740827,2.2503903544445,4.50042733682128,0.999999650719571
"934",7.11989094,1.49999984477427,1.50001232250419,2.25039008790313,4.50042705556754,0.999999650710869
"935",7.12752212,1.49999984416939,1.50001231759474,2.25038982139557,4.50042677433152,0.999999650702179
"936",7.1351533,1.4999998435622,1.50001231267942,2.25038955490738,4.50042649309725,0.999999650693513
"937",7.14278448,1.49999984295269,1.50001230775824,2.25038928843795,4.50042621186416,0.999999650684872
"938",7.15041566,1.49999984234085,1.50001230283118,2.2503890219874,4.50042593063229,0.999999650676255
"939",7.15804684,1.49999984172667,1.50001229789852,2.25038875556572,4.50042564941252,0.999999650667653
"940",7.16567802,1.49999984111014,1.50001229295994,2.25038848916317,4.5004253681941,0.999999650659076
"941",7.1733092,1.49999984049126,1.50001228801557,2.25038822278343,4.50042508698112,0.999999650650519
"942",7.18094038,1.49999983987,1.50001228306541,2.25038795642824,4.50042480577534,0.999999650641981
"943",7.18857156,1.49999983924638,1.50001227810938,2.25038769009488,4.50042452457376,0.999999650633465
"944",7.19620274,1.49999983862037,1.50001227314725,2.25038742377682,4.5004242433692,0.999999650624976
"945",7.20383392,1.49999983799196,1.5000122681796,2.25038715749268,4.500423962182,0.999999650616497
"946",7.2114651,1.49999983736116,1.50001226320582,2.25038689122353,4.50042368099138,0.999999650608046
"947",7.21909628,1.49999983672794,1.50001225822621,2.25038662498012,4.50042339980902,0.999999650599612
"948",7.22672746,1.4999998360923,1.50001225324074,2.25038635876106,4.50042311863343,0.999999650591197
"949",7.23435864,1.49999983545424,1.50001224824925,2.25038609256242,4.50042283746019,0.999999650582804
"950",7.24198982,1.49999983481373,1.50001224325188,2.25038582638872,4.50042255629425,0.99999965057443
"951",7.249621,1.49999983417077,1.50001223824852,2.25038556023752,4.50042227513286,0.999999650566075
"952",7.25725218,1.49999983352536,1.50001223323899,2.2503852941029,4.50042199396953,0.999999650557746
"953",7.26488336,1.49999983287748,1.50001222822363,2.25038502799676,4.50042171281718,0.999999650549432
"954",7.27251454,1.49999983222712,1.50001222320208,2.25038476190832,4.50042143166397,0.999999650541142
"955",7.28014572,1.49999983157428,1.50001221817481,2.25038449585174,4.50042115052545,0.999999650532863
"956",7.2877769,1.49999983091894,1.50001221314152,2.2503842298201,4.50042086939381,0.999999650524602
"957",7.29540808,1.49999983026109,1.5000122081019,2.25038396380245,4.5004205882572,0.999999650516369
"958",7.30303926,1.49999982960073,1.50001220305619,2.25038369780704,4.50042030712452,0.999999650508155
"959",7.31067044,1.49999982893785,1.50001219800464,2.25038343184278,4.50042002600549,0.999999650499952
"960",7.31830162,1.49999982827243,1.50001219294707,2.25038316590495,4.50041974489481,0.999999650491766
"961",7.3259328,1.49999982760447,1.50001218788319,2.25038289998422,4.50041946378233,0.999999650483604
"962",7.33356398,1.49999982693395,1.50001218281308,2.25038263408346,4.50041918267111,0.999999650475463
"963",7.34119516,1.49999982626087,1.50001217773681,2.25038236820599,4.50041890156473,0.999999650467341
"964",7.34882634,1.49999982558522,1.50001217265467,2.25038210236059,4.50041862047276,0.999999650459229
"965",7.35645752,1.49999982490699,1.50001216756634,2.25038183653946,4.50041833938654,0.999999650451135
"966",7.3640887,1.49999982422616,1.5000121624716,2.25038157073428,4.50041805829701,0.999999650443065
"967",7.37171988,1.49999982354273,1.50001215737081,2.25038130495765,4.50041777721788,0.999999650435009
"968",7.37935106,1.49999982285669,1.50001215226381,2.25038103920565,4.50041749614475,0.999999650426969
"969",7.38698224,1.49999982216802,1.50001214715036,2.2503807734703,4.50041721506894,0.999999650418953
"970",7.39461342,1.49999982147672,1.50001214203087,2.2503805077658,4.50041693400585,0.999999650410948
"971",7.4022446,1.49999982078278,1.50001213690509,2.25038024208419,4.50041665294676,0.999999650402961
"972",7.40987578,1.49999982008619,1.50001213177295,2.25037997642364,4.50041637188966,0.999999650394994
"973",7.41750696,1.49999981938693,1.50001212663451,2.250379710788,4.50041609083859,0.999999650387043
"974",7.42513814,1.499999818685,1.50001212148979,2.25037944517742,4.50041580979372,0.999999650379107
"975",7.43276932,1.49999981798039,1.50001211633875,2.25037917959067,4.50041552875373,0.999999650371188
"976",7.4404005,1.49999981727308,1.50001211118134,2.25037891402764,4.50041524771835,0.999999650363286
"977",7.44803168,1.49999981656307,1.50001210601744,2.25037864848488,4.50041496668377,0.999999650355403
"978",7.45566286,1.49999981585034,1.50001210084738,2.25037838297369,4.50041468566227,0.99999965034753
"979",7.46329404,1.49999981513489,1.50001209567086,2.25037811748376,4.50041440464263,0.999999650339676
"980",7.47092522,1.49999981441671,1.50001209048794,2.25037785201921,4.50041412362922,0.999999650331836
"981",7.4785564,1.49999981369577,1.5000120852986,2.25037758657892,4.50041384262077,0.999999650324012
"982",7.48618758,1.49999981297209,1.50001208010261,2.25037732115652,4.50041356161029,0.999999650316209
"983",7.49381876,1.49999981224563,1.50001207490011,2.25037705575723,4.50041328060336,0.999999650308423
"984",7.50144994,1.4999998115164,1.50001206969158,2.25037679039631,4.50041299961672,0.999999650300639
"985",7.50908112,1.49999981078439,1.50001206447622,2.25037652504965,4.50041271862388,0.99999965029288
"986",7.5167123,1.49999981004957,1.50001205925427,2.25037625972474,4.50041243763296,0.999999650285138
"987",7.52434348,1.49999980931194,1.50001205402601,2.25037599443142,4.50041215665475,0.999999650277404
"988",7.53197466,1.4999998085715,1.50001204879085,2.2503757291518,4.50041187566953,0.999999650269695
"989",7.53960584,1.49999980782822,1.50001204354945,2.25037546390656,4.50041159469996,0.999999650261992
"990",7.54723702,1.4999998070821,1.50001203830133,2.25037519868212,4.50041131373104,0.999999650254306
"991",7.5548682,1.49999980633313,1.50001203304657,2.25037493348017,4.50041103276467,0.999999650246636
"992",7.56249938,1.4999998055813,1.50001202778511,2.25037466830111,4.50041075180112,0.999999650238982
"993",7.57013056,1.49999980482659,1.50001202251713,2.25037440315004,4.50041047084596,0.999999650231339
"994",7.57776174,1.499999804069,1.50001201724237,2.25037413802003,4.50041018989156,0.999999650223712
"995",7.58539292,1.49999980330851,1.50001201196108,2.25037387291842,4.50040990894593,0.999999650216096
"996",7.5930241,1.49999980254511,1.50001200667297,2.25037360783753,4.50040962800059,0.999999650208497
"997",7.60065528,1.4999998017788,1.50001200137823,2.2503733427844,4.50040934706312,0.999999650200909
"998",7.60828646,1.49999980100956,1.5000119960766,2.25037307775061,4.50040906612432,0.999999650193339
"999",7.61591764,1.49999980023737,1.50001199076838,2.25037281274633,4.50040878519523,0.999999650185777
"1000",7.62354882,1.49999979946223,1.50001198545339,2.25037254776658,4.50040850427039,0.999999650178229
"1001",7.63118,1.49999979868413,1.50001198013153,2.25037228280918,4.50040822334729,0.999999650170695
"1002",7.63881118,1.49999979790306,1.50001197480272,2.2503720178715,4.50040794242305,0.999999650163179
"1003",7.64644236,1.499999797119,1.50001196946722,2.25037175296286,4.50040766150778,0.999999650155671
"1004",7.65407354,1.49999979633194,1.50001196412487,2.25037148807827,4.50040738059601,0.999999650148176
"1005",7.66170472,1.49999979554187,1.50001195877551,2.25037122321438,4.50040709968391,0.999999650140698
"1006",7.6693359,1.49999979474879,1.50001195341934,2.25037095837708,4.50040681877797,0.999999650133229
"1007",7.67696708,1.49999979395267,1.50001194805622,2.25037069356272,4.50040653787412,0.999999650125775
"1008",7.68459826,1.49999979315351,1.50001194268634,2.25037042877876,4.50040625698042,0.999999650118326
"1009",7.69222944,1.49999979235129,1.50001193730937,2.2503701640136,4.50040597608421,0.999999650110895
"1010",7.69986062,1.499999791546,1.50001193192546,2.25036989927427,4.50040569519301,0.999999650103475
"1011",7.7074918,1.49999979073764,1.50001192653446,2.25036963455605,4.50040541430166,0.999999650096069
"1012",7.71512298,1.49999978992619,1.50001192113656,2.25036936986605,4.50040513341785,0.999999650088671
"1013",7.72275416,1.49999978911163,1.50001191573155,2.25036910519753,4.50040485253418,0.999999650081287
"1014",7.73038534,1.49999978829396,1.50001191031952,2.2503688405538,4.5004045716542,0.999999650073914
"1015",7.73801652,1.49999978747317,1.50001190490033,2.25036857593255,4.50040429077528,0.999999650066554
"1016",7.7456477,1.49999978664924,1.5000118994743,2.25036831134222,4.50040400990672,0.999999650059199
"1017",7.75327888,1.49999978582215,1.50001189404087,2.25036804676757,4.50040372903165,0.999999650051863
"1018",7.76091006,1.49999978499191,1.50001188860035,2.25036778221875,4.50040344816113,0.999999650044536
"1019",7.76854124,1.49999978415849,1.50001188315271,2.25036751769489,4.50040316729423,0.999999650037219
"1020",7.77617242,1.49999978332189,1.50001187769796,2.25036725319704,4.50040288643201,0.999999650029911
"1021",7.7838036,1.49999978248209,1.50001187223589,2.25036698871968,4.5004026055683,0.999999650022616
"1022",7.79143478,1.49999978163907,1.50001186676662,2.25036672426712,4.5004023247078,0.999999650015332
"1023",7.79906596,1.49999978079284,1.5000118612901,2.25036645983787,4.50040204384886,0.999999650008058
"1024",7.80669714,1.49999977994337,1.50001185580636,2.25036619543392,4.50040176299355,0.999999650000792
"1025",7.81432832,1.49999977909065,1.5000118503153,2.25036593105311,4.50040148213944,0.999999649993538
"1026",7.8219595,1.49999977823467,1.50001184481704,2.2503656666991,4.5004012012905,0.999999649986291
"1027",7.82959068,1.49999977737542,1.50001183931134,2.25036540236564,4.50040092043982,0.999999649979056
"1028",7.83722186,1.49999977651288,1.50001183379815,2.25036513805208,4.50040063958657,0.999999649971835
"1029",7.84485304,1.49999977564705,1.50001182827772,2.25036487376612,4.5004003587392,0.99999964996462
"1030",7.85248422,1.49999977477791,1.50001182274986,2.25036460950238,4.50040007789173,0.999999649957415
"1031",7.8601154,1.49999977390544,1.50001181721475,2.25036434526825,4.50039979705214,0.999999649950214
"1032",7.86774658,1.49999977302964,1.50001181167202,2.25036408105172,4.50039951620728,0.999999649943027
"1033",7.87537776,1.49999977215049,1.50001180612173,2.25036381685593,4.50039923536051,0.999999649935853
"1034",7.88300894,1.49999977126799,1.500011800564,2.25036355268495,4.50039895451619,0.999999649928686
"1035",7.89064012,1.4999997703821,1.50001179499885,2.25036328854028,4.50039867367595,0.999999649921524
"1036",7.8982713,1.49999976949283,1.50001178942622,2.2503630244203,4.50039839283794,0.999999649914371
"1037",7.90590248,1.49999976860016,1.50001178384586,2.25036276031858,4.50039811199501,0.99999964990723
"1038",7.91353366,1.49999976770408,1.50001177825817,2.25036249624806,4.50039783116129,0.99999964990009
"1039",7.92116484,1.49999976680457,1.50001177266273,2.25036223219605,4.50039755032283,0.999999649892963
"1040",7.92879602,1.49999976590163,1.5000117670595,2.25036196816247,4.50039726947943,0.999999649885849
"1041",7.9364272,1.49999976499523,1.50001176144887,2.25036170415897,4.50039698864391,0.999999649878736
"1042",7.94405838,1.49999976408537,1.50001175583031,2.25036144017082,4.50039670779994,0.999999649871638
"1043",7.95168956,1.49999976317203,1.5000117502042,2.25036117621081,4.50039642696149,0.999999649864542
"1044",7.95932074,1.49999976225519,1.50001174457039,2.25036091227417,4.50039614612328,0.999999649857454
"1045",7.96695192,1.49999976133485,1.5000117389288,2.25036064835889,4.50039586528311,0.999999649850375
"1046",7.9745831,1.499999760411,1.50001173327956,2.2503603844704,4.50039558444675,0.999999649843299
"1047",7.98221428,1.49999975948361,1.50001172762209,2.25036012059164,4.50039530359545,0.999999649836243
"1048",7.98984546,1.49999975855268,1.50001172195725,2.25035985674866,4.50039502275781,0.999999649829182
"1049",7.99747664,1.49999975761818,1.5000117162844,2.25035959292358,4.50039474191407,0.999999649822131
"1050",8.00510782,1.49999975668012,1.50001171060367,2.25035932912035,4.5003944610685,0.999999649815088
"1051",8.012739,1.49999975573847,1.50001170491514,2.25035906534244,4.50039418022486,0.99999964980805
"1052",8.02037018,1.49999975479322,1.50001169921872,2.2503588015883,4.50039389938133,0.999999649801016
"1053",8.02800136,1.49999975384436,1.50001169351423,2.25035853785217,4.5003936185316,0.999999649793993
"1054",8.03563254,1.49999975289186,1.50001168780177,2.25035827413815,4.50039333768007,0.999999649786976
"1055",8.04326372,1.49999975193573,1.50001168208126,2.25035801044502,4.50039305682527,0.999999649779966
"1056",8.0508949,1.49999975097594,1.50001167635284,2.25035774677714,4.50039277597201,0.99999964977296
"1057",8.05852608,1.49999975001249,1.50001167061646,2.2503574831338,4.50039249511938,0.999999649765957
"1058",8.06615726,1.49999974904535,1.50001166487197,2.25035721951137,4.50039221426336,0.99999964975896
"1059",8.07378844,1.49999974807451,1.50001165911919,2.25035695590457,4.50039193339808,0.999999649751976
"1060",8.08141962,1.49999974709996,1.50001165335843,2.25035669232428,4.50039165253537,0.999999649744992
"1061",8.0890508,1.49999974612168,1.50001164758963,2.25035642876853,4.50039137167308,0.999999649738011
"1062",8.09668198,1.49999974513967,1.50001164181246,2.25035616522857,4.5003910908015,0.99999964973104
"1063",8.10431316,1.4999997441539,1.50001163602722,2.25035590171441,4.50039080993148,0.999999649724071
"1064",8.11194434,1.49999974316437,1.50001163023359,2.25035563821682,4.50039052905285,0.999999649717111
"1065",8.11957552,1.49999974217105,1.50001162443176,2.25035537474148,4.50039024817188,0.999999649710155
"1066",8.1272067,1.49999974117393,1.50001161862181,2.25035511129257,4.500389967293,0.999999649703198
"1067",8.13483788,1.499999740173,1.50001161280345,2.25035484786195,4.50038968640716,0.999999649696249
"1068",8.14246906,1.49999973916824,1.50001160697677,2.25035458445264,4.50038940551767,0.999999649689304
"1069",8.15010024,1.49999973815965,1.50001160114164,2.25035432106223,4.50038912462175,0.999999649682366
"1070",8.15773142,1.4999997371472,1.50001159529823,2.25035405769506,4.5003888437242,0.999999649675429
"1071",8.1653626,1.49999973613087,1.50001158944638,2.25035379434846,4.50038856282193,0.999999649668496
"1072",8.17299378,1.49999973511067,1.5000115835861,2.25035353102266,4.50038828191513,0.999999649661568
"1073",8.18062496,1.49999973408656,1.50001157771731,2.25035326771647,4.50038800100243,0.999999649654643
"1074",8.18825614,1.49999973305853,1.50001157183999,2.25035300443002,4.50038772008391,0.999999649647724
"1075",8.19588732,1.49999973202658,1.50001156595423,2.25035274116621,4.50038743916268,0.999999649640805
"1076",8.2035185,1.49999973099068,1.50001156005989,2.25035247792227,4.50038715823556,0.99999964963389
"1077",8.21114968,1.49999972995082,1.50001155415704,2.25035221470017,4.50038687730479,0.999999649626977
"1078",8.21878086,1.49999972890699,1.50001154824547,2.25035195149511,4.50038659636488,0.99999964962007
"1079",8.22641204,1.49999972785917,1.50001154232545,2.25035168831598,4.50038631542555,0.999999649613159
"1080",8.23404322,1.49999972680734,1.50001153639645,2.2503514251471,4.50038603446954,0.999999649606262
"1081",8.2416744,1.49999972575149,1.50001153045923,2.25035116201243,4.50038575352306,0.999999649599352
"1082",8.24930558,1.4999997246916,1.50001152451303,2.25035089888989,4.50038547256178,0.999999649592452
"1083",8.25693676,1.49999972362766,1.50001151855792,2.25035063578253,4.50038519158898,0.999999649585559
"1084",8.26456794,1.49999972255966,1.50001151259421,2.25035037269897,4.50038491061415,0.999999649578664
"1085",8.27219912,1.49999972148757,1.50001150662171,2.25035010963624,4.50038462963378,0.999999649571769
"1086",8.2798303,1.49999972041138,1.50001150064014,2.25034984658518,4.50038434863786,0.999999649564884
"1087",8.28746148,1.49999971933108,1.50001149464994,2.25034958356094,4.50038406764288,0.999999649557993
"1088",8.29509266,1.49999971824665,1.50001148865073,2.25034932055266,4.50038378663684,0.999999649551106
"1089",8.30272384,1.49999971715807,1.50001148264273,2.25034905756715,4.5003835056272,0.999999649544217
"1090",8.31035502,1.49999971606533,1.50001147662579,2.25034879460041,4.50038322460948,0.99999964953733
"1091",8.3179862,1.49999971496841,1.50001147059977,2.25034853165017,4.50038294358105,0.999999649530446
"1092",8.32561738,1.4999997138673,1.50001146456483,2.25034826872133,4.50038266254726,0.999999649523559
"1093",8.33324856,1.49999971276199,1.50001145852064,2.25034800580503,4.50038238149824,0.99999964951668
"1094",8.34087974,1.49999971165244,1.5000114524676,2.25034774291341,4.50038210044735,0.999999649509795
"1095",8.34851092,1.49999971053866,1.50001144640529,2.250347480036,4.5003818193829,0.999999649502914
"1096",8.3561421,1.49999970942061,1.50001144033385,2.2503472171763,4.50038153830873,0.999999649496035
"1097",8.36377328,1.49999970829829,1.50001143425347,2.25034695434162,4.50038125723279,0.999999649489148
"1098",8.37140446,1.49999970717169,1.50001142816378,2.25034669152125,4.50038097614319,0.999999649482265
"1099",8.37903564,1.49999970604077,1.50001142206466,2.2503464287124,4.50038069503684,0.999999649475388
"1100",8.38666682,1.49999970490553,1.50001141595659,2.25034616593118,4.50038041393127,0.999999649468501
"1101",8.394298,1.49999970376595,1.50001140983895,2.25034590315856,4.50038013280561,0.999999649461623
"1102",8.40192918,1.49999970262202,1.50001140371222,2.25034564041126,4.50037985167796,0.999999649454736
"1103",8.40956036,1.49999970147371,1.5000113975761,2.25034537767858,4.50037957053678,0.99999964944785
"1104",8.41719154,1.49999970032101,1.5000113914306,2.25034511496396,4.50037928938551,0.999999649440963
"1105",8.42482272,1.49999969916391,1.50001138527567,2.25034485226619,4.50037900822284,0.999999649434075
"1106",8.4324539,1.49999969800238,1.50001137911116,2.25034458958087,4.50037872704383,0.999999649427191
"1107",8.44008508,1.49999969683641,1.50001137293715,2.25034432691201,4.5003784458528,0.999999649420305
"1108",8.44771626,1.49999969566599,1.50001136675396,2.25034406426962,4.50037816466069,0.999999649413408
"1109",8.45534744,1.49999969449109,1.5000113605609,2.2503438016339,4.50037788344565,0.999999649406518
"1110",8.46297862,1.49999969331169,1.5000113543585,2.25034353902178,4.5003776022262,0.99999964939962
"1111",8.4706098,1.49999969212779,1.50001134814652,2.25034327642653,4.50037732099487,0.999999649392719
"1112",8.47824098,1.49999969093937,1.50001134192452,2.25034301383678,4.50037703973899,0.999999649385827
"1113",8.48587216,1.4999996897464,1.50001133569314,2.25034275127102,4.50037675847895,0.999999649378924
"1114",8.49350334,1.49999968854887,1.50001132945213,2.25034248872257,4.50037647720731,0.999999649372016
"1115",8.50113452,1.49999968734676,1.50001132320127,2.25034222618749,4.50037619591953,0.999999649365109
"1116",8.5087657,1.49999968614006,1.50001131694077,2.25034196367197,4.50037591462236,0.999999649358195
"1117",8.51639688,1.49999968492874,1.50001131067036,2.25034170116876,4.50037563330778,0.99999964935128
"1118",8.52402806,1.49999968371279,1.50001130439007,2.25034143867887,4.50037535197687,0.999999649344364
"1119",8.53165924,1.4999996824922,1.50001129809983,2.25034117620206,4.5003750706292,0.999999649337447
"1120",8.53929042,1.49999968126693,1.50001129179992,2.25034091374739,4.50037478927466,0.99999964933052
"1121",8.5469216,1.49999968003699,1.50001128548987,2.2503406513017,4.50037450789868,0.999999649323594
"1122",8.55455278,1.49999967880234,1.50001127916994,2.25034038887313,4.50037422651017,0.999999649316662
"1123",8.56218396,1.49999967756297,1.50001127283999,2.25034012645875,4.50037394510581,0.999999649309726
"1124",8.56981514,1.49999967631887,1.50001126650014,2.25033986406343,4.50037366369079,0.999999649302781
"1125",8.57744632,1.49999967507001,1.50001126014994,2.25033960167339,4.50037338224999,0.999999649295841
"1126",8.5850775,1.49999967381637,1.50001125379004,2.25033933931012,4.50037310080688,0.999999649288883
"1127",8.59270868,1.49999967255794,1.50001124741958,2.25033907694859,4.50037281933382,0.999999649281933
"1128",8.60033986,1.4999996712947,1.50001124103899,2.25033881460191,4.50037253784523,0.999999649274976
"1129",8.60797104,1.49999967002663,1.50001123464835,2.25033855227386,4.50037225634512,0.99999964926801
"1130",8.61560222,1.49999966875372,1.50001122824746,2.25033828995971,4.50037197482817,0.999999649261037
"1131",8.6232334,1.49999966747594,1.50001122183617,2.25033802765508,4.50037169328953,0.999999649254063
"1132",8.63086458,1.49999966619327,1.5000112154147,2.25033776536717,4.50037141173705,0.99999964924708
"1133",8.63849576,1.4999996649057,1.50001120898279,2.25033750309075,4.50037113016476,0.999999649240092
"1134",8.64612694,1.4999996636132,1.50001120254049,2.25033724082669,4.50037084857365,0.999999649233098
"1135",8.65375812,1.49999966231577,1.50001119608768,2.25033697857312,4.50037056696152,0.999999649226101
"1136",8.6613893,1.49999966101338,1.50001118962457,2.25033671633607,4.50037028533498,0.999999649219093
"1137",8.66902048,1.499999659706,1.50001118315082,2.25033645410805,4.50037000368558,0.999999649212081
"1138",8.67665166,1.49999965839363,1.5000111766666,2.25033619189431,4.50036972201903,0.999999649205061
"1139",8.68428284,1.49999965707625,1.50001117017164,2.25033592968678,4.50036944032647,0.999999649198039
"1140",8.69191402,1.49999965575382,1.50001116366636,2.25033566750009,4.50036915862381,0.999999649191001
"1141",8.6995452,1.49999965442634,1.50001115715048,2.25033540532656,4.50036887690249,0.999999649183954
"1142",8.70717638,1.49999965309379,1.50001115062374,2.25033514315859,4.50036859515416,0.999999649176906
"1143",8.71480756,1.49999965175614,1.50001114408624,2.2503348810015,4.50036831338443,0.99999964916985
"1144",8.72243874,1.49999965041338,1.50001113753806,2.25033461885757,4.50036803159578,0.999999649162784
"1145",8.73006992,1.49999964906548,1.50001113097899,2.25033435672184,4.50036774978272,0.999999649155713
"1146",8.7377011,1.49999964771243,1.50001112440899,2.25033409459376,4.50036746794449,0.999999649148637
"1147",8.74533228,1.49999964635421,1.50001111782837,2.25033383248376,4.50036718609248,0.999999649141544
"1148",8.75296346,1.4999996449908,1.50001111123684,2.25033357038407,4.50036690421805,0.999999649134443
"1149",8.76059464,1.49999964362218,1.50001110463417,2.25033330828873,4.50036662231455,0.999999649127338
"1150",8.76822582,1.49999964224832,1.50001109802071,2.25033304620981,4.50036634039512,0.999999649120218
"1151",8.775857,1.49999964086921,1.50001109139612,2.25033278413713,4.5003660584485,0.999999649113093
"1152",8.78348818,1.49999963948483,1.50001108476057,2.25033252207715,4.50036577648174,0.999999649105955
"1153",8.79111936,1.49999963809515,1.50001107811384,2.25033226002413,4.50036549448838,0.999999649098809
"1154",8.79875054,1.49999963670017,1.50001107145592,2.25033199797894,4.50036521246928,0.999999649091655
"1155",8.80638172,1.49999963529985,1.50001106478684,2.25033173594337,4.50036493042631,0.999999649084491
"1156",8.8140129,1.49999963389418,1.50001105810662,2.25033147391947,4.50036464836162,0.999999649077313
"1157",8.82164408,1.49999963248313,1.50001105141501,2.25033121190038,4.50036436626755,0.999999649070129
"1158",8.82927526,1.49999963106669,1.50001104471213,2.25033094989004,4.50036408414841,0.999999649062934
"1159",8.83690644,1.49999962964484,1.50001103799803,2.25033068789165,4.50036380200757,0.999999649055724
"1160",8.84453762,1.49999962821754,1.50001103127242,2.25033042589722,4.50036351983617,0.999999649048507
"1161",8.8521688,1.4999996267848,1.50001102453533,2.25033016390936,4.50036323763689,0.99999964904128
"1162",8.85979998,1.49999962534657,1.5000110177872,2.25032990194134,4.50036295542432,0.999999649034029
"1163",8.86743116,1.49999962390285,1.50001101102709,2.25032963996659,4.50036267316909,0.999999649026781
"1164",8.87506234,1.49999962245361,1.50001100425575,2.25032937800822,4.50036239089656,0.999999649019511
"1165",8.88269352,1.49999962099883,1.50001099747262,2.25032911605046,4.50036210858927,0.999999649012236
"1166",8.8903247,1.49999961953848,1.50001099067788,2.25032885410016,4.50036182625459,0.999999649004949
"1167",8.89795588,1.49999961807256,1.50001098387157,2.25032859215907,4.50036154389444,0.999999648997645
"1168",8.90558706,1.49999961660103,1.50001097705342,2.25032833022078,4.50036126150154,0.999999648990333
"1169",8.91321824,1.49999961512387,1.50001097022386,2.25032806829806,4.50036097908998,0.999999648982998
"1170",8.92084942,1.49999961364107,1.5000109633823,2.25032780637558,4.50036069664268,0.999999648975656
"1171",8.9284806,1.4999996121526,1.50001095652882,2.25032754445587,4.50036041416236,0.999999648968303
"1172",8.93611178,1.49999961065844,1.50001094966363,2.25032728254691,4.5003601316577,0.999999648960931
"1173",8.94374296,1.49999960915856,1.50001094278653,2.25032702064292,4.50035984912227,0.999999648953546
"1174",8.95137414,1.49999960765296,1.50001093589743,2.25032675874327,4.50035956655516,0.999999648946147
"1175",8.95900532,1.49999960614159,1.50001092899613,2.25032649684198,4.50035928394982,0.999999648938741
"1176",8.9666365,1.49999960462445,1.50001092208311,2.25032623495513,4.50035900132374,0.99999964893131
"1177",8.97426768,1.49999960310151,1.5000109151578,2.25032597306727,4.50035871865983,0.99999964892387
"1178",8.98189886,1.49999960157275,1.50001090822048,2.25032571118648,4.50035843596691,0.999999648916413
"1179",8.98953004,1.49999960003814,1.50001090127082,2.25032544930487,4.50035815323617,0.999999648908945
"1180",8.99716122,1.49999959849767,1.50001089430906,2.25032518742985,4.50035787047571,0.999999648901458
"1181",9.0047924,1.49999959695131,1.5000108873351,2.25032492556085,4.50035758768467,0.999999648893953
"1182",9.01242358,1.49999959539903,1.50001088034877,2.25032466369292,4.50035730485761,0.999999648886435
"1183",9.02005476,1.49999959384082,1.50001087335015,2.25032440183002,4.5003570219987,0.999999648878898
"1184",9.02768594,1.49999959227666,1.50001086633892,2.25032413996339,4.50035673909824,0.999999648871352
"1185",9.03531712,1.49999959070651,1.50001085931552,2.25032387810658,4.50035645617105,0.999999648863782
"1186",9.0429483,1.49999958913037,1.50001085227958,2.25032361625134,4.50035617320786,0.999999648856195
"1187",9.05057948,1.49999958754819,1.5000108452311,2.25032335439712,4.50035589020805,0.999999648848593
"1188",9.05821066,1.49999958595997,1.50001083817013,2.25032309254737,4.50035560717522,0.99999964884097
"1189",9.06584184,1.49999958436568,1.50001083109642,2.2503228306952,4.50035532410176,0.999999648833335
"1190",9.07347302,1.49999958276529,1.50001082401003,2.25032256884411,4.50035504099136,0.999999648825681
"1191",9.0811042,1.49999958115879,1.50001081691108,2.2503223069986,4.50035475784885,0.999999648818006
"1192",9.08873538,1.49999957954614,1.50001080979928,2.25032204515102,4.5003544746657,0.999999648810314
"1193",9.09636656,1.49999957792733,1.50001080267484,2.25032178330876,4.50035419144998,0.9999996488026
"1194",9.10399774,1.49999957630233,1.50001079553732,2.25032152145996,4.50035390818847,0.999999648794874
"1195",9.11162892,1.49999957467112,1.50001078838711,2.25032125961719,4.5003536248949,0.999999648787122
"1196",9.1192601,1.49999957303367,1.50001078122391,2.25032099777277,4.50035334156072,0.999999648779353
"1197",9.12689128,1.49999957138996,1.50001077404761,2.25032073592492,4.50035305818384,0.999999648771568
"1198",9.13452246,1.49999956973997,1.50001076685849,2.25032047408199,4.50035277477339,0.999999648763757
"1199",9.14215364,1.49999956808367,1.50001075965605,2.25032021223129,4.5003524913152,0.999999648755933
"1200",9.14978482,1.49999956642104,1.50001075244062,2.25031995038332,4.50035220782078,0.999999648748085
"1201",9.157416,1.49999956475205,1.50001074521206,2.25031968853563,4.50035192428729,0.999999648740215
"1202",9.16504718,1.49999956307668,1.50001073797033,2.25031942668757,4.50035164071386,0.999999648732322
"1203",9.17267836,1.49999956139491,1.5000107307152,2.25031916483384,4.50035135709458,0.999999648724412
"1204",9.18030954,1.49999955970671,1.50001072344687,2.25031890298108,4.50035107343669,0.999999648716478
"1205",9.18794072,1.49999955801205,1.50001071616519,2.25031864112645,4.50035078973687,0.999999648708521
"1206",9.1955719,1.49999955631092,1.50001070886987,2.25031837926274,4.50035050598703,0.999999648700549
"1207",9.20320308,1.49999955460328,1.50001070156138,2.25031811740384,4.5003502222025,0.999999648692547
"1208",9.21083426,1.49999955288912,1.50001069423928,2.25031785553968,4.50034993837189,0.999999648684524
"1209",9.21846544,1.4999995511684,1.50001068690347,2.25031759366642,4.50034965449104,0.999999648676485
"1210",9.22609662,1.4999995494411,1.50001067955429,2.25031733179695,4.50034937057388,0.999999648668415
"1211",9.2337278,1.4999995477072,1.50001067219129,2.25031706991882,4.50034908660658,0.999999648660326
"1212",9.24135898,1.49999954596667,1.50001066481474,2.25031680804122,4.50034880259917,0.999999648652208
"1213",9.24899016,1.49999954421949,1.5000106574243,2.25031654615473,4.50034851854121,0.999999648644072
"1214",9.25662134,1.49999954246563,1.50001065002021,2.25031628426802,4.50034823444208,0.999999648635906
"1215",9.26425252,1.49999954070507,1.50001064260201,2.25031602236869,4.500347950288,0.999999648627723
"1216",9.2718837,1.49999953893777,1.50001063517023,2.25031576047346,4.50034766609725,0.999999648619506
"1217",9.27951488,1.49999953716372,1.50001062772432,2.25031549856745,4.50034738185335,0.999999648611269
"1218",9.28714606,1.49999953538288,1.50001062026432,2.25031523665317,4.50034709755893,0.99999964860301
"1219",9.29477724,1.49999953359524,1.50001061279054,2.25031497474137,4.50034681322563,0.999999648594715
"1220",9.30240842,1.49999953180076,1.50001060530238,2.25031471281441,4.50034652883404,0.999999648586404
"1221",9.3100396,1.49999952999943,1.50001059780033,2.25031445088847,4.50034624440177,0.999999648578058
"1222",9.31767078,1.4999995281912,1.50001059028398,2.25031418895306,4.50034595991715,0.999999648569689
"1223",9.32530196,1.49999952637607,1.50001058275323,2.25031392700575,4.50034567537743,0.999999648561297
"1224",9.33293314,1.49999952455399,1.50001057520819,2.25031366505247,4.50034539078889,0.999999648552876
"1225",9.34056432,1.49999952272495,1.50001056764885,2.25031340309296,4.50034510615118,0.999999648544426
"1226",9.3481955,1.49999952088892,1.50001056007523,2.25031314112887,4.50034482146607,0.999999648535945
"1227",9.35582668,1.49999951904587,1.50001055248681,2.25031287914679,4.50034453671857,0.999999648527445
"1228",9.36345786,1.49999951719577,1.50001054488405,2.25031261716172,4.50034425192507,0.999999648518911
"1229",9.37108904,1.49999951533861,1.50001053726686,2.25031235517118,4.50034396708278,0.999999648510344
"1230",9.37872022,1.49999951347434,1.50001052963493,2.25031209316859,4.50034368218424,0.999999648501751
"1231",9.3863514,1.49999951160294,1.50001052198811,2.2503118311503,4.50034339722535,0.999999648493135
"1232",9.39398258,1.49999950972439,1.50001051432679,2.25031156912817,4.5003431122191,0.999999648484483
"1233",9.40161376,1.49999950783866,1.50001050665075,2.25031130709859,4.50034282716122,0.999999648475798
"1234",9.40924494,1.49999950594572,1.50001049895974,2.25031104505473,4.50034254204419,0.999999648467086
"1235",9.41687612,1.49999950404554,1.50001049125388,2.25031078300077,4.50034225687248,0.999999648458343
"1236",9.4245073,1.4999995021381,1.50001048353288,2.25031052093094,4.50034197163949,0.999999648449573
"1237",9.43213848,1.49999950022337,1.50001047579707,2.25031025885463,4.50034168635558,0.999999648440767
"1238",9.43976966,1.49999949830131,1.50001046804633,2.25030999677078,4.50034140101936,0.999999648431925
"1239",9.44740084,1.49999949637191,1.50001046028018,2.25030973466591,4.50034111561586,0.99999964842306
"1240",9.45503202,1.49999949443514,1.500010452499,2.2503094725534,4.50034083015966,0.999999648414158
"1241",9.4626632,1.49999949249096,1.50001044470248,2.2503092104244,4.50034054464093,0.999999648405227
"1242",9.47029438,1.49999949053934,1.50001043689089,2.25030894828874,4.50034025907033,0.999999648396256
"1243",9.47792556,1.49999948858027,1.50001042906373,2.25030868613283,4.50033997343277,0.999999648387259
"1244",9.48555674,1.49999948661371,1.50001042122122,2.25030842396486,4.50033968773712,0.999999648378226
"1245",9.49318792,1.49999948463963,1.50001041336348,2.25030816178891,4.5003394019878,0.999999648369153
"1246",9.5008191,1.499999482658,1.50001040548984,2.25030789958772,4.50033911616551,0.999999648360057
"1247",9.50845028,1.4999994806688,1.5000103976009,2.25030763737891,4.50033883028971,0.999999648350919
"1248",9.51608146,1.49999947867199,1.50001038969643,2.2503073751585,4.50033854435572,0.999999648341741
"1249",9.52371264,1.49999947666755,1.50001038177618,2.25030711291974,4.50033825835606,0.999999648332532
"1250",9.53134382,1.49999947465545,1.50001037384012,2.25030685066335,4.50033797229133,0.999999648323288
"1251",9.538975,1.49999947263565,1.50001036588825,2.25030658839005,4.50033768616225,0.99999964831401
"1252",9.54660618,1.49999947060813,1.50001035792059,2.25030632610264,4.50033739997168,0.999999648304692
"1253",9.55423736,1.49999946857286,1.50001034993705,2.25030606379926,4.50033711371752,0.999999648295336
"1254",9.56186854,1.49999946652982,1.50001034193756,2.25030580147978,4.50033682739942,0.999999648285942
"1255",9.56949972,1.49999946447896,1.50001033392175,2.25030553913423,4.50033654100626,0.99999964827652
"1256",9.5771309,1.49999946242026,1.50001032589015,2.25030527678041,4.5003362545575,0.999999648267049
"1257",9.58476208,1.49999946035369,1.50001031784228,2.25030501440439,4.50033596803768,0.999999648257545
"1258",9.59239326,1.49999945827922,1.50001030977835,2.2503047520142,4.50033568145553,0.999999648247996
"1259",9.60002444,1.49999945619682,1.50001030169786,2.2503044895971,4.50033539479681,0.999999648238418
"1260",9.60765562,1.49999945410646,1.50001029360126,2.25030422716658,4.50033510807632,0.999999648228794
"1261",9.6152868,1.49999945200811,1.50001028548818,2.25030396471517,4.50033482128551,0.999999648219131
"1262",9.62291798,1.49999944990173,1.50001027735877,2.2503037022464,4.50033453442833,0.999999648209425
"1263",9.63054916,1.49999944778731,1.50001026921267,2.25030343975286,4.50033424749632,0.999999648199683
"1264",9.63818034,1.4999994456648,1.5000102610502,2.25030317724442,4.50033396050032,0.999999648189893
"1265",9.64581152,1.49999944353417,1.50001025287086,2.25030291470817,4.50033367342587,0.99999964818007
"1266",9.6534427,1.49999944139541,1.50001024467508,2.2503026521579,4.50033338628808,0.999999648170197
"1267",9.66107388,1.49999943924846,1.50001023646221,2.25030238957628,4.50033309906768,0.999999648160292
"1268",9.66870506,1.49999943709331,1.50001022823308,2.25030212698918,4.50033281179304,0.999999648150326
"1269",9.67633624,1.49999943492992,1.50001021998663,2.25030186436681,4.50033252443115,0.999999648140331
"1270",9.68396742,1.49999943275826,1.50001021172318,2.25030160172023,4.50033223699404,0.999999648130294
"1271",9.6915986,1.49999943057829,1.50001020344299,2.25030133905805,4.50033194949112,0.999999648120204
"1272",9.69922978,1.49999942839,1.50001019514563,2.25030107636992,4.50033166191075,0.999999648110073
"1273",9.70686096,1.49999942619333,1.50001018683112,2.25030081365714,4.50033137425429,0.999999648099897
"1274",9.71449214,1.49999942398827,1.50001017849948,2.25030055092175,4.50033108652379,0.999999648089675
"1275",9.72212332,1.49999942177478,1.50001017015049,2.25030028815922,4.50033079871411,0.99999964807941
"1276",9.7297545,1.49999941955283,1.5000101617842,2.25030002537251,4.50033051082839,0.999999648069097
"1277",9.73738568,1.49999941732239,1.50001015340051,2.25029976256026,4.50033022286488,0.999999648058738
"1278",9.74501686,1.49999941508341,1.50001014499922,2.25029949971833,4.50032993481891,0.999999648048337
"1279",9.75264804,1.49999941283588,1.50001013658081,2.25029923686073,4.50032964670591,0.999999648037875
"1280",9.76027922,1.49999941057976,1.50001012814464,2.25029897397191,4.50032935850841,0.999999648027372
"1281",9.7679104,1.49999940831501,1.50001011969068,2.25029871105236,4.50032907022682,0.999999648016824
"1282",9.77554158,1.4999994060416,1.50001011121911,2.25029844810818,4.50032878186774,0.999999648006224
"1283",9.78317276,1.4999994037595,1.50001010272978,2.25029818513691,4.5003284934283,0.999999647995575
"1284",9.79080394,1.49999940146868,1.50001009422244,2.25029792213343,4.50032820490264,0.99999964798488
"1285",9.79843512,1.4999993991691,1.50001008569738,2.25029765910595,4.5003279162998,0.99999964797413
"1286",9.8060663,1.49999939686073,1.50001007715432,2.25029739604937,4.50032762761387,0.999999647963329
"1287",9.81369748,1.49999939454354,1.50001006859313,2.25029713296139,4.50032733884215,0.99999964795248
"1288",9.82132866,1.49999939221748,1.50001006001395,2.2502968698468,4.50032704998987,0.999999647941575
"1289",9.82895984,1.49999938988254,1.50001005141644,2.25029660669772,4.50032676104806,0.999999647930624
"1290",9.83659102,1.49999938753867,1.5000100428009,2.25029634352479,4.50032647202835,0.999999647919612
"1291",9.8442222,1.49999938518584,1.50001003416668,2.25029608031034,4.50032618291106,0.999999647908559
"1292",9.85185338,1.49999938282401,1.50001002551446,2.2502958170752,4.50032589371908,0.999999647897441
"1293",9.85948456,1.49999938045315,1.50001001684374,2.25029555380759,4.50032560443915,0.999999647886269
"1294",9.86711574,1.49999937807323,1.50001000815432,2.25029529050214,4.50032531506528,0.999999647875049
"1295",9.87474692,1.49999937568422,1.5000099994465,2.25029502716982,4.5003250256093,0.999999647863768
"1296",9.8823781,1.49999937328607,1.50000999071982,2.25029476379892,4.5003247360582,0.999999647852438
"1297",9.89000928,1.49999937087875,1.50000998197451,2.25029450039711,4.50032444642027,0.999999647841048
"1298",9.89764046,1.49999936846223,1.50000997321033,2.25029423695999,4.50032415669045,0.999999647829604
"1299",9.90527164,1.49999936603647,1.50000996442738,2.25029397349025,4.50032386687167,0.999999647818101
"1300",9.91290282,1.49999936360144,1.50000995562546,2.25029370998585,4.50032357696134,0.99999964780654
"1301",9.920534,1.4999993611571,1.50000994680441,2.2502934464429,4.50032328695507,0.999999647794926
"1302",9.92816518,1.49999935870341,1.50000993796444,2.2502931828688,4.5003229968609,0.999999647783247
"1303",9.93579636,1.49999935624034,1.5000099291053,2.25029291925861,4.5003227066731,0.99999964777151
"1304",9.94342754,1.49999935376786,1.50000992022692,2.25029265561088,4.50032241639006,0.999999647759714
"1305",9.95105872,1.49999935128593,1.50000991132921,2.25029239192552,4.50032212601138,0.999999647747859
"1306",9.9586899,1.49999934879451,1.5000099024122,2.25029212820502,4.50032183553969,0.999999647735941
"1307",9.96632108,1.49999934629356,1.50000989347572,2.25029186444604,4.50032154497108,0.999999647723962
"1308",9.97395226,1.49999934378306,1.50000988451982,2.25029160065109,4.50032125430824,0.999999647711919
"1309",9.98158344,1.49999934126295,1.50000987554409,2.25029133681061,4.50032096354039,0.999999647699822
"1310",9.98921462,1.49999933873321,1.50000986654903,2.25029107294083,4.50032067268527,0.999999647687651
"1311",9.9968458,1.4999993361938,1.50000985753399,2.25029080902427,4.50032038172341,0.999999647675424
"1312",10.00447698,1.49999933364469,1.50000984849915,2.25029054506802,4.50032009066247,0.999999647663134
"1313",10.01210816,1.49999933108583,1.50000983944455,2.25029028107472,4.50031979950518,0.999999647650774
"1314",10.01973934,1.49999932851718,1.50000983036994,2.25029001703874,4.5003195082452,0.999999647638352
"1315",10.02737052,1.49999932593872,1.50000982127519,2.25028975295866,4.50031921688068,0.999999647625867
"1316",10.0350017,1.4999993233504,1.5000098121605,2.2502894888413,4.50031892541907,0.999999647613311
"1317",10.04263288,1.49999932075218,1.50000980302545,2.25028922467666,4.50031863384912,0.999999647600694
"1318",10.05026406,1.49999931814403,1.50000979387044,2.25028896047719,4.50031834218442,0.999999647588
"1319",10.05789524,1.49999931552591,1.50000978469482,2.25028869622703,4.50031805040722,0.999999647575247
"1320",10.06552642,1.49999931289779,1.50000977549891,2.2502884319366,4.50031775852888,0.999999647562421
"1321",10.0731576,1.49999931025961,1.50000976628266,2.25028816760609,4.50031746654945,0.999999647549521
"1322",10.08078878,1.49999930761135,1.5000097570456,2.25028790322391,4.50031717445591,0.99999964753656
"1323",10.08841996,1.49999930495297,1.50000974778785,2.25028763879577,4.50031688225435,0.99999964752353
"1324",10.09605114,1.49999930228442,1.50000973850979,2.25028737433252,4.50031658995673,0.999999647510416
"1325",10.10368232,1.49999929960567,1.50000972921056,2.25028710981312,4.50031629753947,0.999999647497242
"1326",10.1113135,1.49999929691668,1.50000971989064,2.25028684525231,4.50031600501871,0.99999964748399
"1327",10.11894468,1.49999929421742,1.50000971054969,2.25028658064212,4.50031571238547,0.999999647470668
"1328",10.12657586,1.49999929150783,1.5000097011877,2.25028631598411,4.50031541964134,0.999999647457273
"1329",10.13420704,1.49999928878788,1.5000096918046,2.25028605127794,4.50031512678566,0.999999647443804
"1330",10.14183822,1.49999928605754,1.50000968240047,2.25028578652797,4.50031483382312,0.999999647430255
"1331",10.1494694,1.49999928331676,1.50000967297502,2.25028552172773,4.50031454074635,0.999999647416632
"1332",10.15710058,1.4999992805655,1.50000966352805,2.2502852568725,4.50031424755004,0.999999647402939
"1333",10.16473176,1.49999927780372,1.5000096540598,2.2502849919721,4.50031395424471,0.999999647389164
"1334",10.17236294,1.49999927503139,1.50000964456992,2.25028472701724,4.50031366082003,0.999999647375317
"1335",10.17999412,1.49999927224846,1.50000963505862,2.25028446201631,4.50031336728501,0.999999647361385
"1336",10.1876253,1.49999926945488,1.50000962552564,2.25028419696361,4.50031307363319,0.999999647347376
"1337",10.19525648,1.49999926665063,1.50000961597089,2.2502839318585,4.50031277986365,0.999999647333287
"1338",10.20288766,1.49999926383566,1.50000960639424,2.25028366669871,4.50031248597371,0.999999647319121
"1339",10.21051884,1.49999926100993,1.50000959679567,2.25028340148598,4.5003121919651,0.999999647304874
"1340",10.21815002,1.49999925817339,1.50000958717522,2.25028313622284,4.50031189784041,0.999999647290543
"1341",10.2257812,1.49999925532601,1.50000957753244,2.25028287089872,4.50031160358776,0.999999647276137
"1342",10.23341238,1.49999925246775,1.50000956786779,2.25028260552862,4.50031130922354,0.999999647261638
"1343",10.24104356,1.49999924959856,1.50000955818071,2.25028234009802,4.50031101473152,0.999999647247063
"1344",10.24867474,1.4999992467184,1.5000095484714,2.25028207461474,4.50031072012013,0.9999996472324
"1345",10.25630592,1.49999924382723,1.50000953873966,2.25028180907457,4.50031042538453,0.999999647217652
"1346",10.2639371,1.49999924092501,1.50000952898542,2.25028154347803,4.50031013052508,0.999999647202819
"1347",10.27156828,1.49999923801169,1.5000095192086,2.25028127782446,4.50030983554088,0.9999996471879
"1348",10.27919946,1.49999923508724,1.50000950940914,2.25028101211354,4.50030954043137,0.999999647172892
"1349",10.28683064,1.4999992321516,1.50000949958691,2.25028074634438,4.50030924519534,0.999999647157798
"1350",10.29446182,1.49999922920474,1.5000094897417,2.25028048051202,4.50030894982718,0.999999647142619
"1351",10.302093,1.49999922624662,1.50000947987375,2.25028021462659,4.50030865433771,0.999999647127345
"1352",10.30972418,1.49999922327719,1.5000094699826,2.25027994867467,4.50030835871216,0.999999647111988
"1353",10.31735536,1.49999922029641,1.50000946006863,2.25027968267116,4.50030806296654,0.999999647096529
"1354",10.32498654,1.49999921730423,1.50000945013127,2.25027941660035,4.50030776708347,0.999999647080987
"1355",10.33261772,1.49999921430061,1.50000944017079,2.25027915047247,4.50030747107396,0.999999647065347
"1356",10.3402489,1.49999921128552,1.50000943018679,2.25027888427795,4.50030717492724,0.99999964704962
"1357",10.34788008,1.49999920825889,1.50000942017946,2.25027861802442,4.50030687865155,0.999999647033794
"1358",10.35551126,1.49999920522069,1.50000941014839,2.25027835170214,4.50030658223586,0.999999647017881
"1359",10.36314244,1.49999920217088,1.50000940009397,2.25027808532344,4.50030628569372,0.999999647001863
"1360",10.37077362,1.49999919910942,1.50000939001568,2.25027781887639,4.50030598901161,0.999999646985754
"1361",10.3784048,1.49999919603624,1.50000937991366,2.25027755236653,4.50030569219549,0.999999646969546
"1362",10.38603598,1.49999919295132,1.50000936978762,2.25027728578799,4.50030539523866,0.999999646953243
"1363",10.39366716,1.49999918985461,1.50000935963777,2.25027701914783,4.50030509814873,0.999999646936837
"1364",10.40129834,1.49999918674605,1.50000934946387,2.25027675244207,4.5003048009211,0.99999964692033
"1365",10.40892952,1.49999918362562,1.50000933926545,2.25027648565954,4.50030450354311,0.999999646903735
"1366",10.4165607,1.49999918049325,1.50000932904316,2.25027621881966,4.50030420603616,0.999999646887026
"1367",10.42419188,1.49999917734891,1.50000931879641,2.25027595190882,4.5003039083849,0.999999646870218
"1368",10.43182306,1.49999917419255,1.50000930852518,2.25027568492769,4.50030361058987,0.999999646853309
"1369",10.43945424,1.49999917102412,1.50000929822967,2.25027541788436,4.50030331265983,0.999999646836287
"1370",10.44708542,1.49999916784359,1.50000928790918,2.25027515076094,4.50030301457475,0.999999646819174
"1371",10.4547166,1.49999916465089,1.50000927756396,2.25027488356679,4.50030271634473,0.999999646801955
"1372",10.46234778,1.49999916144598,1.50000926719411,2.25027461630633,4.50030241797454,0.999999646784624
"1373",10.46997896,1.49999915822883,1.50000925679926,2.25027434897164,4.50030211945511,0.999999646767188
"1374",10.47761014,1.49999915499937,1.50000924637954,2.25027408156807,4.50030182079217,0.999999646749641
"1375",10.48524132,1.49999915175758,1.50000923593456,2.25027381408697,4.50030152197594,0.99999964673199
"1376",10.4928725,1.49999914850338,1.50000922546451,2.25027354653535,4.50030122301399,0.999999646714225
"1377",10.50050368,1.49999914523675,1.50000921496912,2.25027327890805,4.50030092390031,0.999999646696352
"1378",10.50813486,1.49999914195763,1.50000920444835,2.25027301120623,4.50030062463601,0.999999646678366
"1379",10.51576604,1.49999913866597,1.50000919390217,2.25027274343026,4.50030032522129,0.999999646660267
"1380",10.52339722,1.49999913536173,1.50000918333031,2.25027247557572,4.50030002565098,0.999999646642057
"1381",10.5310284,1.49999913204486,1.50000917273282,2.25027220764547,4.50029972592808,0.999999646623731
"1382",10.53865958,1.49999912871531,1.50000916210964,2.25027193963975,4.50029942605261,0.999999646605288
"1383",10.54629076,1.49999912537303,1.5000091514604,2.25027167155163,4.50029912601658,0.999999646586735
"1384",10.55392194,1.49999912201797,1.50000914078541,2.25027140338966,4.50029882582944,0.999999646568058
"1385",10.56155312,1.49999911865009,1.50000913008426,2.25027113514668,4.50029852548282,0.999999646549266
"1386",10.5691843,1.49999911526933,1.50000911935686,2.25027086682095,4.50029822497468,0.999999646530358
"1387",10.57681548,1.49999911187565,1.50000910860331,2.25027059841773,4.50029792431061,0.999999646511326
"1388",10.58444666,1.49999910846899,1.50000909782337,2.2502703299327,4.50029762348557,0.999999646492174
"1389",10.59207784,1.49999910504931,1.50000908701701,2.25027006136687,4.50029732250047,0.999999646472899
"1390",10.59970902,1.49999910161656,1.50000907618413,2.25026979271989,4.50029702135466,0.999999646453499
"1391",10.6073402,1.49999909817068,1.50000906532458,2.25026952398957,4.50029672004548,0.999999646433976
"1392",10.61497138,1.49999909471163,1.50000905443815,2.25026925517215,4.50029641856858,0.999999646414332
"1393",10.62260256,1.49999909123936,1.50000904352494,2.25026898627272,4.50029611692932,0.999999646394559
"1394",10.63023374,1.49999908775382,1.50000903258473,2.2502687172873,4.50029581512307,0.99999964637466
"1395",10.63786492,1.49999908425494,1.50000902161756,2.25026844821934,4.50029551315343,0.999999646354629
"1396",10.6454961,1.4999990807427,1.50000901062313,2.25026817906246,4.50029521101303,0.999999646334473
"1397",10.65312728,1.49999907721702,1.50000899960148,2.2502679098201,4.50029490870554,0.999999646314184
"1398",10.66075846,1.49999907367787,1.50000898855247,2.25026764048995,4.50029460622814,0.999999646293764
"1399",10.66838964,1.49999907012519,1.50000897747583,2.25026737106843,4.50029430357652,0.999999646273216
"1400",10.67602082,1.49999906655893,1.50000896637173,2.25026710156092,4.50029400075652,0.999999646252531
"1401",10.683652,1.49999906297903,1.50000895523988,2.25026683196108,4.50029369776091,0.999999646231715
"1402",10.69128318,1.49999905938545,1.50000894408019,2.25026656227108,4.50029339459166,0.999999646210763
"1403",10.69891436,1.49999905577813,1.50000893289276,2.25026629249359,4.50029309125166,0.99999964618967
"1404",10.70654554,1.49999905215702,1.50000892167739,2.25026602262661,4.50029278773837,0.999999646168436
"1405",10.71417672,1.49999904852207,1.50000891043359,2.25026575265823,4.5002924840384,0.999999646147075
"1406",10.7218079,1.49999904487322,1.50000889916172,2.25026548260082,4.50029218016519,0.999999646125569
"1407",10.72943908,1.49999904121042,1.50000888786156,2.25026521245072,4.50029187611438,0.99999964610392
"1408",10.73707026,1.49999903753362,1.50000887653309,2.2502649422092,4.50029157188726,0.999999646082126
"1409",10.74470144,1.49999903384277,1.50000886517586,2.25026467186683,4.50029126747298,0.999999646060195
"1410",10.75233262,1.4999990301378,1.5000088537901,2.25026440143179,4.50029096288049,0.999999646038115
"1411",10.7599638,1.49999902641867,1.50000884237551,2.25026413089869,4.5002906581034,0.999999646015892
"1412",10.76759498,1.49999902268533,1.50000883093204,2.25026386026723,4.50029035314135,0.999999645993523
"1413",10.77522616,1.49999901893771,1.50000881945967,2.25026358954,4.50029004799681,0.999999645971004
"1414",10.78285734,1.49999901517576,1.50000880795814,2.2502633187122,4.5002897426642,0.999999645948337
"1415",10.79048852,1.49999901139943,1.50000879642752,2.25026304778765,4.50028943714758,0.999999645925517
"1416",10.7981197,1.49999900760867,1.50000878486745,2.25026277675945,4.50028913143898,0.99999964590255
"1417",10.80575088,1.49999900380341,1.50000877327819,2.25026250563649,4.50028882554804,0.999999645879422
"1418",10.81338206,1.49999899998361,1.50000876165902,2.25026223440178,4.50028851945559,0.999999645856153
"1419",10.82101324,1.49999899614921,1.50000875001046,2.25026196307131,4.50028821317924,0.99999964583272
"1420",10.82864442,1.49999899230014,1.50000873833218,2.25026169163919,4.5002879067121,0.999999645809128
"1421",10.8362756,1.49999898843637,1.50000872662383,2.25026142009785,4.50028760004549,0.999999645785386
"1422",10.84390678,1.49999898455782,1.50000871488574,2.25026114845829,4.50028729319148,0.999999645761477
"1423",10.85153796,1.49999898066444,1.5000087031172,2.2502608767037,4.50028698613104,0.99999964573742
"1424",10.85916914,1.49999897675618,1.5000086913188,2.25026060485292,4.50028667888485,0.999999645713188
"1425",10.86680032,1.49999897283298,1.50000867948986,2.25026033288962,4.50028637143452,0.999999645688801
"1426",10.8744315,1.49999896889478,1.50000866763063,2.25026006082286,4.50028606378986,0.999999645664245
"1427",10.88206268,1.49999896494153,1.50000865574071,2.25025978864427,4.50028575594131,0.999999645639527
"1428",10.88969386,1.49999896097317,1.5000086438202,2.25025951635891,4.50028544789421,0.99999964561464
"1429",10.89732504,1.49999895698963,1.50000863186877,2.25025924396027,4.50028513964108,0.999999645589589
"1430",10.90495622,1.49999895299086,1.50000861988667,2.25025897145737,4.50028483119168,0.999999645564361
"1431",10.9125874,1.49999894897681,1.50000860787323,2.25025869883476,4.50028452252854,0.999999645538972
"1432",10.92021858,1.49999894494741,1.50000859582887,2.25025842610591,4.50028421366641,0.999999645513403
"1433",10.92784976,1.49999894090261,1.50000858375317,2.25025815326198,4.50028390459516,0.999999645487664
"1434",10.93548094,1.49999893684235,1.50000857164616,2.25025788030653,4.50028359531848,0.999999645461746
"1435",10.94311212,1.49999893276656,1.50000855950747,2.25025760723162,4.50028328582729,0.999999645435659
"1436",10.9507433,1.4999989286752,1.50000854733725,2.25025733404422,4.50028297612903,0.999999645409391
"1437",10.95837448,1.49999892456819,1.50000853513535,2.25025706074235,4.50028266622123,0.999999645382941
"1438",10.96600566,1.49999892044548,1.50000852290142,2.25025678731935,4.50028235609625,0.999999645356316
"1439",10.97363684,1.49999891630701,1.50000851063559,2.25025651378054,4.50028204575975,0.999999645329506
"1440",10.98126802,1.49999891215272,1.50000849833778,2.25025624012673,4.50028173521228,0.999999645302509
"1441",10.9888992,1.49999890798255,1.50000848600744,2.2502559663458,4.50028142444012,0.999999645275337
"1442",10.99653038,1.49999890379644,1.50000847364494,2.25025569244971,4.50028111345632,0.999999645247972
"1443",11.00416156,1.49999889959433,1.50000846125,2.25025541843395,4.50028080225555,0.999999645220417
"1444",11.01179274,1.49999889537615,1.50000844882243,2.2502551442952,4.50028049083386,0.999999645192675
"1445",11.01942392,1.49999889114184,1.50000843636216,2.25025487003501,4.50028017919266,0.999999645164741
"1446",11.0270551,1.49999888689135,1.50000842386887,2.25025459564668,4.50027986732425,0.99999964513662
"1447",11.03468628,1.49999888262461,1.50000841134273,2.25025432113741,4.50027955523636,0.999999645108301
"1448",11.04231746,1.49999887834155,1.50000839878346,2.25025404650264,4.50027924292354,0.999999645079787
"1449",11.04994864,1.49999887404213,1.50000838619093,2.2502537717405,4.50027893038361,0.999999645051078
"1450",11.05757982,1.49999886972626,1.50000837356519,2.25025349685607,4.50027861762174,0.999999645022165
"1451",11.065211,1.4999988653939,1.5000083609058,2.25025322183926,4.50027830462656,0.999999644993058
"1452",11.07284218,1.49999886104498,1.50000834821296,2.25025294669849,4.50027799140707,0.999999644963744
"1453",11.08047336,1.49999885667943,1.50000833548625,2.25025267142478,4.50027767795302,0.999999644934231
"1454",11.08810454,1.49999885229719,1.50000832272555,2.25025239601756,4.50027736426348,0.999999644904518
"1455",11.09573572,1.4999988478982,1.50000830993106,2.25025212048483,4.50027705034705,0.999999644874591
"1456",11.1033669,1.4999988434824,1.50000829710231,2.2502518448169,4.50027673619268,0.99999964484446
"1457",11.11099808,1.49999883904971,1.50000828423934,2.25025156901712,4.50027642180375,0.999999644814118
"1458",11.11862926,1.49999883460007,1.50000827134212,2.25025129308748,4.50027610718226,0.99999964478356
"1459",11.12626044,1.49999883013343,1.50000825841013,2.2502510170167,4.50027579231529,0.999999644752798
"1460",11.13389162,1.49999882564971,1.50000824544377,2.25025074081758,4.50027547721687,0.999999644721812
"1461",11.1415228,1.49999882114885,1.50000823244233,2.25025046447455,4.50027516186931,0.999999644690619
"1462",11.14915398,1.49999881663078,1.50000821940604,2.25025018799635,4.50027484628203,0.999999644659206
"1463",11.15678516,1.49999881209545,1.50000820633479,2.25024991138273,4.50027453045445,0.999999644627569
"1464",11.16441634,1.49999880754277,1.50000819322841,2.25024963463099,4.50027421438334,0.99999964459571
"1465",11.17204752,1.49999880297269,1.50000818008657,2.25024935773618,4.50027389806281,0.999999644563632
"1466",11.1796787,1.49999879838514,1.50000816690932,2.25024908070166,4.50027358149632,0.999999644531327
"1467",11.18730988,1.49999879378005,1.50000815369666,2.2502488035299,4.50027326468638,0.999999644498789
"1468",11.19494106,1.49999878915735,1.50000814044786,2.25024852620532,4.50027294761517,0.999999644466037
"1469",11.20257224,1.49999878451699,1.50000812716352,2.25024824874514,4.50027263030176,0.999999644433044
"1470",11.21020342,1.49999877985888,1.50000811384293,2.2502479711345,4.50027231272913,0.999999644399827
"1471",11.2178346,1.49999877518297,1.50000810048652,2.25024769338643,4.50027199491162,0.999999644366365
"1472",11.22546578,1.49999877048918,1.50000808709364,2.25024741548735,4.50027167683367,0.999999644332673
"1473",11.23309696,1.49999876577745,1.5000080736645,2.25024713744496,4.50027135850364,0.999999644298739
"1474",11.24072814,1.49999876104771,1.50000806019859,2.25024685924852,4.50027103990924,0.999999644264573
"1475",11.24835932,1.49999875629988,1.50000804669619,2.25024658090901,4.50027072106232,0.999999644230158
"1476",11.2559905,1.49999875153391,1.50000803315673,2.25024630241347,4.50027040194819,0.999999644195507
"1477",11.26362168,1.49999874674971,1.5000080195803,2.25024602376676,4.50027008257196,0.999999644160611
"1478",11.27125286,1.49999874194723,1.50000800596677,2.2502457449692,4.50026976293362,0.999999644125467
"1479",11.27888404,1.49999873712638,1.5000079923161,2.25024546602121,4.50026944303339,0.99999964409007
"1480",11.28651522,1.49999873228711,1.50000797862796,2.25024518691822,4.50026912286577,0.999999644054424
"1481",11.2941464,1.49999872742934,1.5000079649024,2.25024490766293,4.50026880243357,0.999999644018522
"1482",11.30177758,1.499998722553,1.50000795113905,2.25024462824989,4.50026848173027,0.999999643982367
"1483",11.30940876,1.49999871765801,1.50000793733774,2.2502443486768,4.50026816075302,0.99999964394596
"1484",11.31703994,1.49999871274431,1.50000792349853,2.25024406894782,4.50026783950618,0.999999643909291
"1485",11.32467112,1.49999870781183,1.5000079096213,2.25024378906298,4.50026751798946,0.999999643872357
"1486",11.3323023,1.49999870286049,1.50000789570567,2.25024350901544,4.50026719619479,0.999999643835164
"1487",11.33993348,1.49999869789022,1.50000788175165,2.25024322880733,4.50026687412441,0.999999643797706
"1488",11.34756466,1.49999869290096,1.50000786775912,2.2502429484388,4.50026655177806,0.999999643759979
"1489",11.35519584,1.49999868789262,1.5000078537278,2.25024266790598,4.50026622915106,0.999999643721985
"1490",11.36282702,1.49999868286513,1.50000783965764,2.25024238720986,4.50026590624425,0.999999643683719
"1491",11.3704582,1.49999867781842,1.50000782554845,2.25024210634855,4.50026558305513,0.99999964364518
"1492",11.37808938,1.49999867275242,1.50000781140027,2.25024182532608,4.50026525958792,0.999999643606359
"1493",11.38572056,1.49999866766706,1.50000779721256,2.25024154413116,4.50026493582962,0.999999643567269
"1494",11.39335174,1.49999866256225,1.50000778298534,2.25024126276739,4.50026461178398,0.999999643527899
"1495",11.40098292,1.49999865743793,1.5000077687188,2.25024098124206,4.50026428745882,0.999999643488238
"1496",11.4086141,1.49999865229402,1.50000775441219,2.25024069953867,4.50026396283537,0.999999643448304
"1497",11.41624528,1.49999864713044,1.50000774006582,2.25024041766894,4.50026363792631,0.999999643408077
"1498",11.42387646,1.49999864194713,1.5000077256794,2.25024013562775,4.50026331272563,0.99999964336756
"1499",11.43150764,1.499998636744,1.5000077112529,2.25023985341701,4.50026298723517,0.999999643326748
"1500",11.43913882,1.49999863152097,1.50000769678571,2.25023957102461,4.50026266144098,0.999999643285653
"1501",11.44677,1.49999862627799,1.50000768227809,2.25023928845972,4.500262335353,0.999999643244259
"1502",11.45440118,1.49999862101495,1.50000766772983,2.25023900571999,4.50026200896828,0.999999643202565
"1503",11.46203236,1.4999986157318,1.50000765314071,2.25023872280241,4.5002616822831,0.999999643160572
"1504",11.46966354,1.49999861042845,1.50000763851055,2.25023843970597,4.50026135529597,0.999999643118277
"1505",11.47729472,1.49999860510483,1.50000762383912,2.2502381564271,4.50026102800259,0.999999643075681
"1506",11.4849259,1.49999859976086,1.50000760912657,2.2502378729729,4.5002607004105,0.999999643032771
"1507",11.49255708,1.49999859439646,1.50000759437246,2.25023758933497,4.50026037251003,0.999999642989555
"1508",11.50018826,1.49999858901155,1.50000757957677,2.2502373055161,4.50026004430386,0.999999642946024
"1509",11.50781944,1.49999858360605,1.50000756473936,2.25023702151534,4.50025971579065,0.999999642902176
"1510",11.51545062,1.49999857817989,1.50000754985987,2.25023673732624,4.50025938696284,0.999999642858016
"1511",11.5230818,1.49999857273299,1.50000753493812,2.2502364529483,4.50025905781945,0.999999642813541
"1512",11.53071298,1.49999856726526,1.5000075199742,2.25023616838532,4.50025872836445,0.999999642768741
"1513",11.53834416,1.49999856177663,1.50000750496801,2.25023588363933,4.50025839859969,0.999999642723609
"1514",11.54597534,1.49999855626702,1.50000748991915,2.25023559870191,4.50025806851545,0.999999642678154
"1515",11.55360652,1.49999855073634,1.50000747482727,2.25023531356808,4.50025773810576,0.999999642632377
"1516",11.5612377,1.49999854518453,1.50000745969269,2.25023502824818,4.50025740738189,0.999999642586261
"1517",11.56886888,1.49999853961149,1.50000744451499,2.25023474273563,4.50025707633601,0.999999642539811
"1518",11.57650006,1.49999853401714,1.50000742929404,2.25023445702945,4.50025674496676,0.999999642493022
"1519",11.58413124,1.49999852840141,1.50000741402966,2.2502341711282,4.50025641327213,0.999999642445895
"1520",11.59176242,1.49999852276421,1.50000739872145,2.25023388502524,4.50025608124434,0.999999642398432
"1521",11.5993936,1.49999851710546,1.50000738336966,2.25023359872974,4.50025574889323,0.999999642350618
"1522",11.60702478,1.49999851142507,1.50000736797402,2.25023331223747,4.50025541621382,0.999999642302454
"1523",11.61465596,1.49999850572298,1.50000735253413,2.25023302554232,4.50025508319878,0.999999642253944
"1524",11.62228714,1.49999849999908,1.50000733705013,2.25023273865029,4.50025474985451,0.999999642205076
"1525",11.62991832,1.4999984942533,1.50000732152152,2.25023245155233,4.50025441617049,0.999999642155857
"1526",11.6375495,1.49999848848556,1.50000730594849,2.25023216425629,4.50025408215515,0.999999642106272
"1527",11.64518068,1.49999848269576,1.5000072903307,2.25023187675627,4.50025374780152,0.999999642056326
"1528",11.65281186,1.49999847688384,1.50000727466775,2.25023158904572,4.5002534131019,0.999999642006022
"1529",11.66044304,1.49999847104969,1.50000725895971,2.2502313011295,4.50025307806132,0.999999641955349
"1530",11.66807422,1.49999846519324,1.50000724320629,2.25023101300353,4.50025274267488,0.99999964190431
"1531",11.6757054,1.49999845931441,1.5000072274075,2.25023072467137,4.50025240694611,0.999999641852893
"1532",11.68333658,1.4999984534131,1.50000721156313,2.25023043613048,4.50025207087188,0.999999641801099
"1533",11.69096776,1.49999844748923,1.50000719567282,2.25023014737526,4.50025173444551,0.999999641748929
"1534",11.69859894,1.49999844154271,1.50000717973661,2.25022985841019,4.50025139767155,0.999999641696374
"1535",11.70623012,1.49999843557346,1.50000716375412,2.25022956922857,4.50025106054224,0.999999641643439
"1536",11.7138613,1.49999842958139,1.50000714772534,2.25022927983389,4.50025072306101,0.999999641590112
"1537",11.72149248,1.49999842356642,1.50000713165009,2.25022899022402,4.50025038522514,0.999999641536394
"1538",11.72912366,1.49999841752845,1.50000711552799,2.25022870039304,4.50025004702763,0.999999641482286
"1539",11.73675484,1.49999841146739,1.50000709935907,2.2502284103456,4.50024970847322,0.999999641427779
"1540",11.74438602,1.49999840538317,1.50000708314296,2.25022812007511,4.50024936955417,0.999999641372876
"1541",11.7520172,1.49999839927569,1.50000706687969,2.25022782958533,4.50024903027434,0.999999641317567
"1542",11.75964838,1.49999839314486,1.50000705056909,2.25022753887556,4.50024869063253,0.999999641261848
"1543",11.76727956,1.49999838699059,1.50000703421044,2.25022724793177,4.50024835061258,0.999999641205734
"1544",11.77491074,1.4999983808128,1.50000701780432,2.25022695677043,4.50024801023263,0.999999641149198
"1545",11.78254192,1.49999837461138,1.50000700135024,2.25022666538389,4.50024766948363,0.999999641092243
"1546",11.7901731,1.49999836838626,1.50000698484795,2.25022637376826,4.5002473283609,0.999999641034872
"1547",11.79780428,1.49999836213735,1.50000696829727,2.2502260819234,4.50024698686378,0.99999964097708
"1548",11.80543546,1.49999835586454,1.50000695169813,2.25022578984974,4.50024664499245,0.99999964091886
"1549",11.81306664,1.49999834956776,1.50000693505014,2.25022549754148,4.50024630273998,0.999999640860215
"1550",11.82069782,1.4999983432469,1.5000069183532,2.25022520499978,4.50024596010723,0.999999640801139
"1551",11.828329,1.49999833690188,1.50000690160728,2.250224912227,4.50024561709647,0.999999640741624
"1552",11.83596018,1.4999983305326,1.50000688481194,2.25022461921523,4.50024527369844,0.999999640681674
"1553",11.84359136,1.49999832413898,1.50000686796736,2.2502243259733,4.50024492992254,0.999999640621273
"1554",11.85122254,1.49999831772091,1.50000685107269,2.25022403248237,4.50024458574737,0.999999640560442
"1555",11.85885372,1.49999831127831,1.50000683412847,2.25022373875976,4.50024424119189,0.999999640499151
"1556",11.8664849,1.49999830481108,1.50000681713396,2.25022344479074,4.5002438962391,0.999999640437415
"1557",11.87411608,1.49999829831912,1.50000680008942,2.25022315058468,4.50024355089917,0.999999640375215
"1558",11.88174726,1.49999829180235,1.50000678299429,2.25022285613207,4.50024320516095,0.999999640312561
"1559",11.88937844,1.49999828526066,1.50000676584854,2.25022256143447,4.50024285902586,0.999999640249443
"1560",11.89700962,1.49999827869397,1.50000674865197,2.25022226649096,4.50024251249242,0.999999640185859
"1561",11.9046408,1.49999827210217,1.50000673140438,2.25022197130028,4.50024216555873,0.999999640121803
"1562",11.91227198,1.49999826548517,1.50000671410551,2.25022167585909,4.5002418182207,0.999999640057275
"1563",11.91990316,1.49999825884288,1.50000669675523,2.25022138016761,4.50024147047816,0.99999963999227
"1564",11.92753434,1.49999825217519,1.50000667935322,2.25022108422187,4.50024112232614,0.999999639926787
"1565",11.93516552,1.49999824548202,1.50000666189966,2.25022078802963,4.50024077377298,0.999999639860809
"1566",11.9427967,1.49999823876326,1.50000664439379,2.25022049157536,4.50024042480089,0.999999639794353
"1567",11.95042788,1.49999823201881,1.50000662683579,2.25022019486741,4.50024007541868,0.999999639727401
"1568",11.95805906,1.49999822524858,1.50000660922549,2.25021989790544,4.5002397256256,0.999999639659947
"1569",11.96569024,1.49999821845247,1.50000659156244,2.25021960068104,4.50023937541181,0.999999639591999
"1570",11.97332142,1.49999821163038,1.50000657384641,2.25021930319232,4.50023902477475,0.999999639523552
"1571",11.9809526,1.4999982047822,1.50000655607738,2.25021900544334,4.50023867371847,0.999999639454595
"1572",11.98858378,1.49999819790785,1.5000065382552,2.25021870743266,4.500238322241,0.999999639385124
"1573",11.99621496,1.49999819100722,1.50000652037978,2.25021840916278,4.50023797034464,0.999999639315129
"1574",12.00384614,1.49999818408021,1.50000650245046,2.25021811062041,4.50023761801407,0.999999639244624
"1575",12.01147732,1.49999817712672,1.5000064844673,2.25021781181081,4.50023726525477,0.999999639173594
"1576",12.0191085,1.49999817014664,1.50000646643002,2.25021751273047,4.50023691206234,0.999999639102039
"1577",12.02673968,1.49999816313988,1.50000644833857,2.25021721338245,4.50023655843973,0.999999639029948
"1578",12.03437086,1.49999815610634,1.50000643019265,2.25021691376281,4.5002362043821,0.99999963895732
"1579",12.04200204,1.4999981490459,1.50000641199197,2.25021661386719,4.5002358498842,0.999999638884155
"1580",12.04963322,1.49999814195848,1.50000639373632,2.25021631369593,4.50023549494578,0.999999638810447
"1581",12.0572644,1.49999813484396,1.50000637542548,2.25021601324602,4.50023513956311,0.999999638736193
"1582",12.06489558,1.49999812770225,1.50000635705943,2.2502157125205,4.5002347837392,0.999999638661383
"1583",12.07252676,1.49999812053323,1.50000633863788,2.25021541151687,4.50023442747067,0.999999638586014
"1584",12.08015794,1.4999981133368,1.50000632016048,2.25021511022996,4.50023407075136,0.999999638510086
"1585",12.08778912,1.49999810611287,1.50000630162713,2.25021480866053,4.50023371358163,0.999999638433593
"1586",12.0954203,1.49999809886132,1.50000628303749,2.25021450680497,4.50023335595692,0.999999638356533
"1587",12.10305148,1.49999809158205,1.50000626439156,2.25021420466637,4.5002329978803,0.999999638278894
"1588",12.11068266,1.49999808427495,1.50000624568892,2.25021390223823,4.50023263934399,0.999999638200679
"1589",12.11831384,1.49999807693991,1.5000062269296,2.250213599525,4.50023228035258,0.999999638121876
"1590",12.12594502,1.49999806957684,1.50000620811299,2.25021329651627,4.50023192089379,0.999999638042492
"1591",12.1335762,1.49999806218561,1.50000618923928,2.25021299321984,4.50023156097598,0.999999637962509
"1592",12.14120738,1.49999805476614,1.50000617030795,2.2502126896268,4.50023120058873,0.999999637881934
"1593",12.14883856,1.49999804731829,1.50000615131885,2.25021238573814,4.50023083973253,0.999999637800758
"1594",12.15646974,1.49999803984198,1.50000613227192,2.25021208155516,4.50023047840854,0.999999637718972
"1595",12.16410092,1.49999803233708,1.50000611316665,2.25021177706988,4.50023011660722,0.999999637636581
"1596",12.1717321,1.4999980248035,1.50000609400308,2.25021147228707,4.50022975433345,0.999999637553571
"1597",12.17936328,1.49999801724111,1.50000607478077,2.25021116719974,4.50022939157895,0.999999637469945
"1598",12.18699446,1.49999800964982,1.50000605549977,2.25021086181344,4.50022902834941,0.999999637385687
"1599",12.19462564,1.4999980020295,1.50000603615945,2.25021055611636,4.50022866463115,0.999999637300809
"1600",12.20225682,1.49999799438006,1.50000601675992,2.25021025011493,4.50022830043091,0.999999637215292
"1601",12.209888,1.49999798670137,1.50000599730088,2.25020994380594,4.50022793574454,0.999999637129134
"1602",12.21751918,1.49999797899332,1.50000597778212,2.25020963718883,4.50022757057094,0.99999963704233
"1603",12.22515036,1.49999797125581,1.50000595820332,2.25020933025896,4.50022720490443,0.999999636954877
"1604",12.23278154,1.49999796348872,1.50000593856403,2.25020902300962,4.50022683873699,0.99999963686678
"1605",12.24041272,1.49999795569194,1.50000591886461,2.25020871545346,4.50022647208231,0.999999636778011
"1606",12.2480439,1.49999794786535,1.50000589910438,2.25020840757817,4.50022610492613,0.999999636688581
"1607",12.25567508,1.49999794000884,1.50000587928324,2.25020809938539,4.50022573726968,0.99999963659848
"1608",12.26330626,1.4999979321223,1.50000585940079,2.25020779086947,4.50022536910619,0.999999636507709
"1609",12.27093744,1.4999979242056,1.50000583945701,2.25020748203334,4.50022500043847,0.999999636416256
"1610",12.27856862,1.49999791625865,1.50000581945144,2.25020717287038,4.50022463125856,0.999999636324123
"1611",12.2861998,1.49999790828131,1.50000579938415,2.25020686338678,4.50022426157288,0.999999636231292
"1612",12.29383098,1.49999790027348,1.50000577925462,2.25020655357336,4.50022389137062,0.999999636137769
"1613",12.30146216,1.49999789223503,1.50000575906283,2.25020624343368,4.50022352065534,0.999999636043542
"1614",12.30909334,1.49999788416586,1.50000573880844,2.25020593296387,4.50022314942212,0.999999635948608
"1615",12.31672452,1.49999787606583,1.50000571849109,2.25020562215947,4.50022277766546,0.999999635852965
"1616",12.3243557,1.49999786793485,1.50000569811062,2.25020531102049,4.50022240538482,0.999999635756605
"1617",12.33198688,1.49999785977277,1.50000567766684,2.25020499954653,4.50022203257929,0.999999635659522
"1618",12.33961806,1.4999978515795,1.50000565715949,2.25020468773509,4.50022165924555,0.999999635561709
"1619",12.34724924,1.4999978433549,1.50000563658837,2.25020437558617,4.50022128538304,0.99999963546316
"1620",12.35488042,1.49999783509887,1.50000561595322,2.25020406309773,4.50022091098893,0.999999635363869
"1621",12.3625116,1.49999782681127,1.50000559525352,2.25020375026063,4.50022053605251,0.99999963526384
"1622",12.37014278,1.49999781849199,1.50000557448931,2.25020343708046,4.50022016057945,0.999999635163058
"1623",12.37777396,1.4999978101409,1.50000555366026,2.25020312355346,4.50021978456507,0.999999635061519
"1624",12.38540514,1.49999780175789,1.5000055327662,2.25020280968016,4.50021940800938,0.999999634959214
"1625",12.39303632,1.49999779334284,1.50000551180675,2.25020249545496,4.5002190309056,0.999999634856143
"1626",12.4006675,1.49999778489561,1.50000549078183,2.25020218088041,4.50021865325605,0.999999634752292
"1627",12.40829868,1.49999777641609,1.5000054696908,2.25020186594523,4.50021827504754,0.999999634647672
"1628",12.41592986,1.49999776790416,1.50000544853393,2.25020155066076,4.50021789629225,0.999999634542254
"1629",12.42356104,1.49999775935968,1.50000542731052,2.25020123501399,4.500217516975,0.999999634436051
"1630",12.43119222,1.49999775078254,1.50000540602062,2.25020091901023,4.50021713710133,0.999999634329045
"1631",12.4388234,1.49999774217261,1.50000538466381,2.25020060264448,4.5002167566649,0.999999634221236
"1632",12.44645458,1.49999773352977,1.50000536323978,2.25020028591316,4.50021637566126,0.999999634112618
"1633",12.45408576,1.49999772485389,1.50000534174855,2.25019996882062,4.50021599409479,0.999999634003177
"1634",12.46171694,1.49999771614484,1.50000532018961,2.25019965136011,4.50021561195724,0.999999633892913
"1635",12.46934812,1.4999977074025,1.50000529856269,2.25019933352809,4.50021522924424,0.999999633781823
"1636",12.4769793,1.49999769862673,1.50000527686758,2.25019901532551,4.50021484595611,0.999999633669895
"1637",12.48461048,1.49999768981742,1.50000525510412,2.2501986967511,4.50021446209106,0.999999633557123
"1638",12.49224166,1.49999768097443,1.50000523327197,2.25019837780286,4.50021407764616,0.9999996334435
"1639",12.49987284,1.49999767209764,1.50000521137075,2.2501980584751,4.5002136926145,0.999999633329025
"1640",12.50750402,1.49999766318691,1.50000518940038,2.25019773877088,4.50021330699896,0.999999633213684
"1641",12.5151352,1.49999765424211,1.50000516736047,2.25019741868487,4.50021292079297,0.999999633097476
"1642",12.52276638,1.49999764526313,1.50000514525054,2.25019709821022,4.50021253398832,0.9999996329804
"1643",12.53039756,1.49999763624981,1.50000512307094,2.25019677735991,4.50021214659899,0.999999632862428
"1644",12.53802874,1.49999762720204,1.50000510082072,2.25019645611578,4.50021175860395,0.999999632743577
"1645",12.54565992,1.49999761811968,1.50000507850016,2.25019613448854,4.5002113700148,0.999999632623821
"1646",12.5532911,1.49999760900261,1.50000505610835,2.25019581246153,4.50021098081215,0.999999632503176
"1647",12.56092228,1.49999759985067,1.50000503364568,2.25019549004796,4.50021059101034,0.999999632381611
"1648",12.56855346,1.49999759066375,1.50000501111164,2.25019516724154,4.50021020060156,0.999999632259126
"1649",12.57618464,1.49999758144172,1.5000049885058,2.25019484403479,4.50020980957707,0.999999632135722
"1650",12.58381582,1.49999757218442,1.50000496582789,2.25019452042713,4.50020941793545,0.999999632011389
"1651",12.591447,1.49999756289174,1.50000494307783,2.25019419642094,4.50020902567885,0.999999631886115
"1652",12.59907818,1.49999755356353,1.50000492025515,2.25019387200978,4.50020863279945,0.999999631759897
"1653",12.60670936,1.49999754419966,1.50000489735982,2.25019354719645,4.50020823929988,0.999999631632722
"1654",12.61434054,1.4999975348,1.50000487439137,2.25019322197569,4.50020784517355,0.999999631504586
"1655",12.62197172,1.4999975253644,1.50000485134935,2.2501928963412,4.5002074504128,0.99999963137549
"1656",12.6296029,1.49999751589273,1.50000482823383,2.25019257029898,4.50020705502377,0.999999631245413
"1657",12.63723408,1.49999750638486,1.50000480504412,2.25019224383767,4.50020665899311,0.999999631114361
"1658",12.64486526,1.49999749684063,1.50000478178043,2.2501919169666,4.50020626233075,0.99999963098231
"1659",12.65249644,1.49999748725992,1.50000475844204,2.25019158967353,4.50020586502229,0.999999630849267
"1660",12.66012762,1.49999747764258,1.5000047350289,2.2501912619619,4.50020546707102,0.999999630715217
"1661",12.6677588,1.49999746798848,1.50000471154063,2.25019093382793,4.50020506847203,0.999999630580154
"1662",12.67538998,1.49999745829747,1.50000468797695,2.2501906052684,4.50020466922122,0.999999630444071
"1663",12.68302116,1.49999744856942,1.50000466433755,2.25019027628249,4.50020426931689,0.999999630306959
"1664",12.69065234,1.49999743880417,1.50000464062218,2.25018994686781,4.50020386875589,0.99999963016881
"1665",12.69828352,1.4999974290016,1.50000461683047,2.25018961702116,4.5002034675339,0.999999630029618
"1666",12.7059147,1.49999741916155,1.50000459296212,2.25018928673906,4.50020306564652,0.999999629889376
"1667",12.71354588,1.49999740928388,1.50000456901701,2.25018895602505,4.50020266309697,0.999999629748068
"1668",12.72117706,1.49999739936845,1.50000454499465,2.25018862487131,4.50020225987591,0.999999629605695
"1669",12.72880824,1.49999738941512,1.50000452089481,2.2501882932777,4.50020185598258,0.999999629462244
"1670",12.73643942,1.49999737942374,1.50000449671711,2.25018796123949,4.50020145141103,0.999999629317711
"1671",12.7440706,1.49999736939416,1.50000447246148,2.25018762876097,4.50020104616541,0.999999629172078
"1672",12.75170178,1.49999735932624,1.50000444812724,2.25018729583012,4.50020064023162,0.999999629025351
"1673",12.75933296,1.49999734921983,1.50000442371453,2.25018696245542,4.50020023361858,0.999999628877505
"1674",12.76696414,1.49999733907479,1.50000439922258,2.25018662862355,4.50019982631064,0.99999962872855
"1675",12.77459532,1.49999732889096,1.50000437465154,2.25018629434354,4.50019941831729,0.999999628578457
"1676",12.7822265,1.4999973186682,1.50000435000066,2.25018595960153,4.50019900962243,0.999999628427238
"1677",12.78985768,1.49999730840636,1.50000432527016,2.25018562440892,4.50019860023812,0.999999628274861
"1678",12.79748886,1.4999972981053,1.50000430045908,2.25018528874706,4.5001981901428,0.999999628121343
"1679",12.80512004,1.49999728776485,1.5000042755675,2.25018495262327,4.50019777934406,0.999999627966661
"1680",12.81275122,1.49999727738487,1.50000425059524,2.2501846160388,4.50019736784257,0.9999996278108
"1681",12.8203824,1.49999726696522,1.50000422554157,2.25018427898064,4.50019695562321,0.999999627653767
"1682",12.82801358,1.49999725650572,1.50000420040657,2.25018394145652,4.50019654269386,0.999999627495538
"1683",12.83564476,1.49999724600625,1.50000417518978,2.25018360345975,4.50019612904651,0.999999627336109
"1684",12.84327594,1.49999723546663,1.50000414989068,2.25018326498411,4.50019571467338,0.999999627175479
"1685",12.85090712,1.49999722488673,1.50000412450915,2.25018292603144,4.50019529957591,0.99999962701363
"1686",12.8585383,1.49999721426638,1.50000409904499,2.25018258660193,4.50019488375369,0.99999962685055
"1687",12.86616948,1.49999720360543,1.50000407349761,2.25018224668774,4.50019446719717,0.999999626686237
"1688",12.87380066,1.49999719290372,1.50000404786675,2.25018190628703,4.50019404990367,0.999999626520681
"1689",12.88143184,1.49999718216111,1.50000402215222,2.25018156540038,4.50019363187322,0.999999626353867
"1690",12.88906302,1.49999717137742,1.50000399635366,2.25018122402568,4.50019321310263,0.999999626185786
"1691",12.8966942,1.49999716055251,1.50000397047057,2.25018088215514,4.50019279358263,0.999999626016437
"1692",12.90432538,1.49999714968622,1.50000394450281,2.25018053979128,4.50019237331526,0.9999996258458
"1693",12.91195656,1.49999713877839,1.50000391844976,2.25018019692482,4.50019195228946,0.999999625673878
"1694",12.91958774,1.49999712782886,1.5000038923117,2.25017985356737,4.50019153051763,0.999999625500637
"1695",12.92721892,1.49999711683748,1.50000386608771,2.25017950970293,4.50019110798101,0.999999625326089
"1696",12.9348501,1.49999710580407,1.50000383977763,2.25017916533311,4.50019068468075,0.999999625150218
"1697",12.94248128,1.49999709472848,1.50000381338125,2.25017882045748,4.50019026061577,0.99999962497301
"1698",12.95011246,1.49999708361056,1.50000378689806,2.25017847506983,4.50018983577835,0.99999962479446
"1699",12.95774364,1.49999707245013,1.5000037603278,2.25017812917002,4.50018941016756,0.999999624614555
"1700",12.96537482,1.49999706124704,1.50000373367025,2.25017778275751,4.50018898378219,0.999999624433279
"1701",12.973006,1.49999705000112,1.50000370692471,2.2501774358215,4.50018855660937,0.999999624250638
"1702",12.98063718,1.4999970387122,1.50000368009122,2.25017708836878,4.500188128656,0.999999624066603
"1703",12.98826836,1.49999702738014,1.50000365316923,2.25017674039145,4.50018769991249,0.999999623881174
"1704",12.99589954,1.49999701600475,1.50000362615846,2.25017639188787,4.5001872703764,0.999999623694338
"1705",13.00353072,1.49999700458587,1.50000359905863,2.25017604285811,4.50018684004695,0.999999623506079
"1706",13.0111619,1.49999699312335,1.50000357186919,2.25017569329374,4.50018640891405,0.999999623316397
"1707",13.01879308,1.499996981617,1.50000354459001,2.25017534319802,4.50018597698062,0.99999962312527
"1708",13.02642426,1.49999697006667,1.50000351722058,2.25017499256378,4.50018554423789,0.999999622932695
"1709",13.03405544,1.49999695847218,1.50000348976069,2.25017464139228,4.50018511068652,0.999999622738654
"1710",13.04168662,1.49999694683336,1.50000346220976,2.25017428967474,4.500184676316,0.999999622543145
"1711",13.0493178,1.49999693515006,1.50000343456764,2.2501739374145,4.50018424112921,0.999999622346149
"1712",13.05694898,1.49999692342209,1.50000340683398,2.25017358460753,4.50018380512108,0.999999622147654
"1713",13.06458016,1.49999691164928,1.50000337900842,2.25017323125184,4.50018336828851,0.999999621947649
"1714",13.07221134,1.49999689983147,1.5000033510903,2.25017287733757,4.50018293061972,0.999999621746134
"1715",13.07984252,1.49999688796849,1.50000332307968,2.25017252287108,4.50018249212116,0.999999621543081
"1716",13.0874737,1.49999687606015,1.50000329497603,2.25017216784673,4.50018205278567,0.999999621338484
"1717",13.09510488,1.49999686410629,1.50000326677884,2.25017181225774,4.50018161260493,0.999999621132338
"1718",13.10273606,1.49999685210673,1.50000323848803,2.25017145610778,4.50018117158235,0.999999620924619
"1719",13.11036724,1.4999968400613,1.50000321010286,2.25017109938586,4.50018072970475,0.99999962071533
"1720",13.11799842,1.49999682796982,1.50000318162342,2.25017074209881,4.50018028697918,0.999999620504441
"1721",13.1256296,1.49999681583211,1.50000315304908,2.25017038423862,4.50017984339581,0.99999962029195
"1722",13.13326078,1.49999680364801,1.50000312437949,2.25017002580264,4.50017939895086,0.999999620077844
"1723",13.14089196,1.49999679141733,1.50000309561416,2.25016966678514,4.50017895363722,0.999999619862114
"1724",13.14852314,1.49999677913989,1.50000306675296,2.25016930718887,4.50017850745717,0.99999961964474
"1725",13.15615432,1.49999676681552,1.50000303779528,2.2501689470052,4.50017806040026,0.999999619425718
"1726",13.1637855,1.49999675444403,1.50000300874082,2.25016858623378,4.5001776124653,0.999999619205031
"1727",13.17141668,1.49999674202525,1.50000297958938,2.25016822487531,4.50017716365234,0.99999961898266
"1728",13.17904786,1.49999672955899,1.50000295034029,2.2501678629196,4.50017671394917,0.999999618758604
"1729",13.18667904,1.49999671704508,1.5000029209934,2.25016750037019,4.50017626335891,0.99999961853284
"1730",13.19431022,1.49999670448333,1.50000289154817,2.25016713721956,4.50017581187244,0.999999618305362
"1731",13.2019414,1.49999669187355,1.50000286200444,2.25016677347002,4.50017535949153,0.999999618076147
"1732",13.20957258,1.49999667921557,1.50000283236159,2.25016640911321,4.500174906206,0.999999617845192
"1733",13.21720376,1.49999666650921,1.50000280261929,2.25016604414752,4.50017445201323,0.999999617612481
"1734",13.22483494,1.49999665375426,1.50000277277725,2.25016567857253,4.50017399691197,0.999999617377996
"1735",13.23246612,1.49999664095056,1.50000274283488,2.2501653123799,4.50017354089206,0.999999617141732
"1736",13.2400973,1.49999662809791,1.50000271279191,2.25016494556998,4.50017308395307,0.99999961690367
"1737",13.24772848,1.49999661519613,1.50000268264806,2.2501645781417,4.50017262609307,0.999999616663792
"1738",13.25535966,1.49999660224502,1.50000265240266,2.25016421008623,4.50017216730123,0.999999616422094
"1739",13.26299084,1.49999658924441,1.50000262205554,2.25016384140531,4.50017170757881,0.999999616178554
"1740",13.27062202,1.4999965761941,1.50000259160616,2.25016347209239,4.50017124691759,0.999999615933165
"1741",13.2782532,1.49999656309389,1.50000256105438,2.25016310215089,4.50017078532059,0.999999615685899
"1742",13.28588438,1.49999654994361,1.50000253039949,2.25016273157,4.50017032277486,0.999999615436756
"1743",13.29351556,1.49999653674306,1.50000249964112,2.25016236034782,4.50016985927743,0.99999961518572
"1744",13.30114674,1.49999652349204,1.50000246877914,2.25016198848683,4.50016939483034,0.999999614932766
"1745",13.30877792,1.49999651019036,1.50000243781291,2.25016161597936,4.50016892942405,0.999999614677886
"1746",13.3164091,1.49999649683784,1.50000240674197,2.25016124282006,4.50016846305177,0.999999614421071
"1747",13.32404028,1.49999648343427,1.50000237556607,2.25016086900986,4.50016799571373,0.999999614162298
"1748",13.33167146,1.49999646997946,1.50000234428478,2.25016049454493,4.50016752740476,0.999999613901552
"1749",13.33930264,1.49999645647321,1.50000231289748,2.25016011941756,4.50016705811536,0.999999613638827
"1750",13.34693382,1.49999644291534,1.50000228140399,2.25015974362959,4.50016658784675,0.999999613374098
"1751",13.354565,1.49999642930563,1.50000224980388,2.25015936717706,4.50016611659376,0.999999613107351
"1752",13.36219618,1.4999964156439,1.50000221809662,2.2501589900547,4.50016564434949,0.999999612838574
"1753",13.36982736,1.49999640192993,1.50000218628175,2.25015861225795,4.50016517110797,0.999999612567753
"1754",13.37745854,1.49999638816355,1.50000215435905,2.25015823378839,4.50016469687019,0.999999612294865
"1755",13.38508972,1.49999637434453,1.500002122328,2.25015785464009,4.50016422162859,0.999999612019898
"1756",13.3927209,1.49999636047269,1.50000209018808,2.25015747480758,4.50016374537619,0.999999611742839
"1757",13.40035208,1.49999634654782,1.50000205793892,2.25015709428895,4.50016326810995,0.99999961146367
"1758",13.40798326,1.49999633256971,1.50000202558023,2.25015671308357,4.50016278982835,0.99999961118237
"1759",13.41561444,1.49999631853817,1.50000199311141,2.25015633118467,4.50016231052286,0.999999610898928
"1760",13.42324562,1.49999630445299,1.50000196053205,2.25015594858868,4.50016183018868,0.999999610613328
"1761",13.4308768,1.49999629031397,1.50000192784175,2.25015556529333,4.50016134882228,0.999999610325551
"1762",13.43850798,1.49999627612089,1.50000189504005,2.25015518129459,4.50016086641834,0.999999610035583
"1763",13.44613916,1.49999626187355,1.50000186212658,2.25015479659039,4.50016038297361,0.999999609743402
"1764",13.45377034,1.49999624757175,1.50000182910079,2.25015441117452,4.50015989848023,0.999999609448998
"1765",13.46140152,1.49999623321528,1.50000179596235,2.25015402504654,4.50015941293681,0.999999609152347
"1766",13.4690327,1.49999621880392,1.5000017627107,2.25015363819944,4.50015892633465,0.999999608853439
"1767",13.47666388,1.49999620433747,1.50000172934558,2.25015325063426,4.500158438674,0.999999608552247
"1768",13.48429506,1.49999618981572,1.50000169586641,2.25015286234432,4.50015794994641,0.999999608248761
"1769",13.49192624,1.49999617523845,1.50000166227262,2.2501524733234,4.50015746014402,0.999999607942967
"1770",13.49955742,1.49999616060546,1.50000162856403,2.25015208357382,4.50015696926856,0.999999607634836
"1771",13.5071886,1.49999614591653,1.50000159473993,2.25015169308654,4.50015647730888,0.999999607324361
"1772",13.51481978,1.49999613117144,1.50000156080007,2.25015130186184,4.5001559842645,0.999999607011516
"1773",13.52245096,1.49999611636999,1.50000152674402,2.25015090989689,4.50015549013127,0.999999606696283
"1774",13.53008214,1.49999610151195,1.50000149257104,2.2501505171817,4.50015499489705,0.999999606378652
"1775",13.53771332,1.49999608659711,1.50000145828108,2.25015012372151,4.50015449856686,0.999999606058592
"1776",13.5453445,1.49999607162526,1.50000142387321,2.2501497295028,4.50015400112446,0.999999605736099
"1777",13.55297568,1.49999605659617,1.5000013893473,2.25014933452832,4.50015350257215,0.999999605411144
"1778",13.56060686,1.49999604150963,1.50000135470283,2.25014893879325,4.50015300290356,0.99999960508371
"1779",13.56823804,1.49999602636541,1.50000131993923,2.25014854229215,4.50015250211159,0.999999604753781
"1780",13.57586922,1.4999960111633,1.50000128505607,2.25014814502163,4.50015200019151,0.999999604421337
"1781",13.5835004,1.49999599590307,1.50000125005308,2.25014774698224,4.50015149714303,0.999999604086351
"1782",13.59113158,1.49999598058451,1.50000121492956,2.25014734816572,4.50015099295589,0.999999603748811
"1783",13.59876276,1.49999596520739,1.50000117968485,2.25014694856299,4.50015048761894,0.999999603408707
"1784",13.60639394,1.49999594977148,1.50000114431892,2.25014654818105,4.50014998113913,0.999999603066
"1785",13.61402512,1.49999593427656,1.5000011088312,2.2501461470138,4.50014947350864,0.999999602720675
"1786",13.6216563,1.49999591872241,1.50000107322079,2.25014574504712,4.50014896471065,0.999999602372728
"1787",13.62928748,1.4999959031088,1.50000103748774,2.25014534229013,4.50014845475442,0.999999602022117
"1788",13.63691866,1.4999958874355,1.50000100163121,2.2501449387304,4.50014794362504,0.999999601668836
"1789",13.64454984,1.49999587170228,1.50000096565101,2.25014453437066,4.50014743132464,0.999999601312854
"1790",13.65218102,1.49999585590892,1.50000092954618,2.25014412919617,4.50014691783558,0.999999600954168
"1791",13.6598122,1.49999584005518,1.50000089331689,2.25014372321729,4.50014640316876,0.999999600592731
"1792",13.66744338,1.49999582414084,1.50000085696208,2.2501433164189,4.50014588730589,0.999999600228544
"1793",13.67507456,1.49999580816565,1.50000082048157,2.25014290880205,4.50014537024743,0.999999599861575
"1794",13.68270574,1.4999957921294,1.50000078387461,2.25014250035795,4.5001448519824,0.999999599491812
"1795",13.69033692,1.49999577603184,1.50000074714099,2.25014209108899,4.50014433251252,0.999999599119222
"1796",13.6979681,1.49999575987275,1.50000071027997,2.25014168098543,4.50014381182584,0.999999598743793
"1797",13.70559928,1.49999574365188,1.5000006732913,2.25014127004876,4.50014328992311,0.999999598365493
"1798",13.71323046,1.499995727369,1.50000063617423,2.25014085826969,4.50014276679279,0.999999597984309
"1799",13.72086164,1.49999571102388,1.50000059892844,2.25014044564791,4.50014224243358,0.999999597600213
"1800",13.72849282,1.49999569461627,1.50000056155322,2.25014003217485,4.50014171683483,0.99999959721319
"1801",13.736124,1.49999567814593,1.50000052404815,2.25013961784798,4.5001411899927,0.999999596823214
"1802",13.74375518,1.49999566161264,1.50000048641279,2.25013920266528,4.50014066190389,0.99999959643026
"1803",13.75138636,1.49999564501614,1.5000004486466,2.25013878662199,4.50014013256199,0.999999596034304
"1804",13.75901754,1.49999562835619,1.50000041074909,2.25013836971308,4.50013960196052,0.999999595635326
"1805",13.76664872,1.49999561163256,1.50000037271957,2.25013795193199,4.50013907009084,0.999999595233306
"1806",13.7742799,1.49999559484499,1.50000033455779,2.25013753327962,4.50013853695309,0.999999594828211
"1807",13.78191108,1.49999557799325,1.50000029626295,2.25013711374608,4.500138002535,0.999999594420029
"1808",13.78954226,1.49999556107708,1.50000025783479,2.25013669333224,4.50013746683668,0.999999594008725
"1809",13.79717344,1.49999554409625,1.50000021927255,2.25013627202884,4.50013692984653,0.999999593594285
"1810",13.80480462,1.49999552705051,1.50000018057562,2.25013584982962,4.50013639155651,0.999999593176688
"1811",13.8124358,1.4999955099396,1.50000014174394,2.25013542674105,4.5001358519729,0.999999592755891
"1812",13.82006698,1.49999549276328,1.50000010277649,2.2501350027472,4.50013531107667,0.999999592331889
"1813",13.82769816,1.49999547552129,1.50000006367307,2.25013457785159,4.50013476887079,0.999999591904643
"1814",13.83532934,1.4999954582134,1.5000000244329,2.25013415204385,4.50013422534254,0.99999959147414
"1815",13.84296052,1.49999544083933,1.49999998505566,2.25013372532526,4.50013368049224,0.999999591040343
"1816",13.8505917,1.49999542339885,1.49999994554043,2.25013329768183,4.50013313430313,0.999999590603245
"1817",13.85822288,1.4999954058917,1.49999990588706,2.25013286911881,4.50013258677999,0.999999590162803
"1818",13.86585406,1.49999538831762,1.49999986609501,2.25013243963074,4.50013203791579,0.999999589718992
"1819",13.87348524,1.49999537067636,1.49999982616344,2.25013200920715,4.50013148769749,0.999999589271798
"1820",13.88111642,1.49999535296766,1.499999786092,2.25013157784768,4.50013093612371,0.999999588821187
"1821",13.8887476,1.49999533519126,1.49999974587995,2.25013114554414,4.50013038318407,0.999999588367138
"1822",13.89637878,1.49999531734691,1.49999970552709,2.25013071229888,4.50012982888023,0.999999587909613
"1823",13.90400996,1.49999529943434,1.49999966503246,2.25013027809865,4.50012927319613,0.999999587448602
"1824",13.91164114,1.49999528145329,1.49999962439568,2.25012984294304,4.50012871613022,0.999999586984068
"1825",13.91927232,1.4999952634035,1.49999958361621,2.25012940682769,4.50012815767648,0.999999586515985
"1826",13.9269035,1.49999524528471,1.49999954269351,2.25012896974833,4.50012759782905,0.999999586044325
"1827",13.93453468,1.49999522709666,1.49999950162687,2.25012853169682,4.50012703657769,0.999999585569066
"1828",13.94216586,1.49999520883908,1.49999946041581,2.25012809267059,4.5001264739183,0.999999585090176
"1829",13.94979704,1.4999951905117,1.49999941905984,2.25012765266674,4.5001259098466,0.999999584607625
"1830",13.95742822,1.49999517211426,1.49999937755827,2.25012721167716,4.50012534435237,0.999999584121389
"1831",13.9650594,1.49999515364649,1.49999933591065,2.25012676970038,4.50012477743278,0.999999583631435
"1832",13.97269058,1.49999513510812,1.49999929411623,2.25012632672786,4.50012420907706,0.999999583137741
"1833",13.98032176,1.49999511649888,1.49999925217437,2.25012588275256,4.50012363927623,0.999999582640282
"1834",13.98795294,1.4999950978185,1.4999992100849,2.25012543778007,4.50012306803541,0.99999958213901
"1835",13.99558412,1.49999507906671,1.49999916784671,2.25012499179246,4.50012249533327,0.999999581633919
"1836",14.0032153,1.49999506024324,1.49999912545966,2.25012454479533,4.50012192117507,0.999999581124961
"1837",14.01084648,1.4999950413478,1.49999908292283,2.25012409677617,4.50012134554549,0.999999580612119
"1838",14.01847766,1.49999502238014,1.4999990402359,2.25012364773606,4.50012076844469,0.999999580095353
"1839",14.02610884,1.49999500333996,1.49999899739789,2.25012319766171,4.5001201898564,0.999999579574648
"1840",14.03374002,1.49999498422699,1.49999895440854,2.25012274655487,4.50011960978158,0.999999579049961
"1841",14.0413712,1.49999496504096,1.49999891126721,2.25012229441008,4.5001190282129,0.999999578521262
"1842",14.04900238,1.49999494578158,1.49999886797322,2.25012184122048,4.50011844514143,0.999999577988523
"1843",14.05663356,1.49999492644858,1.49999882452597,2.25012138698067,4.50011786055996,0.999999577451715
"1844",14.06426474,1.49999490704167,1.4999987809248,2.25012093168427,4.50011727446014,0.999999576910807
"1845",14.07189592,1.49999488756058,1.49999873716925,2.25012047532979,4.50011668683912,0.999999576365762
"1846",14.0795271,1.49999486800501,1.49999869325854,2.25012001790831,4.50011609768563,0.999999575816554
"1847",14.08715828,1.49999484837468,1.49999864919222,2.25011955941785,4.50011550699635,0.999999575263146
"1848",14.09478946,1.49999482866931,1.49999860496957,2.25011909985131,4.50011491476197,0.999999574705509
"1849",14.10242064,1.49999480888861,1.49999856058989,2.25011863920068,4.50011432097243,0.999999574143615
"1850",14.11005182,1.49999478903229,1.49999851605263,2.2501181774634,4.5001137256235,0.999999573577426
"1851",14.117683,1.49999476910006,1.49999847135737,2.25011771463819,4.50011312871263,0.999999573006903
"1852",14.12531418,1.49999474909164,1.49999842650317,2.25011725071217,4.50011253022414,0.999999572432025
"1853",14.13294536,1.49999472900672,1.49999838148961,2.25011678568524,4.50011193015668,0.999999571852749
"1854",14.14057654,1.49999470884503,1.49999833631591,2.25011631954872,4.50011132849922,0.999999571269048
"1855",14.14820772,1.49999468860626,1.49999829098145,2.25011585229718,4.50011072524445,0.999999570680888
"1856",14.1558389,1.49999466829012,1.49999824548583,2.25011538393039,4.50011012039095,0.999999570088224
"1857",14.16347008,1.49999464789632,1.49999819982799,2.25011491443369,4.5001095139209,0.999999569491039
"1858",14.17110126,1.49999462742455,1.49999815400765,2.25011444380964,4.50010890583599,0.999999568889284
"1859",14.17873244,1.49999460687453,1.49999810802399,2.25011397204845,4.50010829612398,0.99999956828293
"1860",14.18636362,1.49999458624595,1.49999806187637,2.25011349914516,4.50010768477803,0.999999567671942
"1861",14.1939948,1.4999945655385,1.49999801556405,2.25011302509175,4.50010707178782,0.999999567056288
"1862",14.20162598,1.4999945447519,1.4999979690867,2.25011254989005,4.50010645715428,0.999999566435919
"1863",14.20925716,1.49999452388583,1.49999792244335,2.25011207352697,4.50010584086132,0.999999565810812
"1864",14.21688834,1.49999450294,1.49999787563349,2.25011159600064,4.50010522290562,0.999999565180923
"1865",14.22451952,1.49999448191409,1.49999782865635,2.25011111730265,4.50010460327641,0.999999564546222
"1866",14.2321507,1.4999944608078,1.49999778151134,2.25011063742935,4.5001039819683,0.999999563906666
"1867",14.23978188,1.49999443962083,1.49999773419764,2.25011015637069,4.50010335896876,0.999999563262228
"1868",14.24741306,1.49999441835287,1.49999768671488,2.25010967412787,4.50010273427787,0.999999562612855
"1869",14.25504424,1.4999943970036,1.49999763906225,2.25010919069191,4.50010210788423,0.999999561958516
"1870",14.26267542,1.49999437557271,1.49999759123888,2.25010870605293,4.50010147977537,0.999999561299181
"1871",14.2703066,1.49999435405991,1.49999754324442,2.25010822021205,4.50010084995134,0.999999560634798
"1872",14.27793778,1.49999433246486,1.49999749507787,2.25010773315646,4.50010021839634,0.999999559965341
"1873",14.28556896,1.49999431078725,1.49999744673879,2.25010724488506,4.50009958510794,0.999999559290761
"1874",14.29320014,1.49999428902678,1.49999739822637,2.25010675538968,4.50009895007555,0.999999558611024
"1875",14.30083132,1.49999426718312,1.49999734953987,2.25010626466277,4.50009831328939,0.999999557926093
"1876",14.3084625,1.49999424525596,1.49999730067881,2.25010577270348,4.50009767474718,0.999999557235919
"1877",14.31609368,1.49999422324497,1.49999725164228,2.25010527950048,4.50009703443488,0.99999955654047
"1878",14.32372486,1.49999420114984,1.49999720242966,2.25010478504918,4.50009639234599,0.999999555839703
"1879",14.33135604,1.49999417897024,1.4999971530402,2.25010428934293,4.50009574847165,0.999999555133579
"1880",14.33898722,1.49999415670586,1.49999710347324,2.25010379237627,4.50009510280438,0.999999554422055
"1881",14.3466184,1.49999413435636,1.49999705372813,2.25010329414401,4.50009445533707,0.999999553705088
"1882",14.35424958,1.49999411192142,1.49999700380402,2.25010279463706,4.5000938060581,0.999999552982641
"1883",14.36188076,1.49999408940072,1.49999695370032,2.25010229385177,4.50009315496201,0.999999552254667
"1884",14.36951194,1.49999406679393,1.49999690341617,2.25010179177876,4.50009250203686,0.999999551521129
"1885",14.37714312,1.49999404410071,1.49999685295113,2.2501012884175,4.5000918472808,0.999999550781975
"1886",14.3847743,1.49999402132074,1.49999680230417,2.25010078375463,4.50009119067736,0.999999550037173
"1887",14.39240548,1.49999399845369,1.49999675147479,2.25010027778953,4.50009053222445,0.99999954928667
"1888",14.40003666,1.49999397549923,1.49999670046202,2.25009977051008,4.50008987190702,0.999999548530432
"1889",14.40766784,1.49999395245701,1.49999664926521,2.25009926191124,4.5000892097181,0.999999547768414
"1890",14.41529902,1.4999939293267,1.49999659788382,2.25009875199084,4.50008854565388,0.999999547000561
"1891",14.4229302,1.49999390610798,1.49999654631693,2.25009824073866,4.50008787970139,0.999999546226837
"1892",14.43056138,1.49999388280049,1.49999649456384,2.25009772814847,4.50008721185229,0.999999545447196
"1893",14.43819256,1.4999938594039,1.49999644262383,2.25009721421434,4.50008654209848,0.99999954466159
"1894",14.44582374,1.49999383591787,1.49999639049608,2.25009669892848,4.50008587042975,0.999999543869977
"1895",14.45345492,1.49999381234206,1.49999633817984,2.25009618228334,4.50008519683627,0.999999543072312
"1896",14.4610861,1.49999378867612,1.49999628567444,2.25009566427517,4.50008452131228,0.999999542268543
"1897",14.46871728,1.49999376491971,1.49999623297908,2.25009514489477,4.50008384384619,0.999999541458628
"1898",14.47634846,1.49999374107249,1.49999618009311,2.25009462413902,4.50008316443295,0.999999540642512
"1899",14.48397964,1.4999937171341,1.4999961270155,2.25009410199456,4.50008248305607,0.99999953982016
"1900",14.49161082,1.4999936931042,1.49999607374583,2.25009357846226,4.50008179971516,0.999999538991511
"1901",14.499242,1.49999366898244,1.49999602028301,2.25009305352837,4.50008111439323,0.999999538156528
"1902",14.50687318,1.49999364476846,1.49999596662646,2.25009252718928,4.50008042708492,0.999999537315156
"1903",14.51450436,1.49999362046192,1.49999591277529,2.25009199943707,4.50007973777965,0.999999536467349
"1904",14.52213554,1.49999359606246,1.49999585872879,2.25009147026421,4.50007904646771,0.999999535613058
"1905",14.52976672,1.49999357156973,1.49999580448615,2.25009093966522,4.50007835314128,0.999999534752231
"1906",14.5373979,1.49999354698336,1.49999575004665,2.25009040763264,4.50007765779066,0.999999533884818
"1907",14.54502908,1.49999352230301,1.49999569540947,2.25008987415945,4.50007696040639,0.999999533010767
"1908",14.55266026,1.4999934975283,1.49999564057374,2.25008933923695,4.50007626097719,0.999999532130032
"1909",14.56029144,1.49999347265889,1.49999558553868,2.25008880285771,4.50007555949323,0.999999531242562
"1910",14.56792262,1.49999344769441,1.49999553030374,2.2500882650204,4.50007485595158,0.999999530348293
"1911",14.5755538,1.49999342263449,1.49999547486764,2.25008772570713,4.50007415033052,0.999999529447195
"1912",14.58318498,1.49999339747877,1.49999541922993,2.25008718491844,4.50007344262921,0.999999528539198
"1913",14.59081616,1.49999337222689,1.49999536338965,2.25008664264363,4.50007273283407,0.999999527624258
"1914",14.59844734,1.49999334687847,1.4999953073462,2.25008609887953,4.50007202094016,0.999999526702312
"1915",14.60607852,1.49999332143315,1.49999525109857,2.25008555361525,4.50007130693351,0.999999525773313
"1916",14.6137097,1.49999329589056,1.49999519464596,2.25008500684301,4.50007059080398,0.999999524837209
"1917",14.62134088,1.49999327025033,1.49999513798753,2.25008445855554,4.50006987254178,0.999999523893944
"1918",14.62897206,1.49999324451207,1.49999508112258,2.25008390874744,4.50006915213937,0.999999522943459
"1919",14.63660324,1.49999321867543,1.49999502405016,2.25008335740866,4.50006842958388,0.999999521985703
"1920",14.64423442,1.49999319274002,1.49999496676945,2.25008280453234,4.50006770486602,0.99999952102062
"1921",14.6518656,1.49999316670546,1.49999490927967,2.25008225011164,4.50006697797656,0.999999520048152
"1922",14.65949678,1.49999314057137,1.49999485157995,2.25008169413801,4.50006624890437,0.999999519068243
"1923",14.66712796,1.49999311433738,1.49999479366932,2.25008113660149,4.50006551763655,0.999999518080842
"1924",14.67475914,1.4999930880031,1.49999473554728,2.25008057750106,4.5000647841706,0.999999517085876
"1925",14.68239032,1.49999306156815,1.49999467721256,2.25008001682079,4.5000640484868,0.999999516083305
"1926",14.6900215,1.49999303503215,1.49999461866467,2.25007945456,4.50006331058298,0.999999515073055
"1927",14.69765268,1.4999930083947,1.4999945599024,2.2500788907035,4.50006257044031,0.999999514055083
"1928",14.70528386,1.49999298165542,1.49999450092516,2.25007832524885,4.50006182805457,0.999999513029318
"1929",14.71291504,1.49999295481393,1.49999444173193,2.250077758185,4.5000610834117,0.999999511995707
"1930",14.72054622,1.49999292786982,1.49999438232201,2.25007718950731,4.50006033650489,0.999999510954182
"1931",14.7281774,1.49999290082271,1.49999432269437,2.25007661920466,4.50005958732001,0.99999950990469
"1932",14.73580858,1.49999287367221,1.49999426284819,2.25007604727017,4.50005883584766,0.999999508847166
"1933",14.74343976,1.49999284641791,1.49999420278256,2.25007547369445,4.50005808207572,0.999999507781551
"1934",14.75107094,1.49999281905943,1.49999414249669,2.25007489847161,4.500057325996,0.99999950670778
"1935",14.75870212,1.49999279159636,1.49999408198958,2.25007432159113,4.50005656759488,0.999999505625794
"1936",14.7663333,1.49999276402831,1.49999402126042,2.25007374304656,4.50005580686357,0.999999504535525
"1937",14.77396448,1.49999273635486,1.49999396030817,2.25007316282618,4.50005504378715,0.999999503436919
"1938",14.78159566,1.49999270857563,1.49999389913213,2.25007258092637,4.50005427835998,0.999999502329901
"1939",14.78922684,1.4999926806902,1.49999383773133,2.25007199733648,4.50005351056845,0.999999501214411
"1940",14.79685802,1.49999265269818,1.49999377610473,2.25007141204583,4.50005274039875,0.999999500090389
"1941",14.8044892,1.49999262459914,1.49999371425167,2.25007082505082,4.50005196784534,0.99999949895776
"1942",14.81212038,1.49999259639269,1.49999365217102,2.25007023633816,4.5000511928915,0.999999497816466
"1943",14.81975156,1.49999256807841,1.49999358986197,2.25006964590257,4.50005041552958,0.999999496666436
"1944",14.82738274,1.49999253965589,1.49999352732366,2.25006905373559,4.50004963574847,0.999999495507602
"1945",14.83501392,1.49999251112471,1.49999346455491,2.25006845982383,4.50004885353128,0.999999494339905
"1946",14.8426451,1.49999248248447,1.49999340155486,2.25006786415978,4.50004806886791,0.999999493163277
"1947",14.85027628,1.49999245373474,1.4999933383228,2.25006726673921,4.50004728175198,0.999999491977637
"1948",14.85790746,1.49999242487511,1.49999327485779,2.25006666755335,4.50004649217195,0.999999490782919
"1949",14.86553864,1.49999239590515,1.49999321115871,2.2500660665898,4.50004570011203,0.999999489579058
"1950",14.87316982,1.49999236682445,1.49999314722452,2.25006546383749,4.50004490555802,0.999999488365991
"1951",14.880801,1.49999233763257,1.49999308305454,2.25006485929303,4.50004410850448,0.999999487143634
"1952",14.88843218,1.4999923083291,1.4999930186476,2.25006425294314,4.50004330893468,0.999999485911926
"1953",14.89606336,1.49999227891361,1.49999295400295,2.25006364478281,4.50004250684129,0.999999484670786
"1954",14.90369454,1.49999224938567,1.49999288911944,2.25006303479923,4.5000417022081,0.999999483420149
"1955",14.91132572,1.49999221974485,1.49999282399614,2.2500624229839,4.50004089502383,0.999999482159943
"1956",14.9189569,1.49999218999072,1.49999275863221,2.25006180933017,4.50004008527924,0.999999480890087
"1957",14.92658808,1.49999216012285,1.49999269302655,2.25006119382621,4.50003927295925,0.999999479610514
"1958",14.93421926,1.4999921301408,1.4999926271781,2.2500605764616,4.50003845805027,0.999999478321151
"1959",14.94185044,1.49999210004413,1.49999256108611,2.25005995723084,4.50003764054449,0.999999477021916
"1960",14.94948162,1.49999206983241,1.49999249474945,2.2500593361224,4.50003682042708,0.999999475712736
"1961",14.9571128,1.49999203950519,1.49999242816727,2.25005871312939,4.50003599768855,0.999999474393532
"1962",14.96474398,1.49999200906204,1.49999236133827,2.25005808823568,4.50003517230884,0.999999473064239
"1963",14.97237516,1.49999197850252,1.49999229426177,2.25005746143902,4.50003434428371,0.999999471724765
"1964",14.98000634,1.49999194782616,1.49999222693658,2.25005683272533,4.5000335135955,0.999999470375042
"1965",14.98763752,1.49999191703254,1.49999215936184,2.25005620208853,4.50003268023554,0.999999469014983
"1966",14.9952687,1.49999188612121,1.49999209153636,2.25005556951491,4.50003184418653,0.999999467644518
"1967",15.00289988,1.4999918550917,1.49999202345925,2.25005493499748,4.50003100543886,0.999999466263562
"1968",15.01053106,1.49999182394358,1.4999919551295,2.25005429852638,4.50003016397961,0.999999464872033
"1969",15.01816224,1.49999179267638,1.49999188654605,2.25005366009138,4.50002931979535,0.999999463469853
"1970",15.02579342,1.49999176128965,1.49999181770771,2.25005301967917,4.50002847286923,0.999999462056946
"1971",15.0334246,1.49999172978294,1.49999174861362,2.25005237728338,4.50002762319232,0.999999460633223
"1972",15.04105578,1.49999169815579,1.49999167926285,2.25005173289616,4.50002677075395,0.999999459198596
"1973",15.04868696,1.49999166640773,1.49999160965416,2.25005108650364,4.50002591553651,0.99999945775299
"1974",15.05631814,1.4999916345383,1.49999153978654,2.25005043809618,4.50002505752737,0.999999456296319
"1975",15.06394932,1.49999160254705,1.49999146965902,2.25004978766517,4.50002419671498,0.999999454828497
"1976",15.0715805,1.4999915704335,1.49999139927047,2.25004913519942,4.50002333308481,0.999999453349438
"1977",15.07921168,1.49999153819718,1.49999132861978,2.25004848068677,4.50002246662132,0.999999451859062
"1978",15.08684286,1.49999150583763,1.49999125770609,2.2500478241222,4.50002159731691,0.99999945035727
"1979",15.09447404,1.49999147335438,1.49999118652819,2.25004716549124,4.50002072515348,0.999999448843984
"1980",15.10210522,1.49999144074696,1.49999111508495,2.25004650478339,4.50001985011718,0.999999447319115
"1981",15.1097364,1.49999140801488,1.49999104337534,2.25004584198862,4.50001897219486,0.999999445782574
"1982",15.11736758,1.49999137515767,1.49999097139828,2.25004517709633,4.50001809137268,0.999999444234272
"1983",15.12499876,1.49999134217486,1.49999089915282,2.25004451009933,4.50001720764061,0.999999442674111
"1984",15.13262994,1.49999130906596,1.49999082663769,2.25004384098232,4.50001632097954,0.99999944110201
"1985",15.14026112,1.49999127583049,1.49999075385182,2.25004316973663,4.50001543137758,0.999999439517873
"1986",15.1478923,1.49999124246797,1.49999068079394,2.25004249634677,4.50001453881544,0.999999437921619
"1987",15.15552348,1.49999120897791,1.49999060746341,2.25004182081209,4.50001364329055,0.999999436313132
"1988",15.16315466,1.49999117535983,1.49999053385877,2.25004114311399,4.50001274477991,0.999999434692336
"1989",15.17078584,1.49999114161323,1.49999045997895,2.25004046324305,4.50001184327092,0.999999433059133
"1990",15.17841702,1.49999110773762,1.49999038582291,2.25003978118954,4.50001093875069,0.999999431413425
"1991",15.1860482,1.49999107373252,1.4999903113894,2.25003909694043,4.50001003120252,0.999999429755121
"1992",15.19367938,1.49999103959742,1.49999023667752,2.2500384104887,4.50000912061658,0.999999428084115
"1993",15.20131056,1.49999100533183,1.4999901616858,2.25003772181644,4.50000820697062,0.999999426400324
"1994",15.20894174,1.49999097093525,1.49999008641332,2.25003703091715,4.50000729025538,0.999999424703641
"1995",15.21657292,1.49999093640718,1.49999001085895,2.25003633777986,4.50000637045649,0.999999422993965
"1996",15.2242041,1.49999090174712,1.49998993502142,2.25003564239057,4.50000544755614,0.999999421271203
"1997",15.23183528,1.49999086695456,1.49998985889962,2.25003494473886,4.50000452154057,0.999999419535254
"1998",15.23946646,1.49999083202899,1.49998978249238,2.25003424481333,4.50000359239487,0.999999417786014
"1999",15.24709764,1.49999079696991,1.4999897057988,2.25003354260699,4.50000266010936,0.999999416023373
"2000",15.25472882,1.49999076177681,1.49998962881726,2.25003283810009,4.50000172465943,0.999999414247246
"2001",15.26236,1.49999072644917,1.49998955154688,2.2500321312863,4.5000007860361,0.999999412457517
"2002",15.26999118,1.49999069098648,1.49998947398635,2.25003142215185,4.4999998442217,0.999999410654088
"2003",15.27762236,1.49999065538823,1.49998939613449,2.25003071068438,4.49999889920029,0.999999408836854
"2004",15.28525354,1.49999061965389,1.49998931799013,2.25002999687308,4.49999795095758,0.999999407005708
"2005",15.29288472,1.49999058378295,1.49998923955224,2.25002928070875,4.49999699948125,0.999999405160536
"2006",15.3005159,1.49999054777488,1.49998916081928,2.25002856217338,4.49999604474872,0.999999403301244
"2007",15.30814708,1.49999051162916,1.4999890817904,2.25002784126115,4.49999508675156,0.999999401427712
"2008",15.31577826,1.49999047534526,1.49998900246411,2.2500271179549,4.49999412546816,0.99999939953984
"2009",15.32340944,1.49999043892266,1.49998892283943,2.25002639224736,4.49999316088834,0.999999397637509
"2010",15.33104062,1.49999040236082,1.49998884291498,2.25002566412295,4.49999219299237,0.999999395720614
"2011",15.3386718,1.49999036565921,1.49998876268946,2.25002493356762,4.49999122176228,0.999999393789048
"2012",15.34630298,1.4999903288173,1.49998868216185,2.25002420057343,4.49999024718708,0.999999391842688
"2013",15.35393416,1.49999029183455,1.49998860133079,2.25002346512581,4.49998926924811,0.999999389881428
"2014",15.36156534,1.49999025471043,1.49998852019507,2.25002272721245,4.49998828792945,0.99999938790515
"2015",15.36919652,1.49999021744439,1.49998843875353,2.25002198682286,4.49998730321712,0.999999385913737
"2016",15.3768277,1.49999018003589,1.49998835700454,2.25002124393666,4.49998631508584,0.999999383907089
"2017",15.38445888,1.49999014248438,1.49998827494736,2.25002049855182,4.49998532353138,0.999999381885065
"2018",15.39209006,1.49999010478932,1.49998819258046,2.25001975065024,4.49998432853104,0.999999379847561
"2019",15.39972124,1.49999006695016,1.4999881099025,2.25001900021728,4.49998333006616,0.999999377794461
"2020",15.40735242,1.49999002896636,1.49998802691221,2.25001824724067,4.49998232812066,0.999999375725644
"2021",15.4149836,1.49998999083735,1.49998794360864,2.25001749171334,4.49998132268462,0.999999373640976
"2022",15.42261478,1.49998995256258,1.49998785999021,2.250016733617,4.499980313735,0.999999371540349
"2023",15.43024596,1.49998991414149,1.49998777605557,2.25001597293747,4.49997930125362,0.999999369423642
"2024",15.43787714,1.49998987557353,1.49998769180355,2.25001520966345,4.49997828522558,0.999999367290728
"2025",15.44550832,1.49998983685813,1.49998760723286,2.25001444378265,4.49997726563481,0.99999936514148
"2026",15.4531395,1.49998979799473,1.49998752234209,2.2500136752794,4.49997624246137,0.999999362975778
"2027",15.46077068,1.49998975898277,1.4999874371301,2.25001290414393,4.49997521569206,0.999999360793489
"2028",15.46840186,1.49998971982167,1.49998735159536,2.25001213035805,4.4999741853041,0.999999358594495
"2029",15.47603304,1.49998968051087,1.49998726573666,2.25001135391146,4.49997315128359,0.999999356378662
"2030",15.48366422,1.49998964104979,1.49998717955262,2.25001057478883,4.49997211361105,0.999999354145865
"2031",15.4912954,1.49998960143786,1.49998709304207,2.25000979298031,4.49997107227312,0.999999351895964
"2032",15.49892658,1.49998956167451,1.49998700620344,2.25000900846724,4.4999700272464,0.99999934962884
"2033",15.50655776,1.49998952175914,1.4999869190355,2.25000822123827,4.49996897851588,0.999999347344354
"2034",15.51418894,1.49998948169119,1.49998683153677,2.25000743127702,4.49996792606074,0.999999345042381
"2035",15.52182012,1.49998944147007,1.49998674370607,2.25000663857365,4.49996686986759,0.999999342722776
"2036",15.5294513,1.4999894010952,1.49998665554183,2.25000584310924,4.4999658099128,0.999999340385415
"2037",15.53708248,1.49998936056598,1.4999865670428,2.2500050448723,4.49996474618115,0.999999338030156
"2038",15.54471366,1.49998931988182,1.49998647820773,2.25000424385139,4.49996367865743,0.999999335656856
"2039",15.55234484,1.49998927904214,1.49998638903501,2.25000344002754,4.49996260731784,0.999999333265387
"2040",15.55997602,1.49998923804634,1.49998629952343,2.25000263339019,4.49996153214818,0.999999330855601
"2041",15.5676072,1.49998919689382,1.49998620967139,2.25000182392109,4.49996045312544,0.999999328427366
"2042",15.57523838,1.49998915558399,1.49998611947758,2.25000101160706,4.49995937023248,0.999999325980539
"2043",15.58286956,1.49998911411623,1.49998602894057,2.25000019643328,4.49995828345019,0.999999323514977
"2044",15.59050074,1.49998907248996,1.49998593805906,2.2499993783871,4.49995719276201,0.999999321030532
"2045",15.59813192,1.49998903070456,1.49998584683152,2.24999855745213,4.499956098147,0.999999318527063
"2046",15.6057631,1.49998898875942,1.49998575525648,2.2499977336127,4.49995499958506,0.999999316004426
"2047",15.61339428,1.49998894665393,1.49998566333272,2.2499969068577,4.49995389706142,0.999999313462465
"2048",15.62102546,1.49998890438749,1.49998557105842,2.24999607716512,4.49995279054858,0.999999310901049
"2049",15.62865664,1.49998886195947,1.49998547843253,2.2499952445268,4.49995168003526,0.999999308320012
"2050",15.63628782,1.49998881936926,1.49998538545343,2.24999440892556,4.49995056549944,0.999999305719209
"2051",15.643919,1.49998877661624,1.49998529211952,2.2499935703427,4.49994944691759,0.999999303098497
"2052",15.65155018,1.49998873369978,1.49998519842965,2.24999272876834,4.49994832427637,0.999999300457709
"2053",15.65918136,1.49998869061926,1.49998510438191,2.24999188417986,4.49994719754747,0.999999297796709
"2054",15.66681254,1.49998864737406,1.49998500997535,2.24999103657147,4.49994606672222,0.99999929511532
"2055",15.67444372,1.49998860396354,1.49998491520799,2.2499901859178,4.49994493176931,0.999999292413408
"2056",15.6820749,1.49998856038707,1.49998482007868,2.2499893322104,4.49994379267686,0.999999289690799
"2057",15.68970608,1.49998851664402,1.49998472458581,2.24998847543092,4.49994264942168,0.999999286947341
"2058",15.69733726,1.49998847273375,1.49998462872776,2.24998761556127,4.49994150198084,0.999999284182878
"2059",15.70496844,1.49998842865562,1.49998453250314,2.2499867525882,4.49994035033688,0.999999281397244
"2060",15.71259962,1.49998838440899,1.49998443591052,2.24998588649702,4.49993919447082,0.999999278590274
"2061",15.7202308,1.49998833999322,1.49998433894815,2.2499850172675,4.49993803435722,0.999999275761813
"2062",15.72786198,1.49998829540766,1.49998424161456,2.24998414488445,4.49993686997645,0.999999272911694
"2063",15.73549316,1.49998825065165,1.49998414390834,2.24998326933445,4.4999357013109,0.999999270039746
"2064",15.74312434,1.49998820572456,1.49998404582782,2.24998239059835,4.49993452833636,0.999999267145806
"2065",15.75075552,1.49998816062572,1.49998394737143,2.24998150865953,4.49993335103152,0.999999264229708
"2066",15.7583867,1.49998811535447,1.49998384853772,2.24998062350368,4.49993216937772,0.999999261291275
"2067",15.76601788,1.49998806991017,1.49998374932513,2.24997973511362,4.49993098335308,0.999999258330338
"2068",15.77364906,1.49998802429215,1.499983649732,2.24997884347184,4.49992979293517,0.999999255346727
"2069",15.78128024,1.49998797849973,1.49998354975667,2.24997794855979,4.49992859810041,0.999999252340272
"2070",15.78891142,1.49998793253227,1.49998344939785,2.249977050366,4.49992739883348,0.999999249310784
"2071",15.7965426,1.49998788638908,1.49998334865354,2.2499761488652,4.49992619510307,0.999999246258107
"2072",15.80417378,1.4999878400695,1.49998324752244,2.24997524404755,4.49992498689553,0.999999243182047
"2073",15.81180496,1.49998779357285,1.49998314600287,2.24997433589289,4.49992377418557,0.99999924008243
"2074",15.81943614,1.49998774689845,1.49998304409323,2.24997342438517,4.49992255695237,0.999999236959073
"2075",15.82706732,1.49998770004563,1.49998294179175,2.24997250950371,4.49992133516993,0.999999233811803
"2076",15.8346985,1.4999876530137,1.49998283909705,2.24997159123602,4.49992010882168,0.999999230640424
"2077",15.84232968,1.49998760580199,1.4999827360072,2.24997066955892,4.49991887787857,0.999999227444764
"2078",15.84996086,1.49998755840979,1.4999826325208,2.24996974445942,4.49991764232345,0.999999224224628
"2079",15.85759204,1.49998751083642,1.49998252863611,2.24996881591801,4.49991640213159,0.99999922097983
"2080",15.86522322,1.4999874630812,1.49998242435141,2.24996788391566,4.49991515727879,0.999999217710185
"2081",15.8728544,1.49998741514341,1.49998231966513,2.24996694843611,4.49991390774409,0.999999214415499
"2082",15.88048558,1.49998736702237,1.49998221457539,2.24996600945772,4.49991265350022,0.999999211095588
"2083",15.88811676,1.49998731871738,1.49998210908073,2.24996506696639,4.49991139452866,0.999999207750249
"2084",15.89574794,1.49998727022773,1.49998200317939,2.2499641209422,4.49991013080425,0.999999204379291
"2085",15.90337912,1.49998722155272,1.49998189686993,2.24996317137206,4.49990886230957,0.999999200982505
"2086",15.9110103,1.49998717269163,1.49998179015022,2.24996221822929,4.49990758901156,0.999999197559713
"2087",15.91864148,1.49998712364376,1.49998168301868,2.24996126149767,4.49990631088923,0.99999919411071
"2088",15.92627266,1.4999870744084,1.49998157547348,2.24996030115647,4.49990502791639,0.999999190635301
"2089",15.93390384,1.49998702498481,1.49998146751334,2.24995933719586,4.49990374007933,0.999999187133261
"2090",15.94153502,1.4999869753723,1.49998135913603,2.24995836958639,4.49990244734195,0.999999183604411
"2091",15.9491662,1.49998692557013,1.49998125034009,2.24995739831552,4.49990114968733,0.999999180048531
"2092",15.95679738,1.49998687557757,1.49998114112374,2.24995642336331,4.49989984709018,0.999999176465415
"2093",15.96442856,1.49998682539391,1.499981031485,2.24995544470636,4.49989853952115,0.999999172854865
"2094",15.97205974,1.49998677501841,1.4999809214223,2.24995446232884,4.49989722695972,0.999999169216663
"2095",15.97969092,1.49998672445034,1.49998081093379,2.24995347621028,4.49989590937988,0.999999165550599
"2096",15.9873221,1.49998667368896,1.4999807000179,2.24995248633479,4.49989458676099,0.99999916185645
"2097",15.99495328,1.49998662273353,1.49998058867254,2.24995149267738,4.49989325907181,0.999999158134015
"2098",16.00258446,1.49998657158331,1.49998047689598,2.24995049521952,4.49989192628861,0.999999154383074
"2099",16.01021564,1.49998652023756,1.49998036468657,2.24994949394384,4.49989058838908,0.999999150603402
"2100",16.01784682,1.49998646869552,1.49998025204234,2.24994848882824,4.49988924534524,0.999999146794785
"2101",16.025478,1.49998641695645,1.49998013896161,2.2499474798547,4.49988789713398,0.999999142956995
"2102",16.03310918,1.4999863650196,1.49998002544242,2.24994646700097,4.49988654372722,0.999999139089815
"2103",16.04074036,1.49998631288421,1.4999799114828,2.24994545024426,4.49988518509623,0.999999135193024
"2104",16.04837154,1.49998626054952,1.49997979708126,2.24994442957067,4.49988382122261,0.999999131266381
"2105",16.05600272,1.49998620801476,1.49997968223552,2.24994340495158,4.49988245207096,0.999999127309675
"2106",16.0636339,1.49998615527918,1.4999795669444,2.24994237637941,4.49988107763012,0.999999123322646
"2107",16.07126508,1.49998610234201,1.49997945120521,2.24994134381794,4.49987969785581,0.999999119305098
"2108",16.07889626,1.49998604920247,1.49997933501629,2.24994030725091,4.49987831272683,0.999999115256787
"2109",16.08652744,1.49998599585979,1.49997921837629,2.24993926666684,4.49987692222758,0.999999111177452
"2110",16.09415862,1.4999859423132,1.49997910128259,2.24993822203153,4.49987552631606,0.999999107066889
"2111",16.1017898,1.49998588856191,1.49997898373375,2.24993717333203,4.49987412497497,0.999999102924839
"2112",16.10942098,1.49998583460514,1.49997886572772,2.24993612054514,4.49987271817496,0.999999098751063
"2113",16.11705216,1.49998578044212,1.4999787472626,2.24993506364916,4.49987130588864,0.999999094545321
"2114",16.12468334,1.49998572607204,1.49997862833614,2.24993400261652,4.49986988808168,0.999999090307381
"2115",16.13231452,1.49998567149412,1.49997850894696,2.24993293743691,4.49986846473967,0.999999086036969
"2116",16.1399457,1.49998561670756,1.49997838909272,2.24993186808044,4.49986703582562,0.999999081733856
"2117",16.14757688,1.49998556171157,1.49997826877165,2.24993079452883,4.49986560131603,0.999999077397783
"2118",16.15520806,1.49998550650534,1.49997814798153,2.24992971675514,4.49986416117724,0.999999073028508
"2119",16.16283924,1.49998545108808,1.49997802672078,2.24992863474523,4.49986271539039,0.999999068625757
"2120",16.17047042,1.49998539545897,1.4999779049869,2.24992754846676,4.49986126391565,0.9999990641893
"2121",16.1781016,1.4999853396172,1.49997778277822,2.24992645790306,4.49985980673132,0.999999059718862
"2122",16.18573278,1.49998528356197,1.49997766009293,2.24992536303579,4.49985834381366,0.999999055214174
"2123",16.19336396,1.49998522729245,1.49997753692867,2.2499242638349,4.4998568751255,0.999999050674991
"2124",16.20099514,1.49998517080783,1.49997741328354,2.24992316028084,4.49985540064163,0.999999046101041
"2125",16.20862632,1.49998511410729,1.49997728915535,2.24992205234703,4.49985392032885,0.999999041492066
"2126",16.2162575,1.49998505718999,1.49997716454237,2.24992094001653,4.49985243416509,0.999999036847783
"2127",16.22388868,1.49998500005512,1.49997703944225,2.24991982326043,4.49985094211437,0.999999032167935
"2128",16.23151986,1.49998494270183,1.49997691385306,2.24991870205754,4.49984944414969,0.999999027452245
"2129",16.23915104,1.4999848851293,1.49997678777273,2.2499175763846,4.4998479402416,0.999999022700437
"2130",16.24678222,1.49998482733668,1.49997666119925,2.24991644621934,4.49984643036178,0.999999017912231
"2131",16.2544134,1.49998476932314,1.49997653413025,2.24991531153276,4.49984491447416,0.999999013087361
"2132",16.26204458,1.49998471108783,1.499976406564,2.24991417230736,4.49984339255603,0.999999008225531
"2133",16.26967576,1.4999846526299,1.49997627849841,2.24991302852018,4.49984186457813,0.999999003326455
"2134",16.27730694,1.49998459394851,1.49997614993085,2.24991188013681,4.4998403304982,0.999998998389873
"2135",16.28493812,1.49998453504279,1.49997602085965,2.24991072714193,4.49983879029588,0.999998993415475
"2136",16.2925693,1.49998447591189,1.4999758912827,2.24990956951151,4.49983724394084,0.999998988402971
"2137",16.30020048,1.49998441655495,1.4999757611976,2.24990840721618,4.49983569139649,0.99999898335208
"2138",16.30783166,1.4999843569711,1.49997563060225,2.24990724023233,4.49983413263294,0.999998978262507
"2139",16.31546284,1.49998429715949,1.49997549949459,2.24990606853703,4.49983256762108,0.999998973133948
"2140",16.32309402,1.49998423711923,1.49997536787233,2.24990489210307,4.49983099632679,0.999998967966113
"2141",16.3307252,1.49998417684945,1.49997523573345,2.24990371090877,4.4998294187224,0.99999896275869
"2142",16.33835638,1.49998411634928,1.49997510307552,2.24990252492424,4.49982783477064,0.999998957511388
"2143",16.34598756,1.49998405561783,1.49997496989633,2.2499013341238,4.49982624443929,0.999998952223903
"2144",16.35361874,1.49998399465423,1.49997483619395,2.24990013848757,4.49982464770264,0.999998946895913
"2145",16.36124992,1.49998393345757,1.49997470196605,2.24989893798773,4.49982304452588,0.999998941527111
"2146",16.3688811,1.49998387202698,1.49997456721018,2.24989773259447,4.49982143487184,0.999998936117196
"2147",16.37651228,1.49998381036156,1.49997443192444,2.24989652228803,4.49981981871509,0.999998930665837
"2148",16.38414346,1.49998374846041,1.49997429610626,2.24989530703685,4.49981819601633,0.99999892517273
"2149",16.39177464,1.49998368632263,1.49997415975356,2.2498940868181,4.4998165667465,0.999998919637546
"2150",16.39940582,1.49998362394732,1.49997402286389,2.24989286160189,4.49981493086836,0.999998914059972
"2151",16.407037,1.49998356133356,1.49997388543496,2.24989163136227,4.49981328834913,0.999998908439682
"2152",16.41466818,1.49998349848045,1.49997374746485,2.2498903960781,4.49981163916183,0.999998902776333
"2153",16.42229936,1.49998343538706,1.49997360895089,2.24988915571714,4.49980998326629,0.99999889706961
"2154",16.42993054,1.4999833720525,1.49997346989075,2.24988791025207,4.49980832062816,0.999998891319182
"2155",16.43756172,1.49998330847582,1.49997333028219,2.24988665965654,4.49980665121437,0.99999888552471
"2156",16.4451929,1.4999832446561,1.49997319012292,2.24988540390481,4.49980497499233,0.999998879685854
"2157",16.45282408,1.49998318059242,1.49997304941046,2.24988414296673,4.49980329192443,0.99999887380228
"2158",16.46045526,1.49998311628385,1.49997290814264,2.24988287681865,4.49980160198054,0.999998867873636
"2159",16.46808644,1.49998305172944,1.49997276631686,2.24988160542793,4.49979990512017,0.999998861899587
"2160",16.47571762,1.49998298692826,1.49997262393083,2.24988032876899,4.49979820131094,0.999998855879782
"2161",16.4833488,1.49998292187937,1.49997248098231,2.24987904681627,4.49979649052049,0.999998849813861
"2162",16.49097998,1.49998285658181,1.4999723374685,2.24987775953416,4.49979477270488,0.999998843701491
"2163",16.49861116,1.49998279103463,1.49997219338744,2.24987646690262,4.49979304783815,0.999998837542294
"2164",16.50624234,1.4999827252369,1.49997204873633,2.24987516888644,4.49979131587671,0.999998831335929
"2165",16.51387352,1.49998265918763,1.49997190351305,2.24987386546282,4.49978957679139,0.999998825082018
"2166",16.5215047,1.49998259288588,1.4999717577148,2.24987255659604,4.49978783053805,0.999998818780214
"2167",16.52913588,1.49998252633068,1.49997161133933,2.24987124226129,4.4997860770852,0.999998812430141
"2168",16.53676706,1.49998245952105,1.49997146438424,2.24986992243049,4.4997843163975,0.999998806031424
"2169",16.54439824,1.49998239245604,1.49997131684682,2.24986859706983,4.49978254843301,0.999998799583703
"2170",16.55202942,1.49998232513465,1.49997116872469,2.24986726615251,4.49978077315784,0.999998793086594
"2171",16.5596606,1.49998225755592,1.49997102001522,2.24986592964578,4.49977899053128,0.999998786539727
"2172",16.56729178,1.49998218971885,1.49997087071628,2.2498645875277,4.49977720052504,0.9999987799427
"2173",16.57492296,1.49998212162246,1.49997072082466,2.24986323975543,4.49977540308667,0.999998773295162
"2174",16.58255414,1.49998205326576,1.49997057033842,2.24986188630931,4.49977359819066,0.999998766596697
"2175",16.59018532,1.49998198464775,1.49997041925487,2.24986052715701,4.49977178579664,0.999998759846921
"2176",16.5978165,1.49998191576744,1.49997026757123,2.24985916226396,4.49976996586167,0.999998753045451
"2177",16.60544768,1.49998184662382,1.49997011528501,2.24985779160047,4.49976813834861,0.999998746191888
"2178",16.61307886,1.49998177721588,1.49996996239367,2.24985641513704,4.4997663032203,0.999998739285829
"2179",16.62071004,1.49998170754262,1.49996980889477,2.24985503284562,4.49976446044142,0.999998732326862
"2180",16.62834122,1.49998163760302,1.49996965478523,2.24985364468615,4.49976260996268,0.999998725314607
"2181",16.6359724,1.49998156739606,1.49996950006282,2.2498522506344,4.49976075175312,0.999998718248634
"2182",16.64360358,1.49998149692072,1.49996934472474,2.24985085065581,4.49975888576978,0.999998711128541
"2183",16.65123476,1.49998142617598,1.49996918876828,2.24984944471728,4.49975701197147,0.999998703953916
"2184",16.65886594,1.4999813551608,1.49996903219084,2.24984803278822,4.49975513031974,0.999998696724337
"2185",16.66649712,1.49998128387416,1.49996887498977,2.2498466148372,4.49975324077529,0.999998689439381
"2186",16.6741283,1.499981212315,1.49996871716258,2.24984519083472,4.49975134330107,0.999998682098615
"2187",16.68175948,1.4999811404823,1.49996855870615,2.24984376074121,4.4997494378482,0.999998674701631
"2188",16.68939066,1.499981068375,1.49996839961795,2.24984232452675,4.49974752437919,0.99999866724799
"2189",16.69702184,1.49998099599206,1.49996823989521,2.24984088215801,4.49974560285234,0.999998659737258
"2190",16.70465302,1.49998092333243,1.49996807953535,2.24983943360466,4.49974367322963,0.999998652168992
"2191",16.7122842,1.49998085039504,1.49996791853545,2.24983797883025,4.49974173546581,0.999998644542757
"2192",16.71991538,1.49998077717883,1.49996775689271,2.24983651780057,4.49973978951831,0.999998636858112
"2193",16.72754656,1.49998070368274,1.49996759460447,2.24983505048434,4.49973783534785,0.999998629114603
"2194",16.73517774,1.4999806299057,1.49996743166783,2.24983357684543,4.49973587290961,0.999998621311783
"2195",16.74280892,1.49998055584663,1.49996726808008,2.24983209685163,4.49973390216326,0.999998613449194
"2196",16.7504401,1.49998048150446,1.49996710383826,2.2498306104662,4.49973192306314,0.999998605526385
"2197",16.75807128,1.4999804068781,1.49996693893974,2.24982911765752,4.49972993556978,0.999998597542885
"2198",16.76570246,1.49998033196647,1.49996677338136,2.24982761838606,4.49972793963415,0.999998589498242
"2199",16.77333364,1.49998025676847,1.49996660716056,2.24982611262198,4.49972593521874,0.999998581391975
"2200",16.78096482,1.49998018128302,1.49996644027432,2.2498246003273,4.49972392227651,0.999998573223618
"2201",16.788596,1.49998010550901,1.49996627271984,2.24982308146884,4.49972190076587,0.99999856499269
"2202",16.79622718,1.49998002944534,1.49996610449411,2.24982155600857,4.4997198706398,0.999998556698719
"2203",16.80385836,1.49997995309091,1.49996593559411,2.24982002390929,4.49971783185199,0.999998548341225
"2204",16.81148954,1.4999798764446,1.49996576601723,2.24981848514029,4.49971578436395,0.999998539919707
"2205",16.81912072,1.49997979950529,1.49996559576029,2.24981693966134,4.49971372812585,0.999998531433685
"2206",16.8267519,1.49997972227187,1.49996542482031,2.24981538743572,4.49971166309208,0.999998522882667
"2207",16.83438308,1.49997964474321,1.49996525319457,2.24981382843138,4.49970958922242,0.999998514266141
"2208",16.84201426,1.49997956691819,1.49996508087983,2.24981226260675,4.49970750646557,0.999998505583619
"2209",16.84964544,1.49997948879566,1.49996490787304,2.24981068992427,4.49970541477484,0.999998496834597
"2210",16.85727662,1.4999794103745,1.49996473417136,2.24980911034959,4.49970331410736,0.999998488018558
"2211",16.8649078,1.49997933165356,1.49996455977166,2.24980752384314,4.49970120441413,0.999998479134992
"2212",16.87253898,1.4999792526317,1.499964384671,2.24980593036964,4.49969908565109,0.999998470183377
"2213",16.88017016,1.49997917330776,1.49996420886632,2.24980432989065,4.49969695777063,0.999998461163192
"2214",16.88780134,1.4999790936806,1.49996403235438,2.24980272236565,4.49969482072247,0.99999845207392
"2215",16.89543252,1.49997901374904,1.49996385513218,2.24980110775738,4.49969267446036,0.999998442915027
"2216",16.9030637,1.49997893351194,1.49996367719662,2.24979948602768,4.49969051893689,0.999998433685978
"2217",16.91069488,1.49997885296811,1.49996349854465,2.24979785713855,4.49968835410486,0.999998424386235
"2218",16.91832606,1.4999787721164,1.49996331917304,2.24979622104945,4.49968617991406,0.99999841501526
"2219",16.92595724,1.49997869095561,1.49996313907872,2.24979457772244,4.49968399631732,0.999998405572503
"2220",16.93358842,1.49997860948458,1.49996295825826,2.24979292711359,4.49968180326047,0.999998396057427
"2221",16.9412196,1.49997852770211,1.49996277670896,2.24979126919109,4.49967960070353,0.999998386469456
"2222",16.94885078,1.49997844560701,1.49996259442731,2.24978960391015,4.49967738859127,0.999998376808044
"2223",16.95648196,1.49997836319809,1.49996241141013,2.24978793123048,4.49967516687376,0.99999836707263
"2224",16.96411314,1.49997828047415,1.49996222765414,2.24978625111063,4.49967293549979,0.99999835726265
"2225",16.97174432,1.49997819743398,1.49996204315631,2.24978456351414,4.49967069442378,0.999998347377519
"2226",16.9793755,1.49997811407638,1.49996185791304,2.249782868394,4.49966844358793,0.999998337416681
"2227",16.98700668,1.49997803040013,1.4999616719214,2.24978116571469,4.49966618294794,0.999998327379539
"2228",16.99463786,1.49997794640402,1.49996148517815,2.24977945543559,4.49966391245343,0.999998317265506
"2229",17.00226904,1.49997786208682,1.49996129767951,2.2497777375077,4.49966163204411,0.999998307074014
"2230",17.00990022,1.4999777774473,1.49996110942264,2.24977601189625,4.49965934167664,0.99999829680445
"2231",17.0175314,1.49997769248424,1.4999609204039,2.24977427855431,4.49965704129322,0.99999828645623
"2232",17.02516258,1.49997760719639,1.49996073062021,2.24977253744473,4.49965473084743,0.999998276028735
"2233",17.03279376,1.49997752158252,1.49996054006788,2.24977078851881,4.49965241027954,0.999998265521377
"2234",17.04042494,1.49997743564137,1.49996034874373,2.24976903173741,4.49965007954083,0.999998254933532
"2235",17.04805612,1.49997734937171,1.49996015664448,2.24976726705955,4.49964773858048,0.999998244264578
"2236",17.0556873,1.49997726277226,1.49995996376639,2.24976549443613,4.49964538733821,0.999998233513911
"2237",17.06331848,1.49997717584178,1.49995977010628,2.24976371382786,4.49964302576512,0.999998222680891
"2238",17.07094966,1.49997708857899,1.49995957566053,2.24976192518836,4.49964065380409,0.999998211764895
"2239",17.07858084,1.49997700098262,1.49995938042589,2.24976012847678,4.49963827140439,0.999998200765279
"2240",17.08621202,1.49997691305141,1.49995918439873,2.24975832364674,4.49963587850885,0.999998189681407
"2241",17.0938432,1.49997682478406,1.4999589875755,2.24975651065174,4.49963347506025,0.999998178512639
"2242",17.10147438,1.49997673617931,1.4999587899528,2.24975468945029,4.49963106100697,0.999998167258315
"2243",17.10910556,1.49997664723584,1.49995859152708,2.24975285999585,4.49962863629174,0.999998155917784
"2244",17.11673674,1.49997655795238,1.49995839229458,2.24975102223994,4.49962620085489,0.999998144490394
"2245",17.12436792,1.49997646832762,1.4999581922521,2.24974917614288,4.49962375464706,0.999998132975462
"2246",17.1319991,1.49997637836026,1.49995799139582,2.24974732165536,4.49962129760754,0.999998121372328
"2247",17.13963028,1.49997628804898,1.49995778972209,2.24974545872963,4.4996188296776,0.999998109680319
"2248",17.14726146,1.49997619739248,1.49995758722734,2.24974358732029,4.49961635080115,0.999998097898753
"2249",17.15489264,1.49997610638943,1.49995738390802,2.24974170738209,4.49961386092227,0.999998086026939
"2250",17.16252382,1.49997601503851,1.49995717976051,2.24973981886909,4.4996113599842,0.999998074064181
"2251",17.170155,1.49997592333839,1.49995697478091,2.24973792172918,4.49960884792308,0.999998062009798
"2252",17.17778618,1.49997583128773,1.49995676896567,2.24973601591807,4.49960632468401,0.999998049863078
"2253",17.18541736,1.4999757388852,1.49995656231114,2.24973410138847,4.49960379020874,0.999998037623311
"2254",17.19304854,1.49997564612945,1.49995635481328,2.24973217808685,4.49960124443158,0.999998025289801
"2255",17.20067972,1.49997555301912,1.49995614646892,2.24973024597471,4.4995986873046,0.9999980128618
"2256",17.2083109,1.49997545955287,1.49995593727382,2.24972830499546,4.49959611875846,0.999998000338607
"2257",17.21594208,1.49997536572933,1.49995572722427,2.24972635510099,4.49959353873386,0.999997987719492
"2258",17.22357326,1.49997527154714,1.49995551631659,2.24972439624424,4.4995909471728,0.999997975003711
"2259",17.23120444,1.49997517700493,1.4999553045469,2.249722428375,4.49958834401338,0.999997962190527
"2260",17.23883562,1.49997508210131,1.49995509191128,2.24972045144087,4.49958572919144,0.999997949279201
"2261",17.2464668,1.49997498683492,1.49995487840603,2.24971846539583,4.49958310264988,0.999997936268969
"2262",17.25409798,1.49997489120436,1.49995466402721,2.24971647018712,4.4995804643241,0.999997923159079
"2263",17.26172916,1.49997479520824,1.4999544487708,2.2497144657624,4.4995778141497,0.999997909948773
"2264",17.26936034,1.49997469884516,1.49995423263299,2.24971245207265,4.49957515206627,0.999997896637276
"2265",17.27699152,1.49997460211372,1.49995401560991,2.24971042906694,4.49957247801122,0.999997883223811
"2266",17.2846227,1.49997450501252,1.49995379769755,2.24970839669362,4.49956979192094,0.999997869707597
"2267",17.29225388,1.49997440754013,1.49995357889194,2.24970635489977,4.49956709373052,0.999997856087849
"2268",17.29988506,1.49997430969515,1.49995335918898,2.24970430363171,4.49956438337401,0.99999784236378
"2269",17.30751624,1.49997421147614,1.49995313858484,2.24970224283985,4.49956166079036,0.999997828534579
"2270",17.31514742,1.49997411288168,1.49995291707521,2.24970017246691,4.49955892590935,0.999997814599456
"2271",17.3227786,1.49997401391033,1.49995269465641,2.24969809246578,4.49955617867281,0.99999780055758
"2272",17.33040978,1.49997391456065,1.4999524713242,2.24969600277993,4.49955341901151,0.999997786408143
"2273",17.33804096,1.49997381483119,1.49995224707433,2.24969390335278,4.49955064685611,0.999997772150329
"2274",17.34567214,1.49997371472051,1.4999520219029,2.2496917941343,4.4995478621449,0.999997757783295
"2275",17.35330332,1.49997361422714,1.49995179580574,2.24968967506904,4.49954506480989,0.999997743306208
"2276",17.3609345,1.49997351334963,1.49995156877845,2.2496875460979,4.49954225477883,0.999997728718237
"2277",17.36856568,1.4999734120865,1.49995134081731,2.24968540717399,4.49953943199364,0.999997714018508
"2278",17.37619686,1.49997331043628,1.49995111191761,2.24968325823227,4.49953659637515,0.999997699206194
"2279",17.38382804,1.4999732083975,1.49995088207555,2.24968109922464,4.49953374786385,0.999997684280408
"2280",17.39145922,1.49997310596865,1.4999506512867,2.2496789300916,4.49953088638698,0.999997669240293
"2281",17.3990904,1.49997300314827,1.49995041954691,2.24967675077868,4.49952801187762,0.999997654084966
"2282",17.40672158,1.49997289993484,1.49995018685183,2.24967456122741,4.49952512426426,0.99999763881355
"2283",17.41435276,1.49997279632687,1.49994995319709,2.24967236137978,4.49952222347571,0.999997623425158
"2284",17.42198394,1.49997269232285,1.49994971857849,2.24967015118067,4.49951930944436,0.999997607918887
"2285",17.42961512,1.49997258792126,1.49994948299153,2.24966793056926,4.49951638209583,0.999997592293843
"2286",17.4372463,1.49997248312059,1.49994924643199,2.24966569948985,4.49951344136174,0.999997576549109
"2287",17.44487748,1.4999723779193,1.49994900889549,2.2496634578845,4.49951048717106,0.999997560683766
"2288",17.45250866,1.49997227231588,1.49994877037753,2.24966120569229,4.49950751944934,0.999997544696897
"2289",17.46013984,1.49997216630877,1.49994853087381,2.24965894285668,4.49950453812719,0.999997528587562
"2290",17.46777102,1.49997205989644,1.49994829037965,2.24965666931391,4.49950154312674,0.999997512354837
"2291",17.4754022,1.49997195307734,1.49994804889071,2.24965438500659,4.49949853437764,0.999997495997768
"2292",17.48303338,1.49997184584992,1.49994780640252,2.24965208987529,4.49949551180702,0.999997479515401
"2293",17.49066456,1.49997173821261,1.49994756291055,2.2496497838585,4.4994924753398,0.999997462906777
"2294",17.49829574,1.49997163016384,1.49994731841032,2.2496474668969,4.49948942490322,0.999997446170927
"2295",17.50592692,1.49997152170205,1.49994707289694,2.24964513892356,4.49948636041567,0.999997429306891
"2296",17.5135581,1.49997141282566,1.49994682636633,2.24964279988514,4.49948328181157,0.999997412313661
"2297",17.52118928,1.49997130353307,1.49994657881357,2.24964044971464,4.49948018900916,0.999997395190265
"2298",17.52882046,1.49997119382271,1.49994633023389,2.24963808834735,4.49947708192945,0.999997377935711
"2299",17.53645164,1.49997108369296,1.49994608062289,2.24963571572494,4.49947396050091,0.999997360548981
"2300",17.54408282,1.49997097314224,1.49994582997583,2.24963333178248,4.49947082464436,0.999997343029068
"2301",17.551714,1.49997086216893,1.49994557828798,2.24963093645731,4.49946767428299,0.999997325374949
"2302",17.55934518,1.49997075077141,1.49994532555468,2.24962852968551,4.49946450933884,0.999997307585595
"2303",17.56697636,1.49997063894807,1.49994507177079,2.24962611139685,4.49946132972634,0.99999728965999
"2304",17.57460754,1.49997052669728,1.49994481693219,2.24962368153732,4.49945813537906,0.999997271597055
"2305",17.58223872,1.49997041401739,1.4999445610337,2.249621240036,4.49945492621057,0.999997253395758
"2306",17.5898699,1.49997030090678,1.49994430407028,2.24961878682334,4.49945170213621,0.999997235055052
"2307",17.59750108,1.4999701873638,1.49994404603766,2.24961632184343,4.49944846308724,0.999997216573836
"2308",17.60513226,1.49997007338679,1.49994378693041,2.24961384502064,4.49944520897177,0.999997197951065
"2309",17.61276344,1.49996995897409,1.49994352674399,2.24961135629408,4.49944193971527,0.999997179185635
"2310",17.62039462,1.49996984412405,1.49994326547322,2.24960885559299,4.49943865523146,0.999997160276466
"2311",17.6280258,1.49996972883498,1.49994300311342,2.24960634285402,4.49943535544293,0.999997141222443
"2312",17.63565698,1.49996961310521,1.49994273965935,2.24960381800481,4.49943204026161,0.999997122022472
"2313",17.64328816,1.49996949693305,1.49994247510615,2.24960128097964,4.4994287096072,0.999997102675426
"2314",17.65091934,1.49996938031682,1.49994220944885,2.24959873171078,4.49942536339708,0.999997083180175
"2315",17.65855052,1.49996926325482,1.49994194268225,2.24959617012654,4.49942200154394,0.999997063535593
"2316",17.6661817,1.49996914574534,1.49994167480135,2.24959359615871,4.49941862396458,0.999997043740531
"2317",17.67381288,1.49996902778667,1.49994140580102,2.24959100973677,4.49941523057311,0.99999702379384
"2318",17.68144406,1.4999689093771,1.49994113567635,2.24958841079408,4.49941182128813,0.999997003694344
"2319",17.68907524,1.4999687905149,1.49994086442183,2.24958579925431,4.49940839601683,0.999996983440892
"2320",17.69670642,1.49996867119834,1.49994059203257,2.24958317505055,4.49940495467755,0.999996963032292
"2321",17.7043376,1.49996855142569,1.49994031850323,2.24958053810964,4.49940149718122,0.999996942467358
"2322",17.71196878,1.4999684311952,1.49994004382853,2.24957788835802,4.49939802343834,0.9999969217449
"2323",17.71959996,1.49996831050512,1.49993976800329,2.24957522572514,4.4993945333629,0.999996900863703
"2324",17.72723114,1.49996818935369,1.49993949102226,2.24957255013872,4.49939102686684,0.99999687982255
"2325",17.73486232,1.49996806773916,1.49993921288004,2.24956986152357,4.49938750385877,0.999996858620223
"2326",17.7424935,1.49996794565975,1.49993893357113,2.2495671598037,4.49938396424619,0.999996837255492
"2327",17.75012468,1.49996782311369,1.49993865309066,2.24956444491291,4.49938040794833,0.999996815727089
"2328",17.75775586,1.49996770009919,1.49993837143284,2.24956171676996,4.49937683486655,0.99999679403378
"2329",17.76538704,1.49996757661446,1.49993808859227,2.24955897530045,4.4993732449103,0.999996772174301
"2330",17.77301822,1.4999674526577,1.49993780456355,2.24955622042948,4.49936963798839,0.999996750147377
"2331",17.7806494,1.49996732822711,1.49993751934136,2.24955345208349,4.49936601401139,0.999996727951716
"2332",17.78828058,1.49996720332088,1.49993723291998,2.24955067018309,4.49936237288275,0.999996705586036
"2333",17.79591176,1.4999670779372,1.49993694529392,2.24954787465149,4.49935871450915,0.999996683049034
"2334",17.80354294,1.49996695207422,1.49993665645762,2.24954506541177,4.49935503879704,0.999996660339396
"2335",17.81117412,1.49996682573013,1.49993636640566,2.24954224238845,4.49935134565466,0.999996637455792
"2336",17.8188053,1.49996669890309,1.49993607513205,2.24953940549793,4.49934763498048,0.999996614396907
"2337",17.82643648,1.49996657159124,1.49993578263155,2.24953655466721,4.49934390668573,0.999996591161379
"2338",17.83406766,1.49996644379274,1.49993548889825,2.24953368981395,4.49934016067037,0.999996567747864
"2339",17.84169884,1.49996631550573,1.49993519392649,2.24953081085908,4.49933639683837,0.999996544154998
"2340",17.84933002,1.49996618672833,1.49993489771051,2.24952791772202,4.49933261509185,0.999996520381408
"2341",17.8569612,1.49996605745868,1.49993460024458,2.24952501032246,4.49932881533333,0.999996496425708
"2342",17.86459238,1.49996592769489,1.49993430152282,2.2495220885781,4.49932499746285,0.999996472286507
"2343",17.87222356,1.49996579743507,1.49993400153952,2.24951915240932,4.49932116138368,0.999996447962392
"2344",17.87985474,1.49996566667734,1.49993370028875,2.2495162017325,4.4993173069944,0.999996423451951
"2345",17.88748592,1.49996553541977,1.49993339776477,2.24951323646732,4.49931343419749,0.99999639875375
"2346",17.8951171,1.49996540366048,1.4999330939614,2.24951025652701,4.49930954288764,0.999996373866363
"2347",17.90274828,1.49996527139753,1.49993278887283,2.24950726182929,4.49930563296513,0.999996348788335
"2348",17.91037946,1.499965138629,1.49993248249307,2.24950425229031,4.49930170432812,0.999996323518206
"2349",17.91801064,1.49996500535296,1.49993217481609,2.24950122782528,4.4992977568738,0.999996298054504
"2350",17.92564182,1.49996487156746,1.49993186583597,2.24949818835064,4.49929379050083,0.999996272395741
"2351",17.933273,1.49996473727058,1.49993155554658,2.24949513377982,4.49928980510419,0.999996246540425
"2352",17.94090418,1.49996460246034,1.49993124394165,2.24949206402433,4.49928580057668,0.999996220487059
"2353",17.94853536,1.49996446713478,1.4999309310152,2.24948897899949,4.49928177681561,0.999996194234119
"2354",17.95616654,1.49996433129194,1.4999306167611,2.24948587861913,4.49927773371645,0.999996167780072
"2355",17.96379772,1.49996419492984,1.49993030117299,2.24948276279254,4.49927367116942,0.999996141123388
"2356",17.9714289,1.49996405804649,1.49992998424476,2.24947963143397,4.49926958907045,0.999996114262506
"2357",17.97906008,1.49996392063991,1.49992966597015,2.24947648445392,4.49926548731123,0.999996087195864
"2358",17.98669126,1.49996378270809,1.49992934634284,2.2494733217633,4.49926136578375,0.999996059921885
"2359",17.99432244,1.49996364424902,1.49992902535656,2.24947014327249,4.49925722437956,0.999996032438979
"2360",18.00195362,1.49996350526069,1.49992870300467,2.24946694888773,4.49925306298501,0.999996004745557
"2361",18.0095848,1.49996336574108,1.49992837928111,2.24946373852228,4.49924888149513,0.999995976839994
"2362",18.01721598,1.49996322568815,1.49992805417924,2.24946051208196,4.4992446797959,0.999995948720671
"2363",18.02484716,1.49996308509987,1.49992772769279,2.24945726947754,4.49924045777919,0.999995920385942
"2364",18.03247834,1.49996294397419,1.49992739981505,2.24945401061293,4.49923621532887,0.999995891834169
"2365",18.04010952,1.49996280230906,1.49992707053947,2.2494507353949,4.49923195233203,0.999995863063689
"2366",18.0477407,1.49996266010241,1.49992673985982,2.24944744373485,4.49922766868136,0.999995834072809
"2367",18.05537188,1.49996251735218,1.49992640776907,2.24944413553143,4.49922336425444,0.999995804859865
"2368",18.06300306,1.49996237405629,1.49992607426099,2.24944081069654,4.49921903894451,0.999995775423132
"2369",18.07063424,1.49996223021265,1.49992573932853,2.24943746912882,4.49921469262906,0.999995745760917
"2370",18.07826542,1.49996208581917,1.4999254029653,2.2494341107366,4.49921032519722,0.999995715871476
"2371",18.0858966,1.49996194087374,1.49992506516432,2.24943073541996,4.49920593652816,0.99999568575308
"2372",18.09352778,1.49996179537426,1.49992472591897,2.24942734308388,4.49920152650698,0.999995655403968
"2373",18.10115896,1.49996164931862,1.49992438522231,2.2494239336285,4.49919709501301,0.99999562482238
"2374",18.10879014,1.49996150270467,1.49992404306748,2.24942050695573,4.49919264192764,0.999995594006534
"2375",18.11642132,1.4999613555303,1.49992369944784,2.24941706296988,4.49918816713518,0.999995562954623
"2376",18.1240525,1.49996120779336,1.49992335435627,2.24941360156834,4.49918367051171,0.999995531664851
"2377",18.13168368,1.49996105949169,1.49992300778589,2.24941012265219,4.49917915193765,0.999995500135389
"2378",18.13931486,1.49996091062314,1.49992265972962,2.24940662611922,4.49917461128961,0.999995468364407
"2379",18.14694604,1.49996076118555,1.49992231018042,2.24940311186786,4.49917004844481,0.999995436350055
"2380",18.15457722,1.49996061117673,1.49992195913121,2.24939957979614,4.49916546328015,0.99999540409047
"2381",18.1622084,1.49996046059451,1.49992160657525,2.24939602980665,4.49916085567795,0.999995371583753
"2382",18.16983958,1.49996030943669,1.49992125250484,2.2493924617878,4.4991562255035,0.99999533882804
"2383",18.17747076,1.49996015770108,1.49992089691316,2.2493888756409,4.49915157263769,0.999995305821407
"2384",18.18510194,1.49996000538546,1.49992053979283,2.24938527125944,4.49914689695186,0.999995272561938
"2385",18.19273312,1.49995985248762,1.49992018113674,2.24938164854013,4.4991421983214,0.999995239047689
"2386",18.2003643,1.49995969900533,1.49991982093726,2.24937800737225,4.4991374766127,0.999995205276726
"2387",18.20799548,1.49995954493636,1.49991945918755,2.24937434765684,4.49913273170632,0.999995171247056
"2388",18.21562666,1.49995939027847,1.4999190958799,2.24937066928166,4.49912796346682,0.999995136956715
"2389",18.22325784,1.4999592350294,1.49991873100695,2.2493669721402,4.4991231717657,0.999995102403703
"2390",18.23088902,1.4999590791869,1.49991836456131,2.24936325612402,4.49911835647228,0.999995067586006
"2391",18.2385202,1.4999589227487,1.4999179965354,2.24935952112375,4.49911351745453,0.999995032501599
"2392",18.24615138,1.49995876571252,1.49991762692173,2.24935576702962,4.49910865458014,0.999994997148439
"2393",18.25378256,1.49995860807607,1.49991725571276,2.24935199373225,4.49910376771715,0.999994961524463
"2394",18.26141374,1.49995844983707,1.49991688290084,2.24934820111989,4.49909885673087,0.999994925627599
"2395",18.26904492,1.49995829099321,1.49991650847843,2.24934438908234,4.49909392148847,0.999994889455752
"2396",18.2766761,1.49995813154217,1.49991613243763,2.24934055750404,4.4990889618507,0.999994853006825
"2397",18.28430728,1.49995797148164,1.49991575477085,2.24933670627399,4.49908397768381,0.999994816278689
"2398",18.29193846,1.49995781080928,1.49991537547032,2.24933283527919,4.49907896885147,0.999994779269202
"2399",18.29956964,1.49995764952276,1.49991499452807,2.24932894440208,4.49907393521221,0.999994741976221
"2400",18.30720082,1.49995748761974,1.49991461193629,2.24932503352885,4.49906887662883,0.999994704397567
"2401",18.314832,1.49995732509785,1.49991422768735,2.2493211025478,4.49906379296674,0.999994666531039
"2402",18.32246318,1.49995716195473,1.49991384177286,2.24931715133477,4.49905868407658,0.999994628374458
"2403",18.33009436,1.499956998188,1.49991345418504,2.24931317977647,4.49905354982175,0.999994589925587
"2404",18.33772554,1.49995683379528,1.499913064916,2.24930918775703,4.49904839006274,0.99999455118218
"2405",18.34535672,1.49995666877419,1.49991267395742,2.24930517515342,4.49904320465153,0.999994512141996
"2406",18.3529879,1.49995650312231,1.49991228130135,2.24930114184912,4.49903799344773,0.999994472802751
"2407",18.36061908,1.49995633683724,1.49991188693951,2.24929708772222,4.49903275630467,0.999994433162161
"2408",18.36825026,1.49995616991655,1.49991149086379,2.24929301265326,4.4990274930785,0.999994393217911
"2409",18.37588144,1.49995600235782,1.49991109306596,2.24928891652049,4.49902220362282,0.999994352967676
"2410",18.38351262,1.49995583415861,1.49991069353773,2.24928479920199,4.49901688779082,0.99999431240911
"2411",18.3911438,1.49995566531648,1.4999102922705,2.24928066057068,4.49901154542965,0.999994271539865
"2412",18.39877498,1.49995549582895,1.4999098892562,2.24927650050726,4.49900617639581,0.999994230357546
"2413",18.40640616,1.49995532569357,1.49990948448628,2.24927231888555,4.49900078053743,0.999994188859759
"2414",18.41403734,1.49995515490786,1.49990907795228,2.24926811558007,4.49899535770372,0.999994147044087
"2415",18.42166852,1.49995498346934,1.49990866964558,2.24926389046348,4.49898990774147,0.999994104908101
"2416",18.4292997,1.49995481137551,1.49990825955775,2.24925964341029,4.49898443049984,0.999994062449341
"2417",18.43693088,1.49995463862386,1.49990784768013,2.24925537429273,4.49897892582517,0.999994019665334
"2418",18.44456206,1.49995446521189,1.49990743400409,2.24925108298268,4.49897339356341,0.999993976553587
"2419",18.45219324,1.49995429113706,1.49990701852072,2.24924676934781,4.49896783355553,0.999993933111602
"2420",18.45982442,1.49995411639684,1.49990660122147,2.24924243326113,4.49896224564888,0.999993889336837
"2421",18.4674556,1.4999539409887,1.49990618209764,2.24923807459296,4.49895662968768,0.999993845226739
"2422",18.47508678,1.49995376491008,1.4999057611401,2.24923369320792,4.4989509855092,0.999993800778752
"2423",18.48271796,1.49995358815841,1.49990533834002,2.24922928897416,4.49894531295504,0.999993755990285
"2424",18.49034914,1.49995341073113,1.4999049136887,2.24922486176269,4.4989396118702,0.999993710858715
"2425",18.49798032,1.49995323262564,1.49990448717674,2.24922041143276,4.49893388208568,0.999993665381438
"2426",18.5056115,1.49995305383937,1.49990405879549,2.24921593785612,4.49892812344729,0.999993619555782
"2427",18.51324268,1.4999528743697,1.49990362853566,2.24921144089351,4.49892233578795,0.999993573379089
"2428",18.52087386,1.49995269421403,1.49990319638796,2.24920692040625,4.49891651894109,0.999993526848679
"2429",18.52850504,1.49995251336974,1.49990276234348,2.2492023762613,4.49891067274692,0.999993479961827
"2430",18.53613622,1.49995233183418,1.49990232639278,2.24919780831769,4.49890479703617,0.999993432715812
"2431",18.5437674,1.49995214960473,1.49990188852671,2.2491932164379,4.49889889164388,0.999993385107875
"2432",18.55139858,1.49995196667872,1.49990144873581,2.2491886004811,4.4988929564009,0.99999333713525
"2433",18.55902976,1.4999517830535,1.49990100701065,2.24918396030544,4.49888699113699,0.999993288795145
"2434",18.56666094,1.49995159872639,1.49990056334191,2.24917929577146,4.49888099568484,0.999993240084738
"2435",18.57429212,1.49995141369472,1.49990011771986,2.24917460673315,4.49887496986922,0.999993191001204
"2436",18.5819233,1.49995122795578,1.49989967013537,2.24916989305354,4.49886891352573,0.999993141541662
"2437",18.58955448,1.49995104150688,1.4998992205784,2.24916515458168,4.49886282647338,0.999993091703256
"2438",18.59718566,1.4999508543453,1.49989876903952,2.24916039117562,4.49885670854188,0.999993041483071
"2439",18.60481684,1.49995066646831,1.4998983155089,2.24915560268801,4.49885055955444,0.999992990878188
"2440",18.61244802,1.49995047787319,1.49989785997684,2.24915078897329,4.4988443793364,0.999992939885655
"2441",18.6200792,1.49995028855719,1.49989740243361,2.24914594988358,4.49883816771069,0.999992888502502
"2442",18.62771038,1.49995009851756,1.49989694286916,2.24914108526843,4.49883192449669,0.999992836725743
"2443",18.63534156,1.49994990775152,1.49989648127376,2.24913619498138,4.49882564951878,0.999992784552352
"2444",18.64297274,1.4999497162563,1.4998960176372,2.24913127886784,4.49881934259178,0.999992731979304
"2445",18.65060392,1.49994952402912,1.49989555194951,2.24912633677727,4.49881300353518,0.999992679003535
"2446",18.6582351,1.49994933106718,1.49989508420067,2.24912136855889,4.49880663216823,0.999992625621953
"2447",18.66586628,1.49994913736767,1.49989461438041,2.24911637405731,4.49880022830467,0.999992571831458
"2448",18.67349746,1.49994894292777,1.49989414247873,2.24911135312065,4.49879379176265,0.999992517628906
"2449",18.68112864,1.49994874774465,1.49989366848516,2.24910630559165,4.49878732235353,0.999992463011151
"2450",18.68875982,1.49994855181547,1.49989319238956,2.24910123131601,4.49878081989255,0.999992407975003
"2451",18.696391,1.49994835513738,1.49989271418143,2.24909613013493,4.49877428418947,0.999992352517263
"2452",18.70402218,1.49994815770751,1.49989223385041,2.24909100189154,4.49876771505633,0.999992296634698
"2453",18.71165336,1.499947959523,1.4998917513859,2.24908584642489,4.49876111230034,0.99999224032406
"2454",18.71928454,1.49994776058097,1.49989126677741,2.2490806635756,4.49875447573073,0.999992183582067
"2455",18.72691572,1.4999475608785,1.49989078001425,2.24907545318189,4.49874780515363,0.999992126405418
"2456",18.7345469,1.49994736041271,1.49989029108596,2.2490702150845,4.49874110037842,0.999992068790772
"2457",18.74217808,1.49994715918066,1.49988979998155,2.24906494911646,4.49873436120515,0.999992010734788
"2458",18.74980926,1.49994695717944,1.49988930669055,2.24905965511881,4.49872758744347,0.999991952234067
"2459",18.75744044,1.4999467544061,1.49988881120176,2.24905433292052,4.49872077888877,0.999991893285224
"2460",18.76507162,1.4999465508577,1.49988831350451,2.24904898235951,4.49871393534691,0.999991833884811
"2461",18.7727028,1.49994634653126,1.49988781358776,2.24904360326784,4.49870705661692,0.999991774029373
"2462",18.78033398,1.49994614142383,1.49988731144048,2.24903819547695,4.4987001424971,0.999991713715425
"2463",18.78796516,1.4999459355324,1.49988680705158,2.24903275881783,4.4986931927852,0.999991652939454
"2464",18.79559634,1.49994572885399,1.49988630040985,2.24902729311939,4.49868620727652,0.999991591697924
"2465",18.80322752,1.49994552138559,1.4998857915042,2.24902179821238,4.49867918576855,0.999991529987262
"2466",18.8108587,1.49994531312417,1.49988528032332,2.24901627392429,4.49867212805485,0.999991467803873
"2467",18.81848988,1.49994510406672,1.4998847668556,2.24901072007703,4.4986650339225,0.999991405144157
"2468",18.82612106,1.49994489421018,1.49988425109016,2.24900513650485,4.49865790317314,0.999991342004428
"2469",18.83375224,1.4999446835515,1.49988373301506,2.24899952302464,4.49865073558782,0.999991278381042
"2470",18.84138342,1.49994447208762,1.49988321261891,2.24899387946228,4.4986435309583,0.999991214270281
"2471",18.8490146,1.49994425981546,1.49988268989011,2.24898820564009,4.4986362890721,0.999991149668414
"2472",18.85664578,1.49994404673193,1.49988216481711,2.24898250138068,4.49862900971713,0.999991084571672
"2473",18.86427696,1.49994383283393,1.49988163738809,2.24897676650336,4.49862169267733,0.999991018976269
"2474",18.87190814,1.49994361811834,1.49988110759108,2.24897100082413,4.49861433773277,0.999990952878395
"2475",18.87953932,1.49994340258205,1.49988057541465,2.24896520416731,4.49860694467349,0.999990886274176
"2476",18.8871705,1.49994318622191,1.49988004084641,2.24895937634338,4.49859951327281,0.99999081915976
"2477",18.89480168,1.49994296903478,1.49987950387461,2.24895351717116,4.4985920433143,0.999990751531224
"2478",18.90243286,1.49994275101749,1.49987896448715,2.24894762646496,4.498584534576,0.999990683384631
"2479",18.91006404,1.49994253216688,1.49987842267192,2.24894170403849,4.49857698683529,0.999990614716011
"2480",18.91769522,1.49994231247976,1.49987787841658,2.24893574970157,4.498569399865,0.999990545521376
"2481",18.9253264,1.49994209195293,1.49987733170911,2.24892976326922,4.49856177344407,0.999990475796679
"2482",18.93295758,1.49994187058319,1.49987678253682,2.24892374454631,4.49855410733933,0.999990405537881
"2483",18.94058876,1.4999416483673,1.49987623088764,2.24891769334662,4.49854640132835,0.99999033474087
"2484",18.94821994,1.49994142530205,1.49987567674894,2.24891160947509,4.49853865517818,0.999990263401533
"2485",18.95585112,1.49994120138417,1.49987512010816,2.2489054927383,4.49853086865777,0.999990191515715
"2486",18.9634823,1.49994097661042,1.49987456095259,2.24889934294007,4.49852304153279,0.999990119079235
"2487",18.97111348,1.49994075097752,1.49987399926972,2.24889315988708,4.49851517357242,0.999990046087865
"2488",18.97874466,1.4999405244822,1.49987343504663,2.24888694338013,4.49850726453871,0.999989972537361
"2489",18.98637584,1.49994029712114,1.49987286827065,2.24888069322251,4.49849931419694,0.999989898423432
"2490",18.99400702,1.49994006889105,1.49987229892874,2.24887440921332,4.49849132230709,0.999989823741769
"2491",19.0016382,1.49993983978861,1.49987172700793,2.24886809115179,4.49848328862954,0.999989748488022
"2492",19.00926938,1.49993960981047,1.49987115249508,2.24886173883421,4.49847521292112,0.999989672657813
"2493",19.01690056,1.4999393789533,1.49987057537729,2.24885535206115,4.49846709494377,0.999989596246712
"2494",19.02453174,1.49993914721373,1.49986999564107,2.24884893062361,4.49845893444796,0.999989519250287
"2495",19.03216292,1.49993891458839,1.4998694132734,2.24884247431923,4.49845073119233,0.999989441664037
"2496",19.0397941,1.4999386810739,1.49986882826082,2.24883598293981,4.4984424849283,0.999989363483451
"2497",19.04742528,1.49993844666686,1.4998682405898,2.24882945627506,4.49843419540499,0.999989284703981
"2498",19.05505646,1.49993821136385,1.49986765024682,2.24882289411601,4.49842586237293,0.999989205321039
"2499",19.06268764,1.49993797516146,1.49986705721845,2.24881629625281,4.49841748558193,0.999989125329994
"2500",19.07031882,1.49993773805625,1.499866461491,2.2488096624735,4.49840906477903,0.999989044726189
"2501",19.07795,1.49993750004476,1.49986586305055,2.24880299256189,4.49840059970625,0.999988963504938
"2502",19.08558118,1.49993726112354,1.49986526188339,2.24879628630469,4.49839209010921,0.999988881661506
"2503",19.09321236,1.4999370212891,1.49986465797558,2.24878954348462,4.49838353572882,0.999988799191129
"2504",19.10084354,1.49993678053796,1.49986405131322,2.24878276388559,4.49837493630729,0.999988716089
"2505",19.10847472,1.49993653886661,1.49986344188214,2.24877594728713,4.49836629158167,0.999988632350284
"2506",19.1161059,1.49993629627153,1.49986282966829,2.24876909347029,4.49835760129086,0.9999885479701
"2507",19.12373708,1.49993605274921,1.49986221465735,2.24876220221181,4.49834886516868,0.999988462943539
"2508",19.13136826,1.49993580829608,1.49986159683512,2.24875527329042,4.49834008295123,0.999988377265644
"2509",19.13899944,1.49993556290861,1.49986097618712,2.2487483064804,4.49833125436938,0.999988290931428
"2510",19.14663062,1.4999353165832,1.49986035269879,2.24874130155439,4.49832237915212,0.999988203935872
"2511",19.1542618,1.49993506931629,1.49985972635586,2.24873425828959,4.49831345703385,0.999988116273891
"2512",19.16189298,1.49993482110427,1.49985909714331,2.24872717645161,4.49830448773515,0.999988027940403
"2513",19.16952416,1.49993457194353,1.49985846504664,2.24872005581427,4.49829547098634,0.999987938930248
"2514",19.17715534,1.49993432183045,1.49985783005104,2.24871289614537,4.49828640651078,0.999987849238246
"2515",19.18478652,1.49993407076138,1.49985719214173,2.24870569721397,4.49827729403324,0.999987758859164
"2516",19.1924177,1.49993381873268,1.49985655130335,2.24869845878041,4.49826813326799,0.999987667787763
"2517",19.20004888,1.49993356574067,1.49985590752108,2.24869118061249,4.49825892393839,0.999987576018724
"2518",19.20768006,1.49993331178167,1.49985526077982,2.24868386247354,4.49824966576245,0.999987483546699
"2519",19.21531124,1.49993305685199,1.49985461106424,2.24867650412387,4.49824035845453,0.999987390366307
"2520",19.22294242,1.49993280094792,1.49985395835895,2.24866910532221,4.49823100172722,0.999987296472128
"2521",19.2305736,1.49993254406574,1.4998533026486,2.24866166582807,4.49822159529398,0.999987201858687
"2522",19.23820478,1.4999322862017,1.49985264391767,2.24865418539814,4.49821213886497,0.999987106520475
"2523",19.24583596,1.49993202735206,1.49985198215054,2.24864666378747,4.49820263214836,0.999987010451942
"2524",19.25346714,1.49993176751305,1.49985131733137,2.24863910074771,4.49819307484835,0.999986913647501
"2525",19.26109832,1.49993150668089,1.49985064944472,2.24863149603619,4.49818346667592,0.999986816101495
"2526",19.2687295,1.49993124485178,1.49984997847454,2.24862384940083,4.4981738073309,0.999986717808253
"2527",19.27636068,1.49993098202191,1.49984930440482,2.24861616059063,4.49816409651424,0.999986618762053
"2528",19.28399186,1.49993071818746,1.49984862721939,2.24860842935122,4.49815433392312,0.999986518957136
"2529",19.29162304,1.49993045334459,1.49984794690223,2.24860065543094,4.49814451925776,0.999986418387679
"2530",19.29925422,1.49993018748945,1.49984726343712,2.24859283857457,4.49813465221439,0.999986317047825
"2531",19.3068854,1.49992992061817,1.4998465768077,2.248584978525,4.49812473248678,0.999986214931672
"2532",19.31451658,1.49992965272685,1.4998458869976,2.24857707502409,4.4981147597677,0.999986112033271
"2533",19.32214776,1.49992938381162,1.49984519399002,2.24856912780827,4.49810473374323,0.999986008346643
"2534",19.32977894,1.49992911386855,1.49984449776859,2.24856113661937,4.49809465410607,0.999985903865736
"2535",19.33741012,1.49992884289371,1.49984379831642,2.24855310119139,4.49808452053961,0.999985798584474
"2536",19.3450413,1.49992857088317,1.49984309561665,2.24854502125866,4.49807433272761,0.999985692496729
"2537",19.35267248,1.49992829783297,1.49984238965256,2.24853689655755,4.49806409035623,0.999985585596309
"2538",19.36030366,1.49992802373912,1.49984168040702,2.24852872681832,4.49805379310448,0.999985477876995
"2539",19.36793484,1.49992774859765,1.49984096786296,2.24852051177108,4.49804344065116,0.999985369332512
"2540",19.37556602,1.49992747240455,1.49984025200297,2.2485122511419,4.49803303267021,0.999985259956549
"2541",19.3831972,1.4999271951558,1.49983953280986,2.2485039446593,4.49802256883861,0.999985149742727
"2542",19.39082838,1.49992691684737,1.49983881026612,2.2484955920468,4.49801204882729,0.999985038684633
"2543",19.39845956,1.49992663747521,1.49983808435436,2.24848719302912,4.49800147230889,0.999984926775794
"2544",19.40609074,1.49992635703525,1.49983735505678,2.24847874732611,4.49799083894982,0.999984814009699
"2545",19.41372192,1.49992607552342,1.49983662235572,2.24847025465852,4.49798014841794,0.999984700379776
"2546",19.4213531,1.49992579293561,1.49983588623338,2.24846171474416,4.49796940037763,0.999984585879409
"2547",19.42898428,1.49992550926771,1.49983514667178,2.24845312729971,4.49795859449168,0.999984470501927
"2548",19.43661546,1.49992522451561,1.49983440365282,2.24844449203834,4.49794773041896,0.999984354240617
"2549",19.44424664,1.49992493867515,1.49983365715824,2.24843580867137,4.49793680781604,0.999984237088715
"2550",19.45187782,1.49992465174217,1.49983290716993,2.24842707691227,4.49792582634207,0.999984119039386
"2551",19.459509,1.49992436371251,1.49983215366954,2.24841829647044,4.49791478565146,0.999984000085755
"2552",19.46714018,1.49992407458197,1.49983139663842,2.24840946705061,4.49790368539295,0.999983880220905
"2553",19.47477136,1.49992378434634,1.49983063605815,2.24840058836097,4.49789252521955,0.999983759437845
"2554",19.48240254,1.4999234930014,1.49982987190979,2.24839166010184,4.49788130477478,0.999983637729554
"2555",19.49003372,1.49992320054291,1.49982910417474,2.24838268197786,4.49787002370747,0.999983515088933
"2556",19.4976649,1.49992290696661,1.49982833283419,2.24837365369075,4.49785868166293,0.999983391508831
"2557",19.50529608,1.49992261226824,1.49982755786876,2.24836457493379,4.49784727827636,0.999983266982073
"2558",19.51292726,1.49992231644351,1.49982677925932,2.24835544540354,4.49783581318692,0.999983141501406
"2559",19.52055844,1.49992201948811,1.49982599698687,2.24834626479818,4.49782428603585,0.999983015059506
"2560",19.52818962,1.49992172139773,1.49982521103187,2.24833703280788,4.49781269645467,0.999982887649018
"2561",19.5358208,1.49992142216802,1.49982442137482,2.24832774912327,4.49780104407559,0.999982759262523
"2562",19.54345198,1.49992112179463,1.49982362799603,2.2483184134312,4.49778932852638,0.999982629892551
"2563",19.55108316,1.49992082027319,1.49982283087597,2.24830902542188,4.49777754943869,0.999982499531553
"2564",19.55871434,1.49992051759931,1.49982202999461,2.24829958477757,4.49776570643473,0.999982368171949
"2565",19.56634552,1.4999202137686,1.49982122533208,2.24829009118155,4.49775379913818,0.999982235806085
"2566",19.5739767,1.49991990877662,1.49982041686826,2.24828054431468,4.49774182716957,0.999982102426254
"2567",19.58160788,1.49991960261895,1.49981960458299,2.24827094385661,4.49772979014807,0.999981968024684
"2568",19.58923906,1.49991929529112,1.4998187884558,2.24826128948144,4.49771768768647,0.999981832593561
"2569",19.59687024,1.49991898678867,1.49981796846649,2.24825158086815,4.49770551940311,0.999981696124978
"2570",19.60450142,1.49991867710711,1.4998171445942,2.24824181768522,4.49769328490393,0.999981558611008
"2571",19.6121326,1.49991836624193,1.49981631681841,2.2482319996053,4.49768098380003,0.999981420043634
"2572",19.61976378,1.49991805418861,1.49981548511833,2.24822212629835,4.49766861569909,0.99998128041478
"2573",19.62739496,1.49991774094261,1.49981464947278,2.24821219742739,4.49765618020056,0.999981139716333
"2574",19.63502614,1.49991742649937,1.49981380986111,2.24820221266224,4.49764367691232,0.999980997940073
"2575",19.64265732,1.49991711085432,1.49981296626178,2.24819217166123,4.49763110542819,0.999980855077765
"2576",19.6502885,1.49991679400286,1.49981211865353,2.24818207408545,4.49761846534545,0.999980711121085
"2577",19.65791968,1.49991647594039,1.49981126701486,2.24817191959254,4.49760575625727,0.999980566061653
"2578",19.66555086,1.49991615666227,1.49981041132446,2.2481617078418,4.49759297775903,0.999980419891006
"2579",19.67318204,1.49991583616387,1.4998095515604,2.2481514384849,4.49758012943671,0.999980272600643
"2580",19.68081322,1.49991551444052,1.49980868770082,2.24814111117308,4.49756721087592,0.999980124181989
"2581",19.6884444,1.49991519148753,1.49980781972384,2.24813072555765,4.49755422166242,0.999979974626395
"2582",19.69607558,1.49991486730021,1.49980694760741,2.24812028128629,4.49754116137773,0.999979823925149
"2583",19.70370676,1.49991454187385,1.49980607132908,2.24810977800179,4.49752802959734,0.999979672069488
"2584",19.71133794,1.4999142152037,1.49980519086664,2.2480992153494,4.49751482589992,0.999979519050558
"2585",19.71896912,1.49991388728502,1.49980430619763,2.24808859297064,4.4975015498596,0.999979364859445
"2586",19.7266003,1.49991355811304,1.49980341729916,2.24807791050086,4.4974882010431,0.999979209487186
"2587",19.73423148,1.49991322768296,1.49980252414877,2.24806716758025,4.49747477902328,0.999979052924714
"2588",19.74186266,1.49991289598998,1.4998016267234,2.24805636384185,4.497461283364,0.999978895162918
"2589",19.74949384,1.49991256302928,1.49980072499997,2.24804549891688,4.49744771362733,0.999978736192613
"2590",19.75712502,1.499912228796,1.49979981895524,2.24803457243416,4.49743406937234,0.999978576004546
"2591",19.7647562,1.49991189328529,1.499798908566,2.2480235840228,4.49742035015856,0.999978414589379
"2592",19.77238738,1.49991155649226,1.49979799380868,2.24801253330681,4.49740655553937,0.999978251937717
"2593",19.78001856,1.49991121841202,1.49979707465972,2.24800141990919,4.49739268506705,0.999978088040086
"2594",19.78764974,1.49991087903965,1.49979615109534,2.2479902434501,4.49737873829051,0.999977922886943
"2595",19.79528092,1.4999105383702,1.49979522309161,2.24797900354715,4.49736471475555,0.99997775646867
"2596",19.8029121,1.49991019639873,1.49979429062448,2.24796769981618,4.49735061400597,0.999977588775577
"2597",19.81054328,1.49990985312026,1.49979335366977,2.24795633187045,4.49733643558246,0.999977419797895
"2598",19.81817446,1.49990950852979,1.4997924122031,2.24794489932039,4.49732217902239,0.999977249525788
"2599",19.82580564,1.49990916262232,1.49979146620012,2.24793340177583,4.49730784386254,0.999977077949331
"2600",19.83343682,1.4999088153928,1.49979051563596,2.24792183883998,4.49729342963156,0.999976905058546
"2601",19.841068,1.49990846683619,1.49978956048606,2.24791021011954,4.49727893586252,0.999976730843349
"2602",19.84869918,1.49990811694741,1.49978860072527,2.2478985152124,4.49726436207787,0.99997655529361
"2603",19.85633036,1.49990776572138,1.49978763632858,2.24788675371861,4.49724970780268,0.999976378399097
"2604",19.86396154,1.49990741315299,1.49978666727072,2.24787492523346,4.49723497255648,0.999976200149514
"2605",19.87159272,1.4999070592371,1.4997856935264,2.24786302935228,4.49722015585875,0.999976020534471
"2606",19.8792239,1.49990670396858,1.49978471506996,2.24785106566462,4.49720525722211,0.999975839543514
"2607",19.88685508,1.49990634734224,1.49978373187556,2.24783903375716,4.49719027615575,0.999975657166113
"2608",19.89448626,1.4999059893529,1.49978274391762,2.24782693321953,4.4971752121726,0.999975473391628
"2609",19.90211744,1.49990562999536,1.49978175116992,2.2478147636331,4.49716006477542,0.999975288209366
"2610",19.90974862,1.49990526926439,1.49978075360626,2.24780252457789,4.49714483346564,0.999975101608548
"2611",19.9173798,1.49990490715473,1.49977975120031,2.24779021563229,4.49712951774274,0.999974913578303
"2612",19.92501098,1.49990454366112,1.49977874392568,2.2477778363735,4.49711411710478,0.999974724107675
"2613",19.93264216,1.49990417877828,1.49977773175552,2.24776538637196,4.49709863104168,0.999974533185641
"2614",19.94027334,1.49990381250089,1.49977671466313,2.24775286519994,4.49708305904568,0.999974340801072
"2615",19.94790452,1.49990344482363,1.49977569262134,2.24774027242238,4.49706740060021,0.999974146942778
"2616",19.9555357,1.49990307574114,1.49977466560313,2.24772760760619,4.49705165519118,0.999973951599457
"2617",19.96316688,1.49990270524806,1.49977363358123,2.24771487031405,4.49703582229948,0.999973754759733
"2618",19.97079806,1.499902333339,1.49977259652794,2.24770206010325,4.49701990139941,0.999973556412152
"2619",19.97842924,1.49990196000855,1.49977155441566,2.24768917653117,4.49700389196554,0.999973356545159
"2620",19.98606042,1.49990158525127,1.49977050721655,2.2476762191518,4.4969877934684,0.999973155147115
"2621",19.9936916,1.49990120906172,1.49976945490258,2.24766318751598,4.49697160537476,0.999972952206293
"2622",20.00132278,1.49990083143442,1.49976839744556,2.24765008117199,4.49695532714843,0.999972747710875
"2623",20.00895396,1.49990045236388,1.4997673348173,2.24763689966732,4.49693895825231,0.99997254164894
"2624",20.01658514,1.49990007184459,1.49976626698894,2.24762364254082,4.49692249813875,0.999972334008509
"2625",20.02421632,1.499899689871,1.49976519393206,2.24761030933609,4.49690594626616,0.999972124777472
"2626",20.0318475,1.49989930643757,1.49976411561761,2.24759689958778,4.49688930208206,0.999971913943653
"2627",20.03947868,1.49989892153871,1.49976303201652,2.24758341283024,4.49687256503364,0.999971701494775
"2628",20.04710986,1.49989853516883,1.49976194309958,2.24756984859488,4.49685573456471,0.999971487418464
"2629",20.05474104,1.4998981473223,1.49976084883729,2.24755620640933,4.4968388101145,0.999971271702257
"2630",20.06237222,1.49989775799349,1.49975974920022,2.24754248580096,4.49682179112208,0.99997105433358
"2631",20.0700034,1.49989736717673,1.49975864415833,2.24752868628934,4.49680467701698,0.99997083529979
"2632",20.07763458,1.49989697486633,1.49975753368185,2.24751480739627,4.49678746723172,0.999970614588119
"2633",20.08526576,1.49989658105659,1.49975641774065,2.24750084863892,4.49677016119318,0.999970392185709
"2634",20.09289694,1.49989618574177,1.49975529630398,2.24748680952572,4.49675275831755,0.999970168079635
"2635",20.10052812,1.49989578891614,1.49975416934172,2.24747268957194,4.49673525802982,0.999969942256821
"2636",20.1081593,1.49989539057391,1.49975303682287,2.24745848828151,4.49671765974093,0.999969714704132
"2637",20.11579048,1.4998949907093,1.49975189871678,2.24744420516284,4.49669996286741,0.999969485408297
"2638",20.12342166,1.49989458931648,1.499750754992,2.2474298397124,4.49668216681148,0.999969254355985
"2639",20.13105284,1.49989418638961,1.49974960561749,2.24741539143174,4.49666427098155,0.999969021533725
"2640",20.13868402,1.49989378192284,1.49974845056162,2.24740085981421,4.4966462747762,0.999968786927965
"2641",20.1463152,1.49989337591028,1.49974728979265,2.24738624435126,4.49662817759166,0.999968550525045
"2642",20.15394638,1.49989296834603,1.49974612327884,2.24737154453302,4.49660997882292,0.999968312311191
"2643",20.16157756,1.49989255922415,1.49974495098794,2.24735675984375,4.49659167785758,0.999968072272535
"2644",20.16920874,1.4998921485387,1.49974377288783,2.24734188976762,4.49657327408344,0.99996783039509
"2645",20.17683992,1.4998917362837,1.49974258894561,2.24732693377857,4.49655476687585,0.999967586664796
"2646",20.1844711,1.49989132245316,1.49974139912909,2.24731189135891,4.4965361556206,0.999967341067426
"2647",20.19210228,1.49989090704105,1.49974020340493,2.24729676197577,4.49651743968483,0.999967093588704
"2648",20.19973346,1.49989049004134,1.49973900174034,2.24728154510247,4.49649861844357,0.999966844214199
"2649",20.20736464,1.49989007144795,1.49973779410181,2.2472662402025,4.49647969125987,0.999966592929399
"2650",20.21499582,1.4998896512548,1.49973658045589,2.24725084673948,4.49646065749701,0.999966339719667
"2651",20.222627,1.49988922945578,1.49973536076868,2.2472353641708,4.49644151651076,0.999966084570267
"2652",20.23025818,1.49988880604474,1.49973413500652,2.24721979195597,4.49642226765971,0.99996582746632
"2653",20.23788936,1.49988838101554,1.49973290313499,2.24720412954433,4.49640291029005,0.999965568392872
"2654",20.24552054,1.49988795436199,1.49973166511973,2.24718837638508,4.49638344374789,0.999965307334834
"2655",20.25315172,1.49988752607788,1.49973042092643,2.24717253192768,4.49636386737986,0.999965044276983
"2656",20.2607829,1.49988709615699,1.49972917051986,2.247156595609,4.49634418051719,0.99996477920403
"2657",20.26841408,1.49988666459305,1.49972791386529,2.24714056687169,4.49632438249841,0.999964512100516
"2658",20.27604526,1.4998862313798,1.49972665092736,2.24712444514939,4.49630447265118,0.999964242950896
"2659",20.28367644,1.49988579651093,1.49972538167056,2.24710822987399,4.49628445030091,0.999963971739495
"2660",20.29130762,1.49988535998012,1.49972410605925,2.24709192047365,4.49626431476888,0.999963698450519
"2661",20.2989388,1.49988492178101,1.49972282405751,2.24707551637368,4.49624406537273,0.999963423068049
"2662",20.30656998,1.49988448190724,1.49972153562916,2.24705901699459,4.49622370142447,0.999963145576053
"2663",20.31420116,1.4998840403524,1.49972024073773,2.24704242175235,4.49620322223077,0.999962865958377
"2664",20.32183234,1.49988359711008,1.49971893934695,2.24702573006562,4.49618262710156,0.999962584198714
"2665",20.32946352,1.49988315217382,1.49971763141958,2.24700894133935,4.49616191533009,0.999962300280682
"2666",20.3370947,1.49988270553715,1.4997163169188,2.24699205498304,4.49614108621552,0.999962014187731
"2667",20.34472588,1.49988225719358,1.49971499580715,2.24697507039764,4.49612013904648,0.999961725903212
"2668",20.35235706,1.49988180713659,1.49971366804724,2.24695798698445,4.49609907311217,0.999961435410325
"2669",20.35998824,1.49988135535963,1.49971233360119,2.24694080413705,4.49607788769257,0.999961142692161
"2670",20.36761942,1.49988090185612,1.49971099243094,2.24692352124696,4.49605658206514,0.999960847731676
"2671",20.3752506,1.49988044661948,1.49970964449835,2.24690613770334,4.49603515550471,0.999960550511685
"2672",20.38288178,1.49987998964308,1.49970828976498,2.24688865289115,4.49601360728096,0.999960251014875
"2673",20.39051296,1.49987953092027,1.49970692819191,2.24687106618819,4.49599193665502,0.999959949223817
"2674",20.39814414,1.49987907044439,1.49970555974017,2.24685337697115,4.49597014288673,0.999959645120935
"2675",20.40577532,1.49987860820874,1.49970418437059,2.24683558461344,4.4959482252321,0.999959338688514
"2676",20.4134065,1.49987814420658,1.49970280204368,2.2468176884832,4.49592618294086,0.999959029908711
"2677",20.42103768,1.49987767843118,1.49970141271969,2.24679968794547,4.4959040152589,0.999958718763542
"2678",20.42866886,1.49987721087576,1.49970001635854,2.24678158235973,4.49588172142553,0.999958405234896
"2679",20.43630004,1.49987674153351,1.49969861292013,2.24676337108395,4.49585930067851,0.999958089304504
"2680",20.44393122,1.49987627039762,1.49969720236396,2.24674505347148,4.49583675224977,0.999957770953968
"2681",20.4515624,1.49987579746123,1.49969578464916,2.24672662886943,4.49581407536388,0.999957450164755
"2682",20.45919358,1.49987532271746,1.49969435973473,2.24670809662235,4.4957912692425,0.999957126918186
"2683",20.46682476,1.49987484615941,1.49969292757946,2.2466894560723,4.49576833310415,0.999956801195427
"2684",20.47445594,1.49987436778014,1.49969148814176,2.2466707065547,4.49574526615955,0.999956472977517
"2685",20.48208712,1.49987388757271,1.49969004137979,2.24665184740156,4.49572206761527,0.999956142245342
"2686",20.4897183,1.49987340553011,1.49968858725153,2.24663287794187,4.49569873667437,0.999955808979638
"2687",20.49734948,1.49987292164535,1.49968712571464,2.24661379749938,4.49567527253362,0.999955473160999
"2688",20.50498066,1.49987243591138,1.49968565672643,2.24659460539338,4.49565167438436,0.999955134769872
"2689",20.51261184,1.49987194832115,1.49968418024427,2.2465753009423,4.49562794141722,0.999954793786533
"2690",20.52024302,1.49987145886755,1.4996826962246,2.24655588345291,4.4956040728084,0.999954450191152
"2691",20.5278742,1.49987096754347,1.49968120462426,2.24653635223506,4.49558006773833,0.999954103963703
"2692",20.53550538,1.49987047434177,1.49967970539942,2.24651670659066,4.49555592537755,0.999953755084029
"2693",20.54313656,1.49986997925527,1.49967819850612,2.24649694581805,4.4955316448926,0.999953403531812
"2694",20.55076774,1.49986948227678,1.49967668390004,2.24647706921128,4.4955072254447,0.99995304928658
"2695",20.55839892,1.49986898339906,1.49967516153672,2.24645707606077,4.49548266619096,0.999952692327699
"2696",20.5660301,1.49986848261485,1.49967363137129,2.24643696565173,4.49545796628208,0.999952332634381
"2697",20.57366128,1.49986797991688,1.49967209335855,2.24641673726401,4.49543312486242,0.999951970185686
"2698",20.58129246,1.49986747529784,1.49967054745311,2.2463963901745,4.49540814107281,0.999951604960503
"2699",20.58892364,1.49986696875038,1.49966899360916,2.24637592365399,4.4953830140467,0.999951236937567
"2700",20.59655482,1.49986646026714,1.4996674317809,2.24635533697166,4.49535774291596,0.999950866095438
"2701",20.604186,1.49986594984073,1.49966586192181,2.24633462938841,4.4953323268021,0.99995049241253
"2702",20.61181718,1.49986543746371,1.4996642839854,2.24631380016384,4.49530676482528,0.999950115867072
"2703",20.61944836,1.49986492312865,1.49966269792477,2.24629284855098,4.49528105609799,0.99994973643714
"2704",20.62707954,1.49986440682805,1.49966110369261,2.24627177379784,4.49525519972638,0.999949354100643
"2705",20.63471072,1.49986388855441,1.49965950124153,2.24625057515001,4.49522919481401,0.999948968835308
"2706",20.6423419,1.4998633683002,1.49965789052373,2.24622925184746,4.49520304045755,0.999948580618696
"2707",20.64997308,1.49986284605784,1.49965627149089,2.24620780312261,4.49517673574458,0.999948189428213
"2708",20.65760426,1.49986232181975,1.49965464409487,2.24618622820886,4.49515027976416,0.99994779524106
"2709",20.66523544,1.4998617955783,1.49965300828664,2.24616452632858,4.49512367159176,0.999947398034297
"2710",20.67286662,1.49986126732583,1.49965136401724,2.24614269670294,4.49509691030171,0.99994699778479
"2711",20.6804978,1.49986073705466,1.49964971123739,2.24612073854937,4.49506999496375,0.999946594469219
"2712",20.68812898,1.49986020475709,1.49964804989726,2.24609865107665,4.49504292463731,0.999946188064109
"2713",20.69576016,1.49985967042537,1.49964637994685,2.24607643349125,4.49501569837894,0.999945778545789
"2714",20.70339134,1.49985913405172,1.49964470133581,2.24605408499372,4.49498831523828,0.999945365890414
"2715",20.71102252,1.49985859562836,1.49964301401354,2.24603160478116,4.49496077426077,0.999944950073945
"2716",20.7186537,1.49985805514745,1.49964131792904,2.24600899204467,4.49493307448461,0.999944531072168
"2717",20.72628488,1.49985751260113,1.49963961303083,2.24598624596812,4.49490521493938,0.999944108860693
"2718",20.73391606,1.49985696798151,1.49963789926735,2.24596336573386,4.49487719465286,0.999943683414925
"2719",20.74154724,1.49985642128067,1.49963617658665,2.24594035051811,4.49484901264553,0.999943254710085
"2720",20.74917842,1.49985587249066,1.49963444493631,2.24591719949078,4.49482066793023,0.999942822721213
"2721",20.7568096,1.49985532160351,1.49963270426366,2.24589391181738,4.49479215951451,0.999942387423152
"2722",20.76444078,1.49985476861119,1.49963095451575,2.24587048665929,4.49476348640111,0.999941948790547
"2723",20.77207196,1.49985421350567,1.49962919563921,2.24584692317154,4.49473464758504,0.999941506797855
"2724",20.77970314,1.49985365627887,1.49962742758023,2.2458232205027,4.49470564205361,0.999941061419343
"2725",20.78733432,1.4998530969227,1.49962565028478,2.24579937779788,4.49467646878991,0.999940612629074
"2726",20.7949655,1.49985253542901,1.49962386369852,2.24577539419752,4.49464712677161,0.999940160400904
"2727",20.80259668,1.49985197178965,1.49962206776676,2.24575126883619,4.49461761496923,0.999939704708496
"2728",20.81022786,1.49985140599642,1.49962026243408,2.24572700083926,4.49458793234213,0.999939245525332
"2729",20.81785904,1.49985083804109,1.49961844764539,2.2457025893343,4.49455807785266,0.999938782824644
"2730",20.82549022,1.49985026791539,1.49961662334439,2.24567803343409,4.49452805044494,0.999938316579518
"2731",20.8331214,1.49984969561105,1.49961478947535,2.24565333225644,4.49449784906963,0.999937846762769
"2732",20.84075258,1.49984912111974,1.4996129459813,2.24562848490369,4.49446747265842,0.999937373347064
"2733",20.84838376,1.4998485444331,1.49961109280555,2.24560349047963,4.49443692014509,0.999936896304818
"2734",20.85601494,1.49984796554275,1.49960922989072,2.24557834807977,4.4944061904532,0.999936415608253
"2735",20.86364612,1.49984738444027,1.49960735717902,2.24555305679287,4.49437528249833,0.999935931229382
"2736",20.8712773,1.49984680111721,1.49960547461246,2.2455276157041,4.49434419519176,0.999935443139994
"2737",20.87890848,1.4998462155651,1.49960358213257,2.24550202389237,4.49431292743721,0.999934951311665
"2738",20.88653966,1.4998456277754,1.49960167968057,2.24547628043118,4.49428147813195,0.999934455715749
"2739",20.89417084,1.49984503773959,1.49959976719714,2.24545038438663,4.49424984616433,0.999933956323393
"2740",20.90180202,1.49984444544907,1.49959784462276,2.24542433482146,4.4942180304187,0.999933453105508
"2741",20.9094332,1.49984385089524,1.49959591189744,2.24539813079123,4.49418602977075,0.999932946032789
"2742",20.91706438,1.49984325406946,1.4995939689608,2.24537177134593,4.49415384308953,0.999932435075708
"2743",20.92469556,1.49984265496303,1.49959201575203,2.24534525552957,4.49412146923682,0.999931920204508
"2744",20.93232674,1.49984205356726,1.49959005220987,2.24531858237895,4.49408890706574,0.999931401389213
"2745",20.93995792,1.49984144987339,1.49958807827271,2.24529175092624,4.49405615542387,0.999930878599609
"2746",20.9475891,1.49984084387265,1.49958609387887,2.24526476020087,4.49402321315575,0.999930351805232
"2747",20.95522028,1.49984023555623,1.49958409896555,2.24523760921868,4.49399007908899,0.999929820975431
"2748",20.96285146,1.49983962491529,1.49958209347022,2.24521029699662,4.49395675205315,0.999929286079272
"2749",20.97048264,1.49983901194093,1.49958007732951,2.24518282254086,4.49392323086444,0.999928747085619
"2750",20.97811382,1.49983839662426,1.49957805047983,2.24515518485367,4.49388951433454,0.999928203963079
"2751",20.985745,1.49983777895633,1.49957601285709,2.24512738293072,4.49385560126708,0.999927656680023
"2752",20.99337618,1.49983715892814,1.49957396439699,2.24509941576301,4.49382149046031,0.99992710520457
"2753",21.00100736,1.4998365365307,1.49957190503432,2.24507128233022,4.49378718069848,0.999926549504626
"2754",21.00863854,1.49983591175494,1.49956983470394,2.2450429816113,4.49375267076529,0.999925989547816
"2755",21.01626972,1.49983528459179,1.49956775334005,2.2450145125766,4.49371795943393,0.999925425301532
"2756",21.0239009,1.49983465503213,1.49956566087644,2.24498587418986,4.49368304546965,0.999924856732918
"2757",21.03153208,1.4998340230668,1.49956355724646,2.24495706540884,4.4936479276305,0.999924283808862
"2758",21.03916326,1.49983338868661,1.49956144238319,2.24492808518628,4.49361260466865,0.999923706495991
"2759",21.04679444,1.49983275188235,1.49955931621892,2.24489893246463,4.4935770753236,0.999923124760699
"2760",21.05442562,1.49983211264475,1.49955717868575,2.24486960618322,4.49354133833118,0.999922538569102
"2761",21.0620568,1.49983147096451,1.49955502971537,2.24484010527495,4.49350539241962,0.999921947887055
"2762",21.06968798,1.49983082683232,1.49955286923869,2.24481042866201,4.49346923630398,0.999921352680179
"2763",21.07731916,1.4998301802388,1.49955069718651,2.24478057526435,4.4934328686969,0.999920752913801
"2764",21.08495034,1.49982953117455,1.4995485134891,2.24475054399429,4.49339628830165,0.999920148552989
"2765",21.09258152,1.49982887963014,1.49954631807605,2.24472033375494,4.49335949381036,0.999919539562562
"2766",21.1002127,1.49982822559609,1.49954411087688,2.24468994344725,4.49332248391279,0.999918925907037
"2767",21.10784388,1.49982756906289,1.49954189182028,2.24465937196098,4.49328525728492,0.999918307550688
"2768",21.11547506,1.49982691002101,1.49953966083457,2.24462861818044,4.49324781259629,0.999917684457507
"2769",21.12310624,1.49982624846085,1.4995374178477,2.24459768098423,4.49321014850958,0.999917056591202
"2770",21.13073742,1.49982558437281,1.49953516278698,2.24456655924187,4.49317226367644,0.999916423915216
"2771",21.1383686,1.49982491774721,1.49953289557947,2.24453525181904,4.49313415674398,0.999915786392694
"2772",21.14599978,1.49982424857439,1.49953061615131,2.24450375756917,4.4930958263443,0.99991514398653
"2773",21.15363096,1.49982357684459,1.49952832442877,2.24447207534572,4.49305727110989,0.99991449665929
"2774",21.16126214,1.49982290254807,1.49952602033718,2.24444020398975,4.49301848965801,0.999913844373285
"2775",21.16889332,1.49982222567501,1.49952370380134,2.24440814233522,4.49297948059731,0.999913187090539
"2776",21.1765245,1.49982154621558,1.49952137474588,2.24437588921244,4.49294024253221,0.999912524772763
"2777",21.18415568,1.49982086415989,1.49951903309474,2.24434344344222,4.49290077405561,0.999911857381385
"2778",21.19178686,1.49982017949804,1.49951667877121,2.24431080383644,4.49286107374948,0.999911184877554
"2779",21.19941804,1.49981949222006,1.49951431169829,2.24427796920281,4.49282114019081,0.999910507222096
"2780",21.20704922,1.49981880231597,1.49951193179846,2.24424493834047,4.49278097194641,0.999909824375549
"2781",21.2146804,1.49981810977574,1.4995095389935,2.2442117100401,4.4927405675726,0.999909136298151
"2782",21.22231158,1.4998174145893,1.49950713320492,2.24417828308728,4.49269992561973,0.999908442949823
"2783",21.22994276,1.49981671674654,1.49950471435341,2.24414465625669,4.49265904462479,0.999907744290201
"2784",21.23757394,1.49981601623732,1.4995022823595,2.24411082831991,4.49261792312126,0.999907040278582
"2785",21.24520512,1.49981531305145,1.49949983714277,2.24407679803606,4.49257655962726,0.999906330873984
"2786",21.2528363,1.49981460717871,1.4994973786226,2.24404256416051,4.49253495265656,0.999905616035083
"2787",21.26046748,1.49981389860885,1.49949490671759,2.244008125438,4.49249310070999,0.999904895720261
"2788",21.26809866,1.49981318733156,1.49949242134605,2.24397348060875,4.49245100228301,0.999904169887558
"2789",21.27572984,1.49981247333649,1.49948992242558,2.24393862840307,4.49240865585895,0.999903438494708
"2790",21.28336102,1.49981175661328,1.49948740987313,2.24390356754246,4.4923660599105,0.999902701499127
"2791",21.2909922,1.4998110371515,1.49948488360532,2.24386829674307,4.49232321290394,0.999901958857887
"2792",21.29862338,1.4998103149407,1.49948234353802,2.24383281471095,4.49228011329322,0.999901210527747
"2793",21.30625456,1.49980958997036,1.49947978958668,2.24379712014621,4.49223675952514,0.999900456465122
"2794",21.31388574,1.49980886222997,1.49947722166614,2.24376121173926,4.49219315003486,0.999899696626102
"2795",21.32151692,1.49980813170893,1.49947463969058,2.24372508817335,4.49214928324855,0.999898930966438
"2796",21.3291481,1.49980739839663,1.49947204357378,2.2436887481237,4.49210515758304,0.999898159441536
"2797",21.33677928,1.49980666228241,1.49946943322868,2.24365219025539,4.49206077144251,0.999897382006479
"2798",21.34441046,1.49980592335557,1.49946680856796,2.24361541322939,4.49201612322639,0.999896598615977
"2799",21.35204164,1.49980518160536,1.49946416950339,2.24357841569344,4.49197121131793,0.999895809224424
"2800",21.35967282,1.49980443702101,1.49946151594642,2.24354119629158,4.49192603409593,0.999895013785838
"2801",21.367304,1.49980368959169,1.49945884780773,2.24350375365604,4.49188058992491,0.999894212253903
"2802",21.37493518,1.49980293930654,1.49945616499745,2.24346608641231,4.49183487716118,0.99989340458194
"2803",21.38256636,1.49980218615465,1.4994534674252,2.24342819317798,4.49178889415144,0.999892590722908
"2804",21.39019754,1.49980143012507,1.49945075499971,2.24339007255913,4.49174263922835,0.999891770629427
"2805",21.39782872,1.49980067120682,1.49944802762951,2.24335172315776,4.49169611071978,0.999890944253721
"2806",21.4054599,1.49979990938886,1.49944528522211,2.24331314356316,4.49164930693799,0.999890111547679
"2807",21.41309108,1.49979914466012,1.49944252768459,2.24327433235762,4.49160222618676,0.999889272462807
"2808",21.42072226,1.49979837700948,1.49943975492347,2.24323528811558,4.49155486676053,0.999888426950236
"2809",21.42835344,1.49979760642579,1.49943696684452,2.24319600940182,4.49150722694173,0.999887574960728
"2810",21.43598462,1.49979683289784,1.49943416335302,2.24315649477298,4.49145930500314,0.999886716444662
"2811",21.4436158,1.49979605641439,1.49943134435332,2.24311674277468,4.4914110992039,0.999885851352053
"2812",21.45124698,1.49979527696416,1.49942850974944,2.24307675194641,4.49136260779585,0.999884979632513
"2813",21.45887816,1.49979449453582,1.49942565944441,2.2430365208151,4.49131382901539,0.999884101235294
"2814",21.46650934,1.49979370911799,1.49942279334107,2.24299604790387,4.49126476109459,0.999883216109221
"2815",21.47414052,1.49979292069925,1.49941991134125,2.24295533172274,4.49121540224934,0.999882324202756
"2816",21.4817717,1.49979212926816,1.4994170133461,2.24291437077252,4.49116575068425,0.999881425463968
"2817",21.48940288,1.4997913348132,1.49941409925637,2.24287316354735,4.49111580459614,0.999880519840507
"2818",21.49703406,1.49979053732283,1.49941116897194,2.24283170853094,4.49106556216875,0.999879607279633
"2819",21.50466524,1.49978973678546,1.49940822239187,2.24279000419482,4.49101502157115,0.999878687728222
"2820",21.51229642,1.49978893318945,1.49940525941503,2.24274804900763,4.49096418096907,0.999877761132696
"2821",21.5199276,1.49978812652312,1.49940227993899,2.24270584142145,4.4909130385077,0.999876827439118
"2822",21.52755878,1.49978731677475,1.49939928386108,2.24266337988384,4.49086159232698,0.999875886593103
"2823",21.53518996,1.49978650393256,1.4993962710779,2.24262066283215,4.49080984055446,0.999874938539852
"2824",21.54282114,1.49978568798476,1.49939324148494,2.24257768869046,4.49075778130118,0.999873983224175
"2825",21.55045232,1.49978486891947,1.49939019497746,2.24253445587776,4.49070541267229,0.999873020590427
"2826",21.5580835,1.49978404672479,1.49938713144973,2.24249096280088,4.49065273275795,0.999872050582551
"2827",21.56571468,1.49978322138877,1.49938405079542,2.24244720785707,4.49059973963675,0.999871073144062
"2828",21.57334586,1.49978239289943,1.49938095290751,2.24240318943556,4.49054643137738,0.999870088218028
"2829",21.58097704,1.49978156124471,1.49937783767798,2.24235890591188,4.49049280603177,0.999869095747109
"2830",21.58860822,1.49978072641253,1.49937470499857,2.2423143556569,4.49043886164645,0.999868095673488
"2831",21.5962394,1.49977988839076,1.49937155475978,2.24226953702633,4.49038459624908,0.999867087938942
"2832",21.60387058,1.49977904716721,1.49936838685166,2.24222444836925,4.49033000785938,0.999866072484777
"2833",21.61150176,1.49977820272967,1.4993652011634,2.24217908802279,4.49027509448256,0.999865049251861
"2834",21.61913294,1.49977735506587,1.49936199758346,2.24213345431494,4.49021985411241,0.999864018180606
"2835",21.62676412,1.49977650416347,1.49935877599962,2.24208754556334,4.49016428473042,0.999862979210963
"2836",21.6343953,1.49977565001012,1.49935553629866,2.24204136007345,4.49010838430288,0.99986193228244
"2837",21.64202648,1.4997747925934,1.49935227836692,2.2419948961442,4.49005215078827,0.999860877334052
"2838",21.64965766,1.49977393190085,1.49934900208977,2.24194815206147,4.48999558212907,0.999859814304368
"2839",21.65728884,1.49977306791997,1.49934570735173,2.24190112609967,4.48993867625372,0.999858743131492
"2840",21.66492002,1.49977220063819,1.49934239403667,2.24185381652519,4.4898814310808,0.999857663753035
"2841",21.6725512,1.49977133004292,1.49933906202753,2.24180622159136,4.48982384451294,0.99985657610615
"2842",21.68018238,1.4997704561215,1.49933571120667,2.24175833954366,4.48976591444327,0.999855480127484
"2843",21.68781356,1.49976957886124,1.49933234145544,2.24171016861452,4.48970763874878,0.999854375753221
"2844",21.69544474,1.49976869824938,1.49932895265454,2.24166170702682,4.48964901529498,0.999853262919041
"2845",21.70307592,1.49976781427313,1.49932554468362,2.24161295299134,4.48959004193217,0.999852141560147
"2846",21.7107071,1.49976692691964,1.4993221174218,2.24156390470946,4.48953071649964,0.999851011611227
"2847",21.71833828,1.49976603617602,1.49931867074709,2.24151456036984,4.48947103682065,0.999849873006488
"2848",21.72596946,1.49976514202933,1.49931520453685,2.24146491815151,4.48941100070688,0.999848725679618
"2849",21.73360064,1.49976424446656,1.49931171866755,2.24141497622189,4.48935060595574,0.999847569563803
"2850",21.74123182,1.49976334347468,1.49930821301495,2.24136473273824,4.48928985035231,0.999846404591708
"2851",21.748863,1.4997624390406,1.49930468745355,2.24131418584311,4.48922873166329,0.999845230695509
"2852",21.75649418,1.49976153115117,1.49930114185755,2.24126333367313,4.48916724764848,0.999844047806821
"2853",21.76412536,1.4997606197932,1.49929757609972,2.24121217434745,4.48910539604596,0.999842855856781
"2854",21.77175654,1.49975970495345,1.49929399005241,2.24116070597871,4.489043174586,0.999841654775963
"2855",21.77938772,1.49975878661862,1.49929038358686,2.24110892666566,4.48898058098168,0.999840444494425
"2856",21.7870189,1.49975786477537,1.4992867565736,2.24105683449703,4.48891761293403,0.999839224941677
"2857",21.79465008,1.4997569394103,1.49928310888197,2.24100442754689,4.48885426812567,0.999837996046713
"2858",21.80228126,1.49975601050998,1.49927944038068,2.24095170388039,4.48879054422858,0.999836757737962
"2859",21.80991244,1.4997550780609,1.49927575093743,2.24089866154999,4.48872643889899,0.99983550994331
"2860",21.81754362,1.4997541420495,1.49927204041906,2.24084529859606,4.4886619497784,0.999834252590093
"2861",21.8251748,1.49975320246221,1.4992683086915,2.24079161304784,4.48859707449453,0.999832985605084
"2862",21.83280598,1.49975225928535,1.49926455561973,2.24073760292181,4.48853181065944,0.999831708914501
"2863",21.84043716,1.49975131250522,1.49926078106768,2.24068326622141,4.48846615586908,0.999830422444003
"2864",21.84806834,1.49975036210808,1.49925698489847,2.24062860093927,4.48840010770612,0.999829126118673
"2865",21.85569952,1.49974940808011,1.49925316697447,2.24057360505742,4.4883336637404,0.999827819863002
"2866",21.8633307,1.49974845040744,1.49924932715666,2.24051827654129,4.488266821521,0.999826503600939
"2867",21.87096188,1.49974748907617,1.4992454653054,2.24046261334751,4.48819957858633,0.999825177255823
"2868",21.87859306,1.49974652407233,1.49924158128003,2.24040661341944,4.48813193245849,0.999823840750411
"2869",21.88622424,1.49974555538189,1.49923767493875,2.24035027468625,4.48806388064198,0.999822494006882
"2870",21.89385542,1.49974458299078,1.49923374613899,2.24029359506703,4.48799542062899,0.999821136946799
"2871",21.9014866,1.49974360688488,1.49922979473711,2.24023657246657,4.48792654989405,0.999819769491136
"2872",21.90911778,1.49974262705,1.4992258205885,2.24017920477783,4.48785726589708,0.999818391560257
"2873",21.91674896,1.4997416434719,1.49922182354744,2.24012148987952,4.48778756608043,0.999817003073924
"2874",21.92438014,1.4997406561363,1.49921780346734,2.24006342563906,4.4877174478725,0.999815603951275
"2875",21.93201132,1.49973966502885,1.49921376020066,2.24000500991098,4.48764690868599,0.999814194110825
"2876",21.9396425,1.49973867013516,1.49920969359855,2.23994624053439,4.48757594591426,0.999812773470486
"2877",21.94727368,1.49973767144076,1.49920560351142,2.23988711533826,4.4875045569383,0.999811341947516
"2878",21.95490486,1.49973666893115,1.49920148978858,2.2398276321375,4.48743273912181,0.999809899458546
"2879",21.96253604,1.49973566259176,1.49919735227808,2.23976778873128,4.4873604898089,0.999808445919589
"2880",21.97016722,1.49973465240797,1.49919319082732,2.23970758291004,4.48728780633304,0.999806981245978
"2881",21.9777984,1.49973363836512,1.49918900528221,2.23964701244609,4.48721468600514,0.999805505352435
"2882",21.98542958,1.49973262044846,1.4991847954879,2.23958607510122,4.48714112612331,0.999804018153002
"2883",21.99306076,1.4997315986432,1.49918056128838,2.23952476862318,4.4870671239681,0.99980251956107
"2884",22.00069194,1.49973057293452,1.49917630252639,2.23946309074403,4.48699267680074,0.99980100948938
"2885",22.00832312,1.49972954330749,1.49917201904397,2.2394010391859,4.48691778187027,0.999799487849976
"2886",22.0159543,1.49972850974717,1.49916771068163,2.23933861165323,4.48684243640362,0.999797954554258
"2887",22.02358548,1.49972747223854,1.49916337727907,2.23927580583919,4.48676663761399,0.999796409512927
"2888",22.03121666,1.49972643076652,1.49915901867479,2.23921261942183,4.4866903826958,0.999794852636008
"2889",22.03884784,1.499725385316,1.499154634706,2.23914905006393,4.48661366882441,0.999793283832847
"2890",22.04647902,1.49972433587178,1.49915022520912,2.23908509541758,4.48653649316215,0.999791703012068
"2891",22.0541102,1.49972328241861,1.49914579001918,2.23902075311755,4.48645885284979,0.999790110081618
"2892",22.06174138,1.4997222249412,1.49914132897007,2.23895602078479,4.48638074501094,0.999788504948739
"2893",22.06937256,1.49972116342418,1.49913684189469,2.23889089602747,4.48630216675346,0.999786887519945
"2894",22.07700374,1.49972009785213,1.49913232862457,2.23882537643678,4.48622311516411,0.999785257701056
"2895",22.08463492,1.49971902820958,1.49912778899025,2.23875945959192,4.48614358731471,0.999783615397149
"2896",22.0922661,1.49971795448098,1.49912322282097,2.23869314305579,4.48606358025692,0.99978196051259
"2897",22.09989728,1.49971687665074,1.49911862994482,2.23862642437679,4.48598309102443,0.999780292951006
"2898",22.10752846,1.49971579470321,1.49911401018873,2.23855930108893,4.48590211663307,0.999778612615284
"2899",22.11515964,1.49971470862266,1.49910936337837,2.23849177071112,4.48582065407981,0.999776919407571
"2900",22.12279082,1.49971361839332,1.4991046893382,2.23842383074706,4.48573870034284,0.999775213229263
"2901",22.130422,1.49971252399935,1.49909998789152,2.23835547868601,4.48565625238235,0.999773493980998
"2902",22.13805318,1.49971142542486,1.49909525886024,2.2382867120007,4.48557330713796,0.999771761562661
"2903",22.14568436,1.4997103226539,1.49909050206529,2.23821752815041,4.48548986153278,0.999770015873357
"2904",22.15331554,1.49970921567043,1.49908571732605,2.23814792457733,4.48540591246829,0.999768256811433
"2905",22.16094672,1.4997081044584,1.49908090446094,2.23807789871037,4.4853214568298,0.99976648427444
"2906",22.1685779,1.49970698900164,1.49907606328678,2.23800744795969,4.48523649147909,0.999764698159167
"2907",22.17620908,1.49970586928397,1.49907119361955,2.23793656972455,4.48515101326449,0.999762898361579
"2908",22.18384026,1.49970474528911,1.49906629527336,2.23786526138235,4.48506501900694,0.99976108477689
"2909",22.19147144,1.49970361700075,1.49906136806152,2.23779352029983,4.48497850551431,0.999759257299473
"2910",22.19910262,1.4997024844025,1.49905641179592,2.23772134382656,4.48489146957302,0.999757415822898
"2911",22.2067338,1.4997013474779,1.49905142628694,2.23764872929446,4.48480390794737,0.999755560239938
"2912",22.21436498,1.49970020621045,1.49904641134387,2.23757567402123,4.48471581738416,0.999753690442526
"2913",22.22199616,1.49969906058356,1.49904136677449,2.23750217530728,4.48462719460842,0.999751806321779
"2914",22.22962734,1.4996979105806,1.4990362923854,2.23742823043803,4.48453803632661,0.999749907767967
"2915",22.23725852,1.49969675618487,1.49903118798165,2.23735383668068,4.48444833922237,0.999747994670536
"2916",22.2448897,1.49969559737959,1.49902605336709,2.23727899128777,4.4843580999611,0.999746066918072
"2917",22.25252088,1.49969443414795,1.49902088834419,2.23720369149481,4.48426731518701,0.99974412439831
"2918",22.26015206,1.49969326647305,1.49901569271394,2.23712793452014,4.4841759815228,0.999742166998127
"2919",22.26778324,1.49969209433792,1.4990104662759,2.23705171756505,4.48408409556973,0.999740194603542
"2920",22.27541442,1.49969091772555,1.49900520882838,2.23697503781543,4.48399165391005,0.999738207099684
"2921",22.2830456,1.49968973661885,1.49899992016816,2.23689789243884,4.48389865310299,0.999736204370816
"2922",22.29067678,1.49968855100066,1.49899460009075,2.23682027858764,4.48380508968886,0.999734186300299
"2923",22.29830796,1.49968736085377,1.49898924838993,2.23674219339438,4.48371096018299,0.999732152770622
"2924",22.30593914,1.4996861661609,1.4989838648583,2.23666363397641,4.48361626108194,0.999730103663358
"2925",22.31357032,1.49968496690468,1.49897844928699,2.23658459743432,4.48352098886114,0.999728038859167
"2926",22.3212015,1.49968376306772,1.49897300146534,2.23650508084753,4.48342513996954,0.99972595823783
"2927",22.32883268,1.49968255463252,1.49896752118183,2.23642508128436,4.48332871084237,0.999723861678148
"2928",22.33646386,1.49968134158153,1.49896200822272,2.23634459578822,4.48323169788331,0.999721749058058
"2929",22.34409504,1.49968012389715,1.49895646237337,2.23626362139088,4.48313409748177,0.99971962025451
"2930",22.35172622,1.49967890156169,1.49895088341735,2.23618215510339,4.48303590600105,0.999717475143537
"2931",22.3593574,1.49967767455739,1.4989452711366,2.2361001939177,4.48293711978047,0.999715313600232
"2932",22.36698858,1.49967644286645,1.4989396253118,2.23601773481072,4.48283773514061,0.999713135498704
"2933",22.37461976,1.49967520647097,1.49893394572199,2.2359347747401,4.4827377483778,0.999710940712109
"2934",22.38225094,1.499673965353,1.49892823214454,2.23585131064412,4.48263715576407,0.999708729112642
"2935",22.38988212,1.49967271949452,1.49892248435537,2.23576733944407,4.48253595355014,0.999706500571505
"2936",22.3975133,1.49967146887744,1.49891670212872,2.23568285804181,4.48243413796226,0.999704254958925
"2937",22.40514448,1.4996702134836,1.49891088523744,2.23559786332209,4.48233170520538,0.99970199214412
"2938",22.41277566,1.49966895329477,1.49890503345264,2.23551235215056,4.48222865146022,0.999699711995311
"2939",22.42040684,1.49966768829265,1.49889914654372,2.23542632137241,4.48212497288189,0.999697414379725
"2940",22.42803802,1.49966641845888,1.49889322427852,2.23533976781516,4.48202066560322,0.999695099163561
"2941",22.4356692,1.49966514377501,1.49888726642345,2.23525268828885,4.48191572573522,0.99969276621198
"2942",22.44330038,1.49966386422254,1.49888127274296,2.23516507958192,4.48181014936148,0.999690415389131
"2943",22.45093156,1.49966257978289,1.49887524300011,2.23507693846587,4.48170393254451,0.999688046558107
"2944",22.45856274,1.4996612904374,1.49886917695604,2.23498826169095,4.48159707131982,0.999685659580964
"2945",22.46619392,1.49965999616737,1.4988630743704,2.23489904598956,4.48148956170066,0.999683254318691
"2946",22.4738251,1.49965869695399,1.49885693500101,2.23480928807328,4.48138139967391,0.999680830631224
"2947",22.48145628,1.49965739277841,1.49885075860408,2.23471898463539,4.48127258120341,0.999678388377413
"2948",22.48908746,1.49965608362169,1.49884454493403,2.23462813234866,4.48116310222717,0.999675927415033
"2949",22.49671864,1.49965476946481,1.49883829374353,2.23453672786554,4.48105295865757,0.999673447600775
"2950",22.50434982,1.49965345028871,1.49883200478353,2.23444476781934,4.48094214638275,0.999670948790227
"2951",22.511981,1.49965212607423,1.4988256778033,2.23435224882369,4.4808306612662,0.999668430837863
"2952",22.51961218,1.49965079680214,1.49881931255025,2.23425916747154,4.48071849914515,0.99966589359705
"2953",22.52724336,1.49964946245314,1.49881290876998,2.23416552033501,4.48060565583053,0.999663336920035
"2954",22.53487454,1.49964812300787,1.49880646620627,2.23407130396578,4.48049212710751,0.999660760657934
"2955",22.54250572,1.49964677844688,1.49879998460111,2.23397651489541,4.4803779087357,0.99965816466072
"2956",22.5501369,1.49964542875064,1.49879346369495,2.23388114963712,4.48026299645183,0.999655548777192
"2957",22.55776808,1.49964407389957,1.49878690322585,2.23378520467853,4.48014738595987,0.99965291285504
"2958",22.56539926,1.49964271387399,1.49878030293043,2.23368867649031,4.48003107294255,0.999650256740748
"2959",22.57303044,1.49964134865416,1.49877366254333,2.23359156152085,4.47991405305439,0.999647580279638
"2960",22.58066162,1.49963997822026,1.49876698179735,2.23349385619812,4.47979632192406,0.999644883315839
"2961",22.5882928,1.49963860255239,1.49876026042315,2.2333955569262,4.47967787514986,0.999642165692312
"2962",22.59592398,1.4996372216306,1.49875349814988,2.23329666009181,4.47955870830833,0.999639427250776
"2963",22.60355516,1.49963583543482,1.49874669470448,2.23319716205739,4.47943881694501,0.999636667831767
"2964",22.61118634,1.49963444394494,1.49873984981193,2.23309705916382,4.47931819657811,0.999633887274597
"2965",22.61881752,1.49963304714076,1.49873296319555,2.23299634773291,4.47919684270181,0.999631085417322
"2966",22.6264487,1.499631645002,1.49872603457639,2.23289502406171,4.47907475077879,0.999628262096787
"2967",22.63407988,1.49963023750831,1.49871906367369,2.23279308442679,4.47895191624573,0.999625417148572
"2968",22.64171106,1.49962882463926,1.49871205020461,2.23269052508237,4.47882833451087,0.999622550407001
"2969",22.64934224,1.49962740637434,1.49870499388438,2.2325873422606,4.47870400095458,0.999619661705126
"2970",22.65697342,1.49962598269295,1.498697894426,2.23248353216977,4.4785789109267,0.999616750874738
"2971",22.6646046,1.49962455357445,1.49869075154081,2.23237909099931,4.47845305975328,0.999613817746301
"2972",22.67223578,1.49962311899808,1.49868356493776,2.23227401491237,4.47832644272692,0.999610862149018
"2973",22.67986696,1.49962167894302,1.49867633432374,2.2321683000505,4.47819905511253,0.999607883910776
"2974",22.68749814,1.49962023338837,1.49866905940389,2.2320619425347,4.47807089214924,0.999604882858117
"2975",22.69512932,1.49961878231314,1.49866173988084,2.23195493845948,4.47794194904215,0.99960185881629
"2976",22.7027605,1.49961732569629,1.4986543754553,2.23184728389843,4.47781222096975,0.999598811609187
"2977",22.71039168,1.49961586351665,1.498646965826,2.23173897490263,4.47768170308211,0.99959574105934
"2978",22.71802286,1.49961439575301,1.49863951068908,2.23163000749642,4.47755039049481,0.99959264698796
"2979",22.72565404,1.49961292238408,1.49863200973911,2.23152037768578,4.47741827830045,0.999589529214832
"2980",22.73328522,1.49961144338846,1.49862446266791,2.23141008144798,4.47728536155467,0.999586387558417
"2981",22.7409164,1.49960995874468,1.49861686916542,2.23129911473928,4.47715163528645,0.999583221835755
"2982",22.74854758,1.49960846843121,1.49860922891932,2.23118747349196,4.47701709449411,0.999580031862487
"2983",22.75617876,1.49960697242641,1.49860154161512,2.23107515361451,4.47688173414572,0.999576817452839
"2984",22.76380994,1.49960547070857,1.49859380693595,2.23096215099034,4.47674554917714,0.999573578419625
"2985",22.77144112,1.49960396325589,1.4985860245628,2.23084846147948,4.47660853449442,0.999570314574215
"2986",22.7790723,1.49960245004651,1.49857819417421,2.23073408091617,4.47647068497062,0.999567025726549
"2987",22.78670348,1.49960093105845,1.49857031544669,2.23061900511223,4.47633199545021,0.999563711685089
"2988",22.79433466,1.49959940626968,1.49856238805417,2.23050322985282,4.47619246074343,0.999560372256851
"2989",22.80196584,1.49959787565806,1.49855441166852,2.23038675090064,4.47605207563182,0.999557007247348
"2990",22.80959702,1.49959633920138,1.49854638595901,2.23026956399092,4.47591083486172,0.999553616460632
"2991",22.8172282,1.49959479687736,1.49853831059275,2.23015166483564,4.47576873314983,0.999550199699231
"2992",22.82485938,1.49959324866359,1.4985301852343,2.23003304912028,4.47562576517864,0.999546756764176
"2993",22.83249056,1.49959169453763,1.49852200954588,2.22991371250549,4.47548192559892,0.999543287454969
"2994",22.84012174,1.49959013447691,1.49851378318741,2.22979365062717,4.47533720902981,0.999539791569569
"2995",22.84775292,1.4995885684588,1.49850550581632,2.22967285909564,4.47519161005747,0.999536268904385
"2996",22.8553841,1.49958699646058,1.49849717708737,2.22955133349289,4.47504512323169,0.999532719254294
"2997",22.86301528,1.49958541845942,1.49848879665324,2.22942906937878,4.47489774307405,0.999529142412563
"2998",22.87064646,1.49958383443244,1.4984803641638,2.22930606228434,4.47474946406882,0.999525538170904
"2999",22.87827764,1.49958224435665,1.4984718792666,2.22918230771593,4.4746002806687,0.999521906319418
"3000",22.88590882,1.49958064820898,1.49846334160659,2.2290578011529,4.47445018729168,0.999518246646603
"3001",22.89354,1.49957904596626,1.49845475082617,2.22893253804821,4.47429917832173,0.999514558939341
"3002",22.90117118,1.49957743760526,1.49844610656522,2.22880651382831,4.47414724810878,0.999510842982875
"3003",22.90880236,1.49957582310262,1.49843740846092,2.22867972389215,4.47399439096721,0.999507098560814
"3004",22.91643354,1.49957420243493,1.49842865614811,2.22855216361379,4.47384060117963,0.999503325455086
"3005",22.92406472,1.49957257557868,1.49841984925869,2.22842382833749,4.47368587298992,0.999499523445979
"3006",22.9316959,1.49957094251025,1.4984109874222,2.22829471338292,4.47353020061049,0.999495692312071
"3007",22.93932708,1.49956930320596,1.49840207026535,2.22816481404068,4.47337357821616,0.999491831830259
"3008",22.94695826,1.49956765764201,1.49839309741225,2.22803412557465,4.47321599994733,0.999487941775727
"3009",22.95458944,1.49956600579454,1.49838406848428,2.22790264322084,4.47305745990835,0.999484021921935
"3010",22.96222062,1.49956434763958,1.49837498309997,2.22777036218605,4.4728979521659,0.999480072040625
"3011",22.9698518,1.49956268315307,1.49836584087551,2.22763727765288,4.47273747075544,0.999476091901751
"3012",22.97748298,1.49956101231087,1.49835664142396,2.22750338477251,4.4725760096718,0.999472081273539
"3013",22.98511416,1.49955933508873,1.49834738435563,2.22736867866802,4.47241356287336,0.999468039922438
"3014",22.99274534,1.49955765146232,1.4983380692783,2.2272331544366,4.47225012428523,0.999463967613081
"3015",23.00037652,1.49955596140722,1.49832869579661,2.22709680714379,4.47208568779135,0.999459864108333
"3016",23.0080077,1.49955426489891,1.49831926351252,2.22695963182825,4.47192024724095,0.99945572916922
"3017",23.01563888,1.49955256191278,1.49830977202513,2.22682162349935,4.47175379644534,0.999451562554943
"3018",23.02327006,1.49955085242411,1.49830022093072,2.22668277713819,4.47158632917922,0.999447364022852
"3019",23.03090124,1.49954913640813,1.4982906098224,2.22654308769446,4.47141783917643,0.99944313332846
"3020",23.03853242,1.49954741383992,1.49828093829071,2.22640255009155,4.47124832013684,0.999438870225376
"3021",23.0461636,1.49954568469451,1.49827120592298,2.22626115922096,4.47107776571887,0.999434574465346
"3022",23.05379478,1.4995439489468,1.49826141230368,2.22611890994551,4.47090616954373,0.999430245798206
"3023",23.06142596,1.49954220657163,1.49825155701438,2.22597579709908,4.47073352519508,0.999425883971863
"3024",23.06905714,1.49954045754372,1.49824163963329,2.22583181548252,4.47055982621358,0.999421488732329
"3025",23.07668832,1.49953870183769,1.49823165973606,2.22568695987078,4.47038506610626,0.999417059823623
"3026",23.0843195,1.49953693942808,1.49822161689496,2.22554122500551,4.47020923833686,0.999412596987837
"3027",23.09195068,1.49953517028933,1.4982115106792,2.22539460559827,4.47003233632991,0.999408099965082
"3028",23.09958186,1.49953339439578,1.49820134065502,2.22524709633128,4.46985435347179,0.999403568493465
"3029",23.10721304,1.49953161172166,1.4981911063855,2.22509869185525,4.46967528310787,0.999399002309094
"3030",23.11484422,1.49952982224113,1.49818080743045,2.22494938678912,4.46949511854206,0.999394401146066
"3031",23.1224754,1.49952802592822,1.49817044334669,2.2247991757228,4.46931385304042,0.999389764736418
"3032",23.13010658,1.49952622275688,1.49816001368767,2.22464805321253,4.46913147982518,0.999385092810159
"3033",23.13773776,1.49952441270097,1.49814951800373,2.22449601378469,4.46894799207951,0.999380385095214
"3034",23.14536894,1.49952259573422,1.49813895584191,2.22434305193334,4.46876338294442,0.999375641317431
"3035",23.15300012,1.49952077183028,1.49812832674604,2.22418916212139,4.46857764552028,0.999370861200551
"3036",23.1606313,1.49951894096271,1.49811763025656,2.22403433877886,4.46839077286439,0.999366044466211
"3037",23.16826248,1.49951710310495,1.49810686591073,2.22387857630488,4.46820275799373,0.999361190833899
"3038",23.17589366,1.49951525823035,1.49809603324241,2.22372186906588,4.46801359388252,0.99935630002096
"3039",23.18352484,1.49951340631215,1.49808513178201,2.22356421139491,4.46782327346123,0.999351371742585
"3040",23.19115602,1.49951154732349,1.49807416105662,2.22340559759326,4.46763178961876,0.999346405711775
"3041",23.1987872,1.49950968123742,1.49806312058998,2.22324602192967,4.46743913520146,0.999341401639324
"3042",23.20641838,1.49950780802688,1.49805200990218,2.22308547863843,4.46724530301038,0.999336359233834
"3043",23.21404956,1.49950592766469,1.4980408285101,2.22292396192271,4.46705028580592,0.999331278201647
"3044",23.22168074,1.49950404012359,1.49802957592703,2.22276146595181,4.46685407630393,0.999326158246865
"3045",23.22931192,1.49950214537622,1.49801825166263,2.22259798486012,4.46665666717449,0.999320999071338
"3046",23.2369431,1.49950024339509,1.49800685522308,2.22243351274938,4.46645805104474,0.999315800374619
"3047",23.24457428,1.49949833415262,1.49799538611115,2.22226804368848,4.46625822049878,0.999310561853951
"3048",23.25220546,1.49949641762114,1.49798384382575,2.22210157171038,4.46605716807335,0.999305283204277
"3049",23.25983664,1.49949449377284,1.49797222786233,2.22193409081518,4.46585488626202,0.999299964118189
"3050",23.26746782,1.49949256257984,1.49796053771269,2.22176559496835,4.46565136751284,0.999294604285928
"3051",23.275099,1.49949062401413,1.49794877286476,2.22159607809939,4.46544660422642,0.999289203395377
"3052",23.28273018,1.4994886780476,1.49793693280306,2.22142553410578,4.46524058876123,0.999283761131995
"3053",23.29036136,1.49948672465204,1.49792501700819,2.22125395684802,4.465033313427,0.99927827717886
"3054",23.29799254,1.49948476379913,1.49791302495697,2.22108134015174,4.46482477048749,0.999272751216614
"3055",23.30562372,1.49948279546043,1.49790095612253,2.22090767780794,4.46461495216074,0.99926718292345
"3056",23.3132549,1.49948081960741,1.49788880997414,2.22073296357186,4.46440385061762,0.999261571975095
"3057",23.32088608,1.49947883621142,1.49787658597718,2.22055719116272,4.46419145798138,0.999255918044799
"3058",23.32851726,1.49947684524371,1.49786428359324,2.2203803542646,4.46397776632888,0.999250220803299
"3059",23.33614844,1.4994748466754,1.49785190227984,2.22020244652407,4.4637627676874,0.999244479918828
"3060",23.34377962,1.49947284047753,1.49783944149083,2.220023461554,4.46354645403956,0.999238695057049
"3061",23.3514108,1.49947082662101,1.49782690067595,2.21984339292922,4.46332881731775,0.99923286588108
"3062",23.35904198,1.49946880507664,1.49781427928083,2.21966223418716,4.4631098494047,0.999226992051472
"3063",23.36667316,1.49946677581513,1.49780157674731,2.21947997883046,4.4628895421372,0.999221073226148
"3064",23.37430434,1.49946473880704,1.49778879251308,2.21929662032402,4.4626678873018,0.999215109060424
"3065",23.38193552,1.49946269402285,1.49777592601164,2.21911215209439,4.4624448766344,0.999209099206986
"3066",23.3895667,1.49946064143292,1.49776297667252,2.21892656753226,4.46222050182318,0.999203043315843
"3067",23.39719788,1.4994585810075,1.49774994392105,2.21873985999023,4.46199475450574,0.999196941034331
"3068",23.40482906,1.49945651271671,1.49773682717838,2.21855202278292,4.46176762626927,0.999190792007085
"3069",23.41246024,1.49945443653058,1.49772362586157,2.21836304918825,4.46153910865216,0.999184595876004
"3070",23.42009142,1.49945235241901,1.49771033938321,2.21817293244381,4.46130919313917,0.99917835228027
"3071",23.4277226,1.49945026035179,1.49769696715186,2.21798166575121,4.46107787116709,0.999172060856274
"3072",23.43535378,1.4994481602986,1.49768350857171,2.21778924227237,4.46084513412005,0.999165721237634
"3073",23.44298496,1.49944605222899,1.49766996304247,2.21759565512995,4.4606109733296,0.999159333055171
"3074",23.45061614,1.49944393611242,1.49765632995965,2.21740089740853,4.46037538007672,0.999152895936864
"3075",23.45824732,1.49944181191821,1.49764260871434,2.21720496215371,4.46013834559042,0.999146409507842
"3076",23.4658785,1.49943967961557,1.49762879869313,2.21700784237089,4.45989986104594,0.999139873390375
"3077",23.47350968,1.49943753917359,1.49761489927824,2.216809531027,4.45965991756716,0.999133287203824
"3078",23.48114086,1.49943539056127,1.49760090984734,2.21661002104886,4.45941850622443,0.999126650564642
"3079",23.48877204,1.49943323374744,1.49758682977356,2.21640930532303,4.45917561803426,0.999119963086346
"3080",23.49640322,1.49943106870087,1.49757265842557,2.21620737669681,4.45893124396063,0.999113224379483
"3081",23.5040344,1.49942889539016,1.49755839516725,2.21600422797593,4.45868537491184,0.99910643405163
"3082",23.51166558,1.49942671378383,1.49754403935796,2.21579985192609,4.45843800174266,0.999099591707356
"3083",23.51929676,1.49942452385025,1.49752959035254,2.21559424127371,4.45818911525515,0.999092696948178
"3084",23.52692794,1.4994223255577,1.49751504750084,2.21538738870204,4.45793870619348,0.999085749372593
"3085",23.53455912,1.49942011887431,1.49750041014813,2.21517928685402,4.45768676524784,0.999078748576007
"3086",23.5421903,1.4994179037681,1.497485677635,2.21496992833237,4.45743328305431,0.999071694150718
"3087",23.54982148,1.49941568020698,1.49747084929702,2.2147593056965,4.45717825019084,0.99906458568592
"3088",23.55745266,1.49941344815873,1.49745592446503,2.21454741146479,4.45692165718022,0.99905742276765
"3089",23.56508384,1.49941120759099,1.49744090246506,2.21433423811422,4.4566634944896,0.999050204978768
"3090",23.57271502,1.49940895847131,1.49742578261815,2.21411977807927,4.45640375252885,0.999042931898943
"3091",23.5803462,1.4994067007671,1.49741056424028,2.21390402375079,4.45614242164918,0.99903560310464
"3092",23.58797738,1.49940443444564,1.49739524664271,2.21368696747941,4.45587949214758,0.999028218169047
"3093",23.59560856,1.49940215947408,1.49737982913142,2.21346860157094,4.45561495426057,0.999020776662111
"3094",23.60323974,1.49939987581948,1.49736431100738,2.21324891828825,4.45534879816684,0.999013278150482
"3095",23.61087092,1.49939758344874,1.49734869156666,2.21302790985317,4.45508101398956,0.999005722197461
"3096",23.6185021,1.49939528232865,1.49733297009986,2.21280556844093,4.454811591789,0.998998108363047
"3097",23.62613328,1.49939297242587,1.49731714589262,2.21258188618488,4.45454052156891,0.998990436203843
"3098",23.63376446,1.49939065370693,1.4973012182254,2.21235685517497,4.45426779327423,0.99898270527305
"3099",23.64139564,1.49938832613824,1.4972851863733,2.21213046745632,4.45399339678925,0.998974915120455
"3100",23.64902682,1.49938598968608,1.49726904960607,2.21190271502877,4.45371732193703,0.99896706529241
"3101",23.656658,1.49938364431659,1.49725280718822,2.21167358984891,4.45343955848192,0.998959155331773
"3102",23.66428918,1.4993812899958,1.49723645837887,2.21144308382828,4.45316009612719,0.998951184777906
"3103",23.67192036,1.49937892668961,1.4972200024318,2.2112111888337,4.45287892451558,0.998943153166637
"3104",23.67955154,1.49937655436378,1.49720343859522,2.21097789668645,4.45259603322779,0.998935060030245
"3105",23.68718272,1.49937417298394,1.4971867661118,2.21074319916157,4.45231141178188,0.998926904897435
"3106",23.6948139,1.49937178251559,1.49716998421881,2.21050708798985,4.45202504963561,0.998918687293282
"3107",23.70244508,1.4993693829241,1.49715309214794,2.21026955485583,4.45173693618396,0.998910406739232
"3108",23.71007626,1.49936697417473,1.49713608912512,2.21003059139725,4.45144706075812,0.998902062753069
"3109",23.71770744,1.49936455623257,1.49711897437074,2.20979018920616,4.45115541262706,0.998893654848881
"3110",23.72533862,1.4993621290626,1.49710174709947,2.20954833982826,4.45086198099656,0.998885182537024
"3111",23.7329698,1.49935969262967,1.49708440652022,2.20930503476197,4.45056675500797,0.998876645324116
"3112",23.74060098,1.49935724689848,1.49706695183602,2.20906026545844,4.45026972373805,0.998868042712996
"3113",23.74823216,1.49935479183362,1.4970493822442,2.20881402332234,4.44997087620009,0.998859374202685
"3114",23.75586334,1.49935232739951,1.49703169693615,2.20856629971038,4.4496702013419,0.998850639288373
"3115",23.76349452,1.49934985356048,1.49701389509741,2.20831708593244,4.44936768804715,0.998841837461372
"3116",23.7711257,1.49934737028068,1.49699597590738,2.20806637324888,4.44906332513178,0.998832968209117
"3117",23.77875688,1.49934487752416,1.49697793853964,2.20781415287333,4.44875710134773,0.998824031015101
"3118",23.78638806,1.49934237525481,1.49695978216162,2.20756041597042,4.4484490053798,0.998815025358864
"3119",23.79401924,1.4993398634364,1.49694150593469,2.20730515365632,4.44813902584633,0.998805950715961
"3120",23.80165042,1.49933734203254,1.496923109014,2.20704835699825,4.44782715129838,0.998796806557929
"3121",23.8092816,1.49933481100672,1.49690459054859,2.20679001701443,4.44751337021989,0.998787592352256
"3122",23.81691278,1.49933227032229,1.49688594968127,2.20653012467396,4.44719767102716,0.998778307562347
"3123",23.82454396,1.49932971994246,1.49686718554845,2.20626867089588,4.44688004206762,0.998768951647507
"3124",23.83217514,1.4993271598303,1.49684829728038,2.20600564655019,4.44656047162138,0.998759524062882
"3125",23.83980632,1.49932458994873,1.49682928400066,2.20574104245512,4.44623894789705,0.998750024259477
"3126",23.8474375,1.49932201026054,1.49681014482681,2.20547484938133,4.44591545903778,0.998740451684046
"3127",23.85506868,1.49931942072838,1.49679087886964,2.205207058047,4.44558999311434,0.998730805779137
"3128",23.86269986,1.49931682131475,1.49677148523345,2.20493765911993,4.44526253812787,0.998721085983022
"3129",23.87033104,1.49931421198201,1.49675196301608,2.20466664321756,4.44493308201004,0.998711291729661
"3130",23.87796222,1.49931159269239,1.49673231130861,2.20439400090502,4.44460161262023,0.998701422448691
"3131",23.8855934,1.49930896340795,1.49671252919559,2.20411972269736,4.44426811774842,0.998691477565364
"3132",23.89322458,1.49930632409064,1.49669261575468,2.20384379905622,4.44393258511079,0.99868145650055
"3133",23.90085576,1.49930367470223,1.49667257005697,2.20356622039343,4.44359500235437,0.998671358670655
"3134",23.90848694,1.49930101520438,1.49665239116657,2.2032869770667,4.44325535705131,0.998661183487638
"3135",23.91611812,1.49929834555857,1.49663207814076,2.20300605938212,4.44291363670204,0.998650930358946
"3136",23.9237493,1.49929566572615,1.49661163002987,2.20272345759278,4.44256982873344,0.998640598687489
"3137",23.93138048,1.49929297566834,1.49659104587728,2.20243916189906,4.44222392049912,0.998630187871599
"3138",23.93901166,1.49929027534619,1.49657032471942,2.20215316244883,4.44187589927963,0.998619697304992
"3139",23.94664284,1.49928756472061,1.49654946558547,2.20186544933493,4.44152575227909,0.998609126376759
"3140",23.95427402,1.49928484375236,1.49652846749763,2.20157601259835,4.44117346662917,0.998598474471289
"3141",23.9619052,1.49928211240205,1.49650732947079,2.20128484222454,4.44081902938433,0.998587740968274
"3142",23.96953638,1.49927937063014,1.49648605051265,2.20099192814566,4.44046242752459,0.998576925242647
"3143",23.97716756,1.49927661839695,1.49646462962363,2.20069726023932,4.4401036479539,0.998566026664548
"3144",23.98479874,1.49927385566264,1.49644306579672,2.20040082832809,4.43974267749918,0.998555044599303
"3145",23.99242992,1.49927108238722,1.49642135801762,2.20010262218016,4.43937950291147,0.998543978407365
"3146",24.0000611,1.49926829853054,1.4963995052645,2.19980263150851,4.43901411086435,0.998532827444288
"3147",24.00769228,1.49926550405233,1.49637750650807,2.19950084597067,4.43864648795399,0.998521591060692
"3148",24.01532346,1.49926269891212,1.49635536071129,2.1991972551674,4.43827662069682,0.998510268602235
"3149",24.02295464,1.49925988306933,1.49633306682966,2.19889184864485,4.43790449553271,0.998498859409547
"3150",24.03058582,1.49925705648319,1.49631062381089,2.19858461589209,4.43753009882143,0.998487362818216
"3151",24.038217,1.49925421911281,1.49628803059508,2.19827554634282,4.43715341684492,0.998475778158725
"3152",24.04584818,1.49925137091711,1.49626528611438,2.19796462937301,4.43677443580396,0.998464104756447
"3153",24.05347936,1.49924851185488,1.49624238929317,2.19765185430218,4.4363931418199,0.998452341931574
"3154",24.06111054,1.49924564188475,1.49621933904782,2.19733721039237,4.43600952093308,0.998440488999098
"3155",24.06874172,1.49924276096518,1.49619613428673,2.19702068684765,4.4356235591022,0.99842854526877
"3156",24.0763729,1.49923986905448,1.49617277391037,2.19670227281566,4.4352352422063,0.998416510045031
"3157",24.08400408,1.4992369661108,1.49614925681097,2.19638195738495,4.43484455604097,0.998404382627015
"3158",24.09163526,1.49923405209215,1.49612558187269,2.19605972958625,4.43445148632013,0.998392162308476
"3159",24.09926644,1.49923112695635,1.4961017479714,2.19573557839156,4.43405601867465,0.998379848377763
"3160",24.10689762,1.49922819066108,1.49607775397466,2.19540949271365,4.4336581386515,0.998367440117781
"3161",24.1145288,1.49922524316386,1.49605359874181,2.19508146140755,4.43325783171587,0.998354936805918
"3162",24.12215998,1.49922228442203,1.49602928112367,2.194751473268,4.43285508324742,0.998342337714046
"3163",24.12979116,1.49921931439279,1.49600479996261,2.19441951703002,4.43244987854118,0.998329642108458
"3164",24.13742234,1.49921633303317,1.49598015409243,2.19408558136919,4.43204220280759,0.998316849249822
"3165",24.14505352,1.49921334030003,1.49595534233835,2.19374965490082,4.43163204117147,0.998303958393146
"3166",24.1526847,1.49921033615008,1.495930363517,2.19341172618032,4.43121937867243,0.998290968787721
"3167",24.16031588,1.49920732053985,1.49590521643616,2.19307178370175,4.43080420026265,0.9982778796771
"3168",24.16794706,1.49920429342573,1.49587989989482,2.19272981589834,4.43038649080769,0.99826469029904
"3169",24.17557824,1.49920125476391,1.49585441268324,2.19238581114295,4.42996623508686,0.998251399885445
"3170",24.18320942,1.49919820451045,1.49582875358259,2.1920397577462,4.42954341779065,0.998238007662349
"3171",24.1908406,1.49919514262121,1.49580292136502,2.19169164395652,4.42911802352065,0.998224512849867
"3172",24.19847178,1.49919206905191,1.49577691479388,2.19134145796241,4.42869003679272,0.998210914662101
"3173",24.20610296,1.49918898375809,1.495750732623,2.19098918788732,4.42825944202956,0.998197212307184
"3174",24.21373414,1.49918588669512,1.49572437359737,2.19063482179482,4.42782622356807,0.998183404987135
"3175",24.22136532,1.4991827778182,1.49569783645248,2.19027834768401,4.42739036565262,0.998169491897893
"3176",24.2289965,1.49917965708237,1.49567111991451,2.1899197534913,4.42695185243762,0.998155472229226
"3177",24.23662768,1.49917652444248,1.49564422270024,2.18955902708959,4.42651066798621,0.998141345164702
"3178",24.24425886,1.49917337985324,1.49561714351708,2.18919615628921,4.42606679627139,0.998127109881617
"3179",24.25189004,1.49917022326917,1.49558988106278,2.18883112883586,4.42562022117324,0.998112765550976
"3180",24.25952122,1.4991670546446,1.49556243402539,2.1884639324104,4.42517092647834,0.998098311337445
"3181",24.2671524,1.49916387393372,1.49553480108341,2.18809455463046,4.42471889588206,0.998083746399274
"3182",24.27478358,1.49916068109053,1.49550698090545,2.18772298304807,4.424264112985,0.998069069888276
"3183",24.28241476,1.49915747606885,1.49547897215037,2.18734920515105,4.42380656129496,0.998054280949757
"3184",24.29004594,1.49915425882234,1.49545077346702,2.18697320836119,4.4233462242243,0.998039378722486
"3185",24.29767712,1.49915102930448,1.49542238349444,2.18659498003621,4.42288308509241,0.998024362338613
"3186",24.3053083,1.49914778746856,1.49539380086132,2.18621450746581,4.42241712712027,0.998009230923674
"3187",24.31293948,1.49914453326771,1.49536502418636,2.18583177787506,4.42194833343493,0.997993983596486
"3188",24.32057066,1.49914126665487,1.49533605207811,2.18544677842289,4.42147668706743,0.997978619469108
"3189",24.32820184,1.49913798758282,1.49530688313464,2.18505949620051,4.42100217095036,0.997963137646819
"3190",24.33583302,1.49913469600414,1.49527751594385,2.18466991823343,4.42052476792064,0.99794753722802
"3191",24.3434642,1.49913139187124,1.49524794908298,2.18427803147872,4.42004446071558,0.99793181730423
"3192",24.35109538,1.49912807513635,1.49521818111887,2.18388382282692,4.41956123197533,0.997915976959992
"3193",24.35872656,1.49912474575152,1.49518821060781,2.18348727910118,4.41907506424177,0.997900015272827
"3194",24.36635774,1.49912140366861,1.49515803609516,2.18308838705485,4.41858593995477,0.997883931313225
"3195",24.37398892,1.49911804883931,1.4951276561157,2.18268713337468,4.4180938414567,0.997867724144522
"3196",24.3816201,1.49911468121513,1.4950970691933,2.1822835046781,4.4175987509885,0.997851392822894
"3197",24.38925128,1.49911130074737,1.49506627384092,2.18187748751396,4.41710065069053,0.99783493639728
"3198",24.39688246,1.49910790738717,1.49503526856043,2.18146906836144,4.416599522601,0.997818353909346
"3199",24.40451364,1.49910450108549,1.49500405184275,2.18105823363141,4.41609534865765,0.997801644393392
"3200",24.41214482,1.49910108179307,1.49497262216746,2.18064496966387,4.41558811069412,0.997784806876346
"3201",24.419776,1.49909764946051,1.49494097800293,2.18022926272929,4.41507779044165,0.997767840377671
"3202",24.42740718,1.49909420403819,1.49490911780612,2.17981109902751,4.41456436952738,0.997750743909325
"3203",24.43503836,1.4990907454763,1.49487704002271,2.17939046468872,4.41404782947577,0.997733516475681
"3204",24.44266954,1.49908727372487,1.49484474308665,2.17896734577102,4.4135281517048,0.997716157073509
"3205",24.45030072,1.49908378873371,1.49481222542043,2.17854172826255,4.41300531752892,0.997698664691873
"3206",24.4579319,1.49908029045246,1.49477948543483,2.17811359807972,4.41247930815653,0.997681038312096
"3207",24.46556308,1.49907677883056,1.49474652152875,2.1776829410667,4.411950104689,0.99766327690771
"3208",24.47319426,1.49907325381727,1.49471333208925,2.17724974299605,4.41141768812138,0.997645379444377
"3209",24.48082544,1.49906971536164,1.49467991549149,2.1768139895685,4.41088203934215,0.997627344879828
"3210",24.48845662,1.49906616341254,1.49464627009842,2.17637566641088,4.41034313912999,0.997609172163832
"3211",24.4960878,1.49906259791865,1.49461239426107,2.17593475907926,4.40980096815806,0.997590860238079
"3212",24.50371898,1.49905901882843,1.49457828631803,2.17549125305486,4.40925550698819,0.997572408036182
"3213",24.51135016,1.49905542609018,1.49454394459565,2.1750451337462,4.40870673607372,0.997553814483571
"3214",24.51898134,1.49905181965199,1.49450936740787,2.17459638648833,4.4081546357582,0.997535078497442
"3215",24.52661252,1.49904819946174,1.49447455305604,2.17414499654175,4.4075991862738,0.997516198986709
"3216",24.5342437,1.49904456546713,1.49443949982899,2.17369094909331,4.40704036774244,0.997497174851913
"3217",24.54187488,1.49904091761566,1.49440420600271,2.17323422925451,4.4064781601731,0.99747800498519
"3218",24.54950606,1.49903725585462,1.49436866984055,2.17277482206301,4.40591254346403,0.997458688270171
"3219",24.55713724,1.49903358013111,1.49433288959283,2.1723127124806,4.40534349739944,0.99743922358195
"3220",24.56476842,1.49902989039204,1.494296863497,2.17184788539454,4.40477100165151,0.997419609786985
"3221",24.5723996,1.4990261865841,1.49426058977727,2.17138032561536,4.40419503577689,0.997399845743074
"3222",24.58003078,1.49902246865378,1.49422406664476,2.17091001787833,4.40361557921872,0.997379930299251
"3223",24.58766196,1.49901873654738,1.49418729229726,2.17043694684233,4.40303261130496,0.997359862295734
"3224",24.59529314,1.49901499021099,1.49415026491913,2.16996109708933,4.40244611124723,0.997339640563866
"3225",24.60292432,1.49901122959049,1.49411298268131,2.16948245312506,4.40185605814188,0.997319263926026
"3226",24.6105555,1.49900745463157,1.49407544374108,2.16900099937771,4.40126243096783,0.99729873119558
"3227",24.61818668,1.4990036652797,1.49403764624211,2.16851672019854,4.40066520858719,0.997278041176795
"3228",24.62581786,1.49899986148016,1.49399958831415,2.16802959986069,4.40006436974355,0.997257192664787
"3229",24.63344904,1.498996043178,1.49396126807319,2.16753962255991,4.39945989306276,0.997236184445433
"3230",24.64108022,1.49899221031809,1.49392268362098,2.16704677241249,4.3988517570498,0.997215015295329
"3231",24.6487114,1.49898836284506,1.4938838330454,2.16655103345762,4.39823994009202,0.997193683981675
"3232",24.65634258,1.49898450070336,1.49384471441999,2.16605238965507,4.3976244204556,0.997172189262238
"3233",24.66397376,1.49898062383721,1.4938053258039,2.16555082488507,4.39700517628518,0.997150529885277
"3234",24.67160494,1.49897673219063,1.49376566524198,2.1650463229492,4.396382185605,0.997128704589449
"3235",24.67923612,1.49897282570742,1.49372573076442,2.164538867569,4.3957554263167,0.997106712103754
"3236",24.6868673,1.49896890433118,1.49368552038685,2.16402844238638,4.39512487619973,0.997084551147451
"3237",24.69449848,1.49896496800528,1.49364503211003,2.16351503096236,4.39449051290932,0.99706222043
"3238",24.70212966,1.4989610166729,1.49360426391994,2.16299861677841,4.39385231397823,0.997039718650958
"3239",24.70976084,1.49895705027697,1.49356321378739,2.16247918323367,4.39321025681258,0.997017044499946
"3240",24.71739202,1.49895306876024,1.49352187966832,2.16195671364799,4.39256431869596,0.996994196656517
"3241",24.7250232,1.49894907206522,1.4934802595033,2.16143119125873,4.39191447678478,0.996971173790126
"3242",24.73265438,1.49894506013421,1.49343835121759,2.1609025992217,4.39126070810923,0.996947974560035
"3243",24.74028556,1.4989410329093,1.49339615272106,2.1603709206112,4.39060298957327,0.996924597615229
"3244",24.74791674,1.49893699033235,1.49335366190795,2.15983613841917,4.38994129795307,0.996901041594344
"3245",24.75554792,1.498932932345,1.4933108766568,2.1592982355546,4.3892756098961,0.996877305125598
"3246",24.7631791,1.49892885888868,1.49326779483038,2.15875719484402,4.38860590192161,0.996853386826694
"3247",24.77081028,1.49892476990458,1.49322441427565,2.15821299903172,4.38793215042059,0.996829285304728
"3248",24.77844146,1.49892066533369,1.49318073282318,2.15766563077629,4.38725433165067,0.996804999156176
"3249",24.78607264,1.49891654511677,1.49313674828785,2.15711507265575,4.38657242174336,0.996780526966698
"3250",24.79370382,1.49891240919435,1.49309245846787,2.15656130716195,4.38588639669558,0.996755867311169
"3251",24.801335,1.49890825750673,1.49304786114523,2.15600431670353,4.38519623237388,0.996731018753524
"3252",24.80896618,1.498904089994,1.4930029540853,2.1554440836042,4.38450190451163,0.996705979846708
"3253",24.81659736,1.49889990659601,1.49295773503693,2.15488059010387,4.38380338871047,0.996680749132563
"3254",24.82422854,1.4988957072524,1.49291220173198,2.15431381835597,4.38310066043619,0.996655325141789
"3255",24.83185972,1.49889149190256,1.4928663518856,2.15374375043003,4.38239369502224,0.996629706393803
"3256",24.8394909,1.49888726048567,1.4928201831958,2.15317036830952,4.38168246766627,0.996603891396691
"3257",24.84712208,1.49888301294067,1.49277369334336,2.15259365389129,4.38096695342925,0.996577878647126
"3258",24.85475326,1.49887874920627,1.49272687999184,2.15201358898688,4.38024712723705,0.996551666630248
"3259",24.86238444,1.49887446922095,1.49267974078745,2.15143015532181,4.3795229638791,0.996525253819584
"3260",24.87001562,1.49887017292295,1.49263227335875,2.15084333453445,4.37879443800656,0.996498638676981
"3261",24.8776468,1.49886586025031,1.49258447531655,2.15025310817564,4.37806152413161,0.996471819652511
"3262",24.88527798,1.49886153114078,1.49253634425397,2.14965945771016,4.37732419662915,0.996444795184352
"3263",24.89290916,1.49885718553193,1.49248787774603,2.14906236451427,4.37658242973313,0.996417563698739
"3264",24.90054034,1.49885282336105,1.49243907334977,2.14846180987716,4.3758361975383,0.996390123609838
"3265",24.90817152,1.49884844456523,1.49238992860396,2.14785777499989,4.37508547399842,0.996362473319667
"3266",24.9158027,1.49884404908129,1.49234044102901,2.14725024099528,4.37433023292594,0.996334611218004
"3267",24.92343388,1.49883963684584,1.49229060812672,2.14663918888693,4.37357044799014,0.996306535682305
"3268",24.93106506,1.49883520779523,1.49224042738036,2.14602459961043,4.37280609271874,0.99627824507758
"3269",24.93869624,1.49883076186557,1.49218989625443,2.14540645401234,4.37203714049615,0.996249737756313
"3270",24.94632742,1.49882629899276,1.49213901219435,2.14478473284889,4.37126356456121,0.996221012058388
"3271",24.9539586,1.49882181911241,1.49208777262657,2.14415941678764,4.37048533800937,0.996192066310952
"3272",24.96158978,1.49881732215992,1.49203617495835,2.14353048640612,4.36970243379046,0.996162898828341
"3273",24.96922096,1.49881280807044,1.49198421657747,2.14289792219118,4.36891482470745,0.996133507911989
"3274",24.97685214,1.49880827677887,1.4919318948523,2.14226170453998,4.36812248341756,0.996103891850304
"3275",24.98448332,1.49880372821986,1.49187920713152,2.14162181375858,4.36732538242994,0.99607404891859
"3276",24.9921145,1.49879916232783,1.49182615074394,2.14097823006208,4.36652349410555,0.996043977378944
"3277",24.99974568,1.49879457903694,1.4917727229985,2.14033093357471,4.36571679065707,0.996013675480139
"3278",25.00737686,1.49878997828111,1.49171892118402,2.13967990432924,4.36490524414765,0.995983141457536
"3279",25.01500804,1.49878535999399,1.49166474256902,2.13902512226666,4.36408882649016,0.995952373532981
"3280",25.02263922,1.498780724109,1.49161018440158,2.13836656723557,4.36326750944608,0.995921369914707
"3281",25.0302704,1.49877607055931,1.4915552439093,2.13770421899332,4.36244126462666,0.995890128797201
"3282",25.03790158,1.49877139927782,1.49149991829894,2.13703805720381,4.36161006348955,0.995858648361142
"3283",25.04553276,1.4987667101972,1.49144420475652,2.13636806143928,4.36077387734109,0.99582692677325
"3284",25.05316394,1.49876200324984,1.49138810044692,2.13569421117835,4.35993267733302,0.995794962186216
"3285",25.06079512,1.49875727836791,1.49133160251379,2.13501648580641,4.35908643446276,0.995762752738581
"3286",25.0684263,1.49875253548328,1.49127470807951,2.13433486461567,4.3582351195733,0.99573029655462
"3287",25.07605748,1.49874777452759,1.49121741424493,2.13364932680491,4.35737870335226,0.995697591744235
"3288",25.08368866,1.49874299543224,1.49115971808914,2.13295985147844,4.35651715633012,0.995664636402864
"3289",25.09131984,1.49873819812832,1.49110161666948,2.13226641764705,4.35565044888139,0.995631428611337
"3290",25.09895102,1.49873338254671,1.49104310702118,2.13156900422638,4.35477855122174,0.995597966435802
"3291",25.1065822,1.498728548618,1.49098418615735,2.13086759003812,4.35390143340942,0.995564247927577
"3292",25.11421338,1.49872369627253,1.49092485106873,2.13016215380873,4.35301906534305,0.995530271123061
"3293",25.12184456,1.49871882544037,1.49086509872355,2.12945267416962,4.3521314167616,0.995496034043612
"3294",25.12947574,1.49871393605133,1.4908049260674,2.12873912965742,4.35123845724425,0.995461534695415
"3295",25.13710692,1.49870902803497,1.49074433002295,2.12802149871247,4.35034015620805,0.9954267710694
"3296",25.1447381,1.49870410132056,1.49068330748981,2.12729975967948,4.34943648290823,0.995391741141105
"3297",25.15236928,1.49869915583711,1.49062185534443,2.12657389080732,4.34852740643781,0.995356442870553
"3298",25.16000046,1.49869419151337,1.49055997043991,2.12584387024879,4.34761289572663,0.99532087420214
"3299",25.16763164,1.49868920827782,1.49049764960566,2.12510967605946,4.34669291953945,0.995285033064531
"3300",25.17526282,1.49868420605867,1.49043488964759,2.12437128619982,4.34576744647866,0.995248917370486
"3301",25.182894,1.49867918478385,1.49037168734742,2.12362867853159,4.3448364449784,0.995212525016823
"3302",25.19052518,1.49867414438103,1.49030803946296,2.12288183082074,4.34389988330866,0.995175853884215
"3303",25.19815636,1.49866908477761,1.4902439427276,2.12213072073502,4.34295772957133,0.995138901837121
"3304",25.20578754,1.4986640059007,1.49017939385044,2.12137532584557,4.34200995170203,0.99510166672362
"3305",25.21341872,1.49865890767715,1.49011438951579,2.12061562362528,4.3410565174673,0.99506414637532
"3306",25.2210499,1.49865379003352,1.4900489263831,2.11985159144862,4.34009739446404,0.995026338607229
"3307",25.22868108,1.49864865289612,1.48998300108694,2.11908320659299,4.33913255012102,0.99498824121759
"3308",25.23631226,1.49864349619095,1.4899166102365,2.11831044623649,4.3381619516951,0.994949851987805
"3309",25.24394344,1.49863831984376,1.4898497504157,2.11753328745938,4.33718556627309,0.994911168682261
"3310",25.25157462,1.49863312377999,1.48978241818279,2.1167517072427,4.33620336076926,0.994872189048233
"3311",25.2592058,1.49862790792483,1.48971461007022,2.11596568246868,4.33521530192534,0.994832910815736
"3312",25.26683698,1.49862267220316,1.48964632258447,2.11517518992045,4.3342213563099,0.994793331697395
"3313",25.27446816,1.49861741653961,1.48957755220585,2.11438020628184,4.3332214903174,0.994753449388312
"3314",25.28209934,1.49861214085849,1.48950829538833,2.11358070813764,4.33221567016829,0.994713261565923
"3315",25.28973052,1.49860684508385,1.48943854855913,2.11277667197175,4.33120386190569,0.994672765889898
"3316",25.2973617,1.49860152913944,1.48936830811885,2.11196807416925,4.33018603139804,0.99463196000196
"3317",25.30499288,1.49859619294874,1.48929757044105,2.11115489101496,4.32916214433659,0.994590841525764
"3318",25.31262406,1.49859083643492,1.48922633187205,2.11033709869302,4.32813216623411,0.994549408066778
"3319",25.32025524,1.49858545952088,1.48915458873088,2.10951467328802,4.32709606242627,0.994507657212107
"3320",25.32788642,1.49858006212921,1.48908233730885,2.1086875907832,4.3260537980684,0.994465586530387
"3321",25.3355176,1.49857464418223,1.48900957386958,2.10785582706174,4.325005338137,0.994423193571616
"3322",25.34314878,1.49856920560195,1.48893629464849,2.10701935790515,4.32395064742672,0.994380475867042
"3323",25.35077996,1.4985637463101,1.48886249585286,2.1061781589942,4.3228896905514,0.994337430928996
"3324",25.35841114,1.4985582662281,1.4887881736616,2.10533220590914,4.32182243194379,0.994294056250731
"3325",25.36604232,1.49855276527709,1.48871332422479,2.10448147412776,4.32074883585219,0.994250349306329
"3326",25.3736735,1.49854724337791,1.48863794366374,2.1036259390271,4.31966886634251,0.9942063075505
"3327",25.38130468,1.4985417004511,1.48856202807056,2.10276557588201,4.31858248729556,0.994161928418474
"3328",25.38893586,1.49853613641688,1.48848557350821,2.10190035986647,4.31748966240854,0.994117209325804
"3329",25.39656704,1.49853055119522,1.48840857600983,2.10103026605107,4.31639035519069,0.99407214766829
"3330",25.40419822,1.49852494470573,1.48833103157907,2.10015526940577,4.31528452896699,0.994026740821737
"3331",25.4118294,1.49851931686776,1.48825293618937,2.09927534479725,4.31417214687354,0.993980986141881
"3332",25.41946058,1.49851366760033,1.48817428578403,2.09839046699024,4.31305317185904,0.993934880964192
"3333",25.42709176,1.49850799682219,1.48809507627597,2.0975006106476,4.31192756668437,0.99388842260371
"3334",25.43472294,1.49850230445174,1.48801530354721,2.09660575032822,4.31079529391893,0.993841608354946
"3335",25.44235412,1.49849659040711,1.48793496344912,2.09570586048971,4.30965631594405,0.993794435491646
"3336",25.4499853,1.4984908546061,1.48785405180173,2.09480091548601,4.30851059494883,0.993746901266696
"3337",25.45761648,1.4984850969662,1.48777256439377,2.09389088956858,4.30735809293139,0.993699002911925
"3338",25.46524766,1.49847931740462,1.48769049698222,2.0929757568851,4.30619877169631,0.99365073763798
"3339",25.47287884,1.49847351583821,1.48760784529242,2.09205549148128,4.30503259285683,0.993602102634103
"3340",25.48051002,1.49846769218355,1.48752460501735,2.09113006729856,4.30385951783059,0.993553095068038
"3341",25.4881412,1.49846184635689,1.4874407718178,2.0901994581754,4.30267950784132,0.99350371208582
"3342",25.49577238,1.49845597827415,1.48735634132188,2.08926363784692,4.30149252391733,0.993453950811623
"3343",25.50340356,1.49845008785097,1.48727130912497,2.08832257994499,4.3002985268913,0.993403808347577
"3344",25.51103474,1.49844417500263,1.48718567078921,2.08737625799726,4.299097477398,0.99335328177364
"3345",25.51866592,1.49843823964413,1.48709942184347,2.08642464542815,4.29788933587534,0.993302368147381
"3346",25.5262971,1.49843228169013,1.487012557783,2.08546771555812,4.29667406256246,0.993251064503842
"3347",25.53392828,1.49842630105497,1.48692507406928,2.08450544160424,4.29545161750016,0.993199367855334
"3348",25.54155946,1.49842029765267,1.48683696612952,2.08353779667909,4.29422196052832,0.993147275191305
"3349",25.54919064,1.49841427139693,1.4867482293567,2.08256475379178,4.29298505128706,0.993094783478124
"3350",25.55682182,1.49840822220112,1.48665885910913,2.08158628584748,4.29174084921513,0.993041889658922
"3351",25.564453,1.49840214997829,1.48656885071016,2.08060236564679,4.29048931354851,0.992988590653429
"3352",25.57208418,1.49839605464117,1.48647819944815,2.07961296588719,4.28923040332181,0.992934883357749
"3353",25.57971536,1.49838993610213,1.4863869005758,2.07861805916085,4.2879640773642,0.992880764644249
"3354",25.58734654,1.49838379427326,1.48629494931035,2.07761761795689,4.28669029430235,0.9928262313613
"3355",25.59497772,1.49837762906628,1.4862023408329,2.07661161465957,4.28540901255677,0.992771280333155
"3356",25.6026089,1.4983714403926,1.48610907028846,2.07560002154942,4.28412019034304,0.992715908359722
"3357",25.61024008,1.49836522816328,1.48601513278541,2.07458281080251,4.28282378566976,0.992660112216406
"3358",25.61787126,1.49835899228906,1.48592052339534,2.07355995449031,4.28151975633779,0.99260388865392
"3359",25.62550244,1.49835273268033,1.48582523715291,2.07253142458102,4.28020805994152,0.992547234398057
"3360",25.63313362,1.49834644924717,1.48572926905524,2.07149719293759,4.27888865386501,0.992490146149562
"3361",25.6407648,1.49834014189931,1.48563261406201,2.07045723131966,4.27756149528439,0.992432620583875
"3362",25.64839598,1.49833381054611,1.48553526709481,2.06941151138187,4.27622654116432,0.992374654350996
"3363",25.65602716,1.49832745509664,1.48543722303722,2.06836000467555,4.27488374826008,0.992316244075232
"3364",25.66365834,1.4983210754596,1.48533847673402,2.06730268264647,4.27353307311301,0.992257386355078
"3365",25.67128952,1.49831467154334,1.48523902299152,2.06623951663776,4.27217447205458,0.992198077762921
"3366",25.6789207,1.4983082432559,1.48513885657677,2.06517047788751,4.27080790120166,0.992138314844924
"3367",25.68655188,1.49830179050493,1.48503797221751,2.06409553753024,4.26943331645814,0.992078094120773
"3368",25.69418306,1.49829531319778,1.48493636460168,2.06301466659568,4.26805067351214,0.992017412083521
"3369",25.70181424,1.49828881124141,1.48483402837745,2.06192783601068,4.26665992783828,0.991956265199319
"3370",25.70944542,1.49828228454245,1.48473095815253,2.06083501659743,4.26526103469396,0.991894649907273
"3371",25.7170766,1.4982757330072,1.48462714849407,2.05973617907421,4.26385394911983,0.991832562619213
"3372",25.72470778,1.49826915654156,1.48452259392842,2.05863129405623,4.2624386259402,0.991769999719458
"3373",25.73233896,1.49826255505113,1.48441728894056,2.05752033205387,4.2610150197595,0.991706957564668
"3374",25.73997014,1.49825592844111,1.48431122797414,2.05640326347531,4.25958308496541,0.991643432483547
"3375",25.74760132,1.49824927661637,1.48420440543081,2.05528005862395,4.25814277572416,0.991579420776715
"3376",25.7552325,1.49824259948143,1.48409681567014,2.05415068770046,4.2566940459827,0.991514918716433
"3377",25.76286368,1.49823589694042,1.48398845300917,2.05301512080181,4.25523684946637,0.99144992254642
"3378",25.77049486,1.49822916889715,1.48387931172226,2.05187332792221,4.25377113967954,0.9913844284816
"3379",25.77812604,1.49822241525504,1.48376938604053,2.05072527895246,4.25229686990357,0.991318432707919
"3380",25.78575722,1.49821563591715,1.48365867015171,2.04957094368058,4.25081399319693,0.991251931382098
"3381",25.7933884,1.4982088307862,1.4835471581997,2.04841029179144,4.24932246239383,0.991184920631428
"3382",25.80101958,1.49820199976451,1.48343484428436,2.04724329286781,4.24782223010478,0.991117396553512
"3383",25.80865076,1.49819514275407,1.48332172246104,2.04606991638944,4.24631324871424,0.99104935521608
"3384",25.81628194,1.49818825965647,1.48320778674029,2.04489013173365,4.24479547038068,0.99098079265674
"3385",25.82391312,1.49818135037296,1.48309303108764,2.04370390817623,4.24326884703695,0.990911704882722
"3386",25.8315443,1.4981744148044,1.482977449423,2.04251121489004,4.24173333038718,0.990842087870701
"3387",25.83917548,1.49816745285129,1.48286103562058,2.04131202094676,4.24018887190851,0.990771937566512
"3388",25.84680666,1.49816046441374,1.48274378350843,2.04010629531633,4.23863542284922,0.990701249884933
"3389",25.85443784,1.4981534493915,1.48262568686801,2.03889400686697,4.23707293422781,0.990630020709459
"3390",25.86206902,1.49814640768395,1.48250673943396,2.03767512436579,4.23550135683289,0.990558245892045
"3391",25.8697002,1.49813933919008,1.48238693489367,2.03644961647872,4.23392064122218,0.990485921252874
"3392",25.87733138,1.4981322438085,1.48226626688699,2.03521745177115,4.23233073772225,0.990413042580104
"3393",25.88496256,1.49812512143746,1.48214472900579,2.03397859870761,4.23073159642726,0.990339605629635
"3394",25.89259374,1.49811797197481,1.48202231479369,2.03273302565269,4.22912316719913,0.990265606124843
"3395",25.90022492,1.49811079531801,1.48189901774555,2.03148070087038,4.22750539966562,0.990191039756361
"3396",25.9078561,1.49810359136416,1.48177483130723,2.03022159252504,4.22587824322061,0.990115902181804
"3397",25.91548728,1.49809636000997,1.4816497488752,2.02895566868168,4.22424164702363,0.990040189025514
"3398",25.92311846,1.49808910115174,1.48152376379608,2.02768289730565,4.22259555999816,0.989963895878328
"3399",25.93074964,1.4980818146854,1.48139686936637,2.02640324626358,4.22093993083205,0.989887018297296
"3400",25.93838082,1.4980745005065,1.48126905883196,2.0251166833232,4.21927470797613,0.98980955180544
"3401",25.946012,1.49806715851018,1.48114032538789,2.02382317615413,4.21759983964427,0.989731491891478
"3402",25.95364318,1.49805978859119,1.48101066217777,2.02252269232742,4.21591527381167,0.989652834009586
"3403",25.96127436,1.4980523906439,1.48088006229358,2.02121519931677,4.21422095821542,0.9895735735791
"3404",25.96890554,1.49804496456227,1.48074851877513,2.01990066449815,4.21251684035291,0.989493705984282
"3405",25.97653672,1.49803751023986,1.48061602460978,2.01857905515069,4.21080286748195,0.989413226574022
"3406",25.9841679,1.49803002756986,1.48048257273199,2.01725033845684,4.20907898661998,0.98933213066158
"3407",25.99179908,1.49802251644502,1.48034815602287,2.01591448150238,4.20734514454269,0.989250413524328
"3408",25.99943026,1.49801497675772,1.48021276730977,2.01457145127703,4.20560128778388,0.98916807040346
"3409",26.00706144,1.49800740839993,1.48007639936611,2.01322121467549,4.20384736263602,0.989085096503694
"3410",26.01469262,1.49799981126319,1.4799390449106,2.01186373849672,4.20208331514762,0.989001486993034
"3411",26.0223238,1.49799218523868,1.47980069660706,2.01049898944493,4.20030909112366,0.98891723700247
"3412",26.02995498,1.49798453021715,1.47966134706393,2.00912693412996,4.19852463612501,0.988832341625689
"3413",26.03758616,1.49797684608892,1.47952098883394,2.00774753906794,4.19672989546809,0.988746795918786
"3414",26.04521734,1.49796913274393,1.47937961441356,2.00636077068136,4.19492481422378,0.988660594899988
"3415",26.05284852,1.4979613900717,1.47923721624259,2.00496659529929,4.19310933721643,0.988573733549374
"3416",26.0604797,1.49795361796134,1.47909378670385,2.0035649791588,4.19128340902474,0.988486206808544
"3417",26.06811088,1.49794581630153,1.47894931812254,2.00215588840406,4.18944697397918,0.988398009580378
"3418",26.07574206,1.49793798498056,1.4788038027661,2.00073928908861,4.18759997616408,0.988309136728672
"3419",26.08337324,1.49793012388627,1.47865723284338,1.99931514717377,4.18574235941381,0.988219583077919
"3420",26.09100442,1.49792223290611,1.47850960050458,1.99788342853098,4.1838740673152,0.988129343412933
"3421",26.0986356,1.49791431192709,1.47836089784057,1.99644409894123,4.1819950432052,0.988038412478591
"3422",26.10626678,1.49790636083581,1.47821111688246,1.99499712409588,4.18010523017076,0.987946784979519
"3423",26.11389796,1.49789837951844,1.47806024960125,1.99354246959746,4.17820457104877,0.987854455579768
"3424",26.12152914,1.49789036786072,1.47790828790724,1.99208010095973,4.17629300842465,0.987761418902523
"3425",26.12916032,1.49788232574798,1.47775522364972,1.9906099836088,4.17437048463283,0.987667669529772
"3426",26.1367915,1.4978742530651,1.47760104861638,1.98913208288349,4.1724369417557,0.987573202001999
"3427",26.14442268,1.49786614969654,1.47744575453288,1.9876463640357,4.17049232162293,0.98747801081787
"3428",26.15205386,1.49785801552633,1.47728933306238,1.98615279223117,4.16853656581105,0.987382090433914
"3429",26.15968504,1.49784985043807,1.47713177580506,1.98465133255021,4.16656961564321,0.987285435264189
"3430",26.16731622,1.49784165431492,1.47697307429766,1.98314194998837,4.16459141218866,0.987188039679961
"3431",26.1749474,1.4978334270396,1.47681322001301,1.98162460945686,4.16260189626205,0.987089898009381
"3432",26.18257858,1.4978251684944,1.4766522043595,1.98009927578351,4.16060100842328,0.986991004537145
"3433",26.19020976,1.49781687856117,1.47649001868057,1.97856591371298,4.15858868897632,0.986891353504182
"3434",26.19784094,1.49780855712131,1.47632665425434,1.9770244879082,4.15656487797,0.986790939107283
"3435",26.20547212,1.49780020405578,1.4761621022929,1.97547496295,4.1545295151958,0.986689755498811
"3436",26.2131033,1.4977918192451,1.47599635394209,1.97391730333915,4.15248254018949,0.986587796786305
"3437",26.22073448,1.49778340256935,1.47582940028069,1.97235147349568,4.15042389222853,0.986485057032197
"3438",26.22836566,1.49777495390815,1.4756612323202,1.97077743776115,4.14835351033391,0.986381530253399
"3439",26.23599684,1.49776647314068,1.47549184100406,1.96919516039791,4.14627133326748,0.986277210421023
"3440",26.24362802,1.49775796014566,1.47532121720733,1.96760460559082,4.14417729953295,0.986172091459985
"3441",26.2512592,1.49774941480136,1.47514935173612,1.96600573744805,4.14207134737556,0.986066167248654
"3442",26.25889038,1.4977408369856,1.47497623532699,1.96439852000127,4.13995341478066,0.985959431618519
"3443",26.26652156,1.49773222657575,1.47480185864654,1.96278291720716,4.13782343947444,0.985851878353806
"3444",26.27415274,1.49772358344871,1.47462621229077,1.96115889294786,4.13568135892287,0.985743501191127
"3445",26.28178392,1.49771490748093,1.47444928678453,1.95952641103152,4.13352711033092,0.985634293819132
"3446",26.2894151,1.49770619854839,1.47427107258116,1.95788543519415,4.13136063064375,0.985524249878096
"3447",26.29704628,1.49769745652661,1.47409156006175,1.95623592909957,4.12918185654487,0.985413362959593
"3448",26.30467746,1.49768868129066,1.47391073953465,1.95457785634069,4.12699072445627,0.985301626606107
"3449",26.31230864,1.49767987271512,1.47372860123495,1.95291118044039,4.12478717053832,0.985189034310647
"3450",26.31993982,1.49767103067413,1.47354513532394,1.95123586485275,4.1225711306896,0.985075579516373
"3451",26.327571,1.49766215504133,1.47336033188841,1.94955187296325,4.12034254054558,0.984961255616234
"3452",26.33520218,1.49765324568992,1.47317418094025,1.94785916809053,4.11810133547952,0.984846055952552
"3453",26.34283336,1.4976443024926,1.47298667241582,1.94615771348707,4.11584745060171,0.98472997381665
"3454",26.35046454,1.49763532532162,1.47279779617528,1.94444747233979,4.11358082075856,0.984613002448473
"3455",26.35809572,1.49762631404873,1.47260754200226,1.94272840777226,4.11130138053418,0.984495135036154
"3456",26.3657269,1.49761726854523,1.47241589960293,1.94100048284413,4.10900906424762,0.984376364715675
"3457",26.37335808,1.49760818868191,1.47222285860569,1.9392636605534,4.10670380595451,0.984256684570421
"3458",26.38098926,1.4975990743291,1.47202840856045,1.93751790383697,4.10438553944597,0.984136087630802
"3459",26.38862044,1.49758992535665,1.47183253893813,1.93576317557228,4.10205419824933,0.984014566873818
"3460",26.39625162,1.4975807416339,1.47163523912991,1.93399943857741,4.09970971562635,0.983892115222694
"3461",26.4038828,1.49757152302972,1.47143649844673,1.93222665561321,4.0973520245744,0.983768725546434
"3462",26.41151398,1.49756226941251,1.47123630611864,1.93044478938375,4.09498105782536,0.983644390659424
"3463",26.41914516,1.49755298065015,1.47103465129425,1.92865380253828,4.09259674784669,0.983519103320987
"3464",26.42677634,1.49754365661003,1.47083152304008,1.92685365767167,4.09019902684007,0.983392856234988
"3465",26.43440752,1.49753429715907,1.47062691033974,1.92504431732559,4.087787826741,0.98326564204942
"3466",26.4420387,1.49752490216368,1.47042080209365,1.92322574399043,4.08536307922015,0.983137453355935
"3467",26.44966988,1.49751547148977,1.47021318711819,1.92139790010622,4.08292471568246,0.983008282689432
"3468",26.45730106,1.49750600500275,1.47000405414509,1.91956074806367,4.08047266726669,0.982878122527634
"3469",26.46493224,1.49749650256753,1.46979339182069,1.91771425020528,4.07800686484506,0.982746965290655
"3470",26.47256342,1.49748696404854,1.46958118870559,1.91585836882768,4.07552723902501,0.982614803340511
"3471",26.4801946,1.49747738930967,1.46936743327361,1.91399306618166,4.07303372014674,0.982481628980739
"3472",26.48782578,1.49746777821433,1.46915211391149,1.9121183044747,4.0705262382853,0.982347434455892
"3473",26.49545696,1.49745813062541,1.4689352189179,1.91023404587119,4.06800472324858,0.982212211951138
"3474",26.50308814,1.49744844640529,1.46871673650307,1.90834025249496,4.0654691045792,0.982075953591755
"3475",26.51071932,1.49743872541585,1.46849665478783,1.90643688642961,4.06291931155264,0.981938651442728
"3476",26.5183505,1.49742896751843,1.46827496180316,1.90452390972085,4.06035527317891,0.981800297508233
"3477",26.52598168,1.49741917257389,1.4680516454894,1.9026012843775,4.05777691820165,0.981660883731203
"3478",26.53361286,1.49740934044254,1.46782669369562,1.90066897237312,4.05518417509853,0.981520401992845
"3479",26.54124404,1.4973994709842,1.46760009417879,1.89872693564731,4.05257697208092,0.981378844112182
"3480",26.54887522,1.49738956405814,1.4673718346032,1.89677513610728,4.04995523709403,0.981236201845573
"3481",26.5565064,1.49737961952314,1.46714190253977,1.89481353562986,4.04731889781787,0.981092466886208
"3482",26.56413758,1.49736963723742,1.46691028546524,1.8928420960624,4.04466788166612,0.980947630863659
"3483",26.57176876,1.49735961705869,1.46667697076158,1.89086077922493,4.0420021157873,0.980801685343364
"3484",26.57939994,1.49734955884415,1.46644194571509,1.8888695469112,4.03932152706387,0.980654621826168
"3485",26.58703112,1.49733946245044,1.46620519751582,1.88686836089078,4.03662604211319,0.9805064317478
"3486",26.5946623,1.49732932773367,1.4659667132568,1.88485718291059,4.03391558728753,0.980357106478384
"3487",26.60229348,1.49731915454944,1.46572647993332,1.88283597469677,4.0311900886745,0.980206637321924
"3488",26.60992466,1.49730894275279,1.46548448444211,1.88080469795598,4.02844947209655,0.980055015515825
"3489",26.61755584,1.49729869219823,1.46524071358065,1.87876331437737,4.02569366311169,0.979902232230366
"3490",26.62518702,1.49728840273974,1.46499515404639,1.87671178563447,4.02292258701388,0.97974827856818
"3491",26.6328182,1.49727807423074,1.46474779243603,1.87465007338671,4.02013616883293,0.97959314556375
"3492",26.64044938,1.49726770652411,1.46449861524469,1.87257813928155,4.01733433333518,0.979436824182869
"3493",26.64808056,1.49725729947219,1.46424760886517,1.87049594495591,4.0145170050233,0.979279305322141
"3494",26.65571174,1.49724685292678,1.46399475958718,1.86840345203848,4.01168410813722,0.979120579808422
"3495",26.66334292,1.49723636673912,1.46374005359658,1.86630062215142,4.00883556665432,0.978960638398295
"3496",26.6709741,1.49722584075988,1.46348347697442,1.86418741691196,4.00597130428911,0.978799471777553
"3497",26.67860528,1.49721527483922,1.46322501569642,1.86206379793496,4.00309124449474,0.978637070560621
"3498",26.68623646,1.4972046688267,1.46296465563191,1.85992972683433,4.00019531046251,0.978473425290042
"3499",26.69386764,1.49719402257135,1.46270238254327,1.85778516522576,3.9972834251235,0.97830852643588
"3500",26.70149882,1.49718333592163,1.46243818208477,1.85563007472746,3.99435551114687,0.978142364395242
"3501",26.70913,1.49717260872544,1.4621720398021,1.8534644169635,3.99141149094254,0.977974929491646
"3502",26.71676118,1.49716184083012,1.4619039411314,1.85128815356553,3.98845128666104,0.977806211974475
"3503",26.72439236,1.49715103208243,1.46163387139829,1.84910124617427,3.98547482019301,0.977636202018448
"3504",26.73202354,1.49714018232858,1.46136181581725,1.84690365644245,3.98248201317113,0.977464889722999
"3505",26.73965472,1.4971292914142,1.46108775949066,1.84469534603654,3.97947278696998,0.977292265111726
"3506",26.7472859,1.49711835918435,1.460811687408,1.84247627663921,3.97644706270702,0.977118318131794
"3507",26.75491708,1.49710738548351,1.46053358444491,1.84024640995139,3.97340476124287,0.976943038653366
"3508",26.76254826,1.49709637015561,1.46025343536231,1.83800570769412,3.97034580318154,0.976766416469024
"3509",26.77017944,1.49708531304396,1.4599712248057,1.83575413161174,3.96727010887239,0.976588441293129
"3510",26.77781062,1.49707421399132,1.45968693730408,1.83349164347351,3.96417759840968,0.976409102761268
"3511",26.7854418,1.49706307283986,1.45940055726917,1.83121820507612,3.96106819163368,0.976228390429626
"3512",26.79307298,1.49705188943117,1.45911206899449,1.82893377824623,3.95794180813161,0.976046293774386
"3513",26.80070416,1.49704066360624,1.45882145665443,1.82663832484246,3.95479836723781,0.97586280219112
"3514",26.80833534,1.49702939520549,1.45852870430345,1.82433180675858,3.95163778803568,0.975677904994146
"3515",26.81596652,1.49701808406873,1.45823379587495,1.82201418592486,3.94845998935674,0.975491591415961
"3516",26.8235977,1.4970067300352,1.45793671518064,1.81968542431177,3.94526488978349,0.975303850606543
"3517",26.83122888,1.49699533294351,1.45763744590934,1.8173454839316,3.94205240764872,0.975114671632777
"3518",26.83886006,1.49698389263172,1.45733597162619,1.81499432684145,3.93882246103712,0.974924043477792
"3519",26.84649124,1.49697240893725,1.45703227577172,1.81263191514585,3.93557496778636,0.974731955040313
"3520",26.85412242,1.49696088169693,1.45672634166078,1.81025821099912,3.93230984548752,0.97453839513404
"3521",26.8617536,1.49694931074701,1.45641815248171,1.80787317660817,3.92902701148641,0.974343352486975
"3522",26.86938478,1.4969376959231,1.45610769129533,1.80547677423539,3.92572638288482,0.974146815740767
"3523",26.87701596,1.49692603706023,1.45579494103389,1.80306896620081,3.92240787654067,0.973948773450076
"3524",26.88464714,1.4969143339928,1.45547988450027,1.80064971488573,3.91907140907063,0.973749214081854
"3525",26.89227832,1.4969025865546,1.4551625043668,1.79821898273466,3.91571689684973,0.973548126014729
"3526",26.8999095,1.49689079457883,1.45484278317438,1.79577673225854,3.91234425601311,0.973345497538304
"3527",26.90754068,1.49687895789803,1.45452070333144,1.79332292603771,3.9089534024575,0.973141316852467
"3528",26.91517186,1.49686707634417,1.45419624711295,1.79085752672447,3.90554425184185,0.972935572066719
"3529",26.92280304,1.49685514974857,1.45386939665935,1.78838049704634,3.90211671958896,0.972728251199476
"3530",26.93043422,1.49684317794192,1.45354013397563,1.78589179980889,3.89867072088678,0.972519342177361
"3531",26.9380654,1.49683116075431,1.45320844093017,1.78339139789861,3.89520617068931,0.972308832834524
"3532",26.94569658,1.49681909801519,1.4528742992538,1.78087925428623,3.89172298371844,0.972096710911909
"3533",26.95332776,1.49680698955337,1.45253769053866,1.77835533202948,3.88822107446487,0.971882964056561
"3534",26.96095894,1.49679483519705,1.45219859623726,1.7758195942765,3.88470035718998,0.971667579820888
"3535",26.96859012,1.49678263477378,1.45185699766132,1.77327200426887,3.88116074592701,0.971450545661944
"3536",26.9762213,1.49677038811047,1.45151287598067,1.77071252534454,3.87760215448221,0.971231848940716
"3537",26.98385248,1.49675809503341,1.45116621222232,1.76814112094163,3.87402449643731,0.971011476921345
"3538",26.99148366,1.49674575536823,1.45081698726919,1.76555775460102,3.87042768514987,0.970789416770436
"3539",26.99911484,1.49673336893993,1.45046518185917,1.76296238997032,3.86681163375607,0.970565655556261
"3540",27.00674602,1.49672093557286,1.45011077658385,1.76035499080646,3.86317625517106,0.970340180248058
"3541",27.0143772,1.49670845509071,1.44975375188755,1.75773552097984,3.85952146209186,0.97011297771522
"3542",27.02200838,1.49669592731655,1.44939408806613,1.75510394447712,3.85584716699816,0.969884034726571
"3543",27.02963956,1.49668335207276,1.44903176526586,1.75246022540507,3.85215328215455,0.96965333794957
"3544",27.03727074,1.49667072918109,1.44866676348232,1.74980432799397,3.84843971961232,0.969420873949538
"3545",27.04490192,1.49665805846263,1.44829906255914,1.74713621660083,3.84470639121053,0.969186629188905
"3546",27.0525331,1.4966453397378,1.447928642187,1.74445585571349,3.84095320857897,0.968950590026376
"3547",27.06016428,1.49663257282638,1.44755548190231,1.7417632099539,3.83718008313934,0.968712742716165
"3548",27.06779546,1.49661975754746,1.44717956108619,1.73905824408186,3.83338692610746,0.968473073407187
"3549",27.07542664,1.49660689371947,1.4468008589631,1.73634092299857,3.82957364849494,0.968231568142261
"3550",27.08305782,1.49659398116019,1.44641935459983,1.7336112117507,3.82574016111168,0.967988212857278
"3551",27.090689,1.49658101968671,1.44603502690417,1.73086907553395,3.82188637456771,0.967742993380392
"3552",27.09832018,1.49656800911544,1.44564785462375,1.72811447969667,3.81801219927492,0.967495895431208
"3553",27.10595136,1.49655494926215,1.44525781634478,1.72534738974417,3.81411754544986,0.967246904619928
"3554",27.11358254,1.49654183994188,1.44486489049093,1.72256777134244,3.81020232311581,0.966996006446517
"3555",27.12121372,1.49652868096904,1.44446905532186,1.71977559032173,3.80626644210416,0.966743186299891
"3556",27.1288449,1.49651547215731,1.4440702889323,1.71697081268134,3.80230981205837,0.966488429456998
"3557",27.13647608,1.49650221331973,1.44366856925043,1.71415340459276,3.79833234243434,0.966231721082044
"3558",27.14410726,1.49648890426862,1.44326387403692,1.71132333240449,3.79433394250455,0.965973046225558
"3559",27.15173844,1.49647554481562,1.44285618088342,1.70848056264563,3.79031452135912,0.965712389823569
"3560",27.15936962,1.49646213477168,1.44244546721148,1.7056250620306,3.78627398790953,0.965449736696686
"3561",27.1670008,1.49644867394704,1.44203171027101,1.70275679746258,3.7822122508897,0.965185071549274
"3562",27.17463198,1.49643516215127,1.4416148871392,1.6998757360386,3.77812921885997,0.964918378968495
"3563",27.18226316,1.49642159919321,1.44119497471906,1.69698184505322,3.77402480020871,0.964649643423465
"3564",27.18989434,1.49640798488102,1.44077194973821,1.69407509200341,3.76989890315584,0.964378849264303
"3565",27.19752552,1.49639431902215,1.44034578874732,1.69115544459232,3.76575143575447,0.964105980721275
"3566",27.2051567,1.49638060142332,1.43991646811904,1.68822287073429,3.76158230589471,0.963831021903825
"3567",27.21278788,1.49636683189058,1.43948396404644,1.68527733855899,3.75739142130584,0.963553956799677
"3568",27.22041906,1.49635301022923,1.43904825254175,1.68231881641621,3.75317868955967,0.963274769273889
"3569",27.22805024,1.49633913624388,1.4386093094349,1.67934727288025,3.74894401807302,0.962993443067922
"3570",27.23568142,1.49632520973841,1.43816711037223,1.67636267675469,3.74468731411111,0.962709961798687
"3571",27.2433126,1.49631123051598,1.43772163081493,1.67336499707681,3.74040848478996,0.962424308957609
"3572",27.25094378,1.49629719837903,1.43727284603781,1.67035420312276,3.73610743708038,0.962136467909634
"3573",27.25857496,1.49628311312929,1.43682073112774,1.66733026441188,3.73178407781033,0.961846421892289
"3574",27.26620614,1.49626897456772,1.43636526098232,1.66429315071198,3.72743831366878,0.961554154014678
"3575",27.27383732,1.4962547824946,1.43590641030832,1.66124283204369,3.72307005120823,0.961259647256538
"3576",27.2814685,1.49624053670945,1.43544415362035,1.65817927868591,3.71867919684875,0.960962884467203
"3577",27.28909968,1.49622623701105,1.43497846523927,1.65510246118035,3.71426565688079,0.960663848364645
"3578",27.29673086,1.49621188319746,1.43450931929081,1.65201235033688,3.70982933746905,0.960362521534437
"3579",27.30436204,1.49619747506598,1.43403668970406,1.64890891723853,3.7053701446559,0.960058886428746
"3580",27.31199322,1.49618301241319,1.43356055020989,1.64579213324639,3.70088798436447,0.959752925365334
"3581",27.3196244,1.4961684950349,1.43308087433959,1.64266197000517,3.6963827624031,0.959444620526488
"3582",27.32725558,1.4961539227262,1.43259763542317,1.63951839944801,3.69185438446807,0.959133953958031
"3583",27.33488676,1.49613929528139,1.43211080658794,1.63636139380215,3.68730275614811,0.958820907568233
"3584",27.34251794,1.49612461249405,1.43162036075693,1.63319092559398,3.68272778292778,0.958505463126783
"3585",27.35014912,1.49610987415699,1.4311262706474,1.63000696765474,3.67812937019187,0.958187602263698
"3586",27.3577803,1.49609508006227,1.43062850876911,1.62680949312557,3.6735074232285,0.957867306468301
"3587",27.36541148,1.49608023000117,1.43012704742288,1.62359847546326,3.66886184723375,0.957544557088102
"3588",27.37304266,1.49606532376423,1.4296218586989,1.62037388844566,3.66419254731537,0.957219335327741
"3589",27.38067384,1.4960503611412,1.42911291447527,1.61713570617761,3.65949942849759,0.95689162224785
"3590",27.38830502,1.49603534192107,1.42860018641614,1.61388390309602,3.65478239572427,0.956561398764008
"3591",27.3959362,1.49602026589206,1.42808364597035,1.61061845397613,3.6500413538641,0.95622864564558
"3592",27.40356738,1.49600513284163,1.42756326436954,1.60733933393689,3.64527620771431,0.955893343514635
"3593",27.41119856,1.49598994255642,1.42703901262669,1.60404651844708,3.64048686200564,0.955555472844779
"3594",27.41882974,1.49597469482233,1.42651086153432,1.60073998333094,3.63567322140632,0.955215013960055
"3595",27.42646092,1.49595938942447,1.42597878166286,1.5974197047742,3.6308351905269,0.954871947033776
"3596",27.4340921,1.49594402614714,1.42544274335896,1.59408565933013,3.62597267392485,0.954526252087372
"3597",27.44172328,1.49592860477388,1.42490271674377,1.59073782392549,3.62108557610928,0.95417790898923
"3598",27.44935446,1.49591312508742,1.4243586717112,1.58737617586656,3.61617380154544,0.95382689745353
"3599",27.45698564,1.49589758686971,1.42381057792619,1.58400069284555,3.61123725466007,0.953473197039047
"3600",27.46461682,1.49588198990189,1.42325840482305,1.58061135294655,3.60627583984601,0.953116787147965
"3601",27.472248,1.49586633396431,1.42270212160354,1.57720813465191,3.60128946146712,0.952757647024691
"3602",27.47987918,1.49585061883651,1.42214169723521,1.57379101684857,3.59627802386362,0.952395755754634
"3603",27.48751036,1.49583484429724,1.42157710044962,1.57035997883444,3.59124143135719,0.95203109226298
"3604",27.49514154,1.49581901012441,1.42100829974043,1.56691500032487,3.58617958825607,0.951663635313486
"3605",27.50277272,1.49580311609517,1.4204352633617,1.56345606145902,3.58109239886044,0.951293363507231
"3606",27.5104039,1.4957871619858,1.41985795932603,1.55998314280667,3.57597976746815,0.950920255281353
"3607",27.51803508,1.4957711475718,1.41927635540263,1.55649622537447,3.57084159837945,0.950544288907841
"3608",27.52566626,1.49575507262785,1.4186904191156,1.55299529061303,3.56567779590341,0.950165442492216
"3609",27.53329744,1.49573893692779,1.418100117742,1.54948032042348,3.56048826436337,0.949783693972271
"3610",27.54092862,1.49572274024465,1.41750541830989,1.5459512971641,3.55527290810201,0.949399021116824
"3611",27.5485598,1.49570648235061,1.41690628759652,1.54240820365733,3.5500316314879,0.949011401524385
"3612",27.55619098,1.49569016301706,1.41630269212646,1.53885102319699,3.54476433892165,0.948620812621828
"3613",27.56382216,1.49567378201452,1.41569459816948,1.53527973955451,3.53947093484077,0.948227231663158
"3614",27.57145334,1.49565733911269,1.41508197173883,1.53169433698679,3.53415132372705,0.9478306357281
"3615",27.57908452,1.49564083408042,1.4144647785891,1.52809480024271,3.52880541011183,0.94743100172082
"3616",27.5867157,1.49562426668574,1.41384298421438,1.52448111457063,3.52343309858286,0.947028306368552
"3617",27.59434688,1.4956076366958,1.41321655384617,1.52085326572543,3.51803429379027,0.94662252622026
"3618",27.60197806,1.49559094387693,1.41258545245143,1.51721123997588,3.51260890045329,0.946213637645259
"3619",27.60960924,1.49557418799461,1.41194964473056,1.51355502411199,3.50715682336676,0.945801616831841
"3620",27.61724042,1.49555736881345,1.41130909511534,1.50988460545235,3.50167796740764,0.945386439785902
"3621",27.6248716,1.49554048609721,1.41066376776688,1.50619997185166,3.4961722375419,0.944968082329529
"3622",27.63250278,1.49552353960879,1.4100136265736,1.50250111170833,3.49063953883155,0.944546520099588
"3623",27.64013396,1.49550652911022,1.40935863514908,1.49878801397188,3.48507977644115,0.944121728546325
"3624",27.64776514,1.49548945436269,1.40869875682997,1.49506066815079,3.4794928556451,0.943693682931932
"3625",27.65539632,1.49547231512649,1.40803395467399,1.49131906432018,3.47387868183505,0.943262358329077
"3626",27.6630275,1.49545511116106,1.4073641914576,1.48756319312948,3.46823716052657,0.9428277296195
"3627",27.67065868,1.49543784222496,1.40668942967401,1.48379304581046,3.46256819736706,0.942389771492514
"3628",27.67828986,1.49542050807586,1.40600963153098,1.48000861418499,3.45687169814287,0.941948458443543
"3629",27.68592104,1.49540310847056,1.40532475894859,1.47620989067308,3.45114756878698,0.941503764772644
"3630",27.69355222,1.49538564316497,1.40463477355713,1.47239686830107,3.44539571538696,0.941055664582982
"3631",27.7011834,1.49536811191414,1.40393963669478,1.46856954070938,3.43961604419205,0.940604131779371
"3632",27.70881458,1.49535051447219,1.40323930940546,1.46472790216099,3.43380846162172,0.940149140066711
"3633",27.71644576,1.49533285059238,1.40253375243661,1.46087194754966,3.42797287427358,0.939690662948461
"3634",27.72407694,1.49531512002705,1.40182292623677,1.45700167240797,3.42210918893097,0.939228673725138
"3635",27.73170812,1.49529732252765,1.40110679095347,1.45311707291598,3.41621731257192,0.938763145492701
"3636",27.7393393,1.49527945784473,1.40038530643088,1.44921814590957,3.41029715237709,0.938294051141022
"3637",27.74697048,1.49526152572795,1.39965843220744,1.44530488888883,3.40434861573822,0.937821363352304
"3638",27.75460166,1.49524352592603,1.39892612751354,1.44137730002668,3.39837161026671,0.937345054599492
"3639",27.76223284,1.49522545818679,1.39818835126923,1.43743537817758,3.39236604380254,0.93686509714465
"3640",27.76986402,1.49520732225716,1.39744506208179,1.43347912288613,3.38633182442291,0.936381463037365
"3641",27.7774952,1.49518911788312,1.39669621824338,1.42950853439586,3.38026886045122,0.93589412411311
"3642",27.78512638,1.49517084480974,1.39594177772858,1.42552361365799,3.37417706046602,0.935403051991611
"3643",27.79275756,1.49515250278118,1.395181698192,1.4215243623404,3.36805633331032,0.934908218075195
"3644",27.80038874,1.49513409154065,1.39441593696586,1.41751078283656,3.36190658810092,0.93440959354711
"3645",27.80801992,1.49511561083045,1.39364445105746,1.41348287827449,3.35572773423776,0.933907149369863
"3646",27.8156511,1.49509706039194,1.39286719714678,1.40944065252595,3.34951968141347,0.933400856283524
"3647",27.82328228,1.49507843996553,1.3920841315839,1.40538411021546,3.34328233962317,0.932890684804017
"3648",27.83091346,1.4950597492907,1.39129521038654,1.40131325672964,3.33701561917417,0.93237660522141
"3649",27.83854464,1.49504098810601,1.3905003892375,1.39722809822642,3.33071943069606,0.931858587598179
"3650",27.84617582,1.49502215614903,1.38969962348208,1.39312864164439,3.32439368515063,0.93133660176747
"3651",27.853807,1.49500325315642,1.38889286812554,1.38901489471222,3.3180382938422,0.930810617331341
"3652",27.86143818,1.49498427886387,1.38808007783048,1.38488686595816,3.31165316842804,0.930280603658983
"3653",27.86906936,1.4949652330061,1.38726120691422,1.3807445647195,3.3052382209286,0.92974652988496
"3654",27.87670054,1.49494611531691,1.38643620934619,1.37658800115235,3.29879336373858,0.929208364907373
"3655",27.88433172,1.49492692552909,1.38560503874522,1.37241718624109,3.29231850963724,0.928666077386089
"3656",27.8919629,1.49490766337451,1.38476764837692,1.36823213180831,3.28581357179966,0.928119635740889
"3657",27.89959408,1.49488832858403,1.38392399115094,1.36403285052448,3.27927846380762,0.927569008149645
"3658",27.90722526,1.49486892088758,1.38307401961828,1.35981935591793,3.27271309966099,0.927014162546446
"3659",27.91485644,1.49484944001408,1.38221768596852,1.35559166238464,3.26611739378881,0.926455066619757
"3660",27.92248762,1.49482988569148,1.38135494202711,1.35134978519841,3.25949126106113,0.925891687810514
"3661",27.9301188,1.49481025764676,1.38048573925247,1.34709374052073,3.25283461680017,0.925323993310262
"3662",27.93774998,1.49479055560591,1.37961002873336,1.34282354541114,3.24614737679281,0.924751950059191
"3663",27.94538116,1.49477077929391,1.37872776118594,1.33853921783724,3.23942945730202,0.924175524744254
"3664",27.95301234,1.49475092843479,1.37783888695091,1.334240776685,3.23268077507912,0.923594683797213
"3665",27.96064352,1.49473100275155,1.3769433559907,1.3299282417691,3.22590124737603,0.923009393392695
"3666",27.9682747,1.4947110019662,1.37604111788659,1.32560163384334,3.21909079195792,0.922419619446188
"3667",27.97590588,1.49469092579975,1.37513212183572,1.321260974611,3.21224932711543,0.921825327612107
"3668",27.98353706,1.4946707739722,1.37421631664824,1.31690628673546,3.20537677167773,0.921226483281746
"3669",27.99116824,1.49465054620257,1.37329365074429,1.31253759385069,3.19847304502528,0.920623051581296
"3670",27.99879942,1.49463024220881,1.37236407215107,1.30815492057196,3.19153806710302,0.92001499736979
"3671",28.0064306,1.49460986170792,1.37142752849977,1.30375829250642,3.18457175843341,0.919402285237087
"3672",28.01406178,1.49458940441583,1.37048396702264,1.29934773626405,3.17757404013015,0.91878487950177
"3673",28.02169296,1.49456887004747,1.36953333454986,1.29492327946829,3.17054483391154,0.918162744209101
"3674",28.02932414,1.49454825831674,1.36857557750649,1.29048495076707,3.16348406211428,0.917535843128917
"3675",28.03695532,1.49452756893652,1.36761064190941,1.28603277984367,3.15639164770753,0.91690413975351
"3676",28.0445865,1.49450680161864,1.36663847336414,1.28156679742777,3.14926751430684,0.916267597295516
"3677",28.05221768,1.4944859560739,1.36565901706177,1.2770870353065,3.14211158618863,0.915626178685761
"3678",28.05984886,1.49446503201208,1.3646722177757,1.27259352633556,3.13492378830441,0.914979846571118
"3679",28.06748004,1.49444402914188,1.36367801985855,1.26808630445044,3.12770404629578,0.914328563312306
"3680",28.07511122,1.49442294717099,1.36267636723887,1.26356540467762,3.12045228650896,0.913672290981722
"3681",28.0827424,1.49440178580602,1.36166720341791,1.25903086314587,3.11316843600982,0.913010991361232
"3682",28.09037358,1.49438054475254,1.36065047146644,1.25448271709771,3.10585242259954,0.912344625939908
"3683",28.09800476,1.49435922371507,1.35962611402128,1.24992100490064,3.09850417482924,0.911673155911853
"3684",28.10563594,1.49433782239706,1.35859407328221,1.24534576605884,3.09112362201639,0.910996542173865
"3685",28.11326712,1.49431634050089,1.35755429100842,1.24075704122447,3.08371069425984,0.910314745323228
"3686",28.1208983,1.49429477772788,1.35650670851529,1.23615487220947,3.07626532245645,0.909627725655368
"3687",28.12852948,1.49427313377829,1.35545126667094,1.231539301997,3.06878743831685,0.908935443161563
"3688",28.13616066,1.49425140835128,1.35438790589281,1.22691037475331,3.06127697438203,0.908237857526607
"3689",28.14379184,1.49422960114495,1.35331656614423,1.22226813583935,3.05373386403975,0.907534928126473
"3690",28.15142302,1.4942077118563,1.35223718693093,1.21761263182262,3.0461580415415,0.906826614025933
"3691",28.1590542,1.49418574018128,1.35114970729757,1.21294391048907,3.03854944201938,0.906112873976183
"3692",28.16668538,1.49416368581471,1.35005406582419,1.20826202085492,3.03090800150334,0.905393666412434
"3693",28.17431656,1.49414154845033,1.34895020062269,1.20356701317862,3.02323365693861,0.904668949451497
"3694",28.18194774,1.49411932778081,1.34783804933322,1.19885893897294,3.01552634620333,0.903938680889339
"3695",28.18957892,1.49409702349767,1.34671754912061,1.19413785101689,3.00778600812631,0.903202818198635
"3696",28.1972101,1.49407463529137,1.34558863667069,1.1894038033679,3.00001258250519,0.902461318526276
"3697",28.20484128,1.49405216285124,1.34445124818666,1.18465685137393,2.9922060101246,0.901714138690896
"3698",28.21247246,1.4940296058655,1.34330531938541,1.17989705168566,2.9843662327748,0.900961235180331
"3699",28.22010364,1.49400696402128,1.34215078549378,1.17512446226874,2.97649319327032,0.900202564149102
"3700",28.22773482,1.49398423700454,1.34098758124483,1.17033914241603,2.9685868354689,0.899438081415858
"3701",28.235366,1.49396142450018,1.33981564087407,1.16554115275997,2.96064710429076,0.898667742460797
"3702",28.24299718,1.49393852619192,1.33863489811561,1.16073055528485,2.95267394573785,0.897891502423092
"3703",28.25062836,1.49391554176238,1.33744528619841,1.15590741333929,2.94466730691365,0.897109316098255
"3704",28.25825954,1.49389247089304,1.33624673784236,1.15107179164866,2.93662713604301,0.896321137935512
"3705",28.26589072,1.49386931326425,1.3350391852544,1.14622375632754,2.92855338249228,0.895526922035153
"3706",28.2735219,1.4938460685552,1.33382256012458,1.14136337489216,2.92044599678946,0.894726622145882
"3707",28.28115308,1.49382273644395,1.33259679362218,1.1364907162731,2.91230493064522,0.893920191662067
"3708",28.28878426,1.49379931660741,1.33136181639165,1.13160585082774,2.90413013697341,0.893107583621087
"3709",28.29641544,1.49377580872134,1.33011755854863,1.12670885035293,2.89592156991229,0.892288750700552
"3710",28.30404662,1.49375221246033,1.32886394967594,1.12179978809761,2.88767918484595,0.891463645215562
"3711",28.3116778,1.49372852749783,1.32760091881942,1.11687873877546,2.87940293842562,0.890632219115962
"3712",28.31930898,1.49370475350611,1.32632839448393,1.11194577857765,2.87109278859196,0.889794423983481
"3713",28.32694016,1.49368089015628,1.32504630462915,1.10700098518554,2.8627486945969,0.888950211028959
"3714",28.33457134,1.49365693711828,1.32375457666541,1.10204443778339,2.854370617026,0.888099531089506
"3715",28.34220252,1.49363289406088,1.32245313744953,1.09707621707119,2.84595851782129,0.887242334625606
"3716",28.3498337,1.49360876065165,1.32114191328056,1.09209640527741,2.83751236030403,0.886378571718267
"3717",28.35746488,1.49358453655699,1.31982082989554,1.08710508617189,2.82903210919804,0.885508192066079
"3718",28.36509606,1.49356022144213,1.31848981246518,1.08210234507854,2.820517730653,0.884631144982321
"3719",28.37272724,1.49353581497109,1.31714878558951,1.07708826888828,2.8119691922682,0.883747379391999
"3720",28.38035842,1.49351131680668,1.31579767329357,1.07206294607189,2.80338646311665,0.882856843828856
"3721",28.3879896,1.49348672661056,1.31443639902302,1.06702646669287,2.79476951376948,0.881959486432367
"3722",28.39562078,1.49346204404313,1.31306488563962,1.0619789224203,2.78611831632009,0.881055254944775
"3723",28.40325196,1.49343726876364,1.3116830554169,1.05692040654178,2.7774328444096,0.880144096707966
"3724",28.41088314,1.49341240043008,1.31029083003552,1.05185101397627,2.76871307325144,0.879225958660486
"3725",28.41851432,1.49338743869926,1.30888813057885,1.04677084128704,2.75995897965724,0.878300787334379
"3726",28.4261455,1.49336238322675,1.30747487752835,1.04167998669452,2.7511705420623,0.87736852885213
"3727",28.43377668,1.49333723366692,1.30605099075902,1.03657855008928,2.74234774055188,0.876429128923471
"3728",28.44140786,1.4933119896729,1.30461638953465,1.03146663304482,2.73349055688725,0.87548253284228
"3729",28.44903904,1.49328665089659,1.30317099250328,1.02634433883054,2.72459897453252,0.874528685483357
"3730",28.45667022,1.49326121698866,1.30171471769242,1.02121177242461,2.71567297868167,0.873567531299213
"3731",28.4643014,1.49323568759854,1.30024748250433,1.01606904052684,2.7067125562857,0.872599014316851
"3732",28.47193258,1.49321006237442,1.29876920371122,1.01091625157153,2.69771769608022,0.871623078134499
"3733",28.47956376,1.49318434096323,1.29727979745042,1.0057535157403,2.68868838861331,0.870639665918342
"3734",28.48719494,1.49315852301069,1.2957791792196,1.000580944975,2.67962462627402,0.869648720399168
"3735",28.49482612,1.49313260816121,1.2942672638718,0.995398652990402,2.67052640332061,0.868650183869076
"3736",28.5024573,1.49310659605799,1.29274396561053,0.990206755287043,2.66139371590949,0.867643998178112
"3737",28.51008848,1.49308048634295,1.29120919798483,0.985005369164011,2.65222656212463,0.86663010473085
"3738",28.51771966,1.49305427865673,1.2896628738842,0.979794613731584,2.64302494200683,0.865608444483019
"3739",28.52535084,1.49302797263872,1.28810490553361,0.974574609924005,2.63378885758377,0.864578957938043
"3740",28.53298202,1.49300156792702,1.28653520448847,0.969345480512114,2.6245183129003,0.863541585143564
"3741",28.5406132,1.49297506415847,1.28495368162935,0.964107350115924,2.61521331404875,0.862496265687997
"3742",28.54824438,1.49294846096862,1.28336024715699,0.958860345217265,2.60587386920012,0.861442938696952
"3743",28.55587556,1.49292175799172,1.281754810587,0.953604594172249,2.59649998863516,0.860381542829743
"3744",28.56350674,1.49289495486074,1.28013728074467,0.948340227223826,2.58709168477619,0.859312016275762
"3745",28.57113792,1.49286805120736,1.27850756575965,0.943067376514122,2.5776489722188,0.858234296750943
"3746",28.5787691,1.49284104666195,1.27686557306069,0.937786176096885,2.56817186776448,0.857148321494083
"3747",28.58640028,1.49281394085359,1.27521120937021,0.932496761949767,2.55866039045319,0.856054027263201
"3748",28.59403146,1.49278673341004,1.27354438069896,0.927199271986578,2.54911456159649,0.854951350331861
"3749",28.60166264,1.49275942395776,1.27186499234055,0.921893846069438,2.53953440481086,0.853840226485473
"3750",28.60929382,1.49273201212188,1.27017294886596,0.91658062602095,2.52991994605179,0.852720591017521
"3751",28.616925,1.49270449752622,1.26846815411803,0.911259755636172,2.52027121364776,0.851592378725825
"3752",28.62455618,1.49267687979327,1.26675051120589,0.905931380694612,2.510588238335,0.850455523908723
"3753",28.63218736,1.4926491585442,1.26501992249935,0.900595648972076,2.50087105329235,0.84930996036126
"3754",28.63981854,1.49262133339884,1.26327628962325,0.895252710252474,2.49111969417676,0.848155621371324
"3755",28.64744972,1.49259340397569,1.26151951345172,0.889902716339461,2.48133419915892,0.846992439715773
"3756",28.6550809,1.49256536989191,1.25974949410252,0.88454582106812,2.47151460895969,0.845820347656487
"3757",28.66271208,1.49253723076329,1.25796613093119,0.879182180316342,2.46166096688632,0.84463927693648
"3758",28.67034326,1.4925089862043,1.25616932252525,0.873811952016324,2.45177331886988,0.843449158775857
"3759",28.67797444,1.49248063582805,1.25435896669834,0.868435296165767,2.44185171350229,0.842249923867865
"3760",28.68560562,1.49245217924628,1.25253496048424,0.863052374839045,2.4318962020743,0.841041502374837
"3761",28.6932368,1.49242361606938,1.25069720013097,0.857663352198284,2.42190683861373,0.839823823924121
"3762",28.70086798,1.49239494590636,1.24884558109479,0.852268394504245,2.41188367992423,0.838596817603966
"3763",28.70849916,1.49236616836488,1.24697999803408,0.846867670127109,2.40182678562417,0.837360411959436
"3764",28.71613034,1.4923372830512,1.24510034480328,0.841461349557108,2.39173621818634,0.836114534988215
"3765",28.72376152,1.49230828957022,1.24320651444675,0.83604960541507,2.38161204297792,0.83485911413641
"3766",28.7313927,1.49227918752544,1.24129839919256,0.830632612462721,2.37145432830074,0.833594076294359
"3767",28.73902388,1.49224997651898,1.23937589044624,0.82521054761293,2.36126314543234,0.832319347792344
"3768",28.74665506,1.49222065615156,1.23743887878452,0.819783589939745,2.35103856866723,0.831034854396294
"3769",28.75428624,1.49219122602253,1.23548725394892,0.814351920688234,2.34078067535849,0.829740521303509
"3770",28.76191742,1.49216168572979,1.23352090483949,0.808915723284252,2.33048954596028,0.828436273138242
"3771",28.7695486,1.49213203486989,1.23153971950823,0.803475183343918,2.32016526407033,0.827122033947361
"3772",28.77717978,1.49210227303791,1.2295435851527,0.798030488682989,2.30980791647316,0.825797727195901
"3773",28.78481096,1.49207239982757,1.22753238810949,0.792581829326019,2.29941759318381,0.824463275762591
"3774",28.79244214,1.49204241483113,1.22550601384754,0.7871293975153,2.28899438749179,0.82311860193541
"3775",28.80007332,1.49201231763945,1.22346434696162,0.781673387719642,2.27853839600587,0.821763627407015
"3776",28.8077045,1.49198210784195,1.22140727116556,0.776213996642887,2.26804971869899,0.820398273270215
"3777",28.81533568,1.49195178502663,1.21933466928558,0.770751423232279,2.25752845895406,0.81902246001334
"3778",28.82296686,1.49192134878004,1.21724642325342,0.765285868686528,2.24697472360978,0.81763610751566
"3779",28.83059804,1.49189079868729,1.2151424140996,0.759817536463711,2.23638862300751,0.816239135042658
"3780",28.83822922,1.49186013433204,1.21302252194642,0.754346632288907,2.22577027103817,0.814831461241383
"3781",28.8458604,1.49182935529653,1.21088662600111,0.748873364161551,2.2151197851899,0.813413004135686
"3782",28.85349158,1.4917984611615,1.20873460454876,0.743397942362614,2.20443728659627,0.811983681121446
"3783",28.86112276,1.49176745150625,1.20656633494532,0.737920579461431,2.19372290008481,0.81054340896176
"3784",28.86875394,1.49173632590863,1.20438169361045,0.732441490322326,2.18297675422629,0.809092103782105
"3785",28.87638512,1.49170508394501,1.20218055602037,0.726960892110934,2.17219898138438,0.807629681065458
"3786",28.8840163,1.49167372519027,1.19996279670069,0.721479004300215,2.16138971776595,0.806156055647345
"3787",28.89164748,1.49164224921784,1.19772828921906,0.715996048676202,2.15054910347181,0.804671141710915
"3788",28.89927866,1.49161065559965,1.19547690617791,0.710512249343457,2.13967728254817,0.803174852781915
"3789",28.90690984,1.49157894390616,1.19320851920705,0.705027832730143,2.12877440303841,0.801667101723677
"3790",28.91454102,1.49154711370631,1.19092299895618,0.699543027592866,2.11784061703564,0.800147800732041
"3791",28.9221722,1.49151516456756,1.18862021508748,0.694058065021126,2.10687608073574,0.798616861330207
"3792",28.92980338,1.49148309605589,1.186300036268,0.688573178441428,2.09588095449088,0.797074194363643
"3793",28.93743456,1.49145090773574,1.18396233016204,0.683088603621079,2.08485540286381,0.795519709994845
"3794",28.94506574,1.49141859917005,1.18160696342355,0.677604578671583,2.0737995946826,0.793953317698106
"3795",28.95269692,1.49138616992027,1.1792338016883,0.672121344051682,2.06271370309592,0.792374926254284
"3796",28.9603281,1.49135361954629,1.17684270956618,0.666639142570032,2.0515979056291,0.790784443745445
"3797",28.96795928,1.49132094760651,1.1744335506333,0.661158219387462,2.04045238424061,0.789181777549548
"3798",28.97559046,1.49128815365778,1.17200618742412,0.655678822018831,2.02927732537926,0.787566834335011
"3799",28.98322164,1.49125523725544,1.16956048142345,0.650201200334504,2.01807292004195,0.785939520055318
"3800",28.99085282,1.49122219795326,1.16709629305842,0.644725606561355,2.00683936383206,0.784299739943509
"3801",28.998484,1.49118903530349,1.16461348169044,0.63925229528339,1.99557685701851,0.782647398506681
"3802",29.00611518,1.49115574885684,1.16211190560698,0.633781523441859,1.98428560459535,0.780982399520404
"3803",29.01374636,1.49112233816244,1.15959142201341,0.628313550334972,1.97296581634205,0.779304646023157
"3804",29.02137754,1.49108880276789,1.15705188702469,0.622848637617105,1.96161770688449,0.777614040310638
"3805",29.02900872,1.49105514221921,1.15449315565703,0.617387049297532,1.95024149575645,0.775910483930105
"3806",29.0366399,1.49102135606087,1.1519150818195,0.611929051738663,1.93883740746188,0.774193877674634
"3807",29.04427108,1.49098744383575,1.14931751830556,0.606474913653775,1.92740567153783,0.772464121577324
"3808",29.05190226,1.49095340508517,1.14670031678453,0.601024906104227,1.91594652261796,0.770721114905505
"3809",29.05953344,1.49091923934887,1.14406332779295,0.595579302496123,1.90446020049681,0.768964756154844
"3810",29.06716462,1.49088494616499,1.14140640072598,0.590138378576453,1.89294695019469,0.767194943043472
"3811",29.0747958,1.4908505250701,1.13872938382861,0.584702412428642,1.88140702202334,0.765411572505968
"3812",29.08242698,1.49081597559915,1.13603212418691,0.579271684467546,1.86984067165217,0.763614540687416
"3813",29.09005816,1.49078129728552,1.13331446771912,0.57384647743387,1.85824816017534,0.761803742937324
"3814",29.09768934,1.49074648966097,1.13057625916674,0.568427076387929,1.84662975417939,0.759979073803544
"3815",29.10532052,1.49071155225564,1.12781734208554,0.563013768702861,1.83498572581175,0.758140427026121
"3816",29.1129517,1.49067648459807,1.12503755883646,0.557606844057152,1.82331635284984,0.75628769553111
"3817",29.12058288,1.49064128621519,1.12223675057648,0.552206594426521,1.81162191877098,0.75442077142434
"3818",29.12821406,1.49060595663229,1.11941475724944,0.546813314075173,1.799902712823,0.752539545985121
"3819",29.13584524,1.49057049537303,1.1165714175767,0.54142729954634,1.78815903009559,0.75064390965995
"3820",29.14347642,1.49053490195945,1.11370656904785,0.536048849652118,1.77639117159245,0.748733752056072
"3821",29.1511076,1.49049917591194,1.11082004791124,0.530678265462622,1.76459944430414,0.746808961935095
"3822",29.15873878,1.49046331674926,1.10791168916449,0.525315850294388,1.75278416128171,0.744869427206505
"3823",29.16636996,1.49042732398851,1.10498132654497,0.519961909698029,1.74094564171111,0.742915034921128
"3824",29.17400114,1.49039119714513,1.10202879252009,0.514616751445142,1.72908421098843,0.740945671264554
"3825",29.18163232,1.49035493573293,1.09905391827762,0.509280685514407,1.7172002007958,0.73896122155052
"3826",29.1892635,1.49031853926403,1.09605653371592,0.503954024076903,1.70529394917827,0.736961570214216
"3827",29.19689468,1.49028200724889,1.09303646743403,0.498637081480607,1.69336580062127,0.734946600805563
"3828",29.20452586,1.49024533919631,1.08999354672175,0.493330174234045,1.6814161061291,0.732916195982438
"3829",29.21215704,1.49020853461339,1.08692759754963,0.488033620989075,1.66944522330409,0.730870237503831
"3830",29.21978822,1.49017159300557,1.08383844455889,0.482747742522833,1.65745351642666,0.728808606222956
"3831",29.2274194,1.49013451387659,1.0807259110512,0.477472861718735,1.64544135653617,0.726731182080325
"3832",29.23505058,1.4900972967285,1.07758981897848,0.472209303546591,1.63340912151265,0.724637844096753
"3833",29.24268176,1.49005994106165,1.07442998893255,0.466957395041774,1.62135719615937,0.7225284703663
"3834",29.25031294,1.49002244637469,1.07124624013475,0.461717465283424,1.60928597228626,0.720402938049181
"3835",29.25794412,1.48998481216456,1.06803839042541,0.45648984537169,1.5971958487942,0.718261123364623
"3836",29.2655753,1.4899470379265,1.06480625625333,0.451274868403948,1.58508723176018,0.716102901583632
"3837",29.27320648,1.48990912315401,1.06154965266509,0.446072869450011,1.57296053452338,0.713928147021765
"3838",29.28083766,1.48987106733889,1.05826839329437,0.440884185526282,1.56081617777212,0.711736733031762
"3839",29.28846884,1.4898328699712,1.05496229035109,0.435709155568853,1.54865458963167,0.709528531996223
"3840",29.29610002,1.48979453053927,1.05163115461056,0.430548120405482,1.53647620575302,0.707303415320138
"3841",29.3037312,1.4897560485297,1.04827479540247,0.425401422726489,1.52428146940258,0.705061253423412
"3842",29.31136238,1.48971742342733,1.04489302059987,0.420269407054492,1.5120708315528,0.702801915733323
"3843",29.31899356,1.48967865471527,1.04148563660796,0.415152419712963,1.49984475097366,0.700525270676897
"3844",29.32662474,1.48963974187486,1.03805244835294,0.410050808793638,1.48760369432516,0.698231185673296
"3845",29.33425592,1.4896006843857,1.03459325927061,0.404964924122656,1.47534813625084,0.695919527126037
"3846",29.3418871,1.48956148172563,1.03110787129504,0.399895117225483,1.46307855947208,0.693590160415234
"3847",29.34951828,1.48952213337069,1.02759608484704,0.394841741290588,1.45079545488356,0.691242949889786
"3848",29.35714946,1.48948263879519,1.02405769882259,0.389805151131767,1.43849932164958,0.68887775885943
"3849",29.36478064,1.48944299747162,1.02049251058116,0.384785703149208,1.42619066730145,0.686494449586823
"3850",29.37241182,1.48940320887072,1.01690031593398,0.379783755289156,1.41387000783579,0.684092883279499
"3851",29.380043,1.48936327246143,1.01328090913218,0.374799667002201,1.40153786781393,0.681672920081779
"3852",29.38767418,1.48932318771089,1.00963408285484,0.369833799200199,1.38919478046233,0.679234419066651
"3853",29.39530536,1.48928295408445,1.00595962819698,0.364886514211703,1.37684128777391,0.676777238227544
"3854",29.40293654,1.48924257104566,1.00225733465744,0.359958175735955,1.36447794061059,0.674301234470059
"3855",29.41056772,1.48920203805623,0.998526990126648,0.355049148795369,1.35210529880675,0.671806263603647
"3856",29.4181989,1.48916135457611,0.994768380874332,0.350159799686491,1.33972393127383,0.669292180333211
"3857",29.42583008,1.48912052006338,0.990981291537104,0.345290495929375,1.32733441610592,0.666758838250631
"3858",29.43346126,1.48907953397432,0.987165505105977,0.340441606215389,1.31493734068653,0.664206089826244
"3859",29.44109244,1.48903839576339,0.983320802913762,0.335613500353387,1.30253330179635,0.661633786400261
"3860",29.44872362,1.48899710488318,0.979446964622386,0.330806549214214,1.29012290572222,0.659041778174108
"3861",29.4563548,1.48895566078449,0.975543768210107,0.326021124673508,1.27770676836708,0.656429914201687
"3862",29.46398598,1.48891406291622,0.971610989958626,0.321257599552798,1.26528551536118,0.653798042380602
"3863",29.47161716,1.48887231072546,0.967648404440104,0.316516347558805,1.25285978217429,0.651146009443292
"3864",29.47924834,1.48883040365744,0.963655784504087,0.311797743220988,1.24043021422917,0.648473660948129
"3865",29.48687952,1.4887883411555,0.959632901264325,0.307102161827174,1.22799746701616,0.645780841270373
"3866",29.4945107,1.48874612266115,0.955579524085477,0.302429979357415,1.21556220620884,0.643067393593167
"3867",29.50214188,1.488703747614,0.951495420569743,0.297781572415848,1.20312510778104,0.640333159898376
"3868",29.50977306,1.48866121545181,0.947380356543363,0.293157318160626,1.19068685812486,0.63757798095736
"3869",29.51740424,1.48861852561044,0.943234096043038,0.288557594231904,1.17824815417003,0.634801696321758
"3870",29.52503542,1.48857567752386,0.939056401302227,0.283982778677739,1.16580970350443,0.632004144314117
"3871",29.5326666,1.48853267062417,0.934847032737356,0.279433249877922,1.15337222449576,0.629185162018445
"3872",29.54029778,1.48848950434155,0.930605748933908,0.274909386465753,1.14093644641459,0.626344585270784
"3873",29.54792896,1.48844617810428,0.926332306632414,0.270411567247596,1.12850310955852,0.623482248649604
"3874",29.55556014,1.48840269133874,0.92202646071433,0.265940171120269,1.11607296537766,0.620597985466185
"3875",29.56319132,1.48835904346941,0.917687964187818,0.261495576986198,1.10364677660138,0.617691627754904
"3876",29.5708225,1.48831523391881,0.913316568173409,0.257078163666286,1.09122531736634,0.614763006263481
"3877",29.57845368,1.48827126210758,0.908912021889549,0.252688309810421,1.07880937334577,0.611811950443075
"3878",29.58608486,1.4882271274544,0.904474072638057,0.248326393805659,1.06639974188013,0.608838288438396
"3879",29.59371604,1.48818282937604,0.900002465789448,0.243992793681939,1.05399723210903,0.605841847077666
"3880",29.60134722,1.4881383672873,0.895496944768151,0.239687887015358,1.04160266510445,0.602822451862549
"3881",29.6089784,1.48809374060107,0.890957251037625,0.235412050828923,1.02921687400544,0.599779926957995
"3882",29.61660958,1.48804894872827,0.88638312408535,0.231165661490728,1.01684070415403,0.596714095181991
"3883",29.62424076,1.48800399107785,0.8817743014077,0.226949094609503,1.00447501323254,0.593624777995224
"3884",29.63187194,1.48795886705683,0.877130518494713,0.222762724927551,0.992120671402356,0.590511795490737
"3885",29.63950312,1.48791357607025,0.872451508814727,0.21860692621088,0.979778561443974,0.587374966383395
"3886",29.6471343,1.48786811752116,0.867737003798912,0.214482071136635,0.967449578898548,0.584214107999352
"3887",29.65476548,1.48782249081067,0.862986732825691,0.210388531177676,0.955134632210838,0.581029036265422
"3888",29.66239666,1.48777669533787,0.858200423205013,0.206326676484277,0.94283464287354,0.577819565698345
"3889",29.67002784,1.48773073049989,0.853377800162532,0.202296875762894,0.930550545573136,0.574585509393994
"3890",29.67765902,1.48768459569185,0.848518586823656,0.198299496151936,0.918283288337151,0.571326679016486
"3891",29.6852902,1.48763829030687,0.843622504197469,0.19433490309449,0.906033832682898,0.568042884787212
"3892",29.69292138,1.48759181373609,0.838689271160539,0.190403460207945,0.893803153767741,0.564733935473788
"3893",29.70055256,1.48754516536861,0.833718604440595,0.186505529150436,0.88159224054081,0.561399638378911
"3894",29.70818374,1.48749834459153,0.828710218600088,0.182641469484098,0.869402095896304,0.558039799329177
"3895",29.71581492,1.48745135078994,0.823663826019604,0.17881163853496,0.857233736828212,0.554654222663702
"3896",29.7234461,1.48740418334687,0.818579136881186,0.175016391249568,0.845088194586716,0.551242711222789
"3897",29.73107728,1.48735684164336,0.813455859151488,0.171256080048144,0.832966514836029,0.547805066336417
"3898",29.73870846,1.48730932505839,0.808293698564837,0.167531054674289,0.820869757813913,0.544341087812684
"3899",29.74633964,1.48726163296891,0.803092358606138,0.163841662041139,0.808798998492709,0.540850573926145
"3900",29.75397082,1.4872137647498,0.79785154049366,0.160188246073886,0.796755326741993,0.537333321406052
"3901",29.761602,1.48716571977392,0.79257094316169,0.156571147548667,0.784739847492877,0.533789125424543
"3902",29.76923318,1.48711749741204,0.787250263243053,0.152990703927657,0.772753680903913,0.53021777958468
"3903",29.77686436,1.48706909703289,0.781889195051491,0.149447249190382,0.760797962528651,0.52661907590846
"3904",29.78449554,1.48702051800313,0.776487430563929,0.145941113661126,0.748873843484898,0.522992804824698
"3905",29.79212672,1.48697175968732,0.771044659402571,0.14247262383236,0.736982490625586,0.519338755156796
"3906",29.7997579,1.48692282144798,0.765560568816894,0.13904210218417,0.725125086711416,0.51565671411048
"3907",29.80738908,1.48687370264551,0.760034843665482,0.135649866999553,0.713302830585167,0.511946467261397
"3908",29.81502026,1.48682440263823,0.754467166397715,0.132296232175507,0.701516937347704,0.5082077985426
"3909",29.82265144,1.48677492078238,0.748857217035351,0.128981507029905,0.689768638535836,0.504440490232009
"3910",29.83028262,1.48672525643207,0.743204673153937,0.125705996103983,0.678059182301833,0.500644322939713
"3911",29.8379138,1.48667540893933,0.737509209864076,0.122469998960409,0.666389833594742,0.496819075595183
"3912",29.84554498,1.48662537765406,0.731770499792577,0.119273809976862,0.65476187434354,0.492964525434413
"3913",29.85317616,1.48657516192405,0.725988213063432,0.116117718135004,0.643176603642038,0.489080447986935
"3914",29.86080734,1.48652476109496,0.720162017278663,0.113002006804791,0.631635337935665,0.485166617062763
"3915",29.86843852,1.48647417451033,0.714291577499026,0.109926953524012,0.62013941121006,0.481222804739205
"3916",29.8760697,1.48642340151155,0.708376556224555,0.106892829772994,0.608690175181553,0.477248781347605
"3917",29.88370088,1.48637244143789,0.702416613374959,0.103899900744347,0.597288999489493,0.473244315459954
"3918",29.89133206,1.48632129362647,0.696411406269869,0.100948425107702,0.585937271890479,0.469209173875408
"3919",29.89896324,1.48626995741225,0.690360589608961,0.098038654769338,0.57463639845457,0.46514312160674
"3920",29.90659442,1.48621843212803,0.684263815451863,0.0951708346265546,0.563387803763296,0.461045921866614
"3921",29.9142256,1.48616671710448,0.678120733197986,0.0923452023167888,0.552192931109763,0.456917336053824
"3922",29.92185678,1.48611481167005,0.671930989566142,0.0895619879612926,0.541053242700627,0.452757123739395
"3923",29.92948796,1.48606271515107,0.665694228574024,0.086821413903312,0.529970219860077,0.448565042652564
"3924",29.93711914,1.48601042687165,0.659410091517548,0.0841236944406799,0.51894536323586,0.444340848666692
"3925",29.94475032,1.48595794615376,0.653078216949998,0.0814690355526856,0.507980193007274,0.44008429578504
"3926",29.9523815,1.48590527231713,0.646698240661049,0.0788576346211451,0.497076249095241,0.435795136126435
"3927",29.96001268,1.48585240467934,0.64026979565561,0.0762896801455608,0.486235091374437,0.431473119910847
"3928",29.96764386,1.48579934255575,0.633792512132514,0.0737653514522598,0.475458299887502,0.427117995444852
"3929",29.97527504,1.4857460852595,0.627266017463016,0.0712848183973876,0.4647474750613,0.422729509106931
"3930",29.98290622,1.48569263210155,0.620689936169179,0.0688482410636947,0.454104237925394,0.41830740533275
"3931",29.9905374,1.48563898239062,0.614063889902052,0.0664557694509467,0.443530230332587,0.413851426600262
"3932",29.99816858,1.48558513543322,0.607387497419688,0.0641075431598719,0.433027115181623,0.409361313414689
"3933",30.00579976,1.48553109053363,0.60066037456501,0.0618036910695399,0.422596576642118,0.404836804293437
"3934",30.01343094,1.48547684699389,0.593882134243486,0.0595443310080235,0.412240320381622,0.400277635750845
"3935",30.02106212,1.48542240411381,0.587052386400673,0.0573295694162655,0.40196007379499,0.395683542282886
"3936",30.0286933,1.48536776119096,0.58017073799951,0.055159501004965,0.391757586235861,0.391054256351633
"3937",30.03632448,1.48531291752064,0.573236792997531,0.0530342084044403,0.381634629250534,0.386389508369745
"3938",30.04395566,1.48525787239591,0.566250152323843,0.050953761807273,0.371592996814049,0.381689026684737
"3939",30.05158684,1.48520262510758,0.559210413855949,0.0489182186036392,0.361634505568581,0.376952537563163
"3940",30.05921802,1.48514717494416,0.55211717239637,0.0469276230091883,0.351760995064152,0.372179765174668
"3941",30.0668492,1.48509152119193,0.544970019649145,0.0449820056853493,0.341974328001739,0.367370431575951
"3942",30.07448038,1.48503566313487,0.537768544196071,0.043081383351902,0.332276390478663,0.362524256694552
"3943",30.08211156,1.48497960005467,0.530512331472833,0.0412257583917064,0.322669092236447,0.357640958312551
"3944",30.08974274,1.48492333123076,0.523200963744907,0.0394151184474339,0.313154366911033,0.352720252050138
"3945",30.09737392,1.48486685594024,0.515834020083305,0.0376494360101651,0.303734172285469,0.347761851349054
"3946",30.1050051,1.48481017345794,0.508411076340091,0.0359286679996963,0.294410490544986,0.342765467455874
"3947",30.11263628,1.48475328305638,0.50093170512379,0.0342527553364465,0.285185328534674,0.337730809405245
"3948",30.12026746,1.48469618400575,0.493395475774506,0.0326216225047563,0.276060718019508,0.33265758400289
"3949",30.12789864,1.48463887557396,0.485801954338942,0.031035177107489,0.267038715947024,0.327545495808558
"3950",30.13552982,1.48458135702656,0.478150703545168,0.0294933094117379,0.258121404712477,0.32239424711882
"3951",30.143161,1.48452362762682,0.470441282777238,0.0279958918855035,0.249310892426596,0.317203537949738
"3952",30.15079218,1.48446568663562,0.462673248049549,0.0265427787251663,0.240609313185886,0.311973066019357
"3953",30.15842336,1.48440753331155,0.454846151981108,0.0251338053736249,0.232018827345646,0.306702526730167
"3954",30.16605454,1.48434916691085,0.44695954376947,0.0237687880288852,0.223541621795498,0.301391613151291
"3955",30.17368572,1.48429058668738,0.439012969164616,0.0224475231429933,0.215179910237726,0.296040016000679
"3956",30.1813169,1.48423179189269,0.4310059704425,0.0211697869110831,0.206935933468165,0.290647423627041
"3957",30.18894808,1.48417278177594,0.422938086378498,0.0199353347504188,0.198811959659925,0.285213521991734
"3958",30.19657926,1.48411355558394,0.414808852220599,0.0187439007692205,0.190810284649792,0.27973799465047
"3959",30.20421044,1.48405411256112,0.406617799662385,0.0175951972251068,0.182933232227386,0.274220522734868
"3960",30.21184162,1.48399445194954,0.398364456815824,0.0164889139729798,0.175183154427146,0.268660784933885
"3961",30.2194728,1.48393457298889,0.390048348183898,0.0154247179021675,0.167562431823154,0.263058457475152
"3962",30.22710398,1.48387447491645,0.381668994632902,0.0144022523626144,0.160073473826705,0.25741321410605
"3963",30.23473516,1.48381415696712,0.373225913364662,0.0134211365799671,0.152718718986853,0.25172472607476
"3964",30.24236634,1.4837536183734,0.364718617888457,0.0124809650593306,0.145500635293797,0.245992662111101
"3965",30.24999752,1.48369285836541,0.35614661799274,0.0115813069775124,0.138421720485179,0.240216688407227
"3966",30.2576287,1.48363187617082,0.347509419716687,0.0107217055635593,0.131484502355388,0.234396468598215
"3967",30.26525988,1.48357067101492,0.338806525321464,0.00990167746736727,0.124691539067771,0.228531663742451
"3968",30.27289106,1.48350924212057,0.330037433261325,0.00912071211617765,0.118045419469901,0.22262193230191
"3969",30.28052224,1.48344758870819,0.321201638154462,0.00837827105873575,0.111548763411845,0.216666930122262
"3970",30.28815342,1.48338570999581,0.312298630753619,0.00767378729690284,0.105204222067488,0.210666310412811
"3971",30.2957846,1.48332360519897,0.303327897916532,0.00700666460451177,0.099014478258974,0.204619723726329
"3972",30.30341578,1.48326127353083,0.294288922576086,0.00637627683323423,0.0929822467842278,0.198526817938686
"3973",30.31104696,1.48319871420205,0.285181183710283,0.00578196720524582,0.087110274747644,0.192387238228354
"3974",30.31867814,1.48313592642087,0.276004156311954,0.00522304759245558,0.0814013418939292,0.186200627055737
"3975",30.32630932,1.48307290939307,0.266757311358271,0.00469879778207227,0.0758582609451657,0.179966624142365
"3976",30.3339405,1.48300966232195,0.257440115779952,0.00420846472826861,0.0704838779410636,0.173684866449876
"3977",30.34157168,1.48294618440836,0.248052032430352,0.00375126178971327,0.0652810725825417,0.167354988158921
"3978",30.34920286,1.48288247485067,0.238592520054197,0.00332636795271747,0.0602527585785298,0.160976620647826
"3979",30.35683404,1.48281853284478,0.229061033256166,0.00293292703975448,0.0554018839961369,0.154549392471158
"3980",30.36446522,1.4827543575841,0.219457022469147,0.00257004690309623,0.0507314316141198,0.148072929338042
"3981",30.3720964,1.48268994825955,0.209779933922364,0.00223679860330914,0.0462444192797806,0.141546854090428
"3982",30.37972758,1.48262530405954,0.200029209609118,0.0019322155724254,0.041943900269274,0.134970786681066
"3983",30.38735876,1.48256042417002,0.190204287254418,0.00165529276146415,0.0378329636514252,0.128344344151429
"3984",30.39498994,1.48249530777441,0.180304600282276,0.00140498577185257,0.0339147346548038,0.121667140609381
"3985",30.40262112,1.4824299540536,0.170329577782798,0.00118020997060534,0.0301923750382717,0.114938787206684
"3986",30.4102523,1.48236436218601,0.160278644478983,0.000979839589625497,0.0266690834656457,0.108158892116407
"3987",30.41788348,1.4822985313475,0.150151220692993,0.000802706808878818,0.0233480958844748,0.101327060510112
"3988",30.42551466,1.48223246071143,0.139946722312166,0.000647600823000846,0.0202326859089194,0.0944428945349469
"3989",30.43314584,1.48216614944861,0.129664560759091,0.000513266870826357,0.0173261651876745,0.0875059932897672
"3990",30.44077702,1.48209959672732,0.119304142954285,0.000398405279837715,0.0146318838058941,0.0805159528023424
"3991",30.4484082,1.48203280171331,0.108864871274514,0.000301670510226337,0.0121532307078429,0.0734723660069995
"3992",30.45603938,1.48196576356975,0.0983461435396192,0.000221670068270417,0.0098936340173858,0.0663748227167914
"3993",30.46367056,1.4818984814573,0.0877473530577832,0.000156963247766668,0.00785656121641392,0.059222909581418
"3994",30.47130174,1.48183095453404,0.07706788835172,0.000106060804935587,0.00604552021992877,0.0520162101161561
"3995",30.47893292,1.48176318195547,0.0663071324155251,6.74259876710303e-05,0.00446406179684101,0.0447543048363397
"3996",30.4865641,1.48169516287456,0.0554644652283192,3.94658666617838e-05,0.00311577276972521,0.0374367706631341
"3997",30.49419528,1.48162689644169,0.0445392566934829,2.05445073562819e-05,0.00200428989416425,0.030063182965899
"3998",30.50182646,1.48155838180463,0.0335308458301311,9.01117225935691e-06,0.00113332879434338,0.0226331226146583
"3999",30.50945764,1.48148961810863,0.0224387796357184,2.8453378348363e-06,0.000506344169375166,0.0151460958072955
